Start (s),End (s),Scientific name,Common name,Confidence,File
30.0,33.0,Cardinalis cardinalis,Northern Cardinal,0.3593,D:\Bird_Anuran_ARUs\RE03\SMM2-19_20260323_054400.wav
54.0,57.0,Pipilo erythrophthalmus,Eastern Towhee,0.4575,D:\Bird_Anuran_ARUs\RE03\SMM2-19_20260323_054400.wav
57.0,60.0,Pipilo erythrophthalmus,Eastern Towhee,0.3633,D:\Bird_Anuran_ARUs\RE03\SMM2-19_20260323_054400.wav
60.0,63.0,Pipilo erythrophthalmus,Eastern Towhee,0.7258,D:\Bird_Anuran_ARUs\RE03\SMM2-19_20260323_054400.wav
63.0,66.0,Pipilo erythrophthalmus,Eastern Towhee,0.7886,D:\Bird_Anuran_ARUs\RE03\SMM2-19_20260323_054400.wav
69.0,72.0,Cardinalis cardinalis,Northern Cardinal,0.8777,D:\Bird_Anuran_ARUs\RE03\SMM2-19_20260323_054400.wav
69.0,72.0,Pipilo erythrophthalmus,Eastern Towhee,0.8264,D:\Bird_Anuran_ARUs\RE03\SMM2-19_20260323_054400.wav
72.0,75.0,Setophaga pinus,Pine Warbler,0.2833,D:\Bird_Anuran_ARUs\RE03\SMM2-19_20260323_054400.wav
75.0,78.0,Pipilo erythrophthalmus,Eastern Towhee,0.3706,D:\Bird_Anuran_ARUs\RE03\SMM2-19_20260323_054400.wav
78.0,81.0,Pipilo erythrophthalmus,Eastern Towhee,0.4629,D:\Bird_Anuran_ARUs\RE03\SMM2-19_20260323_054400.wav
84.0,87.0,Cardinalis cardinalis,Northern Cardinal,0.7633,D:\Bird_Anuran_ARUs\RE03\SMM2-19_20260323_054400.wav
87.0,90.0,Pipilo erythrophthalmus,Eastern Towhee,0.7380,D:\Bird_Anuran_ARUs\RE03\SMM2-19_20260323_054400.wav
87.0,90.0,Cardinalis cardinalis,Northern Cardinal,0.2578,D:\Bird_Anuran_ARUs\RE03\SMM2-19_20260323_054400.wav
90.0,93.0,Setophaga pinus,Pine Warbler,0.5850,D:\Bird_Anuran_ARUs\RE03\SMM2-19_20260323_054400.wav
96.0,99.0,Pipilo erythrophthalmus,Eastern Towhee,0.3043,D:\Bird_Anuran_ARUs\RE03\SMM2-19_20260323_054400.wav
102.0,105.0,Pipilo erythrophthalmus,Eastern Towhee,0.9361,D:\Bird_Anuran_ARUs\RE03\SMM2-19_20260323_054400.wav
102.0,105.0,Cardinalis cardinalis,Northern Cardinal,0.8898,D:\Bird_Anuran_ARUs\RE03\SMM2-19_20260323_054400.wav
105.0,108.0,Pipilo erythrophthalmus,Eastern Towhee,0.7726,D:\Bird_Anuran_ARUs\RE03\SMM2-19_20260323_054400.wav
108.0,111.0,Setophaga pinus,Pine Warbler,0.3067,D:\Bird_Anuran_ARUs\RE03\SMM2-19_20260323_054400.wav
111.0,114.0,Cardinalis cardinalis,Northern Cardinal,0.4614,D:\Bird_Anuran_ARUs\RE03\SMM2-19_20260323_054400.wav
111.0,114.0,Pipilo erythrophthalmus,Eastern Towhee,0.3561,D:\Bird_Anuran_ARUs\RE03\SMM2-19_20260323_054400.wav
114.0,117.0,Dumetella carolinensis,Gray Catbird,0.5141,D:\Bird_Anuran_ARUs\RE03\SMM2-19_20260323_054400.wav
120.0,123.0,Pipilo erythrophthalmus,Eastern Towhee,0.3951,D:\Bird_Anuran_ARUs\RE03\SMM2-19_20260323_054400.wav
126.0,129.0,Pipilo erythrophthalmus,Eastern Towhee,0.4962,D:\Bird_Anuran_ARUs\RE03\SMM2-19_20260323_054400.wav
129.0,132.0,Pipilo erythrophthalmus,Eastern Towhee,0.7072,D:\Bird_Anuran_ARUs\RE03\SMM2-19_20260323_054400.wav
132.0,135.0,Pipilo erythrophthalmus,Eastern Towhee,0.3236,D:\Bird_Anuran_ARUs\RE03\SMM2-19_20260323_054400.wav
138.0,141.0,Corvus brachyrhynchos,American Crow,0.5002,D:\Bird_Anuran_ARUs\RE03\SMM2-19_20260323_054400.wav
138.0,141.0,Pipilo erythrophthalmus,Eastern Towhee,0.4070,D:\Bird_Anuran_ARUs\RE03\SMM2-19_20260323_054400.wav
144.0,147.0,Pipilo erythrophthalmus,Eastern Towhee,0.4745,D:\Bird_Anuran_ARUs\RE03\SMM2-19_20260323_054400.wav
147.0,150.0,Pipilo erythrophthalmus,Eastern Towhee,0.5758,D:\Bird_Anuran_ARUs\RE03\SMM2-19_20260323_054400.wav
147.0,150.0,Corvus brachyrhynchos,American Crow,0.4855,D:\Bird_Anuran_ARUs\RE03\SMM2-19_20260323_054400.wav
150.0,153.0,Pipilo erythrophthalmus,Eastern Towhee,0.9707,D:\Bird_Anuran_ARUs\RE03\SMM2-19_20260323_054400.wav
150.0,153.0,Corvus brachyrhynchos,American Crow,0.4170,D:\Bird_Anuran_ARUs\RE03\SMM2-19_20260323_054400.wav
153.0,156.0,Pipilo erythrophthalmus,Eastern Towhee,0.3596,D:\Bird_Anuran_ARUs\RE03\SMM2-19_20260323_054400.wav
159.0,162.0,Pipilo erythrophthalmus,Eastern Towhee,0.3337,D:\Bird_Anuran_ARUs\RE03\SMM2-19_20260323_054400.wav
165.0,168.0,Pipilo erythrophthalmus,Eastern Towhee,0.5555,D:\Bird_Anuran_ARUs\RE03\SMM2-19_20260323_054400.wav
165.0,168.0,Setophaga pinus,Pine Warbler,0.2757,D:\Bird_Anuran_ARUs\RE03\SMM2-19_20260323_054400.wav
168.0,171.0,Pipilo erythrophthalmus,Eastern Towhee,0.9661,D:\Bird_Anuran_ARUs\RE03\SMM2-19_20260323_054400.wav
171.0,174.0,Pipilo erythrophthalmus,Eastern Towhee,0.4541,D:\Bird_Anuran_ARUs\RE03\SMM2-19_20260323_054400.wav
186.0,189.0,Pipilo erythrophthalmus,Eastern Towhee,0.2811,D:\Bird_Anuran_ARUs\RE03\SMM2-19_20260323_054400.wav
189.0,192.0,Cardinalis cardinalis,Northern Cardinal,0.3251,D:\Bird_Anuran_ARUs\RE03\SMM2-19_20260323_054400.wav
204.0,207.0,Pipilo erythrophthalmus,Eastern Towhee,0.4254,D:\Bird_Anuran_ARUs\RE03\SMM2-19_20260323_054400.wav
207.0,210.0,Cardinalis cardinalis,Northern Cardinal,0.3187,D:\Bird_Anuran_ARUs\RE03\SMM2-19_20260323_054400.wav
210.0,213.0,Pipilo erythrophthalmus,Eastern Towhee,0.8042,D:\Bird_Anuran_ARUs\RE03\SMM2-19_20260323_054400.wav
210.0,213.0,Corvus brachyrhynchos,American Crow,0.4716,D:\Bird_Anuran_ARUs\RE03\SMM2-19_20260323_054400.wav
213.0,216.0,Pipilo erythrophthalmus,Eastern Towhee,0.6149,D:\Bird_Anuran_ARUs\RE03\SMM2-19_20260323_054400.wav
216.0,219.0,Pipilo erythrophthalmus,Eastern Towhee,0.5758,D:\Bird_Anuran_ARUs\RE03\SMM2-19_20260323_054400.wav
219.0,222.0,Pipilo erythrophthalmus,Eastern Towhee,0.3141,D:\Bird_Anuran_ARUs\RE03\SMM2-19_20260323_054400.wav
222.0,225.0,Cardinalis cardinalis,Northern Cardinal,0.4831,D:\Bird_Anuran_ARUs\RE03\SMM2-19_20260323_054400.wav
228.0,231.0,Pipilo erythrophthalmus,Eastern Towhee,0.5920,D:\Bird_Anuran_ARUs\RE03\SMM2-19_20260323_054400.wav
234.0,237.0,Pipilo erythrophthalmus,Eastern Towhee,0.4306,D:\Bird_Anuran_ARUs\RE03\SMM2-19_20260323_054400.wav
240.0,243.0,Pipilo erythrophthalmus,Eastern Towhee,0.2863,D:\Bird_Anuran_ARUs\RE03\SMM2-19_20260323_054400.wav
243.0,246.0,Pipilo erythrophthalmus,Eastern Towhee,0.5552,D:\Bird_Anuran_ARUs\RE03\SMM2-19_20260323_054400.wav
246.0,249.0,Pipilo erythrophthalmus,Eastern Towhee,0.7784,D:\Bird_Anuran_ARUs\RE03\SMM2-19_20260323_054400.wav
252.0,255.0,Pipilo erythrophthalmus,Eastern Towhee,0.6200,D:\Bird_Anuran_ARUs\RE03\SMM2-19_20260323_054400.wav
255.0,258.0,Corvus brachyrhynchos,American Crow,0.3045,D:\Bird_Anuran_ARUs\RE03\SMM2-19_20260323_054400.wav
258.0,261.0,Pipilo erythrophthalmus,Eastern Towhee,0.5021,D:\Bird_Anuran_ARUs\RE03\SMM2-19_20260323_054400.wav
261.0,264.0,Pipilo erythrophthalmus,Eastern Towhee,0.3940,D:\Bird_Anuran_ARUs\RE03\SMM2-19_20260323_054400.wav
267.0,270.0,Pipilo erythrophthalmus,Eastern Towhee,0.4652,D:\Bird_Anuran_ARUs\RE03\SMM2-19_20260323_054400.wav
267.0,270.0,Cardinalis cardinalis,Northern Cardinal,0.3002,D:\Bird_Anuran_ARUs\RE03\SMM2-19_20260323_054400.wav
270.0,273.0,Corvus brachyrhynchos,American Crow,0.3761,D:\Bird_Anuran_ARUs\RE03\SMM2-19_20260323_054400.wav
273.0,276.0,Corvus brachyrhynchos,American Crow,0.4465,D:\Bird_Anuran_ARUs\RE03\SMM2-19_20260323_054400.wav
273.0,276.0,Pipilo erythrophthalmus,Eastern Towhee,0.3378,D:\Bird_Anuran_ARUs\RE03\SMM2-19_20260323_054400.wav
276.0,279.0,Corvus brachyrhynchos,American Crow,0.6686,D:\Bird_Anuran_ARUs\RE03\SMM2-19_20260323_054400.wav
282.0,285.0,Pipilo erythrophthalmus,Eastern Towhee,0.6095,D:\Bird_Anuran_ARUs\RE03\SMM2-19_20260323_054400.wav
285.0,288.0,Corvus brachyrhynchos,American Crow,0.3877,D:\Bird_Anuran_ARUs\RE03\SMM2-19_20260323_054400.wav
288.0,291.0,Pipilo erythrophthalmus,Eastern Towhee,0.3037,D:\Bird_Anuran_ARUs\RE03\SMM2-19_20260323_054400.wav
291.0,294.0,Pipilo erythrophthalmus,Eastern Towhee,0.5813,D:\Bird_Anuran_ARUs\RE03\SMM2-19_20260323_054400.wav
294.0,297.0,Cardinalis cardinalis,Northern Cardinal,0.4219,D:\Bird_Anuran_ARUs\RE03\SMM2-19_20260323_054400.wav
297.0,300.0,Pipilo erythrophthalmus,Eastern Towhee,0.5545,D:\Bird_Anuran_ARUs\RE03\SMM2-19_20260323_054400.wav
300.0,303.0,Pipilo erythrophthalmus,Eastern Towhee,0.9324,D:\Bird_Anuran_ARUs\RE03\SMM2-19_20260323_054400.wav
300.0,303.0,Corvus brachyrhynchos,American Crow,0.6858,D:\Bird_Anuran_ARUs\RE03\SMM2-19_20260323_054400.wav
303.0,306.0,Pipilo erythrophthalmus,Eastern Towhee,0.6063,D:\Bird_Anuran_ARUs\RE03\SMM2-19_20260323_054400.wav
306.0,309.0,Zenaida macroura,Mourning Dove,0.2842,D:\Bird_Anuran_ARUs\RE03\SMM2-19_20260323_054400.wav
324.0,327.0,Zenaida macroura,Mourning Dove,0.2893,D:\Bird_Anuran_ARUs\RE03\SMM2-19_20260323_054400.wav
330.0,333.0,Cardinalis cardinalis,Northern Cardinal,0.2877,D:\Bird_Anuran_ARUs\RE03\SMM2-19_20260323_054400.wav
333.0,336.0,Poecile carolinensis,Carolina Chickadee,0.2843,D:\Bird_Anuran_ARUs\RE03\SMM2-19_20260323_054400.wav
339.0,342.0,Zenaida macroura,Mourning Dove,0.4935,D:\Bird_Anuran_ARUs\RE03\SMM2-19_20260323_054400.wav
345.0,348.0,Pipilo erythrophthalmus,Eastern Towhee,0.8989,D:\Bird_Anuran_ARUs\RE03\SMM2-19_20260323_054400.wav
348.0,351.0,Pipilo erythrophthalmus,Eastern Towhee,0.7357,D:\Bird_Anuran_ARUs\RE03\SMM2-19_20260323_054400.wav
351.0,354.0,Pipilo erythrophthalmus,Eastern Towhee,0.5251,D:\Bird_Anuran_ARUs\RE03\SMM2-19_20260323_054400.wav
354.0,357.0,Pipilo erythrophthalmus,Eastern Towhee,0.8194,D:\Bird_Anuran_ARUs\RE03\SMM2-19_20260323_054400.wav
354.0,357.0,Corvus brachyrhynchos,American Crow,0.6854,D:\Bird_Anuran_ARUs\RE03\SMM2-19_20260323_054400.wav
357.0,360.0,Pipilo erythrophthalmus,Eastern Towhee,0.7003,D:\Bird_Anuran_ARUs\RE03\SMM2-19_20260323_054400.wav
360.0,363.0,Pipilo erythrophthalmus,Eastern Towhee,0.8903,D:\Bird_Anuran_ARUs\RE03\SMM2-19_20260323_054400.wav
363.0,366.0,Pipilo erythrophthalmus,Eastern Towhee,0.3356,D:\Bird_Anuran_ARUs\RE03\SMM2-19_20260323_054400.wav
363.0,366.0,Zenaida macroura,Mourning Dove,0.2676,D:\Bird_Anuran_ARUs\RE03\SMM2-19_20260323_054400.wav
366.0,369.0,Pipilo erythrophthalmus,Eastern Towhee,0.6867,D:\Bird_Anuran_ARUs\RE03\SMM2-19_20260323_054400.wav
369.0,372.0,Pipilo erythrophthalmus,Eastern Towhee,0.5657,D:\Bird_Anuran_ARUs\RE03\SMM2-19_20260323_054400.wav
372.0,375.0,Pipilo erythrophthalmus,Eastern Towhee,0.8545,D:\Bird_Anuran_ARUs\RE03\SMM2-19_20260323_054400.wav
378.0,381.0,Zenaida macroura,Mourning Dove,0.4483,D:\Bird_Anuran_ARUs\RE03\SMM2-19_20260323_054400.wav
381.0,384.0,Pipilo erythrophthalmus,Eastern Towhee,0.7514,D:\Bird_Anuran_ARUs\RE03\SMM2-19_20260323_054400.wav
387.0,390.0,Pipilo erythrophthalmus,Eastern Towhee,0.4885,D:\Bird_Anuran_ARUs\RE03\SMM2-19_20260323_054400.wav
390.0,393.0,Pipilo erythrophthalmus,Eastern Towhee,0.6040,D:\Bird_Anuran_ARUs\RE03\SMM2-19_20260323_054400.wav
393.0,396.0,Pipilo erythrophthalmus,Eastern Towhee,0.6791,D:\Bird_Anuran_ARUs\RE03\SMM2-19_20260323_054400.wav
399.0,402.0,Corvus brachyrhynchos,American Crow,0.2687,D:\Bird_Anuran_ARUs\RE03\SMM2-19_20260323_054400.wav
405.0,408.0,Corvus brachyrhynchos,American Crow,0.5145,D:\Bird_Anuran_ARUs\RE03\SMM2-19_20260323_054400.wav
408.0,411.0,Corvus brachyrhynchos,American Crow,0.5491,D:\Bird_Anuran_ARUs\RE03\SMM2-19_20260323_054400.wav
417.0,420.0,Corvus brachyrhynchos,American Crow,0.3150,D:\Bird_Anuran_ARUs\RE03\SMM2-19_20260323_054400.wav
420.0,423.0,Corvus brachyrhynchos,American Crow,0.3147,D:\Bird_Anuran_ARUs\RE03\SMM2-19_20260323_054400.wav
423.0,426.0,Corvus brachyrhynchos,American Crow,0.5936,D:\Bird_Anuran_ARUs\RE03\SMM2-19_20260323_054400.wav
426.0,429.0,Corvus brachyrhynchos,American Crow,0.8321,D:\Bird_Anuran_ARUs\RE03\SMM2-19_20260323_054400.wav
438.0,441.0,Corvus brachyrhynchos,American Crow,0.6573,D:\Bird_Anuran_ARUs\RE03\SMM2-19_20260323_054400.wav
444.0,447.0,Poecile carolinensis,Carolina Chickadee,0.3034,D:\Bird_Anuran_ARUs\RE03\SMM2-19_20260323_054400.wav
456.0,459.0,Corvus brachyrhynchos,American Crow,0.4323,D:\Bird_Anuran_ARUs\RE03\SMM2-19_20260323_054400.wav
462.0,465.0,Poecile carolinensis,Carolina Chickadee,0.2625,D:\Bird_Anuran_ARUs\RE03\SMM2-19_20260323_054400.wav
471.0,474.0,Pipilo erythrophthalmus,Eastern Towhee,0.5637,D:\Bird_Anuran_ARUs\RE03\SMM2-19_20260323_054400.wav
471.0,474.0,Cardinalis cardinalis,Northern Cardinal,0.3190,D:\Bird_Anuran_ARUs\RE03\SMM2-19_20260323_054400.wav
474.0,477.0,Zenaida macroura,Mourning Dove,0.2723,D:\Bird_Anuran_ARUs\RE03\SMM2-19_20260323_054400.wav
489.0,492.0,Pipilo erythrophthalmus,Eastern Towhee,0.3285,D:\Bird_Anuran_ARUs\RE03\SMM2-19_20260323_054400.wav
489.0,492.0,Zenaida macroura,Mourning Dove,0.2509,D:\Bird_Anuran_ARUs\RE03\SMM2-19_20260323_054400.wav
495.0,498.0,Corvus brachyrhynchos,American Crow,0.4858,D:\Bird_Anuran_ARUs\RE03\SMM2-19_20260323_054400.wav
501.0,504.0,Corvus brachyrhynchos,American Crow,0.8143,D:\Bird_Anuran_ARUs\RE03\SMM2-19_20260323_054400.wav
504.0,507.0,Corvus brachyrhynchos,American Crow,0.7300,D:\Bird_Anuran_ARUs\RE03\SMM2-19_20260323_054400.wav
528.0,531.0,Corvus brachyrhynchos,American Crow,0.4284,D:\Bird_Anuran_ARUs\RE03\SMM2-19_20260323_054400.wav
531.0,534.0,Corvus brachyrhynchos,American Crow,0.7980,D:\Bird_Anuran_ARUs\RE03\SMM2-19_20260323_054400.wav
540.0,543.0,Corvus brachyrhynchos,American Crow,0.8480,D:\Bird_Anuran_ARUs\RE03\SMM2-19_20260323_054400.wav
543.0,546.0,Corvus brachyrhynchos,American Crow,0.9053,D:\Bird_Anuran_ARUs\RE03\SMM2-19_20260323_054400.wav
552.0,555.0,Corvus brachyrhynchos,American Crow,0.9033,D:\Bird_Anuran_ARUs\RE03\SMM2-19_20260323_054400.wav
555.0,558.0,Corvus brachyrhynchos,American Crow,0.3653,D:\Bird_Anuran_ARUs\RE03\SMM2-19_20260323_054400.wav
558.0,561.0,Corvus brachyrhynchos,American Crow,0.5869,D:\Bird_Anuran_ARUs\RE03\SMM2-19_20260323_054400.wav
561.0,564.0,Zenaida macroura,Mourning Dove,0.6580,D:\Bird_Anuran_ARUs\RE03\SMM2-19_20260323_054400.wav
564.0,567.0,Corvus brachyrhynchos,American Crow,0.9116,D:\Bird_Anuran_ARUs\RE03\SMM2-19_20260323_054400.wav
567.0,570.0,Corvus brachyrhynchos,American Crow,0.7129,D:\Bird_Anuran_ARUs\RE03\SMM2-19_20260323_054400.wav
579.0,582.0,Zenaida macroura,Mourning Dove,0.3664,D:\Bird_Anuran_ARUs\RE03\SMM2-19_20260323_054400.wav
582.0,585.0,Corvus brachyrhynchos,American Crow,0.6464,D:\Bird_Anuran_ARUs\RE03\SMM2-19_20260323_054400.wav
582.0,585.0,Cardinalis cardinalis,Northern Cardinal,0.2993,D:\Bird_Anuran_ARUs\RE03\SMM2-19_20260323_054400.wav
582.0,585.0,Geothlypis trichas,Common Yellowthroat,0.2875,D:\Bird_Anuran_ARUs\RE03\SMM2-19_20260323_054400.wav
585.0,588.0,Cardinalis cardinalis,Northern Cardinal,0.2750,D:\Bird_Anuran_ARUs\RE03\SMM2-19_20260323_054400.wav
588.0,591.0,Corvus brachyrhynchos,American Crow,0.6583,D:\Bird_Anuran_ARUs\RE03\SMM2-19_20260323_054400.wav
591.0,594.0,Corvus brachyrhynchos,American Crow,0.8969,D:\Bird_Anuran_ARUs\RE03\SMM2-19_20260323_054400.wav
600.0,603.0,Corvus brachyrhynchos,American Crow,0.8953,D:\Bird_Anuran_ARUs\RE03\SMM2-19_20260323_054400.wav
600.0,603.0,Pipilo erythrophthalmus,Eastern Towhee,0.6056,D:\Bird_Anuran_ARUs\RE03\SMM2-19_20260323_054400.wav
600.0,603.0,Cardinalis cardinalis,Northern Cardinal,0.4416,D:\Bird_Anuran_ARUs\RE03\SMM2-19_20260323_054400.wav
603.0,606.0,Zenaida macroura,Mourning Dove,0.2782,D:\Bird_Anuran_ARUs\RE03\SMM2-19_20260323_054400.wav
621.0,624.0,Pipilo erythrophthalmus,Eastern Towhee,0.2899,D:\Bird_Anuran_ARUs\RE03\SMM2-19_20260323_054400.wav
624.0,627.0,Corvus brachyrhynchos,American Crow,0.8400,D:\Bird_Anuran_ARUs\RE03\SMM2-19_20260323_054400.wav
627.0,630.0,Corvus brachyrhynchos,American Crow,0.6233,D:\Bird_Anuran_ARUs\RE03\SMM2-19_20260323_054400.wav
627.0,630.0,Poecile carolinensis,Carolina Chickadee,0.2860,D:\Bird_Anuran_ARUs\RE03\SMM2-19_20260323_054400.wav
633.0,636.0,Pipilo erythrophthalmus,Eastern Towhee,0.3127,D:\Bird_Anuran_ARUs\RE03\SMM2-19_20260323_054400.wav
639.0,642.0,Poecile carolinensis,Carolina Chickadee,0.4079,D:\Bird_Anuran_ARUs\RE03\SMM2-19_20260323_054400.wav
642.0,645.0,Cardinalis cardinalis,Northern Cardinal,0.3600,D:\Bird_Anuran_ARUs\RE03\SMM2-19_20260323_054400.wav
645.0,648.0,Poecile carolinensis,Carolina Chickadee,0.4198,D:\Bird_Anuran_ARUs\RE03\SMM2-19_20260323_054400.wav
651.0,654.0,Pipilo erythrophthalmus,Eastern Towhee,0.9169,D:\Bird_Anuran_ARUs\RE03\SMM2-19_20260323_054400.wav
651.0,654.0,Cardinalis cardinalis,Northern Cardinal,0.3709,D:\Bird_Anuran_ARUs\RE03\SMM2-19_20260323_054400.wav
654.0,657.0,Corvus brachyrhynchos,American Crow,0.2942,D:\Bird_Anuran_ARUs\RE03\SMM2-19_20260323_054400.wav
657.0,660.0,Cardinalis cardinalis,Northern Cardinal,0.4361,D:\Bird_Anuran_ARUs\RE03\SMM2-19_20260323_054400.wav
657.0,660.0,Pipilo erythrophthalmus,Eastern Towhee,0.2687,D:\Bird_Anuran_ARUs\RE03\SMM2-19_20260323_054400.wav
666.0,669.0,Corvus brachyrhynchos,American Crow,0.3393,D:\Bird_Anuran_ARUs\RE03\SMM2-19_20260323_054400.wav
669.0,672.0,Corvus brachyrhynchos,American Crow,0.5946,D:\Bird_Anuran_ARUs\RE03\SMM2-19_20260323_054400.wav
672.0,675.0,Corvus brachyrhynchos,American Crow,0.7368,D:\Bird_Anuran_ARUs\RE03\SMM2-19_20260323_054400.wav
678.0,681.0,Zenaida macroura,Mourning Dove,0.5191,D:\Bird_Anuran_ARUs\RE03\SMM2-19_20260323_054400.wav
681.0,684.0,Corvus brachyrhynchos,American Crow,0.3073,D:\Bird_Anuran_ARUs\RE03\SMM2-19_20260323_054400.wav
687.0,690.0,Pipilo erythrophthalmus,Eastern Towhee,0.3548,D:\Bird_Anuran_ARUs\RE03\SMM2-19_20260323_054400.wav
693.0,696.0,Corvus brachyrhynchos,American Crow,0.4640,D:\Bird_Anuran_ARUs\RE03\SMM2-19_20260323_054400.wav
696.0,699.0,Corvus brachyrhynchos,American Crow,0.5717,D:\Bird_Anuran_ARUs\RE03\SMM2-19_20260323_054400.wav
714.0,717.0,Corvus brachyrhynchos,American Crow,0.6759,D:\Bird_Anuran_ARUs\RE03\SMM2-19_20260323_054400.wav
714.0,717.0,Pipilo erythrophthalmus,Eastern Towhee,0.3644,D:\Bird_Anuran_ARUs\RE03\SMM2-19_20260323_054400.wav
720.0,723.0,Corvus brachyrhynchos,American Crow,0.5367,D:\Bird_Anuran_ARUs\RE03\SMM2-19_20260323_054400.wav
723.0,726.0,Poecile carolinensis,Carolina Chickadee,0.2510,D:\Bird_Anuran_ARUs\RE03\SMM2-19_20260323_054400.wav
729.0,732.0,Poecile carolinensis,Carolina Chickadee,0.7907,D:\Bird_Anuran_ARUs\RE03\SMM2-19_20260323_054400.wav
732.0,735.0,Poecile carolinensis,Carolina Chickadee,0.5133,D:\Bird_Anuran_ARUs\RE03\SMM2-19_20260323_054400.wav
732.0,735.0,Corvus brachyrhynchos,American Crow,0.4231,D:\Bird_Anuran_ARUs\RE03\SMM2-19_20260323_054400.wav
735.0,738.0,Corvus brachyrhynchos,American Crow,0.8134,D:\Bird_Anuran_ARUs\RE03\SMM2-19_20260323_054400.wav
735.0,738.0,Pipilo erythrophthalmus,Eastern Towhee,0.4473,D:\Bird_Anuran_ARUs\RE03\SMM2-19_20260323_054400.wav
738.0,741.0,Corvus brachyrhynchos,American Crow,0.4994,D:\Bird_Anuran_ARUs\RE03\SMM2-19_20260323_054400.wav
741.0,744.0,Corvus brachyrhynchos,American Crow,0.6477,D:\Bird_Anuran_ARUs\RE03\SMM2-19_20260323_054400.wav
741.0,744.0,Poecile carolinensis,Carolina Chickadee,0.5416,D:\Bird_Anuran_ARUs\RE03\SMM2-19_20260323_054400.wav
744.0,747.0,Corvus brachyrhynchos,American Crow,0.3538,D:\Bird_Anuran_ARUs\RE03\SMM2-19_20260323_054400.wav
747.0,750.0,Corvus brachyrhynchos,American Crow,0.9187,D:\Bird_Anuran_ARUs\RE03\SMM2-19_20260323_054400.wav
747.0,750.0,Poecile carolinensis,Carolina Chickadee,0.7538,D:\Bird_Anuran_ARUs\RE03\SMM2-19_20260323_054400.wav
750.0,753.0,Corvus brachyrhynchos,American Crow,0.9821,D:\Bird_Anuran_ARUs\RE03\SMM2-19_20260323_054400.wav
750.0,753.0,Pipilo erythrophthalmus,Eastern Towhee,0.3915,D:\Bird_Anuran_ARUs\RE03\SMM2-19_20260323_054400.wav
750.0,753.0,Poecile carolinensis,Carolina Chickadee,0.3161,D:\Bird_Anuran_ARUs\RE03\SMM2-19_20260323_054400.wav
756.0,759.0,Poecile carolinensis,Carolina Chickadee,0.8756,D:\Bird_Anuran_ARUs\RE03\SMM2-19_20260323_054400.wav
759.0,762.0,Poecile carolinensis,Carolina Chickadee,0.5847,D:\Bird_Anuran_ARUs\RE03\SMM2-19_20260323_054400.wav
762.0,765.0,Corvus brachyrhynchos,American Crow,0.8547,D:\Bird_Anuran_ARUs\RE03\SMM2-19_20260323_054400.wav
762.0,765.0,Pipilo erythrophthalmus,Eastern Towhee,0.3084,D:\Bird_Anuran_ARUs\RE03\SMM2-19_20260323_054400.wav
765.0,768.0,Corvus brachyrhynchos,American Crow,0.7605,D:\Bird_Anuran_ARUs\RE03\SMM2-19_20260323_054400.wav
765.0,768.0,Setophaga pinus,Pine Warbler,0.3378,D:\Bird_Anuran_ARUs\RE03\SMM2-19_20260323_054400.wav
768.0,771.0,Poecile carolinensis,Carolina Chickadee,0.3414,D:\Bird_Anuran_ARUs\RE03\SMM2-19_20260323_054400.wav
771.0,774.0,Poecile carolinensis,Carolina Chickadee,0.5095,D:\Bird_Anuran_ARUs\RE03\SMM2-19_20260323_054400.wav
771.0,774.0,Corvus brachyrhynchos,American Crow,0.2616,D:\Bird_Anuran_ARUs\RE03\SMM2-19_20260323_054400.wav
777.0,780.0,Poecile carolinensis,Carolina Chickadee,0.2976,D:\Bird_Anuran_ARUs\RE03\SMM2-19_20260323_054400.wav
780.0,783.0,Poecile carolinensis,Carolina Chickadee,0.8422,D:\Bird_Anuran_ARUs\RE03\SMM2-19_20260323_054400.wav
783.0,786.0,Pipilo erythrophthalmus,Eastern Towhee,0.3922,D:\Bird_Anuran_ARUs\RE03\SMM2-19_20260323_054400.wav
786.0,789.0,Corvus brachyrhynchos,American Crow,0.4187,D:\Bird_Anuran_ARUs\RE03\SMM2-19_20260323_054400.wav
789.0,792.0,Corvus brachyrhynchos,American Crow,0.9253,D:\Bird_Anuran_ARUs\RE03\SMM2-19_20260323_054400.wav
792.0,795.0,Poecile carolinensis,Carolina Chickadee,0.6022,D:\Bird_Anuran_ARUs\RE03\SMM2-19_20260323_054400.wav
798.0,801.0,Pipilo erythrophthalmus,Eastern Towhee,0.9354,D:\Bird_Anuran_ARUs\RE03\SMM2-19_20260323_054400.wav
798.0,801.0,Corvus brachyrhynchos,American Crow,0.9117,D:\Bird_Anuran_ARUs\RE03\SMM2-19_20260323_054400.wav
801.0,804.0,Pipilo erythrophthalmus,Eastern Towhee,0.6610,D:\Bird_Anuran_ARUs\RE03\SMM2-19_20260323_054400.wav
801.0,804.0,Corvus brachyrhynchos,American Crow,0.3528,D:\Bird_Anuran_ARUs\RE03\SMM2-19_20260323_054400.wav
804.0,807.0,Pipilo erythrophthalmus,Eastern Towhee,0.5300,D:\Bird_Anuran_ARUs\RE03\SMM2-19_20260323_054400.wav
804.0,807.0,Corvus brachyrhynchos,American Crow,0.3221,D:\Bird_Anuran_ARUs\RE03\SMM2-19_20260323_054400.wav
810.0,813.0,Pipilo erythrophthalmus,Eastern Towhee,0.7408,D:\Bird_Anuran_ARUs\RE03\SMM2-19_20260323_054400.wav
810.0,813.0,Poecile carolinensis,Carolina Chickadee,0.4731,D:\Bird_Anuran_ARUs\RE03\SMM2-19_20260323_054400.wav
810.0,813.0,Corvus brachyrhynchos,American Crow,0.2703,D:\Bird_Anuran_ARUs\RE03\SMM2-19_20260323_054400.wav
816.0,819.0,Pipilo erythrophthalmus,Eastern Towhee,0.4744,D:\Bird_Anuran_ARUs\RE03\SMM2-19_20260323_054400.wav
822.0,825.0,Pipilo erythrophthalmus,Eastern Towhee,0.9441,D:\Bird_Anuran_ARUs\RE03\SMM2-19_20260323_054400.wav
822.0,825.0,Corvus brachyrhynchos,American Crow,0.9284,D:\Bird_Anuran_ARUs\RE03\SMM2-19_20260323_054400.wav
825.0,828.0,Pipilo erythrophthalmus,Eastern Towhee,0.5629,D:\Bird_Anuran_ARUs\RE03\SMM2-19_20260323_054400.wav
828.0,831.0,Pipilo erythrophthalmus,Eastern Towhee,0.4779,D:\Bird_Anuran_ARUs\RE03\SMM2-19_20260323_054400.wav
831.0,834.0,Pipilo erythrophthalmus,Eastern Towhee,0.9470,D:\Bird_Anuran_ARUs\RE03\SMM2-19_20260323_054400.wav
834.0,837.0,Corvus brachyrhynchos,American Crow,0.5534,D:\Bird_Anuran_ARUs\RE03\SMM2-19_20260323_054400.wav
837.0,840.0,Pipilo erythrophthalmus,Eastern Towhee,0.7599,D:\Bird_Anuran_ARUs\RE03\SMM2-19_20260323_054400.wav
837.0,840.0,Corvus brachyrhynchos,American Crow,0.3891,D:\Bird_Anuran_ARUs\RE03\SMM2-19_20260323_054400.wav
840.0,843.0,Pipilo erythrophthalmus,Eastern Towhee,0.7205,D:\Bird_Anuran_ARUs\RE03\SMM2-19_20260323_054400.wav
840.0,843.0,Corvus brachyrhynchos,American Crow,0.5595,D:\Bird_Anuran_ARUs\RE03\SMM2-19_20260323_054400.wav
843.0,846.0,Pipilo erythrophthalmus,Eastern Towhee,0.9734,D:\Bird_Anuran_ARUs\RE03\SMM2-19_20260323_054400.wav
846.0,849.0,Pipilo erythrophthalmus,Eastern Towhee,0.9904,D:\Bird_Anuran_ARUs\RE03\SMM2-19_20260323_054400.wav
846.0,849.0,Corvus brachyrhynchos,American Crow,0.8745,D:\Bird_Anuran_ARUs\RE03\SMM2-19_20260323_054400.wav
849.0,852.0,Pipilo erythrophthalmus,Eastern Towhee,0.4601,D:\Bird_Anuran_ARUs\RE03\SMM2-19_20260323_054400.wav
852.0,855.0,Pipilo erythrophthalmus,Eastern Towhee,0.3816,D:\Bird_Anuran_ARUs\RE03\SMM2-19_20260323_054400.wav
855.0,858.0,Pipilo erythrophthalmus,Eastern Towhee,0.9791,D:\Bird_Anuran_ARUs\RE03\SMM2-19_20260323_054400.wav
855.0,858.0,Corvus brachyrhynchos,American Crow,0.4589,D:\Bird_Anuran_ARUs\RE03\SMM2-19_20260323_054400.wav
858.0,861.0,Pipilo erythrophthalmus,Eastern Towhee,0.9638,D:\Bird_Anuran_ARUs\RE03\SMM2-19_20260323_054400.wav
858.0,861.0,Corvus brachyrhynchos,American Crow,0.3276,D:\Bird_Anuran_ARUs\RE03\SMM2-19_20260323_054400.wav
861.0,864.0,Corvus brachyrhynchos,American Crow,0.9016,D:\Bird_Anuran_ARUs\RE03\SMM2-19_20260323_054400.wav
861.0,864.0,Pipilo erythrophthalmus,Eastern Towhee,0.7617,D:\Bird_Anuran_ARUs\RE03\SMM2-19_20260323_054400.wav
864.0,867.0,Pipilo erythrophthalmus,Eastern Towhee,0.6134,D:\Bird_Anuran_ARUs\RE03\SMM2-19_20260323_054400.wav
867.0,870.0,Pipilo erythrophthalmus,Eastern Towhee,0.9481,D:\Bird_Anuran_ARUs\RE03\SMM2-19_20260323_054400.wav
867.0,870.0,Corvus brachyrhynchos,American Crow,0.6465,D:\Bird_Anuran_ARUs\RE03\SMM2-19_20260323_054400.wav
870.0,873.0,Pipilo erythrophthalmus,Eastern Towhee,0.9941,D:\Bird_Anuran_ARUs\RE03\SMM2-19_20260323_054400.wav
870.0,873.0,Corvus brachyrhynchos,American Crow,0.9911,D:\Bird_Anuran_ARUs\RE03\SMM2-19_20260323_054400.wav
873.0,876.0,Pipilo erythrophthalmus,Eastern Towhee,0.9990,D:\Bird_Anuran_ARUs\RE03\SMM2-19_20260323_054400.wav
873.0,876.0,Corvus brachyrhynchos,American Crow,0.9966,D:\Bird_Anuran_ARUs\RE03\SMM2-19_20260323_054400.wav
876.0,879.0,Pipilo erythrophthalmus,Eastern Towhee,0.9775,D:\Bird_Anuran_ARUs\RE03\SMM2-19_20260323_054400.wav
876.0,879.0,Corvus brachyrhynchos,American Crow,0.9716,D:\Bird_Anuran_ARUs\RE03\SMM2-19_20260323_054400.wav
879.0,882.0,Pipilo erythrophthalmus,Eastern Towhee,0.7749,D:\Bird_Anuran_ARUs\RE03\SMM2-19_20260323_054400.wav
879.0,882.0,Corvus brachyrhynchos,American Crow,0.4106,D:\Bird_Anuran_ARUs\RE03\SMM2-19_20260323_054400.wav
882.0,885.0,Pipilo erythrophthalmus,Eastern Towhee,0.9519,D:\Bird_Anuran_ARUs\RE03\SMM2-19_20260323_054400.wav
882.0,885.0,Corvus brachyrhynchos,American Crow,0.7461,D:\Bird_Anuran_ARUs\RE03\SMM2-19_20260323_054400.wav
885.0,888.0,Corvus brachyrhynchos,American Crow,0.6763,D:\Bird_Anuran_ARUs\RE03\SMM2-19_20260323_054400.wav
885.0,888.0,Pipilo erythrophthalmus,Eastern Towhee,0.2598,D:\Bird_Anuran_ARUs\RE03\SMM2-19_20260323_054400.wav
888.0,891.0,Corvus brachyrhynchos,American Crow,0.4104,D:\Bird_Anuran_ARUs\RE03\SMM2-19_20260323_054400.wav
891.0,894.0,Pipilo erythrophthalmus,Eastern Towhee,0.9898,D:\Bird_Anuran_ARUs\RE03\SMM2-19_20260323_054400.wav
891.0,894.0,Corvus brachyrhynchos,American Crow,0.9190,D:\Bird_Anuran_ARUs\RE03\SMM2-19_20260323_054400.wav
894.0,897.0,Corvus brachyrhynchos,American Crow,0.6289,D:\Bird_Anuran_ARUs\RE03\SMM2-19_20260323_054400.wav
897.0,900.0,Corvus brachyrhynchos,American Crow,0.9589,D:\Bird_Anuran_ARUs\RE03\SMM2-19_20260323_054400.wav
897.0,900.0,Pipilo erythrophthalmus,Eastern Towhee,0.6926,D:\Bird_Anuran_ARUs\RE03\SMM2-19_20260323_054400.wav
900.0,903.0,Pipilo erythrophthalmus,Eastern Towhee,0.9229,D:\Bird_Anuran_ARUs\RE03\SMM2-19_20260323_054400.wav
903.0,906.0,Corvus brachyrhynchos,American Crow,0.9312,D:\Bird_Anuran_ARUs\RE03\SMM2-19_20260323_054400.wav
903.0,906.0,Pipilo erythrophthalmus,Eastern Towhee,0.9150,D:\Bird_Anuran_ARUs\RE03\SMM2-19_20260323_054400.wav
906.0,909.0,Corvus brachyrhynchos,American Crow,0.9846,D:\Bird_Anuran_ARUs\RE03\SMM2-19_20260323_054400.wav
906.0,909.0,Pipilo erythrophthalmus,Eastern Towhee,0.9758,D:\Bird_Anuran_ARUs\RE03\SMM2-19_20260323_054400.wav
909.0,912.0,Corvus brachyrhynchos,American Crow,0.4309,D:\Bird_Anuran_ARUs\RE03\SMM2-19_20260323_054400.wav
912.0,915.0,Corvus brachyrhynchos,American Crow,0.9613,D:\Bird_Anuran_ARUs\RE03\SMM2-19_20260323_054400.wav
912.0,915.0,Pipilo erythrophthalmus,Eastern Towhee,0.9577,D:\Bird_Anuran_ARUs\RE03\SMM2-19_20260323_054400.wav
915.0,918.0,Pipilo erythrophthalmus,Eastern Towhee,0.9884,D:\Bird_Anuran_ARUs\RE03\SMM2-19_20260323_054400.wav
915.0,918.0,Corvus brachyrhynchos,American Crow,0.9772,D:\Bird_Anuran_ARUs\RE03\SMM2-19_20260323_054400.wav
918.0,921.0,Corvus brachyrhynchos,American Crow,0.6640,D:\Bird_Anuran_ARUs\RE03\SMM2-19_20260323_054400.wav
918.0,921.0,Pipilo erythrophthalmus,Eastern Towhee,0.3106,D:\Bird_Anuran_ARUs\RE03\SMM2-19_20260323_054400.wav
921.0,924.0,Pipilo erythrophthalmus,Eastern Towhee,0.9682,D:\Bird_Anuran_ARUs\RE03\SMM2-19_20260323_054400.wav
921.0,924.0,Corvus brachyrhynchos,American Crow,0.8049,D:\Bird_Anuran_ARUs\RE03\SMM2-19_20260323_054400.wav
924.0,927.0,Corvus brachyrhynchos,American Crow,0.6477,D:\Bird_Anuran_ARUs\RE03\SMM2-19_20260323_054400.wav
924.0,927.0,Pipilo erythrophthalmus,Eastern Towhee,0.6273,D:\Bird_Anuran_ARUs\RE03\SMM2-19_20260323_054400.wav
927.0,930.0,Corvus brachyrhynchos,American Crow,0.3418,D:\Bird_Anuran_ARUs\RE03\SMM2-19_20260323_054400.wav
930.0,933.0,Corvus brachyrhynchos,American Crow,0.8815,D:\Bird_Anuran_ARUs\RE03\SMM2-19_20260323_054400.wav
930.0,933.0,Pipilo erythrophthalmus,Eastern Towhee,0.8715,D:\Bird_Anuran_ARUs\RE03\SMM2-19_20260323_054400.wav
933.0,936.0,Corvus brachyrhynchos,American Crow,0.9958,D:\Bird_Anuran_ARUs\RE03\SMM2-19_20260323_054400.wav
936.0,939.0,Corvus brachyrhynchos,American Crow,0.9832,D:\Bird_Anuran_ARUs\RE03\SMM2-19_20260323_054400.wav
936.0,939.0,Pipilo erythrophthalmus,Eastern Towhee,0.8926,D:\Bird_Anuran_ARUs\RE03\SMM2-19_20260323_054400.wav
942.0,945.0,Corvus brachyrhynchos,American Crow,0.8302,D:\Bird_Anuran_ARUs\RE03\SMM2-19_20260323_054400.wav
945.0,948.0,Corvus brachyrhynchos,American Crow,0.9962,D:\Bird_Anuran_ARUs\RE03\SMM2-19_20260323_054400.wav
945.0,948.0,Pipilo erythrophthalmus,Eastern Towhee,0.9712,D:\Bird_Anuran_ARUs\RE03\SMM2-19_20260323_054400.wav
948.0,951.0,Corvus brachyrhynchos,American Crow,0.9926,D:\Bird_Anuran_ARUs\RE03\SMM2-19_20260323_054400.wav
948.0,951.0,Pipilo erythrophthalmus,Eastern Towhee,0.8166,D:\Bird_Anuran_ARUs\RE03\SMM2-19_20260323_054400.wav
951.0,954.0,Corvus brachyrhynchos,American Crow,0.9842,D:\Bird_Anuran_ARUs\RE03\SMM2-19_20260323_054400.wav
951.0,954.0,Pipilo erythrophthalmus,Eastern Towhee,0.8745,D:\Bird_Anuran_ARUs\RE03\SMM2-19_20260323_054400.wav
954.0,957.0,Corvus brachyrhynchos,American Crow,0.8898,D:\Bird_Anuran_ARUs\RE03\SMM2-19_20260323_054400.wav
954.0,957.0,Pipilo erythrophthalmus,Eastern Towhee,0.7506,D:\Bird_Anuran_ARUs\RE03\SMM2-19_20260323_054400.wav
954.0,957.0,Spizella pusilla,Field Sparrow,0.2935,D:\Bird_Anuran_ARUs\RE03\SMM2-19_20260323_054400.wav
957.0,960.0,Corvus brachyrhynchos,American Crow,0.3369,D:\Bird_Anuran_ARUs\RE03\SMM2-19_20260323_054400.wav
960.0,963.0,Corvus brachyrhynchos,American Crow,0.9475,D:\Bird_Anuran_ARUs\RE03\SMM2-19_20260323_054400.wav
960.0,963.0,Pipilo erythrophthalmus,Eastern Towhee,0.7533,D:\Bird_Anuran_ARUs\RE03\SMM2-19_20260323_054400.wav
963.0,966.0,Corvus brachyrhynchos,American Crow,0.9571,D:\Bird_Anuran_ARUs\RE03\SMM2-19_20260323_054400.wav
963.0,966.0,Pipilo erythrophthalmus,Eastern Towhee,0.3109,D:\Bird_Anuran_ARUs\RE03\SMM2-19_20260323_054400.wav
966.0,969.0,Corvus brachyrhynchos,American Crow,0.9310,D:\Bird_Anuran_ARUs\RE03\SMM2-19_20260323_054400.wav
966.0,969.0,Molothrus ater,Brown-headed Cowbird,0.2575,D:\Bird_Anuran_ARUs\RE03\SMM2-19_20260323_054400.wav
969.0,972.0,Pipilo erythrophthalmus,Eastern Towhee,0.8750,D:\Bird_Anuran_ARUs\RE03\SMM2-19_20260323_054400.wav
972.0,975.0,Setophaga pinus,Pine Warbler,0.6985,D:\Bird_Anuran_ARUs\RE03\SMM2-19_20260323_054400.wav
975.0,978.0,Corvus brachyrhynchos,American Crow,0.8833,D:\Bird_Anuran_ARUs\RE03\SMM2-19_20260323_054400.wav
978.0,981.0,Corvus brachyrhynchos,American Crow,0.8694,D:\Bird_Anuran_ARUs\RE03\SMM2-19_20260323_054400.wav
978.0,981.0,Pipilo erythrophthalmus,Eastern Towhee,0.3318,D:\Bird_Anuran_ARUs\RE03\SMM2-19_20260323_054400.wav
981.0,984.0,Corvus brachyrhynchos,American Crow,0.5778,D:\Bird_Anuran_ARUs\RE03\SMM2-19_20260323_054400.wav
984.0,987.0,Corvus brachyrhynchos,American Crow,0.9467,D:\Bird_Anuran_ARUs\RE03\SMM2-19_20260323_054400.wav
987.0,990.0,Corvus brachyrhynchos,American Crow,0.5859,D:\Bird_Anuran_ARUs\RE03\SMM2-19_20260323_054400.wav
987.0,990.0,Pipilo erythrophthalmus,Eastern Towhee,0.4944,D:\Bird_Anuran_ARUs\RE03\SMM2-19_20260323_054400.wav
990.0,993.0,Corvus brachyrhynchos,American Crow,0.7608,D:\Bird_Anuran_ARUs\RE03\SMM2-19_20260323_054400.wav
990.0,993.0,Pipilo erythrophthalmus,Eastern Towhee,0.4324,D:\Bird_Anuran_ARUs\RE03\SMM2-19_20260323_054400.wav
993.0,996.0,Corvus brachyrhynchos,American Crow,0.9985,D:\Bird_Anuran_ARUs\RE03\SMM2-19_20260323_054400.wav
993.0,996.0,Pipilo erythrophthalmus,Eastern Towhee,0.7657,D:\Bird_Anuran_ARUs\RE03\SMM2-19_20260323_054400.wav
996.0,999.0,Corvus brachyrhynchos,American Crow,0.9973,D:\Bird_Anuran_ARUs\RE03\SMM2-19_20260323_054400.wav
999.0,1002.0,Corvus brachyrhynchos,American Crow,0.9760,D:\Bird_Anuran_ARUs\RE03\SMM2-19_20260323_054400.wav
1002.0,1005.0,Corvus brachyrhynchos,American Crow,0.9826,D:\Bird_Anuran_ARUs\RE03\SMM2-19_20260323_054400.wav
1002.0,1005.0,Pipilo erythrophthalmus,Eastern Towhee,0.9655,D:\Bird_Anuran_ARUs\RE03\SMM2-19_20260323_054400.wav
1005.0,1008.0,Corvus brachyrhynchos,American Crow,0.4266,D:\Bird_Anuran_ARUs\RE03\SMM2-19_20260323_054400.wav
1008.0,1011.0,Corvus brachyrhynchos,American Crow,0.9213,D:\Bird_Anuran_ARUs\RE03\SMM2-19_20260323_054400.wav
1011.0,1014.0,Corvus brachyrhynchos,American Crow,0.8982,D:\Bird_Anuran_ARUs\RE03\SMM2-19_20260323_054400.wav
1014.0,1017.0,Corvus brachyrhynchos,American Crow,0.9729,D:\Bird_Anuran_ARUs\RE03\SMM2-19_20260323_054400.wav
1017.0,1020.0,Pipilo erythrophthalmus,Eastern Towhee,0.9892,D:\Bird_Anuran_ARUs\RE03\SMM2-19_20260323_054400.wav
1017.0,1020.0,Corvus brachyrhynchos,American Crow,0.9862,D:\Bird_Anuran_ARUs\RE03\SMM2-19_20260323_054400.wav
1017.0,1020.0,Geothlypis trichas,Common Yellowthroat,0.2774,D:\Bird_Anuran_ARUs\RE03\SMM2-19_20260323_054400.wav
1026.0,1029.0,Pipilo erythrophthalmus,Eastern Towhee,0.9209,D:\Bird_Anuran_ARUs\RE03\SMM2-19_20260323_054400.wav
1029.0,1032.0,Corvus brachyrhynchos,American Crow,0.8724,D:\Bird_Anuran_ARUs\RE03\SMM2-19_20260323_054400.wav
1032.0,1035.0,Corvus brachyrhynchos,American Crow,0.6727,D:\Bird_Anuran_ARUs\RE03\SMM2-19_20260323_054400.wav
1035.0,1038.0,Corvus brachyrhynchos,American Crow,0.6151,D:\Bird_Anuran_ARUs\RE03\SMM2-19_20260323_054400.wav
1038.0,1041.0,Corvus brachyrhynchos,American Crow,0.9437,D:\Bird_Anuran_ARUs\RE03\SMM2-19_20260323_054400.wav
1038.0,1041.0,Pipilo erythrophthalmus,Eastern Towhee,0.5970,D:\Bird_Anuran_ARUs\RE03\SMM2-19_20260323_054400.wav
1041.0,1044.0,Corvus brachyrhynchos,American Crow,0.9837,D:\Bird_Anuran_ARUs\RE03\SMM2-19_20260323_054400.wav
1041.0,1044.0,Pipilo erythrophthalmus,Eastern Towhee,0.2611,D:\Bird_Anuran_ARUs\RE03\SMM2-19_20260323_054400.wav
1044.0,1047.0,Corvus brachyrhynchos,American Crow,0.9975,D:\Bird_Anuran_ARUs\RE03\SMM2-19_20260323_054400.wav
1044.0,1047.0,Pipilo erythrophthalmus,Eastern Towhee,0.9860,D:\Bird_Anuran_ARUs\RE03\SMM2-19_20260323_054400.wav
1047.0,1050.0,Poecile carolinensis,Carolina Chickadee,0.6019,D:\Bird_Anuran_ARUs\RE03\SMM2-19_20260323_054400.wav
1047.0,1050.0,Corvus brachyrhynchos,American Crow,0.2787,D:\Bird_Anuran_ARUs\RE03\SMM2-19_20260323_054400.wav
1050.0,1053.0,Corvus brachyrhynchos,American Crow,0.6845,D:\Bird_Anuran_ARUs\RE03\SMM2-19_20260323_054400.wav
1056.0,1059.0,Corvus brachyrhynchos,American Crow,0.9429,D:\Bird_Anuran_ARUs\RE03\SMM2-19_20260323_054400.wav
1059.0,1062.0,Corvus brachyrhynchos,American Crow,0.9706,D:\Bird_Anuran_ARUs\RE03\SMM2-19_20260323_054400.wav
1059.0,1062.0,Pipilo erythrophthalmus,Eastern Towhee,0.9505,D:\Bird_Anuran_ARUs\RE03\SMM2-19_20260323_054400.wav
1062.0,1065.0,Corvus brachyrhynchos,American Crow,0.9486,D:\Bird_Anuran_ARUs\RE03\SMM2-19_20260323_054400.wav
1065.0,1068.0,Corvus brachyrhynchos,American Crow,0.7583,D:\Bird_Anuran_ARUs\RE03\SMM2-19_20260323_054400.wav
1068.0,1071.0,Pipilo erythrophthalmus,Eastern Towhee,0.9361,D:\Bird_Anuran_ARUs\RE03\SMM2-19_20260323_054400.wav
1068.0,1071.0,Corvus brachyrhynchos,American Crow,0.7379,D:\Bird_Anuran_ARUs\RE03\SMM2-19_20260323_054400.wav
1071.0,1074.0,Dryobates villosus,Hairy Woodpecker,0.9520,D:\Bird_Anuran_ARUs\RE03\SMM2-19_20260323_054400.wav
1074.0,1077.0,Dryobates villosus,Hairy Woodpecker,0.8876,D:\Bird_Anuran_ARUs\RE03\SMM2-19_20260323_054400.wav
1077.0,1080.0,Dryobates villosus,Hairy Woodpecker,0.9421,D:\Bird_Anuran_ARUs\RE03\SMM2-19_20260323_054400.wav
1080.0,1083.0,Corvus brachyrhynchos,American Crow,0.7202,D:\Bird_Anuran_ARUs\RE03\SMM2-19_20260323_054400.wav
1080.0,1083.0,Dryobates villosus,Hairy Woodpecker,0.5799,D:\Bird_Anuran_ARUs\RE03\SMM2-19_20260323_054400.wav
1083.0,1086.0,Corvus brachyrhynchos,American Crow,0.9788,D:\Bird_Anuran_ARUs\RE03\SMM2-19_20260323_054400.wav
1083.0,1086.0,Dryobates villosus,Hairy Woodpecker,0.7391,D:\Bird_Anuran_ARUs\RE03\SMM2-19_20260323_054400.wav
1086.0,1089.0,Dryobates villosus,Hairy Woodpecker,0.9030,D:\Bird_Anuran_ARUs\RE03\SMM2-19_20260323_054400.wav
1089.0,1092.0,Dryobates villosus,Hairy Woodpecker,0.9199,D:\Bird_Anuran_ARUs\RE03\SMM2-19_20260323_054400.wav
1092.0,1095.0,Corvus brachyrhynchos,American Crow,0.9880,D:\Bird_Anuran_ARUs\RE03\SMM2-19_20260323_054400.wav
1092.0,1095.0,Pipilo erythrophthalmus,Eastern Towhee,0.8935,D:\Bird_Anuran_ARUs\RE03\SMM2-19_20260323_054400.wav
1095.0,1098.0,Dryobates villosus,Hairy Woodpecker,0.8935,D:\Bird_Anuran_ARUs\RE03\SMM2-19_20260323_054400.wav
1098.0,1101.0,Dryobates villosus,Hairy Woodpecker,0.9205,D:\Bird_Anuran_ARUs\RE03\SMM2-19_20260323_054400.wav
1101.0,1104.0,Dryobates villosus,Hairy Woodpecker,0.7399,D:\Bird_Anuran_ARUs\RE03\SMM2-19_20260323_054400.wav
1104.0,1107.0,Dryobates villosus,Hairy Woodpecker,0.8727,D:\Bird_Anuran_ARUs\RE03\SMM2-19_20260323_054400.wav
1107.0,1110.0,Corvus brachyrhynchos,American Crow,0.3434,D:\Bird_Anuran_ARUs\RE03\SMM2-19_20260323_054400.wav
1110.0,1113.0,Corvus brachyrhynchos,American Crow,0.4384,D:\Bird_Anuran_ARUs\RE03\SMM2-19_20260323_054400.wav
1113.0,1116.0,Dryobates villosus,Hairy Woodpecker,0.7660,D:\Bird_Anuran_ARUs\RE03\SMM2-19_20260323_054400.wav
1116.0,1119.0,Dryobates villosus,Hairy Woodpecker,0.8155,D:\Bird_Anuran_ARUs\RE03\SMM2-19_20260323_054400.wav
1116.0,1119.0,Corvus brachyrhynchos,American Crow,0.4226,D:\Bird_Anuran_ARUs\RE03\SMM2-19_20260323_054400.wav
1119.0,1122.0,Corvus brachyrhynchos,American Crow,0.9648,D:\Bird_Anuran_ARUs\RE03\SMM2-19_20260323_054400.wav
1119.0,1122.0,Dryobates villosus,Hairy Woodpecker,0.7301,D:\Bird_Anuran_ARUs\RE03\SMM2-19_20260323_054400.wav
1122.0,1125.0,Dryobates villosus,Hairy Woodpecker,0.9259,D:\Bird_Anuran_ARUs\RE03\SMM2-19_20260323_054400.wav
1128.0,1131.0,Corvus brachyrhynchos,American Crow,0.9037,D:\Bird_Anuran_ARUs\RE03\SMM2-19_20260323_054400.wav
1128.0,1131.0,Pipilo erythrophthalmus,Eastern Towhee,0.6540,D:\Bird_Anuran_ARUs\RE03\SMM2-19_20260323_054400.wav
1131.0,1134.0,Dryobates villosus,Hairy Woodpecker,0.6919,D:\Bird_Anuran_ARUs\RE03\SMM2-19_20260323_054400.wav
1137.0,1140.0,Corvus brachyrhynchos,American Crow,0.7774,D:\Bird_Anuran_ARUs\RE03\SMM2-19_20260323_054400.wav
1137.0,1140.0,Pipilo erythrophthalmus,Eastern Towhee,0.3119,D:\Bird_Anuran_ARUs\RE03\SMM2-19_20260323_054400.wav
1140.0,1143.0,Corvus brachyrhynchos,American Crow,0.7731,D:\Bird_Anuran_ARUs\RE03\SMM2-19_20260323_054400.wav
1143.0,1146.0,Dryobates villosus,Hairy Woodpecker,0.3991,D:\Bird_Anuran_ARUs\RE03\SMM2-19_20260323_054400.wav
1143.0,1146.0,Poecile carolinensis,Carolina Chickadee,0.3215,D:\Bird_Anuran_ARUs\RE03\SMM2-19_20260323_054400.wav
1146.0,1149.0,Dryobates villosus,Hairy Woodpecker,0.3311,D:\Bird_Anuran_ARUs\RE03\SMM2-19_20260323_054400.wav
1146.0,1149.0,Pipilo erythrophthalmus,Eastern Towhee,0.3013,D:\Bird_Anuran_ARUs\RE03\SMM2-19_20260323_054400.wav
1149.0,1152.0,Corvus brachyrhynchos,American Crow,0.7588,D:\Bird_Anuran_ARUs\RE03\SMM2-19_20260323_054400.wav
1161.0,1164.0,Pipilo erythrophthalmus,Eastern Towhee,0.4623,D:\Bird_Anuran_ARUs\RE03\SMM2-19_20260323_054400.wav
1164.0,1167.0,Corvus brachyrhynchos,American Crow,0.7603,D:\Bird_Anuran_ARUs\RE03\SMM2-19_20260323_054400.wav
1164.0,1167.0,Dryobates villosus,Hairy Woodpecker,0.7109,D:\Bird_Anuran_ARUs\RE03\SMM2-19_20260323_054400.wav
1167.0,1170.0,Corvus brachyrhynchos,American Crow,0.8070,D:\Bird_Anuran_ARUs\RE03\SMM2-19_20260323_054400.wav
1167.0,1170.0,Dryobates villosus,Hairy Woodpecker,0.3282,D:\Bird_Anuran_ARUs\RE03\SMM2-19_20260323_054400.wav
1170.0,1173.0,Pipilo erythrophthalmus,Eastern Towhee,0.4911,D:\Bird_Anuran_ARUs\RE03\SMM2-19_20260323_054400.wav
1173.0,1176.0,Dryobates villosus,Hairy Woodpecker,0.6301,D:\Bird_Anuran_ARUs\RE03\SMM2-19_20260323_054400.wav
1176.0,1179.0,Geothlypis trichas,Common Yellowthroat,0.4448,D:\Bird_Anuran_ARUs\RE03\SMM2-19_20260323_054400.wav
1176.0,1179.0,Corvus brachyrhynchos,American Crow,0.4433,D:\Bird_Anuran_ARUs\RE03\SMM2-19_20260323_054400.wav
1179.0,1182.0,Corvus brachyrhynchos,American Crow,0.8336,D:\Bird_Anuran_ARUs\RE03\SMM2-19_20260323_054400.wav
1179.0,1182.0,Pipilo erythrophthalmus,Eastern Towhee,0.3305,D:\Bird_Anuran_ARUs\RE03\SMM2-19_20260323_054400.wav
1182.0,1185.0,Corvus brachyrhynchos,American Crow,0.5923,D:\Bird_Anuran_ARUs\RE03\SMM2-19_20260323_054400.wav
1182.0,1185.0,Dryobates pubescens,Downy Woodpecker,0.3113,D:\Bird_Anuran_ARUs\RE03\SMM2-19_20260323_054400.wav
1185.0,1188.0,Pipilo erythrophthalmus,Eastern Towhee,0.5127,D:\Bird_Anuran_ARUs\RE03\SMM2-19_20260323_054400.wav
1200.0,1203.0,Corvus brachyrhynchos,American Crow,0.2702,D:\Bird_Anuran_ARUs\RE03\SMM2-19_20260323_054400.wav
1206.0,1209.0,Poecile carolinensis,Carolina Chickadee,0.3757,D:\Bird_Anuran_ARUs\RE03\SMM2-19_20260323_054400.wav
1221.0,1224.0,Pipilo erythrophthalmus,Eastern Towhee,0.3792,D:\Bird_Anuran_ARUs\RE03\SMM2-19_20260323_054400.wav
1227.0,1230.0,Zenaida macroura,Mourning Dove,0.8061,D:\Bird_Anuran_ARUs\RE03\SMM2-19_20260323_054400.wav
1230.0,1233.0,Zenaida macroura,Mourning Dove,0.6845,D:\Bird_Anuran_ARUs\RE03\SMM2-19_20260323_054400.wav
1236.0,1239.0,Colaptes auratus,Northern Flicker,0.2774,D:\Bird_Anuran_ARUs\RE03\SMM2-19_20260323_054400.wav
1239.0,1242.0,Zenaida macroura,Mourning Dove,0.9518,D:\Bird_Anuran_ARUs\RE03\SMM2-19_20260323_054400.wav
1242.0,1245.0,Zenaida macroura,Mourning Dove,0.8522,D:\Bird_Anuran_ARUs\RE03\SMM2-19_20260323_054400.wav
1248.0,1251.0,Pipilo erythrophthalmus,Eastern Towhee,0.6309,D:\Bird_Anuran_ARUs\RE03\SMM2-19_20260323_054400.wav
1251.0,1254.0,Dryobates pubescens,Downy Woodpecker,0.5553,D:\Bird_Anuran_ARUs\RE03\SMM2-19_20260323_054400.wav
1254.0,1257.0,Pipilo erythrophthalmus,Eastern Towhee,0.5650,D:\Bird_Anuran_ARUs\RE03\SMM2-19_20260323_054400.wav
1254.0,1257.0,Dryobates villosus,Hairy Woodpecker,0.3012,D:\Bird_Anuran_ARUs\RE03\SMM2-19_20260323_054400.wav
1257.0,1260.0,Dryobates pubescens,Downy Woodpecker,0.2510,D:\Bird_Anuran_ARUs\RE03\SMM2-19_20260323_054400.wav
1260.0,1263.0,Zenaida macroura,Mourning Dove,0.9609,D:\Bird_Anuran_ARUs\RE03\SMM2-19_20260323_054400.wav
1263.0,1266.0,Zenaida macroura,Mourning Dove,0.6356,D:\Bird_Anuran_ARUs\RE03\SMM2-19_20260323_054400.wav
1263.0,1266.0,Melanerpes carolinus,Red-bellied Woodpecker,0.2613,D:\Bird_Anuran_ARUs\RE03\SMM2-19_20260323_054400.wav
1275.0,1278.0,Zenaida macroura,Mourning Dove,0.8389,D:\Bird_Anuran_ARUs\RE03\SMM2-19_20260323_054400.wav
1278.0,1281.0,Zenaida macroura,Mourning Dove,0.6908,D:\Bird_Anuran_ARUs\RE03\SMM2-19_20260323_054400.wav
1278.0,1281.0,Dryobates pubescens,Downy Woodpecker,0.3734,D:\Bird_Anuran_ARUs\RE03\SMM2-19_20260323_054400.wav
1284.0,1287.0,Dryobates villosus,Hairy Woodpecker,0.6559,D:\Bird_Anuran_ARUs\RE03\SMM2-19_20260323_054400.wav
1287.0,1290.0,Corvus brachyrhynchos,American Crow,0.8961,D:\Bird_Anuran_ARUs\RE03\SMM2-19_20260323_054400.wav
1287.0,1290.0,Pipilo erythrophthalmus,Eastern Towhee,0.4867,D:\Bird_Anuran_ARUs\RE03\SMM2-19_20260323_054400.wav
1290.0,1293.0,Zenaida macroura,Mourning Dove,0.9678,D:\Bird_Anuran_ARUs\RE03\SMM2-19_20260323_054400.wav
1293.0,1296.0,Zenaida macroura,Mourning Dove,0.8062,D:\Bird_Anuran_ARUs\RE03\SMM2-19_20260323_054400.wav
1296.0,1299.0,Setophaga pinus,Pine Warbler,0.3162,D:\Bird_Anuran_ARUs\RE03\SMM2-19_20260323_054400.wav
1302.0,1305.0,Corvus brachyrhynchos,American Crow,0.7318,D:\Bird_Anuran_ARUs\RE03\SMM2-19_20260323_054400.wav
1305.0,1308.0,Corvus brachyrhynchos,American Crow,0.9042,D:\Bird_Anuran_ARUs\RE03\SMM2-19_20260323_054400.wav
1305.0,1308.0,Pipilo erythrophthalmus,Eastern Towhee,0.3306,D:\Bird_Anuran_ARUs\RE03\SMM2-19_20260323_054400.wav
1308.0,1311.0,Zenaida macroura,Mourning Dove,0.9549,D:\Bird_Anuran_ARUs\RE03\SMM2-19_20260323_054400.wav
1311.0,1314.0,Zenaida macroura,Mourning Dove,0.6598,D:\Bird_Anuran_ARUs\RE03\SMM2-19_20260323_054400.wav
1314.0,1317.0,Corvus brachyrhynchos,American Crow,0.9790,D:\Bird_Anuran_ARUs\RE03\SMM2-19_20260323_054400.wav
1314.0,1317.0,Geothlypis trichas,Common Yellowthroat,0.8742,D:\Bird_Anuran_ARUs\RE03\SMM2-19_20260323_054400.wav
1317.0,1320.0,Pipilo erythrophthalmus,Eastern Towhee,0.7965,D:\Bird_Anuran_ARUs\RE03\SMM2-19_20260323_054400.wav
1317.0,1320.0,Corvus brachyrhynchos,American Crow,0.6779,D:\Bird_Anuran_ARUs\RE03\SMM2-19_20260323_054400.wav
1326.0,1329.0,Zenaida macroura,Mourning Dove,0.9181,D:\Bird_Anuran_ARUs\RE03\SMM2-19_20260323_054400.wav
1329.0,1332.0,Zenaida macroura,Mourning Dove,0.6358,D:\Bird_Anuran_ARUs\RE03\SMM2-19_20260323_054400.wav
1338.0,1341.0,Corvus brachyrhynchos,American Crow,0.9943,D:\Bird_Anuran_ARUs\RE03\SMM2-19_20260323_054400.wav
1341.0,1344.0,Corvus brachyrhynchos,American Crow,0.9885,D:\Bird_Anuran_ARUs\RE03\SMM2-19_20260323_054400.wav
1341.0,1344.0,Pipilo erythrophthalmus,Eastern Towhee,0.9196,D:\Bird_Anuran_ARUs\RE03\SMM2-19_20260323_054400.wav
1344.0,1347.0,Zenaida macroura,Mourning Dove,0.9867,D:\Bird_Anuran_ARUs\RE03\SMM2-19_20260323_054400.wav
1347.0,1350.0,Dryobates villosus,Hairy Woodpecker,0.3587,D:\Bird_Anuran_ARUs\RE03\SMM2-19_20260323_054400.wav
1353.0,1356.0,Corvus brachyrhynchos,American Crow,0.9136,D:\Bird_Anuran_ARUs\RE03\SMM2-19_20260323_054400.wav
1353.0,1356.0,Geothlypis trichas,Common Yellowthroat,0.5075,D:\Bird_Anuran_ARUs\RE03\SMM2-19_20260323_054400.wav
1356.0,1359.0,Corvus brachyrhynchos,American Crow,0.8077,D:\Bird_Anuran_ARUs\RE03\SMM2-19_20260323_054400.wav
1359.0,1362.0,Zenaida macroura,Mourning Dove,0.6983,D:\Bird_Anuran_ARUs\RE03\SMM2-19_20260323_054400.wav
1365.0,1368.0,Geothlypis trichas,Common Yellowthroat,0.2842,D:\Bird_Anuran_ARUs\RE03\SMM2-19_20260323_054400.wav
1368.0,1371.0,Corvus brachyrhynchos,American Crow,0.5452,D:\Bird_Anuran_ARUs\RE03\SMM2-19_20260323_054400.wav
1368.0,1371.0,Geothlypis trichas,Common Yellowthroat,0.3118,D:\Bird_Anuran_ARUs\RE03\SMM2-19_20260323_054400.wav
1374.0,1377.0,Corvus brachyrhynchos,American Crow,0.6128,D:\Bird_Anuran_ARUs\RE03\SMM2-19_20260323_054400.wav
1377.0,1380.0,Pipilo erythrophthalmus,Eastern Towhee,0.3363,D:\Bird_Anuran_ARUs\RE03\SMM2-19_20260323_054400.wav
1383.0,1386.0,Dryobates villosus,Hairy Woodpecker,0.5934,D:\Bird_Anuran_ARUs\RE03\SMM2-19_20260323_054400.wav
1389.0,1392.0,Geothlypis trichas,Common Yellowthroat,0.5984,D:\Bird_Anuran_ARUs\RE03\SMM2-19_20260323_054400.wav
1392.0,1395.0,Zenaida macroura,Mourning Dove,0.9807,D:\Bird_Anuran_ARUs\RE03\SMM2-19_20260323_054400.wav
1395.0,1398.0,Zenaida macroura,Mourning Dove,0.7270,D:\Bird_Anuran_ARUs\RE03\SMM2-19_20260323_054400.wav
1398.0,1401.0,Corvus brachyrhynchos,American Crow,0.6398,D:\Bird_Anuran_ARUs\RE03\SMM2-19_20260323_054400.wav
1398.0,1401.0,Pipilo erythrophthalmus,Eastern Towhee,0.5777,D:\Bird_Anuran_ARUs\RE03\SMM2-19_20260323_054400.wav
1404.0,1407.0,Corvus brachyrhynchos,American Crow,0.4113,D:\Bird_Anuran_ARUs\RE03\SMM2-19_20260323_054400.wav
1407.0,1410.0,Zenaida macroura,Mourning Dove,0.9286,D:\Bird_Anuran_ARUs\RE03\SMM2-19_20260323_054400.wav
1407.0,1410.0,Corvus brachyrhynchos,American Crow,0.2807,D:\Bird_Anuran_ARUs\RE03\SMM2-19_20260323_054400.wav
1410.0,1413.0,Corvus brachyrhynchos,American Crow,0.7222,D:\Bird_Anuran_ARUs\RE03\SMM2-19_20260323_054400.wav
1410.0,1413.0,Zenaida macroura,Mourning Dove,0.7108,D:\Bird_Anuran_ARUs\RE03\SMM2-19_20260323_054400.wav
1413.0,1416.0,Colaptes auratus,Northern Flicker,0.5229,D:\Bird_Anuran_ARUs\RE03\SMM2-19_20260323_054400.wav
1413.0,1416.0,Dryobates villosus,Hairy Woodpecker,0.3832,D:\Bird_Anuran_ARUs\RE03\SMM2-19_20260323_054400.wav
1416.0,1419.0,Corvus brachyrhynchos,American Crow,0.2708,D:\Bird_Anuran_ARUs\RE03\SMM2-19_20260323_054400.wav
1425.0,1428.0,Zenaida macroura,Mourning Dove,0.6308,D:\Bird_Anuran_ARUs\RE03\SMM2-19_20260323_054400.wav
1428.0,1431.0,Zenaida macroura,Mourning Dove,0.9796,D:\Bird_Anuran_ARUs\RE03\SMM2-19_20260323_054400.wav
1431.0,1434.0,Corvus brachyrhynchos,American Crow,0.6012,D:\Bird_Anuran_ARUs\RE03\SMM2-19_20260323_054400.wav
1431.0,1434.0,Pipilo erythrophthalmus,Eastern Towhee,0.2771,D:\Bird_Anuran_ARUs\RE03\SMM2-19_20260323_054400.wav
1440.0,1443.0,Zenaida macroura,Mourning Dove,0.6816,D:\Bird_Anuran_ARUs\RE03\SMM2-19_20260323_054400.wav
1443.0,1446.0,Zenaida macroura,Mourning Dove,0.8024,D:\Bird_Anuran_ARUs\RE03\SMM2-19_20260323_054400.wav
1446.0,1449.0,Molothrus ater,Brown-headed Cowbird,0.6343,D:\Bird_Anuran_ARUs\RE03\SMM2-19_20260323_054400.wav
1449.0,1452.0,Colaptes auratus,Northern Flicker,0.6058,D:\Bird_Anuran_ARUs\RE03\SMM2-19_20260323_054400.wav
1452.0,1455.0,Colaptes auratus,Northern Flicker,0.8944,D:\Bird_Anuran_ARUs\RE03\SMM2-19_20260323_054400.wav
1458.0,1461.0,Zenaida macroura,Mourning Dove,0.7142,D:\Bird_Anuran_ARUs\RE03\SMM2-19_20260323_054400.wav
1461.0,1464.0,Dryobates villosus,Hairy Woodpecker,0.4082,D:\Bird_Anuran_ARUs\RE03\SMM2-19_20260323_054400.wav
1467.0,1470.0,Pipilo erythrophthalmus,Eastern Towhee,0.3191,D:\Bird_Anuran_ARUs\RE03\SMM2-19_20260323_054400.wav
1470.0,1473.0,Pipilo erythrophthalmus,Eastern Towhee,0.7418,D:\Bird_Anuran_ARUs\RE03\SMM2-19_20260323_054400.wav
1470.0,1473.0,Corvus brachyrhynchos,American Crow,0.4135,D:\Bird_Anuran_ARUs\RE03\SMM2-19_20260323_054400.wav
1473.0,1476.0,Zenaida macroura,Mourning Dove,0.8551,D:\Bird_Anuran_ARUs\RE03\SMM2-19_20260323_054400.wav
1476.0,1479.0,Zenaida macroura,Mourning Dove,0.9287,D:\Bird_Anuran_ARUs\RE03\SMM2-19_20260323_054400.wav
1482.0,1485.0,Molothrus ater,Brown-headed Cowbird,0.8256,D:\Bird_Anuran_ARUs\RE03\SMM2-19_20260323_054400.wav
1485.0,1488.0,Colaptes auratus,Northern Flicker,0.7273,D:\Bird_Anuran_ARUs\RE03\SMM2-19_20260323_054400.wav
1488.0,1491.0,Colaptes auratus,Northern Flicker,0.8283,D:\Bird_Anuran_ARUs\RE03\SMM2-19_20260323_054400.wav
1491.0,1494.0,Zenaida macroura,Mourning Dove,0.8428,D:\Bird_Anuran_ARUs\RE03\SMM2-19_20260323_054400.wav
1494.0,1497.0,Zenaida macroura,Mourning Dove,0.9562,D:\Bird_Anuran_ARUs\RE03\SMM2-19_20260323_054400.wav
1503.0,1506.0,Corvus brachyrhynchos,American Crow,0.6420,D:\Bird_Anuran_ARUs\RE03\SMM2-19_20260323_054400.wav
1503.0,1506.0,Pipilo erythrophthalmus,Eastern Towhee,0.5704,D:\Bird_Anuran_ARUs\RE03\SMM2-19_20260323_054400.wav
1506.0,1509.0,Pipilo erythrophthalmus,Eastern Towhee,0.7110,D:\Bird_Anuran_ARUs\RE03\SMM2-19_20260323_054400.wav
1509.0,1512.0,Zenaida macroura,Mourning Dove,0.7770,D:\Bird_Anuran_ARUs\RE03\SMM2-19_20260323_054400.wav
1512.0,1515.0,Zenaida macroura,Mourning Dove,0.5971,D:\Bird_Anuran_ARUs\RE03\SMM2-19_20260323_054400.wav
1521.0,1524.0,Zenaida macroura,Mourning Dove,0.9411,D:\Bird_Anuran_ARUs\RE03\SMM2-19_20260323_054400.wav
1524.0,1527.0,Zenaida macroura,Mourning Dove,0.8880,D:\Bird_Anuran_ARUs\RE03\SMM2-19_20260323_054400.wav
1527.0,1530.0,Molothrus ater,Brown-headed Cowbird,0.7405,D:\Bird_Anuran_ARUs\RE03\SMM2-19_20260323_054400.wav
1527.0,1530.0,Corvus brachyrhynchos,American Crow,0.3233,D:\Bird_Anuran_ARUs\RE03\SMM2-19_20260323_054400.wav
1533.0,1536.0,Zenaida macroura,Mourning Dove,0.9794,D:\Bird_Anuran_ARUs\RE03\SMM2-19_20260323_054400.wav
1536.0,1539.0,Zenaida macroura,Mourning Dove,0.9518,D:\Bird_Anuran_ARUs\RE03\SMM2-19_20260323_054400.wav
1536.0,1539.0,Pipilo erythrophthalmus,Eastern Towhee,0.2804,D:\Bird_Anuran_ARUs\RE03\SMM2-19_20260323_054400.wav
1539.0,1542.0,Geothlypis trichas,Common Yellowthroat,0.2502,D:\Bird_Anuran_ARUs\RE03\SMM2-19_20260323_054400.wav
1542.0,1545.0,Molothrus ater,Brown-headed Cowbird,0.3486,D:\Bird_Anuran_ARUs\RE03\SMM2-19_20260323_054400.wav
1551.0,1554.0,Zenaida macroura,Mourning Dove,0.9961,D:\Bird_Anuran_ARUs\RE03\SMM2-19_20260323_054400.wav
1554.0,1557.0,Zenaida macroura,Mourning Dove,0.8456,D:\Bird_Anuran_ARUs\RE03\SMM2-19_20260323_054400.wav
1557.0,1560.0,Molothrus ater,Brown-headed Cowbird,0.6880,D:\Bird_Anuran_ARUs\RE03\SMM2-19_20260323_054400.wav
1563.0,1566.0,Corvus brachyrhynchos,American Crow,0.3106,D:\Bird_Anuran_ARUs\RE03\SMM2-19_20260323_054400.wav
1566.0,1569.0,Colaptes auratus,Northern Flicker,0.7181,D:\Bird_Anuran_ARUs\RE03\SMM2-19_20260323_054400.wav
1569.0,1572.0,Colaptes auratus,Northern Flicker,0.7917,D:\Bird_Anuran_ARUs\RE03\SMM2-19_20260323_054400.wav
1572.0,1575.0,Zenaida macroura,Mourning Dove,0.9484,D:\Bird_Anuran_ARUs\RE03\SMM2-19_20260323_054400.wav
1575.0,1578.0,Zenaida macroura,Mourning Dove,0.8380,D:\Bird_Anuran_ARUs\RE03\SMM2-19_20260323_054400.wav
1587.0,1590.0,Zenaida macroura,Mourning Dove,0.9237,D:\Bird_Anuran_ARUs\RE03\SMM2-19_20260323_054400.wav
1590.0,1593.0,Zenaida macroura,Mourning Dove,0.8566,D:\Bird_Anuran_ARUs\RE03\SMM2-19_20260323_054400.wav
1593.0,1596.0,Corvus brachyrhynchos,American Crow,0.7103,D:\Bird_Anuran_ARUs\RE03\SMM2-19_20260323_054400.wav
1593.0,1596.0,Molothrus ater,Brown-headed Cowbird,0.3350,D:\Bird_Anuran_ARUs\RE03\SMM2-19_20260323_054400.wav
1596.0,1599.0,Geothlypis trichas,Common Yellowthroat,0.3430,D:\Bird_Anuran_ARUs\RE03\SMM2-19_20260323_054400.wav
1599.0,1602.0,Dryobates villosus,Hairy Woodpecker,0.9101,D:\Bird_Anuran_ARUs\RE03\SMM2-19_20260323_054400.wav
1602.0,1605.0,Corvus brachyrhynchos,American Crow,0.6450,D:\Bird_Anuran_ARUs\RE03\SMM2-19_20260323_054400.wav
1605.0,1608.0,Corvus brachyrhynchos,American Crow,0.9962,D:\Bird_Anuran_ARUs\RE03\SMM2-19_20260323_054400.wav
1605.0,1608.0,Pipilo erythrophthalmus,Eastern Towhee,0.8560,D:\Bird_Anuran_ARUs\RE03\SMM2-19_20260323_054400.wav
1605.0,1608.0,Molothrus ater,Brown-headed Cowbird,0.6266,D:\Bird_Anuran_ARUs\RE03\SMM2-19_20260323_054400.wav
1605.0,1608.0,Baeolophus bicolor,Tufted Titmouse,0.3539,D:\Bird_Anuran_ARUs\RE03\SMM2-19_20260323_054400.wav
1611.0,1614.0,Zenaida macroura,Mourning Dove,0.9020,D:\Bird_Anuran_ARUs\RE03\SMM2-19_20260323_054400.wav
1614.0,1617.0,Colaptes auratus,Northern Flicker,0.5830,D:\Bird_Anuran_ARUs\RE03\SMM2-19_20260323_054400.wav
1617.0,1620.0,Colaptes auratus,Northern Flicker,0.7216,D:\Bird_Anuran_ARUs\RE03\SMM2-19_20260323_054400.wav
1623.0,1626.0,Zenaida macroura,Mourning Dove,0.9676,D:\Bird_Anuran_ARUs\RE03\SMM2-19_20260323_054400.wav
1626.0,1629.0,Zenaida macroura,Mourning Dove,0.7285,D:\Bird_Anuran_ARUs\RE03\SMM2-19_20260323_054400.wav
1632.0,1635.0,Pipilo erythrophthalmus,Eastern Towhee,0.5876,D:\Bird_Anuran_ARUs\RE03\SMM2-19_20260323_054400.wav
1638.0,1641.0,Molothrus ater,Brown-headed Cowbird,0.5049,D:\Bird_Anuran_ARUs\RE03\SMM2-19_20260323_054400.wav
1641.0,1644.0,Zenaida macroura,Mourning Dove,0.8554,D:\Bird_Anuran_ARUs\RE03\SMM2-19_20260323_054400.wav
1641.0,1644.0,Pipilo erythrophthalmus,Eastern Towhee,0.3814,D:\Bird_Anuran_ARUs\RE03\SMM2-19_20260323_054400.wav
1647.0,1650.0,Pipilo erythrophthalmus,Eastern Towhee,0.3184,D:\Bird_Anuran_ARUs\RE03\SMM2-19_20260323_054400.wav
1653.0,1656.0,Setophaga dominica,Yellow-throated Warbler,0.5265,D:\Bird_Anuran_ARUs\RE03\SMM2-19_20260323_054400.wav
1653.0,1656.0,Geothlypis trichas,Common Yellowthroat,0.3880,D:\Bird_Anuran_ARUs\RE03\SMM2-19_20260323_054400.wav
1656.0,1659.0,Colaptes auratus,Northern Flicker,0.8594,D:\Bird_Anuran_ARUs\RE03\SMM2-19_20260323_054400.wav
1659.0,1662.0,Zenaida macroura,Mourning Dove,0.8047,D:\Bird_Anuran_ARUs\RE03\SMM2-19_20260323_054400.wav
1659.0,1662.0,Colaptes auratus,Northern Flicker,0.3473,D:\Bird_Anuran_ARUs\RE03\SMM2-19_20260323_054400.wav
1662.0,1665.0,Zenaida macroura,Mourning Dove,0.8161,D:\Bird_Anuran_ARUs\RE03\SMM2-19_20260323_054400.wav
1665.0,1668.0,Molothrus ater,Brown-headed Cowbird,0.5993,D:\Bird_Anuran_ARUs\RE03\SMM2-19_20260323_054400.wav
1671.0,1674.0,Corvus brachyrhynchos,American Crow,0.4157,D:\Bird_Anuran_ARUs\RE03\SMM2-19_20260323_054400.wav
1671.0,1674.0,Molothrus ater,Brown-headed Cowbird,0.3117,D:\Bird_Anuran_ARUs\RE03\SMM2-19_20260323_054400.wav
1674.0,1677.0,Zenaida macroura,Mourning Dove,0.9854,D:\Bird_Anuran_ARUs\RE03\SMM2-19_20260323_054400.wav
1677.0,1680.0,Zenaida macroura,Mourning Dove,0.6399,D:\Bird_Anuran_ARUs\RE03\SMM2-19_20260323_054400.wav
1677.0,1680.0,Colaptes auratus,Northern Flicker,0.5405,D:\Bird_Anuran_ARUs\RE03\SMM2-19_20260323_054400.wav
1680.0,1683.0,Pipilo erythrophthalmus,Eastern Towhee,0.8169,D:\Bird_Anuran_ARUs\RE03\SMM2-19_20260323_054400.wav
1683.0,1686.0,Corvus brachyrhynchos,American Crow,0.5047,D:\Bird_Anuran_ARUs\RE03\SMM2-19_20260323_054400.wav
1683.0,1686.0,Pipilo erythrophthalmus,Eastern Towhee,0.4132,D:\Bird_Anuran_ARUs\RE03\SMM2-19_20260323_054400.wav
1686.0,1689.0,Colaptes auratus,Northern Flicker,0.7176,D:\Bird_Anuran_ARUs\RE03\SMM2-19_20260323_054400.wav
1689.0,1692.0,Colaptes auratus,Northern Flicker,0.4891,D:\Bird_Anuran_ARUs\RE03\SMM2-19_20260323_054400.wav
1692.0,1695.0,Molothrus ater,Brown-headed Cowbird,0.5442,D:\Bird_Anuran_ARUs\RE03\SMM2-19_20260323_054400.wav
1695.0,1698.0,Pipilo erythrophthalmus,Eastern Towhee,0.8252,D:\Bird_Anuran_ARUs\RE03\SMM2-19_20260323_054400.wav
1698.0,1701.0,Geothlypis trichas,Common Yellowthroat,0.6335,D:\Bird_Anuran_ARUs\RE03\SMM2-19_20260323_054400.wav
1704.0,1707.0,Pipilo erythrophthalmus,Eastern Towhee,0.6594,D:\Bird_Anuran_ARUs\RE03\SMM2-19_20260323_054400.wav
1707.0,1710.0,Colaptes auratus,Northern Flicker,0.6565,D:\Bird_Anuran_ARUs\RE03\SMM2-19_20260323_054400.wav
1707.0,1710.0,Molothrus ater,Brown-headed Cowbird,0.3112,D:\Bird_Anuran_ARUs\RE03\SMM2-19_20260323_054400.wav
1710.0,1713.0,Zenaida macroura,Mourning Dove,0.5645,D:\Bird_Anuran_ARUs\RE03\SMM2-19_20260323_054400.wav
1713.0,1716.0,Zenaida macroura,Mourning Dove,0.7422,D:\Bird_Anuran_ARUs\RE03\SMM2-19_20260323_054400.wav
1722.0,1725.0,Setophaga pinus,Pine Warbler,0.7242,D:\Bird_Anuran_ARUs\RE03\SMM2-19_20260323_054400.wav
1725.0,1728.0,Molothrus ater,Brown-headed Cowbird,0.9637,D:\Bird_Anuran_ARUs\RE03\SMM2-19_20260323_054400.wav
1728.0,1731.0,Pipilo erythrophthalmus,Eastern Towhee,0.9098,D:\Bird_Anuran_ARUs\RE03\SMM2-19_20260323_054400.wav
1731.0,1734.0,Molothrus ater,Brown-headed Cowbird,0.9798,D:\Bird_Anuran_ARUs\RE03\SMM2-19_20260323_054400.wav
1734.0,1737.0,Zenaida macroura,Mourning Dove,0.9793,D:\Bird_Anuran_ARUs\RE03\SMM2-19_20260323_054400.wav
1737.0,1740.0,Zenaida macroura,Mourning Dove,0.8953,D:\Bird_Anuran_ARUs\RE03\SMM2-19_20260323_054400.wav
1743.0,1746.0,Molothrus ater,Brown-headed Cowbird,0.5398,D:\Bird_Anuran_ARUs\RE03\SMM2-19_20260323_054400.wav
1746.0,1749.0,Zenaida macroura,Mourning Dove,0.9676,D:\Bird_Anuran_ARUs\RE03\SMM2-19_20260323_054400.wav
1749.0,1752.0,Zenaida macroura,Mourning Dove,0.6641,D:\Bird_Anuran_ARUs\RE03\SMM2-19_20260323_054400.wav
1755.0,1758.0,Geothlypis trichas,Common Yellowthroat,0.4129,D:\Bird_Anuran_ARUs\RE03\SMM2-19_20260323_054400.wav
1758.0,1761.0,Melanerpes carolinus,Red-bellied Woodpecker,0.6309,D:\Bird_Anuran_ARUs\RE03\SMM2-19_20260323_054400.wav
1764.0,1767.0,Zenaida macroura,Mourning Dove,0.9842,D:\Bird_Anuran_ARUs\RE03\SMM2-19_20260323_054400.wav
1767.0,1770.0,Zenaida macroura,Mourning Dove,0.7266,D:\Bird_Anuran_ARUs\RE03\SMM2-19_20260323_054400.wav
1776.0,1779.0,Zenaida macroura,Mourning Dove,0.8047,D:\Bird_Anuran_ARUs\RE03\SMM2-19_20260323_054400.wav
1779.0,1782.0,Zenaida macroura,Mourning Dove,0.6153,D:\Bird_Anuran_ARUs\RE03\SMM2-19_20260323_054400.wav
1779.0,1782.0,Dryobates pubescens,Downy Woodpecker,0.3922,D:\Bird_Anuran_ARUs\RE03\SMM2-19_20260323_054400.wav
1782.0,1785.0,Dryobates pubescens,Downy Woodpecker,0.4852,D:\Bird_Anuran_ARUs\RE03\SMM2-19_20260323_054400.wav
1782.0,1785.0,Molothrus ater,Brown-headed Cowbird,0.3319,D:\Bird_Anuran_ARUs\RE03\SMM2-19_20260323_054400.wav
1785.0,1788.0,Melanerpes carolinus,Red-bellied Woodpecker,0.2974,D:\Bird_Anuran_ARUs\RE03\SMM2-19_20260323_054400.wav
1785.0,1788.0,Molothrus ater,Brown-headed Cowbird,0.2900,D:\Bird_Anuran_ARUs\RE03\SMM2-19_20260323_054400.wav
1788.0,1791.0,Dryobates pubescens,Downy Woodpecker,0.4818,D:\Bird_Anuran_ARUs\RE03\SMM2-19_20260323_054400.wav
1791.0,1794.0,Dryobates pubescens,Downy Woodpecker,0.3735,D:\Bird_Anuran_ARUs\RE03\SMM2-19_20260323_054400.wav
1794.0,1797.0,Colaptes auratus,Northern Flicker,0.9107,D:\Bird_Anuran_ARUs\RE03\SMM2-19_20260323_054400.wav
1797.0,1800.0,Dryobates pubescens,Downy Woodpecker,0.4378,D:\Bird_Anuran_ARUs\RE03\SMM2-19_20260323_054400.wav
1803.0,1806.0,Colaptes auratus,Northern Flicker,0.8271,D:\Bird_Anuran_ARUs\RE03\SMM2-19_20260323_054400.wav
1809.0,1812.0,Zenaida macroura,Mourning Dove,0.8674,D:\Bird_Anuran_ARUs\RE03\SMM2-19_20260323_054400.wav
1812.0,1815.0,Zenaida macroura,Mourning Dove,0.4693,D:\Bird_Anuran_ARUs\RE03\SMM2-19_20260323_054400.wav
1815.0,1818.0,Corvus brachyrhynchos,American Crow,0.6540,D:\Bird_Anuran_ARUs\RE03\SMM2-19_20260323_054400.wav
1815.0,1818.0,Pipilo erythrophthalmus,Eastern Towhee,0.5917,D:\Bird_Anuran_ARUs\RE03\SMM2-19_20260323_054400.wav
1821.0,1824.0,Zenaida macroura,Mourning Dove,0.6205,D:\Bird_Anuran_ARUs\RE03\SMM2-19_20260323_054400.wav
1824.0,1827.0,Zenaida macroura,Mourning Dove,0.9289,D:\Bird_Anuran_ARUs\RE03\SMM2-19_20260323_054400.wav
1827.0,1830.0,Molothrus ater,Brown-headed Cowbird,0.3149,D:\Bird_Anuran_ARUs\RE03\SMM2-19_20260323_054400.wav
1827.0,1830.0,Dryobates pubescens,Downy Woodpecker,0.2528,D:\Bird_Anuran_ARUs\RE03\SMM2-19_20260323_054400.wav
1833.0,1836.0,Corvus brachyrhynchos,American Crow,0.2637,D:\Bird_Anuran_ARUs\RE03\SMM2-19_20260323_054400.wav
1851.0,1854.0,Pipilo erythrophthalmus,Eastern Towhee,0.2866,D:\Bird_Anuran_ARUs\RE03\SMM2-19_20260323_054400.wav
1857.0,1860.0,Colaptes auratus,Northern Flicker,0.2571,D:\Bird_Anuran_ARUs\RE03\SMM2-19_20260323_054400.wav
1860.0,1863.0,Colaptes auratus,Northern Flicker,0.7728,D:\Bird_Anuran_ARUs\RE03\SMM2-19_20260323_054400.wav
1863.0,1866.0,Zenaida macroura,Mourning Dove,0.8857,D:\Bird_Anuran_ARUs\RE03\SMM2-19_20260323_054400.wav
1866.0,1869.0,Zenaida macroura,Mourning Dove,0.8089,D:\Bird_Anuran_ARUs\RE03\SMM2-19_20260323_054400.wav
1869.0,1872.0,Dryobates pubescens,Downy Woodpecker,0.4238,D:\Bird_Anuran_ARUs\RE03\SMM2-19_20260323_054400.wav
1875.0,1878.0,Dryobates pubescens,Downy Woodpecker,0.5280,D:\Bird_Anuran_ARUs\RE03\SMM2-19_20260323_054400.wav
1878.0,1881.0,Zenaida macroura,Mourning Dove,0.5124,D:\Bird_Anuran_ARUs\RE03\SMM2-19_20260323_054400.wav
1881.0,1884.0,Zenaida macroura,Mourning Dove,0.6374,D:\Bird_Anuran_ARUs\RE03\SMM2-19_20260323_054400.wav
1881.0,1884.0,Colaptes auratus,Northern Flicker,0.4345,D:\Bird_Anuran_ARUs\RE03\SMM2-19_20260323_054400.wav
1890.0,1893.0,Corvus brachyrhynchos,American Crow,0.2657,D:\Bird_Anuran_ARUs\RE03\SMM2-19_20260323_054400.wav
1896.0,1899.0,Colaptes auratus,Northern Flicker,0.5345,D:\Bird_Anuran_ARUs\RE03\SMM2-19_20260323_054400.wav
1899.0,1902.0,Colaptes auratus,Northern Flicker,0.3988,D:\Bird_Anuran_ARUs\RE03\SMM2-19_20260323_054400.wav
1902.0,1905.0,Corvus brachyrhynchos,American Crow,0.3547,D:\Bird_Anuran_ARUs\RE03\SMM2-19_20260323_054400.wav
1911.0,1914.0,Dryobates pubescens,Downy Woodpecker,0.3513,D:\Bird_Anuran_ARUs\RE03\SMM2-19_20260323_054400.wav
1914.0,1917.0,Corvus brachyrhynchos,American Crow,0.8807,D:\Bird_Anuran_ARUs\RE03\SMM2-19_20260323_054400.wav
1914.0,1917.0,Pipilo erythrophthalmus,Eastern Towhee,0.3727,D:\Bird_Anuran_ARUs\RE03\SMM2-19_20260323_054400.wav
1920.0,1923.0,Corvus brachyrhynchos,American Crow,0.7964,D:\Bird_Anuran_ARUs\RE03\SMM2-19_20260323_054400.wav
1929.0,1932.0,Corvus brachyrhynchos,American Crow,0.2716,D:\Bird_Anuran_ARUs\RE03\SMM2-19_20260323_054400.wav
1932.0,1935.0,Corvus brachyrhynchos,American Crow,0.2556,D:\Bird_Anuran_ARUs\RE03\SMM2-19_20260323_054400.wav
1935.0,1938.0,Corvus brachyrhynchos,American Crow,0.3221,D:\Bird_Anuran_ARUs\RE03\SMM2-19_20260323_054400.wav
1938.0,1941.0,Dryobates pubescens,Downy Woodpecker,0.3445,D:\Bird_Anuran_ARUs\RE03\SMM2-19_20260323_054400.wav
1938.0,1941.0,Corvus brachyrhynchos,American Crow,0.3073,D:\Bird_Anuran_ARUs\RE03\SMM2-19_20260323_054400.wav
1944.0,1947.0,Corvus brachyrhynchos,American Crow,0.8133,D:\Bird_Anuran_ARUs\RE03\SMM2-19_20260323_054400.wav
1950.0,1953.0,Corvus brachyrhynchos,American Crow,0.6425,D:\Bird_Anuran_ARUs\RE03\SMM2-19_20260323_054400.wav
1953.0,1956.0,Corvus brachyrhynchos,American Crow,0.5150,D:\Bird_Anuran_ARUs\RE03\SMM2-19_20260323_054400.wav
1956.0,1959.0,Corvus brachyrhynchos,American Crow,0.3230,D:\Bird_Anuran_ARUs\RE03\SMM2-19_20260323_054400.wav
1962.0,1965.0,Zenaida macroura,Mourning Dove,0.7495,D:\Bird_Anuran_ARUs\RE03\SMM2-19_20260323_054400.wav
1965.0,1968.0,Zenaida macroura,Mourning Dove,0.4989,D:\Bird_Anuran_ARUs\RE03\SMM2-19_20260323_054400.wav
1971.0,1974.0,Corvus brachyrhynchos,American Crow,0.6884,D:\Bird_Anuran_ARUs\RE03\SMM2-19_20260323_054400.wav
1980.0,1983.0,Zenaida macroura,Mourning Dove,0.5891,D:\Bird_Anuran_ARUs\RE03\SMM2-19_20260323_054400.wav
1983.0,1986.0,Zenaida macroura,Mourning Dove,0.3189,D:\Bird_Anuran_ARUs\RE03\SMM2-19_20260323_054400.wav
1989.0,1992.0,Corvus brachyrhynchos,American Crow,0.2864,D:\Bird_Anuran_ARUs\RE03\SMM2-19_20260323_054400.wav
1995.0,1998.0,Zenaida macroura,Mourning Dove,0.5521,D:\Bird_Anuran_ARUs\RE03\SMM2-19_20260323_054400.wav
1998.0,2001.0,Zenaida macroura,Mourning Dove,0.6910,D:\Bird_Anuran_ARUs\RE03\SMM2-19_20260323_054400.wav
2001.0,2004.0,Dryobates pubescens,Downy Woodpecker,0.4906,D:\Bird_Anuran_ARUs\RE03\SMM2-19_20260323_054400.wav
2010.0,2013.0,Dryobates pubescens,Downy Woodpecker,0.4825,D:\Bird_Anuran_ARUs\RE03\SMM2-19_20260323_054400.wav
2010.0,2013.0,Zenaida macroura,Mourning Dove,0.4137,D:\Bird_Anuran_ARUs\RE03\SMM2-19_20260323_054400.wav
2010.0,2013.0,Corvus brachyrhynchos,American Crow,0.3662,D:\Bird_Anuran_ARUs\RE03\SMM2-19_20260323_054400.wav
2013.0,2016.0,Zenaida macroura,Mourning Dove,0.3708,D:\Bird_Anuran_ARUs\RE03\SMM2-19_20260323_054400.wav
2022.0,2025.0,Corvus brachyrhynchos,American Crow,0.3871,D:\Bird_Anuran_ARUs\RE03\SMM2-19_20260323_054400.wav
2025.0,2028.0,Corvus brachyrhynchos,American Crow,0.6720,D:\Bird_Anuran_ARUs\RE03\SMM2-19_20260323_054400.wav
2025.0,2028.0,Zenaida macroura,Mourning Dove,0.5941,D:\Bird_Anuran_ARUs\RE03\SMM2-19_20260323_054400.wav
2025.0,2028.0,Dryobates pubescens,Downy Woodpecker,0.3157,D:\Bird_Anuran_ARUs\RE03\SMM2-19_20260323_054400.wav
2028.0,2031.0,Zenaida macroura,Mourning Dove,0.8941,D:\Bird_Anuran_ARUs\RE03\SMM2-19_20260323_054400.wav
2031.0,2034.0,Dryobates pubescens,Downy Woodpecker,0.8681,D:\Bird_Anuran_ARUs\RE03\SMM2-19_20260323_054400.wav
2034.0,2037.0,Corvus brachyrhynchos,American Crow,0.5833,D:\Bird_Anuran_ARUs\RE03\SMM2-19_20260323_054400.wav
2037.0,2040.0,Dryobates pubescens,Downy Woodpecker,0.4535,D:\Bird_Anuran_ARUs\RE03\SMM2-19_20260323_054400.wav
2040.0,2043.0,Zenaida macroura,Mourning Dove,0.5295,D:\Bird_Anuran_ARUs\RE03\SMM2-19_20260323_054400.wav
2040.0,2043.0,Corvus brachyrhynchos,American Crow,0.3954,D:\Bird_Anuran_ARUs\RE03\SMM2-19_20260323_054400.wav
2043.0,2046.0,Zenaida macroura,Mourning Dove,0.7879,D:\Bird_Anuran_ARUs\RE03\SMM2-19_20260323_054400.wav
2046.0,2049.0,Pipilo erythrophthalmus,Eastern Towhee,0.3172,D:\Bird_Anuran_ARUs\RE03\SMM2-19_20260323_054400.wav
2046.0,2049.0,Corvus brachyrhynchos,American Crow,0.2553,D:\Bird_Anuran_ARUs\RE03\SMM2-19_20260323_054400.wav
2055.0,2058.0,Zenaida macroura,Mourning Dove,0.7337,D:\Bird_Anuran_ARUs\RE03\SMM2-19_20260323_054400.wav
2058.0,2061.0,Zenaida macroura,Mourning Dove,0.9393,D:\Bird_Anuran_ARUs\RE03\SMM2-19_20260323_054400.wav
2061.0,2064.0,Corvus brachyrhynchos,American Crow,0.3874,D:\Bird_Anuran_ARUs\RE03\SMM2-19_20260323_054400.wav
2064.0,2067.0,Corvus brachyrhynchos,American Crow,0.8101,D:\Bird_Anuran_ARUs\RE03\SMM2-19_20260323_054400.wav
2064.0,2067.0,Baeolophus bicolor,Tufted Titmouse,0.7866,D:\Bird_Anuran_ARUs\RE03\SMM2-19_20260323_054400.wav
2073.0,2076.0,Baeolophus bicolor,Tufted Titmouse,0.3441,D:\Bird_Anuran_ARUs\RE03\SMM2-19_20260323_054400.wav
2076.0,2079.0,Zenaida macroura,Mourning Dove,0.7518,D:\Bird_Anuran_ARUs\RE03\SMM2-19_20260323_054400.wav
2079.0,2082.0,Zenaida macroura,Mourning Dove,0.4137,D:\Bird_Anuran_ARUs\RE03\SMM2-19_20260323_054400.wav
2088.0,2091.0,Molothrus ater,Brown-headed Cowbird,0.2561,D:\Bird_Anuran_ARUs\RE03\SMM2-19_20260323_054400.wav
2097.0,2100.0,Zenaida macroura,Mourning Dove,0.8774,D:\Bird_Anuran_ARUs\RE03\SMM2-19_20260323_054400.wav
2100.0,2103.0,Zenaida macroura,Mourning Dove,0.6805,D:\Bird_Anuran_ARUs\RE03\SMM2-19_20260323_054400.wav
2106.0,2109.0,Corvus brachyrhynchos,American Crow,0.9350,D:\Bird_Anuran_ARUs\RE03\SMM2-19_20260323_054400.wav
2109.0,2112.0,Corvus brachyrhynchos,American Crow,0.7289,D:\Bird_Anuran_ARUs\RE03\SMM2-19_20260323_054400.wav
2109.0,2112.0,Pipilo erythrophthalmus,Eastern Towhee,0.6688,D:\Bird_Anuran_ARUs\RE03\SMM2-19_20260323_054400.wav
2109.0,2112.0,Baeolophus bicolor,Tufted Titmouse,0.3110,D:\Bird_Anuran_ARUs\RE03\SMM2-19_20260323_054400.wav
2112.0,2115.0,Corvus brachyrhynchos,American Crow,0.9550,D:\Bird_Anuran_ARUs\RE03\SMM2-19_20260323_054400.wav
2112.0,2115.0,Zenaida macroura,Mourning Dove,0.8196,D:\Bird_Anuran_ARUs\RE03\SMM2-19_20260323_054400.wav
2115.0,2118.0,Zenaida macroura,Mourning Dove,0.7320,D:\Bird_Anuran_ARUs\RE03\SMM2-19_20260323_054400.wav
2115.0,2118.0,Corvus brachyrhynchos,American Crow,0.4542,D:\Bird_Anuran_ARUs\RE03\SMM2-19_20260323_054400.wav
2118.0,2121.0,Molothrus ater,Brown-headed Cowbird,0.3085,D:\Bird_Anuran_ARUs\RE03\SMM2-19_20260323_054400.wav
2124.0,2127.0,Corvus brachyrhynchos,American Crow,0.5687,D:\Bird_Anuran_ARUs\RE03\SMM2-19_20260323_054400.wav
2127.0,2130.0,Zenaida macroura,Mourning Dove,0.7275,D:\Bird_Anuran_ARUs\RE03\SMM2-19_20260323_054400.wav
2133.0,2136.0,Molothrus ater,Brown-headed Cowbird,0.3604,D:\Bird_Anuran_ARUs\RE03\SMM2-19_20260323_054400.wav
2136.0,2139.0,Zenaida macroura,Mourning Dove,0.4545,D:\Bird_Anuran_ARUs\RE03\SMM2-19_20260323_054400.wav
2139.0,2142.0,Zenaida macroura,Mourning Dove,0.9416,D:\Bird_Anuran_ARUs\RE03\SMM2-19_20260323_054400.wav
2145.0,2148.0,Corvus brachyrhynchos,American Crow,0.9844,D:\Bird_Anuran_ARUs\RE03\SMM2-19_20260323_054400.wav
2145.0,2148.0,Baeolophus bicolor,Tufted Titmouse,0.3812,D:\Bird_Anuran_ARUs\RE03\SMM2-19_20260323_054400.wav
2145.0,2148.0,Pipilo erythrophthalmus,Eastern Towhee,0.2885,D:\Bird_Anuran_ARUs\RE03\SMM2-19_20260323_054400.wav
2151.0,2154.0,Zenaida macroura,Mourning Dove,0.9707,D:\Bird_Anuran_ARUs\RE03\SMM2-19_20260323_054400.wav
2154.0,2157.0,Zenaida macroura,Mourning Dove,0.3448,D:\Bird_Anuran_ARUs\RE03\SMM2-19_20260323_054400.wav
2157.0,2160.0,Corvus brachyrhynchos,American Crow,0.5711,D:\Bird_Anuran_ARUs\RE03\SMM2-19_20260323_054400.wav
2157.0,2160.0,Pipilo erythrophthalmus,Eastern Towhee,0.2539,D:\Bird_Anuran_ARUs\RE03\SMM2-19_20260323_054400.wav
2163.0,2166.0,Pipilo erythrophthalmus,Eastern Towhee,0.5112,D:\Bird_Anuran_ARUs\RE03\SMM2-19_20260323_054400.wav
2166.0,2169.0,Corvus brachyrhynchos,American Crow,0.4063,D:\Bird_Anuran_ARUs\RE03\SMM2-19_20260323_054400.wav
2169.0,2172.0,Zenaida macroura,Mourning Dove,0.9536,D:\Bird_Anuran_ARUs\RE03\SMM2-19_20260323_054400.wav
2172.0,2175.0,Zenaida macroura,Mourning Dove,0.4260,D:\Bird_Anuran_ARUs\RE03\SMM2-19_20260323_054400.wav
2175.0,2178.0,Baeolophus bicolor,Tufted Titmouse,0.3764,D:\Bird_Anuran_ARUs\RE03\SMM2-19_20260323_054400.wav
2178.0,2181.0,Corvus brachyrhynchos,American Crow,0.5250,D:\Bird_Anuran_ARUs\RE03\SMM2-19_20260323_054400.wav
2181.0,2184.0,Zenaida macroura,Mourning Dove,0.9976,D:\Bird_Anuran_ARUs\RE03\SMM2-19_20260323_054400.wav
2184.0,2187.0,Zenaida macroura,Mourning Dove,0.9060,D:\Bird_Anuran_ARUs\RE03\SMM2-19_20260323_054400.wav
2187.0,2190.0,Corvus brachyrhynchos,American Crow,0.6452,D:\Bird_Anuran_ARUs\RE03\SMM2-19_20260323_054400.wav
2193.0,2196.0,Corvus brachyrhynchos,American Crow,0.7453,D:\Bird_Anuran_ARUs\RE03\SMM2-19_20260323_054400.wav
2196.0,2199.0,Zenaida macroura,Mourning Dove,0.9904,D:\Bird_Anuran_ARUs\RE03\SMM2-19_20260323_054400.wav
2199.0,2202.0,Zenaida macroura,Mourning Dove,0.7953,D:\Bird_Anuran_ARUs\RE03\SMM2-19_20260323_054400.wav
2202.0,2205.0,Pipilo erythrophthalmus,Eastern Towhee,0.8884,D:\Bird_Anuran_ARUs\RE03\SMM2-19_20260323_054400.wav
2202.0,2205.0,Corvus brachyrhynchos,American Crow,0.4635,D:\Bird_Anuran_ARUs\RE03\SMM2-19_20260323_054400.wav
2205.0,2208.0,Poecile carolinensis,Carolina Chickadee,0.5241,D:\Bird_Anuran_ARUs\RE03\SMM2-19_20260323_054400.wav
2208.0,2211.0,Zenaida macroura,Mourning Dove,0.7952,D:\Bird_Anuran_ARUs\RE03\SMM2-19_20260323_054400.wav
2211.0,2214.0,Zenaida macroura,Mourning Dove,0.8859,D:\Bird_Anuran_ARUs\RE03\SMM2-19_20260323_054400.wav
2229.0,2232.0,Geothlypis trichas,Common Yellowthroat,0.4087,D:\Bird_Anuran_ARUs\RE03\SMM2-19_20260323_054400.wav
2232.0,2235.0,Geothlypis trichas,Common Yellowthroat,0.3328,D:\Bird_Anuran_ARUs\RE03\SMM2-19_20260323_054400.wav
2235.0,2238.0,Zenaida macroura,Mourning Dove,0.9864,D:\Bird_Anuran_ARUs\RE03\SMM2-19_20260323_054400.wav
2238.0,2241.0,Zenaida macroura,Mourning Dove,0.6052,D:\Bird_Anuran_ARUs\RE03\SMM2-19_20260323_054400.wav
2247.0,2250.0,Zenaida macroura,Mourning Dove,0.8954,D:\Bird_Anuran_ARUs\RE03\SMM2-19_20260323_054400.wav
2250.0,2253.0,Zenaida macroura,Mourning Dove,0.6290,D:\Bird_Anuran_ARUs\RE03\SMM2-19_20260323_054400.wav
2253.0,2256.0,Corvus brachyrhynchos,American Crow,0.4559,D:\Bird_Anuran_ARUs\RE03\SMM2-19_20260323_054400.wav
2262.0,2265.0,Zenaida macroura,Mourning Dove,0.8737,D:\Bird_Anuran_ARUs\RE03\SMM2-19_20260323_054400.wav
2262.0,2265.0,Molothrus ater,Brown-headed Cowbird,0.6100,D:\Bird_Anuran_ARUs\RE03\SMM2-19_20260323_054400.wav
2265.0,2268.0,Zenaida macroura,Mourning Dove,0.6203,D:\Bird_Anuran_ARUs\RE03\SMM2-19_20260323_054400.wav
2274.0,2277.0,Zenaida macroura,Mourning Dove,0.9921,D:\Bird_Anuran_ARUs\RE03\SMM2-19_20260323_054400.wav
2277.0,2280.0,Zenaida macroura,Mourning Dove,0.7792,D:\Bird_Anuran_ARUs\RE03\SMM2-19_20260323_054400.wav
2280.0,2283.0,Setophaga dominica,Yellow-throated Warbler,0.2642,D:\Bird_Anuran_ARUs\RE03\SMM2-19_20260323_054400.wav
2283.0,2286.0,Zenaida macroura,Mourning Dove,0.4525,D:\Bird_Anuran_ARUs\RE03\SMM2-19_20260323_054400.wav
2289.0,2292.0,Molothrus ater,Brown-headed Cowbird,0.6002,D:\Bird_Anuran_ARUs\RE03\SMM2-19_20260323_054400.wav
2292.0,2295.0,Setophaga pinus,Pine Warbler,0.9679,D:\Bird_Anuran_ARUs\RE03\SMM2-19_20260323_054400.wav
2298.0,2301.0,Molothrus ater,Brown-headed Cowbird,0.8553,D:\Bird_Anuran_ARUs\RE03\SMM2-19_20260323_054400.wav
2301.0,2304.0,Molothrus ater,Brown-headed Cowbird,0.5408,D:\Bird_Anuran_ARUs\RE03\SMM2-19_20260323_054400.wav
2304.0,2307.0,Setophaga dominica,Yellow-throated Warbler,0.4359,D:\Bird_Anuran_ARUs\RE03\SMM2-19_20260323_054400.wav
2307.0,2310.0,Molothrus ater,Brown-headed Cowbird,0.3231,D:\Bird_Anuran_ARUs\RE03\SMM2-19_20260323_054400.wav
2316.0,2319.0,Setophaga pinus,Pine Warbler,0.4528,D:\Bird_Anuran_ARUs\RE03\SMM2-19_20260323_054400.wav
2319.0,2322.0,Setophaga pinus,Pine Warbler,0.4259,D:\Bird_Anuran_ARUs\RE03\SMM2-19_20260323_054400.wav
2325.0,2328.0,Molothrus ater,Brown-headed Cowbird,0.4742,D:\Bird_Anuran_ARUs\RE03\SMM2-19_20260323_054400.wav
2328.0,2331.0,Zenaida macroura,Mourning Dove,0.5462,D:\Bird_Anuran_ARUs\RE03\SMM2-19_20260323_054400.wav
2352.0,2355.0,Zenaida macroura,Mourning Dove,0.6667,D:\Bird_Anuran_ARUs\RE03\SMM2-19_20260323_054400.wav
2358.0,2361.0,Dryobates pubescens,Downy Woodpecker,0.3260,D:\Bird_Anuran_ARUs\RE03\SMM2-19_20260323_054400.wav
2370.0,2373.0,Zenaida macroura,Mourning Dove,0.7976,D:\Bird_Anuran_ARUs\RE03\SMM2-19_20260323_054400.wav
2373.0,2376.0,Dryobates pubescens,Downy Woodpecker,0.7490,D:\Bird_Anuran_ARUs\RE03\SMM2-19_20260323_054400.wav
2373.0,2376.0,Zenaida macroura,Mourning Dove,0.5226,D:\Bird_Anuran_ARUs\RE03\SMM2-19_20260323_054400.wav
2373.0,2376.0,Melanerpes carolinus,Red-bellied Woodpecker,0.2759,D:\Bird_Anuran_ARUs\RE03\SMM2-19_20260323_054400.wav
2376.0,2379.0,Pipilo erythrophthalmus,Eastern Towhee,0.4781,D:\Bird_Anuran_ARUs\RE03\SMM2-19_20260323_054400.wav
2385.0,2388.0,Zenaida macroura,Mourning Dove,0.5460,D:\Bird_Anuran_ARUs\RE03\SMM2-19_20260323_054400.wav
2388.0,2391.0,Pipilo erythrophthalmus,Eastern Towhee,0.9054,D:\Bird_Anuran_ARUs\RE03\SMM2-19_20260323_054400.wav
2391.0,2394.0,Pipilo erythrophthalmus,Eastern Towhee,0.7960,D:\Bird_Anuran_ARUs\RE03\SMM2-19_20260323_054400.wav
2394.0,2397.0,Dryobates pubescens,Downy Woodpecker,0.6125,D:\Bird_Anuran_ARUs\RE03\SMM2-19_20260323_054400.wav
2394.0,2397.0,Pipilo erythrophthalmus,Eastern Towhee,0.2840,D:\Bird_Anuran_ARUs\RE03\SMM2-19_20260323_054400.wav
2397.0,2400.0,Zenaida macroura,Mourning Dove,0.2638,D:\Bird_Anuran_ARUs\RE03\SMM2-19_20260323_054400.wav
2400.0,2403.0,Zenaida macroura,Mourning Dove,0.6505,D:\Bird_Anuran_ARUs\RE03\SMM2-19_20260323_054400.wav
2400.0,2403.0,Pipilo erythrophthalmus,Eastern Towhee,0.3240,D:\Bird_Anuran_ARUs\RE03\SMM2-19_20260323_054400.wav
2403.0,2406.0,Molothrus ater,Brown-headed Cowbird,0.5542,D:\Bird_Anuran_ARUs\RE03\SMM2-19_20260323_054400.wav
2406.0,2409.0,Molothrus ater,Brown-headed Cowbird,0.4340,D:\Bird_Anuran_ARUs\RE03\SMM2-19_20260323_054400.wav
2409.0,2412.0,Zenaida macroura,Mourning Dove,0.6469,D:\Bird_Anuran_ARUs\RE03\SMM2-19_20260323_054400.wav
2412.0,2415.0,Zenaida macroura,Mourning Dove,0.3937,D:\Bird_Anuran_ARUs\RE03\SMM2-19_20260323_054400.wav
2415.0,2418.0,Baeolophus bicolor,Tufted Titmouse,0.5020,D:\Bird_Anuran_ARUs\RE03\SMM2-19_20260323_054400.wav
2421.0,2424.0,Zenaida macroura,Mourning Dove,0.5963,D:\Bird_Anuran_ARUs\RE03\SMM2-19_20260323_054400.wav
2421.0,2424.0,Dryobates pubescens,Downy Woodpecker,0.5438,D:\Bird_Anuran_ARUs\RE03\SMM2-19_20260323_054400.wav
2424.0,2427.0,Dryobates pubescens,Downy Woodpecker,0.4989,D:\Bird_Anuran_ARUs\RE03\SMM2-19_20260323_054400.wav
2427.0,2430.0,Molothrus ater,Brown-headed Cowbird,0.7415,D:\Bird_Anuran_ARUs\RE03\SMM2-19_20260323_054400.wav
2439.0,2442.0,Dryobates pubescens,Downy Woodpecker,0.2765,D:\Bird_Anuran_ARUs\RE03\SMM2-19_20260323_054400.wav
2439.0,2442.0,Baeolophus bicolor,Tufted Titmouse,0.2618,D:\Bird_Anuran_ARUs\RE03\SMM2-19_20260323_054400.wav
2442.0,2445.0,Zenaida macroura,Mourning Dove,0.4358,D:\Bird_Anuran_ARUs\RE03\SMM2-19_20260323_054400.wav
2442.0,2445.0,Molothrus ater,Brown-headed Cowbird,0.4011,D:\Bird_Anuran_ARUs\RE03\SMM2-19_20260323_054400.wav
2445.0,2448.0,Dryobates pubescens,Downy Woodpecker,0.4380,D:\Bird_Anuran_ARUs\RE03\SMM2-19_20260323_054400.wav
2454.0,2457.0,Dryobates pubescens,Downy Woodpecker,0.5382,D:\Bird_Anuran_ARUs\RE03\SMM2-19_20260323_054400.wav
2454.0,2457.0,Zenaida macroura,Mourning Dove,0.4122,D:\Bird_Anuran_ARUs\RE03\SMM2-19_20260323_054400.wav
2463.0,2466.0,Baeolophus bicolor,Tufted Titmouse,0.3208,D:\Bird_Anuran_ARUs\RE03\SMM2-19_20260323_054400.wav
2466.0,2469.0,Mniotilta varia,Black-and-white Warbler,0.6967,D:\Bird_Anuran_ARUs\RE03\SMM2-19_20260323_054400.wav
2466.0,2469.0,Zenaida macroura,Mourning Dove,0.5719,D:\Bird_Anuran_ARUs\RE03\SMM2-19_20260323_054400.wav
2472.0,2475.0,Baeolophus bicolor,Tufted Titmouse,0.5990,D:\Bird_Anuran_ARUs\RE03\SMM2-19_20260323_054400.wav
2475.0,2478.0,Pipilo erythrophthalmus,Eastern Towhee,0.5731,D:\Bird_Anuran_ARUs\RE03\SMM2-19_20260323_054400.wav
2478.0,2481.0,Zenaida macroura,Mourning Dove,0.6284,D:\Bird_Anuran_ARUs\RE03\SMM2-19_20260323_054400.wav
2481.0,2484.0,Molothrus ater,Brown-headed Cowbird,0.9667,D:\Bird_Anuran_ARUs\RE03\SMM2-19_20260323_054400.wav
2484.0,2487.0,Baeolophus bicolor,Tufted Titmouse,0.5734,D:\Bird_Anuran_ARUs\RE03\SMM2-19_20260323_054400.wav
2490.0,2493.0,Zenaida macroura,Mourning Dove,0.4350,D:\Bird_Anuran_ARUs\RE03\SMM2-19_20260323_054400.wav
2493.0,2496.0,Zenaida macroura,Mourning Dove,0.3154,D:\Bird_Anuran_ARUs\RE03\SMM2-19_20260323_054400.wav
2499.0,2502.0,Molothrus ater,Brown-headed Cowbird,0.3268,D:\Bird_Anuran_ARUs\RE03\SMM2-19_20260323_054400.wav
2499.0,2502.0,Pipilo erythrophthalmus,Eastern Towhee,0.3160,D:\Bird_Anuran_ARUs\RE03\SMM2-19_20260323_054400.wav
2499.0,2502.0,Corvus brachyrhynchos,American Crow,0.3051,D:\Bird_Anuran_ARUs\RE03\SMM2-19_20260323_054400.wav
2502.0,2505.0,Zenaida macroura,Mourning Dove,0.9259,D:\Bird_Anuran_ARUs\RE03\SMM2-19_20260323_054400.wav
2505.0,2508.0,Zenaida macroura,Mourning Dove,0.3014,D:\Bird_Anuran_ARUs\RE03\SMM2-19_20260323_054400.wav
2514.0,2517.0,Zenaida macroura,Mourning Dove,0.3143,D:\Bird_Anuran_ARUs\RE03\SMM2-19_20260323_054400.wav
2517.0,2520.0,Zenaida macroura,Mourning Dove,0.8838,D:\Bird_Anuran_ARUs\RE03\SMM2-19_20260323_054400.wav
2526.0,2529.0,Molothrus ater,Brown-headed Cowbird,0.5884,D:\Bird_Anuran_ARUs\RE03\SMM2-19_20260323_054400.wav
2529.0,2532.0,Setophaga pinus,Pine Warbler,0.6883,D:\Bird_Anuran_ARUs\RE03\SMM2-19_20260323_054400.wav
2535.0,2538.0,Zenaida macroura,Mourning Dove,0.6802,D:\Bird_Anuran_ARUs\RE03\SMM2-19_20260323_054400.wav
2547.0,2550.0,Zenaida macroura,Mourning Dove,0.4375,D:\Bird_Anuran_ARUs\RE03\SMM2-19_20260323_054400.wav
2550.0,2553.0,Zenaida macroura,Mourning Dove,0.2527,D:\Bird_Anuran_ARUs\RE03\SMM2-19_20260323_054400.wav
2556.0,2559.0,Baeolophus bicolor,Tufted Titmouse,0.6112,D:\Bird_Anuran_ARUs\RE03\SMM2-19_20260323_054400.wav
2559.0,2562.0,Baeolophus bicolor,Tufted Titmouse,0.3843,D:\Bird_Anuran_ARUs\RE03\SMM2-19_20260323_054400.wav
2562.0,2565.0,Zenaida macroura,Mourning Dove,0.3832,D:\Bird_Anuran_ARUs\RE03\SMM2-19_20260323_054400.wav
2565.0,2568.0,Zenaida macroura,Mourning Dove,0.5191,D:\Bird_Anuran_ARUs\RE03\SMM2-19_20260323_054400.wav
2571.0,2574.0,Geothlypis trichas,Common Yellowthroat,0.2783,D:\Bird_Anuran_ARUs\RE03\SMM2-19_20260323_054400.wav
2574.0,2577.0,Geothlypis trichas,Common Yellowthroat,0.2576,D:\Bird_Anuran_ARUs\RE03\SMM2-19_20260323_054400.wav
2577.0,2580.0,Zenaida macroura,Mourning Dove,0.4856,D:\Bird_Anuran_ARUs\RE03\SMM2-19_20260323_054400.wav
2580.0,2583.0,Zenaida macroura,Mourning Dove,0.6025,D:\Bird_Anuran_ARUs\RE03\SMM2-19_20260323_054400.wav
2583.0,2586.0,Baeolophus bicolor,Tufted Titmouse,0.5610,D:\Bird_Anuran_ARUs\RE03\SMM2-19_20260323_054400.wav
2592.0,2595.0,Dumetella carolinensis,Gray Catbird,0.3242,D:\Bird_Anuran_ARUs\RE03\SMM2-19_20260323_054400.wav
2607.0,2610.0,Dumetella carolinensis,Gray Catbird,0.5670,D:\Bird_Anuran_ARUs\RE03\SMM2-19_20260323_054400.wav
2613.0,2616.0,Pipilo erythrophthalmus,Eastern Towhee,0.4340,D:\Bird_Anuran_ARUs\RE03\SMM2-19_20260323_054400.wav
2616.0,2619.0,Pipilo erythrophthalmus,Eastern Towhee,0.6439,D:\Bird_Anuran_ARUs\RE03\SMM2-19_20260323_054400.wav
2634.0,2637.0,Pipilo erythrophthalmus,Eastern Towhee,0.3386,D:\Bird_Anuran_ARUs\RE03\SMM2-19_20260323_054400.wav
2640.0,2643.0,Setophaga dominica,Yellow-throated Warbler,0.4776,D:\Bird_Anuran_ARUs\RE03\SMM2-19_20260323_054400.wav
2643.0,2646.0,Mniotilta varia,Black-and-white Warbler,0.2506,D:\Bird_Anuran_ARUs\RE03\SMM2-19_20260323_054400.wav
2646.0,2649.0,Zenaida macroura,Mourning Dove,0.6025,D:\Bird_Anuran_ARUs\RE03\SMM2-19_20260323_054400.wav
2652.0,2655.0,Molothrus ater,Brown-headed Cowbird,0.2832,D:\Bird_Anuran_ARUs\RE03\SMM2-19_20260323_054400.wav
2655.0,2658.0,Molothrus ater,Brown-headed Cowbird,0.8690,D:\Bird_Anuran_ARUs\RE03\SMM2-19_20260323_054400.wav
2658.0,2661.0,Molothrus ater,Brown-headed Cowbird,0.9916,D:\Bird_Anuran_ARUs\RE03\SMM2-19_20260323_054400.wav
2664.0,2667.0,Molothrus ater,Brown-headed Cowbird,0.9457,D:\Bird_Anuran_ARUs\RE03\SMM2-19_20260323_054400.wav
2673.0,2676.0,Molothrus ater,Brown-headed Cowbird,0.2587,D:\Bird_Anuran_ARUs\RE03\SMM2-19_20260323_054400.wav
2694.0,2697.0,Baeolophus bicolor,Tufted Titmouse,0.6424,D:\Bird_Anuran_ARUs\RE03\SMM2-19_20260323_054400.wav
2697.0,2700.0,Baeolophus bicolor,Tufted Titmouse,0.2550,D:\Bird_Anuran_ARUs\RE03\SMM2-19_20260323_054400.wav
2700.0,2703.0,Baeolophus bicolor,Tufted Titmouse,0.7562,D:\Bird_Anuran_ARUs\RE03\SMM2-19_20260323_054400.wav
2706.0,2709.0,Baeolophus bicolor,Tufted Titmouse,0.5449,D:\Bird_Anuran_ARUs\RE03\SMM2-19_20260323_054400.wav
2709.0,2712.0,Baeolophus bicolor,Tufted Titmouse,0.5049,D:\Bird_Anuran_ARUs\RE03\SMM2-19_20260323_054400.wav
2715.0,2718.0,Zenaida macroura,Mourning Dove,0.6277,D:\Bird_Anuran_ARUs\RE03\SMM2-19_20260323_054400.wav
2718.0,2721.0,Baeolophus bicolor,Tufted Titmouse,0.5126,D:\Bird_Anuran_ARUs\RE03\SMM2-19_20260323_054400.wav
2724.0,2727.0,Zenaida macroura,Mourning Dove,0.3187,D:\Bird_Anuran_ARUs\RE03\SMM2-19_20260323_054400.wav
2727.0,2730.0,Zenaida macroura,Mourning Dove,0.5018,D:\Bird_Anuran_ARUs\RE03\SMM2-19_20260323_054400.wav
2727.0,2730.0,Baeolophus bicolor,Tufted Titmouse,0.3292,D:\Bird_Anuran_ARUs\RE03\SMM2-19_20260323_054400.wav
2730.0,2733.0,Baeolophus bicolor,Tufted Titmouse,0.5583,D:\Bird_Anuran_ARUs\RE03\SMM2-19_20260323_054400.wav
2733.0,2736.0,Baeolophus bicolor,Tufted Titmouse,0.5968,D:\Bird_Anuran_ARUs\RE03\SMM2-19_20260323_054400.wav
2736.0,2739.0,Zenaida macroura,Mourning Dove,0.5414,D:\Bird_Anuran_ARUs\RE03\SMM2-19_20260323_054400.wav
2739.0,2742.0,Zenaida macroura,Mourning Dove,0.6401,D:\Bird_Anuran_ARUs\RE03\SMM2-19_20260323_054400.wav
2742.0,2745.0,Pipilo erythrophthalmus,Eastern Towhee,0.2757,D:\Bird_Anuran_ARUs\RE03\SMM2-19_20260323_054400.wav
2745.0,2748.0,Zenaida macroura,Mourning Dove,0.9158,D:\Bird_Anuran_ARUs\RE03\SMM2-19_20260323_054400.wav
2748.0,2751.0,Zenaida macroura,Mourning Dove,0.7731,D:\Bird_Anuran_ARUs\RE03\SMM2-19_20260323_054400.wav
2754.0,2757.0,Baeolophus bicolor,Tufted Titmouse,0.2503,D:\Bird_Anuran_ARUs\RE03\SMM2-19_20260323_054400.wav
2757.0,2760.0,Pipilo erythrophthalmus,Eastern Towhee,0.2884,D:\Bird_Anuran_ARUs\RE03\SMM2-19_20260323_054400.wav
2769.0,2772.0,Zenaida macroura,Mourning Dove,0.9451,D:\Bird_Anuran_ARUs\RE03\SMM2-19_20260323_054400.wav
2775.0,2778.0,Pipilo erythrophthalmus,Eastern Towhee,0.5526,D:\Bird_Anuran_ARUs\RE03\SMM2-19_20260323_054400.wav
2778.0,2781.0,Zenaida macroura,Mourning Dove,0.7886,D:\Bird_Anuran_ARUs\RE03\SMM2-19_20260323_054400.wav
2781.0,2784.0,Pipilo erythrophthalmus,Eastern Towhee,0.8597,D:\Bird_Anuran_ARUs\RE03\SMM2-19_20260323_054400.wav
2781.0,2784.0,Zenaida macroura,Mourning Dove,0.7452,D:\Bird_Anuran_ARUs\RE03\SMM2-19_20260323_054400.wav
2784.0,2787.0,Pipilo erythrophthalmus,Eastern Towhee,0.5886,D:\Bird_Anuran_ARUs\RE03\SMM2-19_20260323_054400.wav
2790.0,2793.0,Zenaida macroura,Mourning Dove,0.7631,D:\Bird_Anuran_ARUs\RE03\SMM2-19_20260323_054400.wav
2793.0,2796.0,Zenaida macroura,Mourning Dove,0.3749,D:\Bird_Anuran_ARUs\RE03\SMM2-19_20260323_054400.wav
2799.0,2802.0,Zenaida macroura,Mourning Dove,0.6050,D:\Bird_Anuran_ARUs\RE03\SMM2-19_20260323_054400.wav
2802.0,2805.0,Zenaida macroura,Mourning Dove,0.9563,D:\Bird_Anuran_ARUs\RE03\SMM2-19_20260323_054400.wav
2805.0,2808.0,Pipilo erythrophthalmus,Eastern Towhee,0.4797,D:\Bird_Anuran_ARUs\RE03\SMM2-19_20260323_054400.wav
2814.0,2817.0,Zenaida macroura,Mourning Dove,0.7266,D:\Bird_Anuran_ARUs\RE03\SMM2-19_20260323_054400.wav
2817.0,2820.0,Zenaida macroura,Mourning Dove,0.3277,D:\Bird_Anuran_ARUs\RE03\SMM2-19_20260323_054400.wav
2826.0,2829.0,Zenaida macroura,Mourning Dove,0.9077,D:\Bird_Anuran_ARUs\RE03\SMM2-19_20260323_054400.wav
2829.0,2832.0,Zenaida macroura,Mourning Dove,0.9461,D:\Bird_Anuran_ARUs\RE03\SMM2-19_20260323_054400.wav
2838.0,2841.0,Pipilo erythrophthalmus,Eastern Towhee,0.8444,D:\Bird_Anuran_ARUs\RE03\SMM2-19_20260323_054400.wav
2838.0,2841.0,Zenaida macroura,Mourning Dove,0.7781,D:\Bird_Anuran_ARUs\RE03\SMM2-19_20260323_054400.wav
2841.0,2844.0,Zenaida macroura,Mourning Dove,0.8168,D:\Bird_Anuran_ARUs\RE03\SMM2-19_20260323_054400.wav
2847.0,2850.0,Pipilo erythrophthalmus,Eastern Towhee,0.6148,D:\Bird_Anuran_ARUs\RE03\SMM2-19_20260323_054400.wav
2850.0,2853.0,Zenaida macroura,Mourning Dove,0.6965,D:\Bird_Anuran_ARUs\RE03\SMM2-19_20260323_054400.wav
2850.0,2853.0,Pipilo erythrophthalmus,Eastern Towhee,0.2777,D:\Bird_Anuran_ARUs\RE03\SMM2-19_20260323_054400.wav
2853.0,2856.0,Zenaida macroura,Mourning Dove,0.3599,D:\Bird_Anuran_ARUs\RE03\SMM2-19_20260323_054400.wav
2856.0,2859.0,Pipilo erythrophthalmus,Eastern Towhee,0.7380,D:\Bird_Anuran_ARUs\RE03\SMM2-19_20260323_054400.wav
2859.0,2862.0,Pipilo erythrophthalmus,Eastern Towhee,0.3165,D:\Bird_Anuran_ARUs\RE03\SMM2-19_20260323_054400.wav
2862.0,2865.0,Zenaida macroura,Mourning Dove,0.7408,D:\Bird_Anuran_ARUs\RE03\SMM2-19_20260323_054400.wav
2865.0,2868.0,Pipilo erythrophthalmus,Eastern Towhee,0.7860,D:\Bird_Anuran_ARUs\RE03\SMM2-19_20260323_054400.wav
2865.0,2868.0,Zenaida macroura,Mourning Dove,0.2870,D:\Bird_Anuran_ARUs\RE03\SMM2-19_20260323_054400.wav
2871.0,2874.0,Pipilo erythrophthalmus,Eastern Towhee,0.9250,D:\Bird_Anuran_ARUs\RE03\SMM2-19_20260323_054400.wav
2874.0,2877.0,Zenaida macroura,Mourning Dove,0.9655,D:\Bird_Anuran_ARUs\RE03\SMM2-19_20260323_054400.wav
2874.0,2877.0,Pipilo erythrophthalmus,Eastern Towhee,0.6783,D:\Bird_Anuran_ARUs\RE03\SMM2-19_20260323_054400.wav
2880.0,2883.0,Pipilo erythrophthalmus,Eastern Towhee,0.6327,D:\Bird_Anuran_ARUs\RE03\SMM2-19_20260323_054400.wav
2883.0,2886.0,Zenaida macroura,Mourning Dove,0.5233,D:\Bird_Anuran_ARUs\RE03\SMM2-19_20260323_054400.wav
2883.0,2886.0,Pipilo erythrophthalmus,Eastern Towhee,0.4176,D:\Bird_Anuran_ARUs\RE03\SMM2-19_20260323_054400.wav
2886.0,2889.0,Zenaida macroura,Mourning Dove,0.9399,D:\Bird_Anuran_ARUs\RE03\SMM2-19_20260323_054400.wav
2886.0,2889.0,Pipilo erythrophthalmus,Eastern Towhee,0.4445,D:\Bird_Anuran_ARUs\RE03\SMM2-19_20260323_054400.wav
2889.0,2892.0,Pipilo erythrophthalmus,Eastern Towhee,0.7806,D:\Bird_Anuran_ARUs\RE03\SMM2-19_20260323_054400.wav
2895.0,2898.0,Pipilo erythrophthalmus,Eastern Towhee,0.4390,D:\Bird_Anuran_ARUs\RE03\SMM2-19_20260323_054400.wav
2898.0,2901.0,Zenaida macroura,Mourning Dove,0.8680,D:\Bird_Anuran_ARUs\RE03\SMM2-19_20260323_054400.wav
2901.0,2904.0,Zenaida macroura,Mourning Dove,0.8607,D:\Bird_Anuran_ARUs\RE03\SMM2-19_20260323_054400.wav
2901.0,2904.0,Pipilo erythrophthalmus,Eastern Towhee,0.4643,D:\Bird_Anuran_ARUs\RE03\SMM2-19_20260323_054400.wav
2904.0,2907.0,Pipilo erythrophthalmus,Eastern Towhee,0.7281,D:\Bird_Anuran_ARUs\RE03\SMM2-19_20260323_054400.wav
2907.0,2910.0,Pipilo erythrophthalmus,Eastern Towhee,0.4190,D:\Bird_Anuran_ARUs\RE03\SMM2-19_20260323_054400.wav
2910.0,2913.0,Zenaida macroura,Mourning Dove,0.7752,D:\Bird_Anuran_ARUs\RE03\SMM2-19_20260323_054400.wav
2913.0,2916.0,Zenaida macroura,Mourning Dove,0.6029,D:\Bird_Anuran_ARUs\RE03\SMM2-19_20260323_054400.wav
2913.0,2916.0,Pipilo erythrophthalmus,Eastern Towhee,0.5243,D:\Bird_Anuran_ARUs\RE03\SMM2-19_20260323_054400.wav
2916.0,2919.0,Pipilo erythrophthalmus,Eastern Towhee,0.6875,D:\Bird_Anuran_ARUs\RE03\SMM2-19_20260323_054400.wav
2919.0,2922.0,Pipilo erythrophthalmus,Eastern Towhee,0.7540,D:\Bird_Anuran_ARUs\RE03\SMM2-19_20260323_054400.wav
2925.0,2928.0,Zenaida macroura,Mourning Dove,0.7600,D:\Bird_Anuran_ARUs\RE03\SMM2-19_20260323_054400.wav
2925.0,2928.0,Setophaga dominica,Yellow-throated Warbler,0.2640,D:\Bird_Anuran_ARUs\RE03\SMM2-19_20260323_054400.wav
2928.0,2931.0,Pipilo erythrophthalmus,Eastern Towhee,0.6859,D:\Bird_Anuran_ARUs\RE03\SMM2-19_20260323_054400.wav
2931.0,2934.0,Pipilo erythrophthalmus,Eastern Towhee,0.5291,D:\Bird_Anuran_ARUs\RE03\SMM2-19_20260323_054400.wav
2934.0,2937.0,Pipilo erythrophthalmus,Eastern Towhee,0.2918,D:\Bird_Anuran_ARUs\RE03\SMM2-19_20260323_054400.wav
2937.0,2940.0,Zenaida macroura,Mourning Dove,0.7038,D:\Bird_Anuran_ARUs\RE03\SMM2-19_20260323_054400.wav
2940.0,2943.0,Zenaida macroura,Mourning Dove,0.3705,D:\Bird_Anuran_ARUs\RE03\SMM2-19_20260323_054400.wav
2940.0,2943.0,Pipilo erythrophthalmus,Eastern Towhee,0.3673,D:\Bird_Anuran_ARUs\RE03\SMM2-19_20260323_054400.wav
2943.0,2946.0,Pipilo erythrophthalmus,Eastern Towhee,0.7621,D:\Bird_Anuran_ARUs\RE03\SMM2-19_20260323_054400.wav
2946.0,2949.0,Setophaga pinus,Pine Warbler,0.3071,D:\Bird_Anuran_ARUs\RE03\SMM2-19_20260323_054400.wav
2952.0,2955.0,Zenaida macroura,Mourning Dove,0.7002,D:\Bird_Anuran_ARUs\RE03\SMM2-19_20260323_054400.wav
2955.0,2958.0,Zenaida macroura,Mourning Dove,0.6958,D:\Bird_Anuran_ARUs\RE03\SMM2-19_20260323_054400.wav
2955.0,2958.0,Pipilo erythrophthalmus,Eastern Towhee,0.3888,D:\Bird_Anuran_ARUs\RE03\SMM2-19_20260323_054400.wav
2958.0,2961.0,Pipilo erythrophthalmus,Eastern Towhee,0.6710,D:\Bird_Anuran_ARUs\RE03\SMM2-19_20260323_054400.wav
2961.0,2964.0,Pipilo erythrophthalmus,Eastern Towhee,0.9487,D:\Bird_Anuran_ARUs\RE03\SMM2-19_20260323_054400.wav
2964.0,2967.0,Zenaida macroura,Mourning Dove,0.7117,D:\Bird_Anuran_ARUs\RE03\SMM2-19_20260323_054400.wav
2964.0,2967.0,Pipilo erythrophthalmus,Eastern Towhee,0.6716,D:\Bird_Anuran_ARUs\RE03\SMM2-19_20260323_054400.wav
2967.0,2970.0,Pipilo erythrophthalmus,Eastern Towhee,0.4880,D:\Bird_Anuran_ARUs\RE03\SMM2-19_20260323_054400.wav
2967.0,2970.0,Zenaida macroura,Mourning Dove,0.3798,D:\Bird_Anuran_ARUs\RE03\SMM2-19_20260323_054400.wav
2970.0,2973.0,Pipilo erythrophthalmus,Eastern Towhee,0.9019,D:\Bird_Anuran_ARUs\RE03\SMM2-19_20260323_054400.wav
2973.0,2976.0,Pipilo erythrophthalmus,Eastern Towhee,0.4372,D:\Bird_Anuran_ARUs\RE03\SMM2-19_20260323_054400.wav
2976.0,2979.0,Zenaida macroura,Mourning Dove,0.7690,D:\Bird_Anuran_ARUs\RE03\SMM2-19_20260323_054400.wav
2979.0,2982.0,Zenaida macroura,Mourning Dove,0.8335,D:\Bird_Anuran_ARUs\RE03\SMM2-19_20260323_054400.wav
2982.0,2985.0,Pipilo erythrophthalmus,Eastern Towhee,0.8291,D:\Bird_Anuran_ARUs\RE03\SMM2-19_20260323_054400.wav
2985.0,2988.0,Pipilo erythrophthalmus,Eastern Towhee,0.3914,D:\Bird_Anuran_ARUs\RE03\SMM2-19_20260323_054400.wav
2988.0,2991.0,Setophaga pinus,Pine Warbler,0.3106,D:\Bird_Anuran_ARUs\RE03\SMM2-19_20260323_054400.wav
2991.0,2994.0,Pipilo erythrophthalmus,Eastern Towhee,0.7718,D:\Bird_Anuran_ARUs\RE03\SMM2-19_20260323_054400.wav
2994.0,2997.0,Pipilo erythrophthalmus,Eastern Towhee,0.7323,D:\Bird_Anuran_ARUs\RE03\SMM2-19_20260323_054400.wav
2997.0,3000.0,Zenaida macroura,Mourning Dove,0.8873,D:\Bird_Anuran_ARUs\RE03\SMM2-19_20260323_054400.wav
3000.0,3003.0,Zenaida macroura,Mourning Dove,0.4642,D:\Bird_Anuran_ARUs\RE03\SMM2-19_20260323_054400.wav
3003.0,3006.0,Pipilo erythrophthalmus,Eastern Towhee,0.7086,D:\Bird_Anuran_ARUs\RE03\SMM2-19_20260323_054400.wav
3006.0,3009.0,Pipilo erythrophthalmus,Eastern Towhee,0.5572,D:\Bird_Anuran_ARUs\RE03\SMM2-19_20260323_054400.wav
3009.0,3012.0,Zenaida macroura,Mourning Dove,0.7958,D:\Bird_Anuran_ARUs\RE03\SMM2-19_20260323_054400.wav
3012.0,3015.0,Zenaida macroura,Mourning Dove,0.9262,D:\Bird_Anuran_ARUs\RE03\SMM2-19_20260323_054400.wav
3018.0,3021.0,Pipilo erythrophthalmus,Eastern Towhee,0.5088,D:\Bird_Anuran_ARUs\RE03\SMM2-19_20260323_054400.wav
3021.0,3024.0,Zenaida macroura,Mourning Dove,0.8840,D:\Bird_Anuran_ARUs\RE03\SMM2-19_20260323_054400.wav
3024.0,3027.0,Zenaida macroura,Mourning Dove,0.6621,D:\Bird_Anuran_ARUs\RE03\SMM2-19_20260323_054400.wav
3027.0,3030.0,Myiarchus crinitus,Great Crested Flycatcher,0.2566,D:\Bird_Anuran_ARUs\RE03\SMM2-19_20260323_054400.wav
3030.0,3033.0,Spinus tristis,American Goldfinch,0.4069,D:\Bird_Anuran_ARUs\RE03\SMM2-19_20260323_054400.wav
3033.0,3036.0,Zenaida macroura,Mourning Dove,0.9308,D:\Bird_Anuran_ARUs\RE03\SMM2-19_20260323_054400.wav
3036.0,3039.0,Zenaida macroura,Mourning Dove,0.9636,D:\Bird_Anuran_ARUs\RE03\SMM2-19_20260323_054400.wav
3048.0,3051.0,Zenaida macroura,Mourning Dove,0.9232,D:\Bird_Anuran_ARUs\RE03\SMM2-19_20260323_054400.wav
3051.0,3054.0,Zenaida macroura,Mourning Dove,0.6215,D:\Bird_Anuran_ARUs\RE03\SMM2-19_20260323_054400.wav
3051.0,3054.0,Pipilo erythrophthalmus,Eastern Towhee,0.5653,D:\Bird_Anuran_ARUs\RE03\SMM2-19_20260323_054400.wav
3054.0,3057.0,Pipilo erythrophthalmus,Eastern Towhee,0.7000,D:\Bird_Anuran_ARUs\RE03\SMM2-19_20260323_054400.wav
3057.0,3060.0,Pipilo erythrophthalmus,Eastern Towhee,0.3669,D:\Bird_Anuran_ARUs\RE03\SMM2-19_20260323_054400.wav
3060.0,3063.0,Zenaida macroura,Mourning Dove,0.9024,D:\Bird_Anuran_ARUs\RE03\SMM2-19_20260323_054400.wav
3060.0,3063.0,Pipilo erythrophthalmus,Eastern Towhee,0.5070,D:\Bird_Anuran_ARUs\RE03\SMM2-19_20260323_054400.wav
3063.0,3066.0,Zenaida macroura,Mourning Dove,0.4779,D:\Bird_Anuran_ARUs\RE03\SMM2-19_20260323_054400.wav
3069.0,3072.0,Pipilo erythrophthalmus,Eastern Towhee,0.5456,D:\Bird_Anuran_ARUs\RE03\SMM2-19_20260323_054400.wav
3075.0,3078.0,Zenaida macroura,Mourning Dove,0.7239,D:\Bird_Anuran_ARUs\RE03\SMM2-19_20260323_054400.wav
3078.0,3081.0,Pipilo erythrophthalmus,Eastern Towhee,0.8659,D:\Bird_Anuran_ARUs\RE03\SMM2-19_20260323_054400.wav
3081.0,3084.0,Pipilo erythrophthalmus,Eastern Towhee,0.7493,D:\Bird_Anuran_ARUs\RE03\SMM2-19_20260323_054400.wav
3084.0,3087.0,Zenaida macroura,Mourning Dove,0.4538,D:\Bird_Anuran_ARUs\RE03\SMM2-19_20260323_054400.wav
3084.0,3087.0,Dryocopus pileatus,Pileated Woodpecker,0.3740,D:\Bird_Anuran_ARUs\RE03\SMM2-19_20260323_054400.wav
3087.0,3090.0,Zenaida macroura,Mourning Dove,0.7940,D:\Bird_Anuran_ARUs\RE03\SMM2-19_20260323_054400.wav
3093.0,3096.0,Pipilo erythrophthalmus,Eastern Towhee,0.8066,D:\Bird_Anuran_ARUs\RE03\SMM2-19_20260323_054400.wav
3096.0,3099.0,Pipilo erythrophthalmus,Eastern Towhee,0.5554,D:\Bird_Anuran_ARUs\RE03\SMM2-19_20260323_054400.wav
3099.0,3102.0,Pipilo erythrophthalmus,Eastern Towhee,0.4236,D:\Bird_Anuran_ARUs\RE03\SMM2-19_20260323_054400.wav
3105.0,3108.0,Pipilo erythrophthalmus,Eastern Towhee,0.4854,D:\Bird_Anuran_ARUs\RE03\SMM2-19_20260323_054400.wav
3105.0,3108.0,Zenaida macroura,Mourning Dove,0.4573,D:\Bird_Anuran_ARUs\RE03\SMM2-19_20260323_054400.wav
3108.0,3111.0,Zenaida macroura,Mourning Dove,0.8808,D:\Bird_Anuran_ARUs\RE03\SMM2-19_20260323_054400.wav
3111.0,3114.0,Pipilo erythrophthalmus,Eastern Towhee,0.5902,D:\Bird_Anuran_ARUs\RE03\SMM2-19_20260323_054400.wav
3114.0,3117.0,Pipilo erythrophthalmus,Eastern Towhee,0.2613,D:\Bird_Anuran_ARUs\RE03\SMM2-19_20260323_054400.wav
3117.0,3120.0,Pipilo erythrophthalmus,Eastern Towhee,0.2761,D:\Bird_Anuran_ARUs\RE03\SMM2-19_20260323_054400.wav
3120.0,3123.0,Pipilo erythrophthalmus,Eastern Towhee,0.3575,D:\Bird_Anuran_ARUs\RE03\SMM2-19_20260323_054400.wav
3123.0,3126.0,Pipilo erythrophthalmus,Eastern Towhee,0.9199,D:\Bird_Anuran_ARUs\RE03\SMM2-19_20260323_054400.wav
3123.0,3126.0,Zenaida macroura,Mourning Dove,0.8654,D:\Bird_Anuran_ARUs\RE03\SMM2-19_20260323_054400.wav
3126.0,3129.0,Zenaida macroura,Mourning Dove,0.6274,D:\Bird_Anuran_ARUs\RE03\SMM2-19_20260323_054400.wav
3126.0,3129.0,Pipilo erythrophthalmus,Eastern Towhee,0.5725,D:\Bird_Anuran_ARUs\RE03\SMM2-19_20260323_054400.wav
3135.0,3138.0,Zenaida macroura,Mourning Dove,0.6425,D:\Bird_Anuran_ARUs\RE03\SMM2-19_20260323_054400.wav
3138.0,3141.0,Zenaida macroura,Mourning Dove,0.3407,D:\Bird_Anuran_ARUs\RE03\SMM2-19_20260323_054400.wav
3144.0,3147.0,Molothrus ater,Brown-headed Cowbird,0.2803,D:\Bird_Anuran_ARUs\RE03\SMM2-19_20260323_054400.wav
3156.0,3159.0,Zenaida macroura,Mourning Dove,0.7453,D:\Bird_Anuran_ARUs\RE03\SMM2-19_20260323_054400.wav
3159.0,3162.0,Zenaida macroura,Mourning Dove,0.6899,D:\Bird_Anuran_ARUs\RE03\SMM2-19_20260323_054400.wav
3162.0,3165.0,Pipilo erythrophthalmus,Eastern Towhee,0.5458,D:\Bird_Anuran_ARUs\RE03\SMM2-19_20260323_054400.wav
3165.0,3168.0,Pipilo erythrophthalmus,Eastern Towhee,0.7624,D:\Bird_Anuran_ARUs\RE03\SMM2-19_20260323_054400.wav
3168.0,3171.0,Pipilo erythrophthalmus,Eastern Towhee,0.8656,D:\Bird_Anuran_ARUs\RE03\SMM2-19_20260323_054400.wav
3171.0,3174.0,Zenaida macroura,Mourning Dove,0.4447,D:\Bird_Anuran_ARUs\RE03\SMM2-19_20260323_054400.wav
3174.0,3177.0,Zenaida macroura,Mourning Dove,0.3294,D:\Bird_Anuran_ARUs\RE03\SMM2-19_20260323_054400.wav
3177.0,3180.0,Pipilo erythrophthalmus,Eastern Towhee,0.3682,D:\Bird_Anuran_ARUs\RE03\SMM2-19_20260323_054400.wav
3183.0,3186.0,Molothrus ater,Brown-headed Cowbird,0.8391,D:\Bird_Anuran_ARUs\RE03\SMM2-19_20260323_054400.wav
3186.0,3189.0,Zenaida macroura,Mourning Dove,0.6006,D:\Bird_Anuran_ARUs\RE03\SMM2-19_20260323_054400.wav
3192.0,3195.0,Pipilo erythrophthalmus,Eastern Towhee,0.5653,D:\Bird_Anuran_ARUs\RE03\SMM2-19_20260323_054400.wav
3195.0,3198.0,Pipilo erythrophthalmus,Eastern Towhee,0.4563,D:\Bird_Anuran_ARUs\RE03\SMM2-19_20260323_054400.wav
3195.0,3198.0,Molothrus ater,Brown-headed Cowbird,0.4355,D:\Bird_Anuran_ARUs\RE03\SMM2-19_20260323_054400.wav
3198.0,3201.0,Pipilo erythrophthalmus,Eastern Towhee,0.6762,D:\Bird_Anuran_ARUs\RE03\SMM2-19_20260323_054400.wav
3201.0,3204.0,Zenaida macroura,Mourning Dove,0.8560,D:\Bird_Anuran_ARUs\RE03\SMM2-19_20260323_054400.wav
3201.0,3204.0,Pipilo erythrophthalmus,Eastern Towhee,0.5953,D:\Bird_Anuran_ARUs\RE03\SMM2-19_20260323_054400.wav
3204.0,3207.0,Pipilo erythrophthalmus,Eastern Towhee,0.3071,D:\Bird_Anuran_ARUs\RE03\SMM2-19_20260323_054400.wav
3207.0,3210.0,Pipilo erythrophthalmus,Eastern Towhee,0.7265,D:\Bird_Anuran_ARUs\RE03\SMM2-19_20260323_054400.wav
3210.0,3213.0,Pipilo erythrophthalmus,Eastern Towhee,0.6640,D:\Bird_Anuran_ARUs\RE03\SMM2-19_20260323_054400.wav
3213.0,3216.0,Pipilo erythrophthalmus,Eastern Towhee,0.7645,D:\Bird_Anuran_ARUs\RE03\SMM2-19_20260323_054400.wav
3216.0,3219.0,Zenaida macroura,Mourning Dove,0.7811,D:\Bird_Anuran_ARUs\RE03\SMM2-19_20260323_054400.wav
3219.0,3222.0,Zenaida macroura,Mourning Dove,0.5735,D:\Bird_Anuran_ARUs\RE03\SMM2-19_20260323_054400.wav
3219.0,3222.0,Pipilo erythrophthalmus,Eastern Towhee,0.3464,D:\Bird_Anuran_ARUs\RE03\SMM2-19_20260323_054400.wav
3222.0,3225.0,Pipilo erythrophthalmus,Eastern Towhee,0.8499,D:\Bird_Anuran_ARUs\RE03\SMM2-19_20260323_054400.wav
3225.0,3228.0,Pipilo erythrophthalmus,Eastern Towhee,0.4205,D:\Bird_Anuran_ARUs\RE03\SMM2-19_20260323_054400.wav
3228.0,3231.0,Mniotilta varia,Black-and-white Warbler,0.3999,D:\Bird_Anuran_ARUs\RE03\SMM2-19_20260323_054400.wav
3228.0,3231.0,Pipilo erythrophthalmus,Eastern Towhee,0.2864,D:\Bird_Anuran_ARUs\RE03\SMM2-19_20260323_054400.wav
3237.0,3240.0,Zenaida macroura,Mourning Dove,0.2508,D:\Bird_Anuran_ARUs\RE03\SMM2-19_20260323_054400.wav
3240.0,3243.0,Zenaida macroura,Mourning Dove,0.8380,D:\Bird_Anuran_ARUs\RE03\SMM2-19_20260323_054400.wav
3252.0,3255.0,Zenaida macroura,Mourning Dove,0.7068,D:\Bird_Anuran_ARUs\RE03\SMM2-19_20260323_054400.wav
3255.0,3258.0,Zenaida macroura,Mourning Dove,0.6343,D:\Bird_Anuran_ARUs\RE03\SMM2-19_20260323_054400.wav
3261.0,3264.0,Molothrus ater,Brown-headed Cowbird,0.3845,D:\Bird_Anuran_ARUs\RE03\SMM2-19_20260323_054400.wav
3264.0,3267.0,Zenaida macroura,Mourning Dove,0.6655,D:\Bird_Anuran_ARUs\RE03\SMM2-19_20260323_054400.wav
3264.0,3267.0,Pipilo erythrophthalmus,Eastern Towhee,0.2710,D:\Bird_Anuran_ARUs\RE03\SMM2-19_20260323_054400.wav
3267.0,3270.0,Zenaida macroura,Mourning Dove,0.6978,D:\Bird_Anuran_ARUs\RE03\SMM2-19_20260323_054400.wav
3270.0,3273.0,Pipilo erythrophthalmus,Eastern Towhee,0.3724,D:\Bird_Anuran_ARUs\RE03\SMM2-19_20260323_054400.wav
3273.0,3276.0,Pipilo erythrophthalmus,Eastern Towhee,0.6051,D:\Bird_Anuran_ARUs\RE03\SMM2-19_20260323_054400.wav
3279.0,3282.0,Zenaida macroura,Mourning Dove,0.6848,D:\Bird_Anuran_ARUs\RE03\SMM2-19_20260323_054400.wav
3285.0,3288.0,Pipilo erythrophthalmus,Eastern Towhee,0.4575,D:\Bird_Anuran_ARUs\RE03\SMM2-19_20260323_054400.wav
3288.0,3291.0,Pipilo erythrophthalmus,Eastern Towhee,0.6448,D:\Bird_Anuran_ARUs\RE03\SMM2-19_20260323_054400.wav
3291.0,3294.0,Zenaida macroura,Mourning Dove,0.5284,D:\Bird_Anuran_ARUs\RE03\SMM2-19_20260323_054400.wav
3294.0,3297.0,Molothrus ater,Brown-headed Cowbird,0.8305,D:\Bird_Anuran_ARUs\RE03\SMM2-19_20260323_054400.wav
3297.0,3300.0,Molothrus ater,Brown-headed Cowbird,0.3476,D:\Bird_Anuran_ARUs\RE03\SMM2-19_20260323_054400.wav
3297.0,3300.0,Pipilo erythrophthalmus,Eastern Towhee,0.3475,D:\Bird_Anuran_ARUs\RE03\SMM2-19_20260323_054400.wav
3303.0,3306.0,Pipilo erythrophthalmus,Eastern Towhee,0.5102,D:\Bird_Anuran_ARUs\RE03\SMM2-19_20260323_054400.wav
3306.0,3309.0,Zenaida macroura,Mourning Dove,0.4308,D:\Bird_Anuran_ARUs\RE03\SMM2-19_20260323_054400.wav
3306.0,3309.0,Pipilo erythrophthalmus,Eastern Towhee,0.2574,D:\Bird_Anuran_ARUs\RE03\SMM2-19_20260323_054400.wav
3309.0,3312.0,Zenaida macroura,Mourning Dove,0.3712,D:\Bird_Anuran_ARUs\RE03\SMM2-19_20260323_054400.wav
3312.0,3315.0,Pipilo erythrophthalmus,Eastern Towhee,0.5460,D:\Bird_Anuran_ARUs\RE03\SMM2-19_20260323_054400.wav
3315.0,3318.0,Pipilo erythrophthalmus,Eastern Towhee,0.2759,D:\Bird_Anuran_ARUs\RE03\SMM2-19_20260323_054400.wav
3318.0,3321.0,Dryobates pubescens,Downy Woodpecker,0.4954,D:\Bird_Anuran_ARUs\RE03\SMM2-19_20260323_054400.wav
3321.0,3324.0,Pipilo erythrophthalmus,Eastern Towhee,0.5696,D:\Bird_Anuran_ARUs\RE03\SMM2-19_20260323_054400.wav
3324.0,3327.0,Dryobates pubescens,Downy Woodpecker,0.7475,D:\Bird_Anuran_ARUs\RE03\SMM2-19_20260323_054400.wav
3327.0,3330.0,Dryobates pubescens,Downy Woodpecker,0.7201,D:\Bird_Anuran_ARUs\RE03\SMM2-19_20260323_054400.wav
3330.0,3333.0,Zenaida macroura,Mourning Dove,0.3604,D:\Bird_Anuran_ARUs\RE03\SMM2-19_20260323_054400.wav
3330.0,3333.0,Dryobates pubescens,Downy Woodpecker,0.3427,D:\Bird_Anuran_ARUs\RE03\SMM2-19_20260323_054400.wav
3336.0,3339.0,Dryobates pubescens,Downy Woodpecker,0.7888,D:\Bird_Anuran_ARUs\RE03\SMM2-19_20260323_054400.wav
3339.0,3342.0,Molothrus ater,Brown-headed Cowbird,0.6104,D:\Bird_Anuran_ARUs\RE03\SMM2-19_20260323_054400.wav
3342.0,3345.0,Zenaida macroura,Mourning Dove,0.7690,D:\Bird_Anuran_ARUs\RE03\SMM2-19_20260323_054400.wav
3342.0,3345.0,Pipilo erythrophthalmus,Eastern Towhee,0.2652,D:\Bird_Anuran_ARUs\RE03\SMM2-19_20260323_054400.wav
3345.0,3348.0,Dryobates pubescens,Downy Woodpecker,0.4009,D:\Bird_Anuran_ARUs\RE03\SMM2-19_20260323_054400.wav
3345.0,3348.0,Pipilo erythrophthalmus,Eastern Towhee,0.2705,D:\Bird_Anuran_ARUs\RE03\SMM2-19_20260323_054400.wav
3348.0,3351.0,Dryobates pubescens,Downy Woodpecker,0.7650,D:\Bird_Anuran_ARUs\RE03\SMM2-19_20260323_054400.wav
3351.0,3354.0,Pipilo erythrophthalmus,Eastern Towhee,0.3973,D:\Bird_Anuran_ARUs\RE03\SMM2-19_20260323_054400.wav
3354.0,3357.0,Dryobates pubescens,Downy Woodpecker,0.5822,D:\Bird_Anuran_ARUs\RE03\SMM2-19_20260323_054400.wav
3357.0,3360.0,Pipilo erythrophthalmus,Eastern Towhee,0.8115,D:\Bird_Anuran_ARUs\RE03\SMM2-19_20260323_054400.wav
3360.0,3363.0,Dryobates pubescens,Downy Woodpecker,0.3978,D:\Bird_Anuran_ARUs\RE03\SMM2-19_20260323_054400.wav
3360.0,3363.0,Pipilo erythrophthalmus,Eastern Towhee,0.3458,D:\Bird_Anuran_ARUs\RE03\SMM2-19_20260323_054400.wav
3366.0,3369.0,Pipilo erythrophthalmus,Eastern Towhee,0.3052,D:\Bird_Anuran_ARUs\RE03\SMM2-19_20260323_054400.wav
3369.0,3372.0,Dryobates pubescens,Downy Woodpecker,0.3698,D:\Bird_Anuran_ARUs\RE03\SMM2-19_20260323_054400.wav
3372.0,3375.0,Zenaida macroura,Mourning Dove,0.9142,D:\Bird_Anuran_ARUs\RE03\SMM2-19_20260323_054400.wav
3375.0,3378.0,Dryobates pubescens,Downy Woodpecker,0.6883,D:\Bird_Anuran_ARUs\RE03\SMM2-19_20260323_054400.wav
3381.0,3384.0,Dryobates pubescens,Downy Woodpecker,0.9112,D:\Bird_Anuran_ARUs\RE03\SMM2-19_20260323_054400.wav
3384.0,3387.0,Dryobates pubescens,Downy Woodpecker,0.7081,D:\Bird_Anuran_ARUs\RE03\SMM2-19_20260323_054400.wav
3396.0,3399.0,Pipilo erythrophthalmus,Eastern Towhee,0.5061,D:\Bird_Anuran_ARUs\RE03\SMM2-19_20260323_054400.wav
3411.0,3414.0,Zenaida macroura,Mourning Dove,0.5077,D:\Bird_Anuran_ARUs\RE03\SMM2-19_20260323_054400.wav
3414.0,3417.0,Dryobates pubescens,Downy Woodpecker,0.3031,D:\Bird_Anuran_ARUs\RE03\SMM2-19_20260323_054400.wav
3420.0,3423.0,Dryobates pubescens,Downy Woodpecker,0.2936,D:\Bird_Anuran_ARUs\RE03\SMM2-19_20260323_054400.wav
3423.0,3426.0,Pipilo erythrophthalmus,Eastern Towhee,0.3122,D:\Bird_Anuran_ARUs\RE03\SMM2-19_20260323_054400.wav
3426.0,3429.0,Pipilo erythrophthalmus,Eastern Towhee,0.5371,D:\Bird_Anuran_ARUs\RE03\SMM2-19_20260323_054400.wav
3429.0,3432.0,Dryobates pubescens,Downy Woodpecker,0.5784,D:\Bird_Anuran_ARUs\RE03\SMM2-19_20260323_054400.wav
3435.0,3438.0,Dryobates pubescens,Downy Woodpecker,0.3351,D:\Bird_Anuran_ARUs\RE03\SMM2-19_20260323_054400.wav
3438.0,3441.0,Dryobates pubescens,Downy Woodpecker,0.4762,D:\Bird_Anuran_ARUs\RE03\SMM2-19_20260323_054400.wav
3450.0,3453.0,Dryobates pubescens,Downy Woodpecker,0.3339,D:\Bird_Anuran_ARUs\RE03\SMM2-19_20260323_054400.wav
3450.0,3453.0,Pipilo erythrophthalmus,Eastern Towhee,0.3054,D:\Bird_Anuran_ARUs\RE03\SMM2-19_20260323_054400.wav
3453.0,3456.0,Pipilo erythrophthalmus,Eastern Towhee,0.4357,D:\Bird_Anuran_ARUs\RE03\SMM2-19_20260323_054400.wav
3456.0,3459.0,Pipilo erythrophthalmus,Eastern Towhee,0.5601,D:\Bird_Anuran_ARUs\RE03\SMM2-19_20260323_054400.wav
3459.0,3462.0,Pipilo erythrophthalmus,Eastern Towhee,0.5535,D:\Bird_Anuran_ARUs\RE03\SMM2-19_20260323_054400.wav
3468.0,3471.0,Pipilo erythrophthalmus,Eastern Towhee,0.7142,D:\Bird_Anuran_ARUs\RE03\SMM2-19_20260323_054400.wav
3471.0,3474.0,Zenaida macroura,Mourning Dove,0.3658,D:\Bird_Anuran_ARUs\RE03\SMM2-19_20260323_054400.wav
3471.0,3474.0,Pipilo erythrophthalmus,Eastern Towhee,0.2760,D:\Bird_Anuran_ARUs\RE03\SMM2-19_20260323_054400.wav
3474.0,3477.0,Pipilo erythrophthalmus,Eastern Towhee,0.5715,D:\Bird_Anuran_ARUs\RE03\SMM2-19_20260323_054400.wav
3474.0,3477.0,Zenaida macroura,Mourning Dove,0.4522,D:\Bird_Anuran_ARUs\RE03\SMM2-19_20260323_054400.wav
3477.0,3480.0,Pipilo erythrophthalmus,Eastern Towhee,0.5899,D:\Bird_Anuran_ARUs\RE03\SMM2-19_20260323_054400.wav
3480.0,3483.0,Pipilo erythrophthalmus,Eastern Towhee,0.4236,D:\Bird_Anuran_ARUs\RE03\SMM2-19_20260323_054400.wav
3483.0,3486.0,Zenaida macroura,Mourning Dove,0.3463,D:\Bird_Anuran_ARUs\RE03\SMM2-19_20260323_054400.wav
3492.0,3495.0,Pipilo erythrophthalmus,Eastern Towhee,0.2528,D:\Bird_Anuran_ARUs\RE03\SMM2-19_20260323_054400.wav
3495.0,3498.0,Pipilo erythrophthalmus,Eastern Towhee,0.8788,D:\Bird_Anuran_ARUs\RE03\SMM2-19_20260323_054400.wav
3495.0,3498.0,Zenaida macroura,Mourning Dove,0.2702,D:\Bird_Anuran_ARUs\RE03\SMM2-19_20260323_054400.wav
3507.0,3510.0,Setophaga pinus,Pine Warbler,0.3492,D:\Bird_Anuran_ARUs\RE03\SMM2-19_20260323_054400.wav
3510.0,3513.0,Zenaida macroura,Mourning Dove,0.6208,D:\Bird_Anuran_ARUs\RE03\SMM2-19_20260323_054400.wav
3516.0,3519.0,Pipilo erythrophthalmus,Eastern Towhee,0.6325,D:\Bird_Anuran_ARUs\RE03\SMM2-19_20260323_054400.wav
3519.0,3522.0,Pipilo erythrophthalmus,Eastern Towhee,0.4742,D:\Bird_Anuran_ARUs\RE03\SMM2-19_20260323_054400.wav
3525.0,3528.0,Pipilo erythrophthalmus,Eastern Towhee,0.9485,D:\Bird_Anuran_ARUs\RE03\SMM2-19_20260323_054400.wav
3531.0,3534.0,Pipilo erythrophthalmus,Eastern Towhee,0.7589,D:\Bird_Anuran_ARUs\RE03\SMM2-19_20260323_054400.wav
3534.0,3537.0,Pipilo erythrophthalmus,Eastern Towhee,0.5515,D:\Bird_Anuran_ARUs\RE03\SMM2-19_20260323_054400.wav
3537.0,3540.0,Zenaida macroura,Mourning Dove,0.5910,D:\Bird_Anuran_ARUs\RE03\SMM2-19_20260323_054400.wav
3543.0,3546.0,Pipilo erythrophthalmus,Eastern Towhee,0.6827,D:\Bird_Anuran_ARUs\RE03\SMM2-19_20260323_054400.wav
3546.0,3549.0,Pipilo erythrophthalmus,Eastern Towhee,0.3267,D:\Bird_Anuran_ARUs\RE03\SMM2-19_20260323_054400.wav
3549.0,3552.0,Pipilo erythrophthalmus,Eastern Towhee,0.3601,D:\Bird_Anuran_ARUs\RE03\SMM2-19_20260323_054400.wav
3555.0,3558.0,Dryocopus pileatus,Pileated Woodpecker,0.3388,D:\Bird_Anuran_ARUs\RE03\SMM2-19_20260323_054400.wav
3558.0,3561.0,Pipilo erythrophthalmus,Eastern Towhee,0.4725,D:\Bird_Anuran_ARUs\RE03\SMM2-19_20260323_054400.wav
3567.0,3570.0,Pipilo erythrophthalmus,Eastern Towhee,0.4247,D:\Bird_Anuran_ARUs\RE03\SMM2-19_20260323_054400.wav
3570.0,3573.0,Dryobates pubescens,Downy Woodpecker,0.2696,D:\Bird_Anuran_ARUs\RE03\SMM2-19_20260323_054400.wav
3576.0,3579.0,Dryobates pubescens,Downy Woodpecker,0.2900,D:\Bird_Anuran_ARUs\RE03\SMM2-19_20260323_054400.wav
