Start (s),End (s),Scientific name,Common name,Confidence,File
3.0,6.0,Cardinalis cardinalis,Northern Cardinal,0.5536,D:\Bird_Anuran_ARUs\RE03\SMM2-19_20260421_050400.wav
51.0,54.0,Polioptila caerulea,Blue-gray Gnatcatcher,0.3299,D:\Bird_Anuran_ARUs\RE03\SMM2-19_20260421_050400.wav
54.0,57.0,Polioptila caerulea,Blue-gray Gnatcatcher,0.4420,D:\Bird_Anuran_ARUs\RE03\SMM2-19_20260421_050400.wav
57.0,60.0,Polioptila caerulea,Blue-gray Gnatcatcher,0.3341,D:\Bird_Anuran_ARUs\RE03\SMM2-19_20260421_050400.wav
60.0,63.0,Polioptila caerulea,Blue-gray Gnatcatcher,0.3941,D:\Bird_Anuran_ARUs\RE03\SMM2-19_20260421_050400.wav
63.0,66.0,Polioptila caerulea,Blue-gray Gnatcatcher,0.4056,D:\Bird_Anuran_ARUs\RE03\SMM2-19_20260421_050400.wav
66.0,69.0,Polioptila caerulea,Blue-gray Gnatcatcher,0.2935,D:\Bird_Anuran_ARUs\RE03\SMM2-19_20260421_050400.wav
69.0,72.0,Polioptila caerulea,Blue-gray Gnatcatcher,0.3228,D:\Bird_Anuran_ARUs\RE03\SMM2-19_20260421_050400.wav
72.0,75.0,Polioptila caerulea,Blue-gray Gnatcatcher,0.4782,D:\Bird_Anuran_ARUs\RE03\SMM2-19_20260421_050400.wav
75.0,78.0,Polioptila caerulea,Blue-gray Gnatcatcher,0.4605,D:\Bird_Anuran_ARUs\RE03\SMM2-19_20260421_050400.wav
78.0,81.0,Polioptila caerulea,Blue-gray Gnatcatcher,0.4880,D:\Bird_Anuran_ARUs\RE03\SMM2-19_20260421_050400.wav
81.0,84.0,Polioptila caerulea,Blue-gray Gnatcatcher,0.2705,D:\Bird_Anuran_ARUs\RE03\SMM2-19_20260421_050400.wav
87.0,90.0,Polioptila caerulea,Blue-gray Gnatcatcher,0.6293,D:\Bird_Anuran_ARUs\RE03\SMM2-19_20260421_050400.wav
90.0,93.0,Polioptila caerulea,Blue-gray Gnatcatcher,0.8034,D:\Bird_Anuran_ARUs\RE03\SMM2-19_20260421_050400.wav
93.0,96.0,Polioptila caerulea,Blue-gray Gnatcatcher,0.7506,D:\Bird_Anuran_ARUs\RE03\SMM2-19_20260421_050400.wav
99.0,102.0,Polioptila caerulea,Blue-gray Gnatcatcher,0.3918,D:\Bird_Anuran_ARUs\RE03\SMM2-19_20260421_050400.wav
102.0,105.0,Polioptila caerulea,Blue-gray Gnatcatcher,0.4671,D:\Bird_Anuran_ARUs\RE03\SMM2-19_20260421_050400.wav
105.0,108.0,Polioptila caerulea,Blue-gray Gnatcatcher,0.3926,D:\Bird_Anuran_ARUs\RE03\SMM2-19_20260421_050400.wav
108.0,111.0,Polioptila caerulea,Blue-gray Gnatcatcher,0.4118,D:\Bird_Anuran_ARUs\RE03\SMM2-19_20260421_050400.wav
111.0,114.0,Polioptila caerulea,Blue-gray Gnatcatcher,0.5265,D:\Bird_Anuran_ARUs\RE03\SMM2-19_20260421_050400.wav
114.0,117.0,Polioptila caerulea,Blue-gray Gnatcatcher,0.5879,D:\Bird_Anuran_ARUs\RE03\SMM2-19_20260421_050400.wav
117.0,120.0,Polioptila caerulea,Blue-gray Gnatcatcher,0.4896,D:\Bird_Anuran_ARUs\RE03\SMM2-19_20260421_050400.wav
120.0,123.0,Polioptila caerulea,Blue-gray Gnatcatcher,0.5253,D:\Bird_Anuran_ARUs\RE03\SMM2-19_20260421_050400.wav
123.0,126.0,Polioptila caerulea,Blue-gray Gnatcatcher,0.4269,D:\Bird_Anuran_ARUs\RE03\SMM2-19_20260421_050400.wav
126.0,129.0,Polioptila caerulea,Blue-gray Gnatcatcher,0.7367,D:\Bird_Anuran_ARUs\RE03\SMM2-19_20260421_050400.wav
129.0,132.0,Polioptila caerulea,Blue-gray Gnatcatcher,0.5083,D:\Bird_Anuran_ARUs\RE03\SMM2-19_20260421_050400.wav
132.0,135.0,Polioptila caerulea,Blue-gray Gnatcatcher,0.4418,D:\Bird_Anuran_ARUs\RE03\SMM2-19_20260421_050400.wav
135.0,138.0,Polioptila caerulea,Blue-gray Gnatcatcher,0.8758,D:\Bird_Anuran_ARUs\RE03\SMM2-19_20260421_050400.wav
138.0,141.0,Polioptila caerulea,Blue-gray Gnatcatcher,0.4209,D:\Bird_Anuran_ARUs\RE03\SMM2-19_20260421_050400.wav
141.0,144.0,Polioptila caerulea,Blue-gray Gnatcatcher,0.5222,D:\Bird_Anuran_ARUs\RE03\SMM2-19_20260421_050400.wav
144.0,147.0,Polioptila caerulea,Blue-gray Gnatcatcher,0.3682,D:\Bird_Anuran_ARUs\RE03\SMM2-19_20260421_050400.wav
147.0,150.0,Polioptila caerulea,Blue-gray Gnatcatcher,0.5375,D:\Bird_Anuran_ARUs\RE03\SMM2-19_20260421_050400.wav
150.0,153.0,Polioptila caerulea,Blue-gray Gnatcatcher,0.4921,D:\Bird_Anuran_ARUs\RE03\SMM2-19_20260421_050400.wav
150.0,153.0,Melanerpes erythrocephalus,Red-headed Woodpecker,0.4732,D:\Bird_Anuran_ARUs\RE03\SMM2-19_20260421_050400.wav
153.0,156.0,Polioptila caerulea,Blue-gray Gnatcatcher,0.5777,D:\Bird_Anuran_ARUs\RE03\SMM2-19_20260421_050400.wav
156.0,159.0,Polioptila caerulea,Blue-gray Gnatcatcher,0.2570,D:\Bird_Anuran_ARUs\RE03\SMM2-19_20260421_050400.wav
159.0,162.0,Polioptila caerulea,Blue-gray Gnatcatcher,0.3916,D:\Bird_Anuran_ARUs\RE03\SMM2-19_20260421_050400.wav
162.0,165.0,Polioptila caerulea,Blue-gray Gnatcatcher,0.5300,D:\Bird_Anuran_ARUs\RE03\SMM2-19_20260421_050400.wav
168.0,171.0,Polioptila caerulea,Blue-gray Gnatcatcher,0.5259,D:\Bird_Anuran_ARUs\RE03\SMM2-19_20260421_050400.wav
171.0,174.0,Polioptila caerulea,Blue-gray Gnatcatcher,0.4685,D:\Bird_Anuran_ARUs\RE03\SMM2-19_20260421_050400.wav
174.0,177.0,Polioptila caerulea,Blue-gray Gnatcatcher,0.4599,D:\Bird_Anuran_ARUs\RE03\SMM2-19_20260421_050400.wav
180.0,183.0,Polioptila caerulea,Blue-gray Gnatcatcher,0.2769,D:\Bird_Anuran_ARUs\RE03\SMM2-19_20260421_050400.wav
183.0,186.0,Polioptila caerulea,Blue-gray Gnatcatcher,0.3235,D:\Bird_Anuran_ARUs\RE03\SMM2-19_20260421_050400.wav
186.0,189.0,Polioptila caerulea,Blue-gray Gnatcatcher,0.3174,D:\Bird_Anuran_ARUs\RE03\SMM2-19_20260421_050400.wav
192.0,195.0,Polioptila caerulea,Blue-gray Gnatcatcher,0.3199,D:\Bird_Anuran_ARUs\RE03\SMM2-19_20260421_050400.wav
195.0,198.0,Polioptila caerulea,Blue-gray Gnatcatcher,0.4397,D:\Bird_Anuran_ARUs\RE03\SMM2-19_20260421_050400.wav
198.0,201.0,Polioptila caerulea,Blue-gray Gnatcatcher,0.3839,D:\Bird_Anuran_ARUs\RE03\SMM2-19_20260421_050400.wav
201.0,204.0,Polioptila caerulea,Blue-gray Gnatcatcher,0.2574,D:\Bird_Anuran_ARUs\RE03\SMM2-19_20260421_050400.wav
216.0,219.0,Polioptila caerulea,Blue-gray Gnatcatcher,0.2782,D:\Bird_Anuran_ARUs\RE03\SMM2-19_20260421_050400.wav
219.0,222.0,Polioptila caerulea,Blue-gray Gnatcatcher,0.2628,D:\Bird_Anuran_ARUs\RE03\SMM2-19_20260421_050400.wav
231.0,234.0,Polioptila caerulea,Blue-gray Gnatcatcher,0.2932,D:\Bird_Anuran_ARUs\RE03\SMM2-19_20260421_050400.wav
237.0,240.0,Polioptila caerulea,Blue-gray Gnatcatcher,0.6022,D:\Bird_Anuran_ARUs\RE03\SMM2-19_20260421_050400.wav
252.0,255.0,Melanerpes erythrocephalus,Red-headed Woodpecker,0.4187,D:\Bird_Anuran_ARUs\RE03\SMM2-19_20260421_050400.wav
264.0,267.0,Polioptila caerulea,Blue-gray Gnatcatcher,0.2892,D:\Bird_Anuran_ARUs\RE03\SMM2-19_20260421_050400.wav
294.0,297.0,Polioptila caerulea,Blue-gray Gnatcatcher,0.4960,D:\Bird_Anuran_ARUs\RE03\SMM2-19_20260421_050400.wav
297.0,300.0,Polioptila caerulea,Blue-gray Gnatcatcher,0.2613,D:\Bird_Anuran_ARUs\RE03\SMM2-19_20260421_050400.wav
300.0,303.0,Polioptila caerulea,Blue-gray Gnatcatcher,0.5352,D:\Bird_Anuran_ARUs\RE03\SMM2-19_20260421_050400.wav
303.0,306.0,Polioptila caerulea,Blue-gray Gnatcatcher,0.2912,D:\Bird_Anuran_ARUs\RE03\SMM2-19_20260421_050400.wav
306.0,309.0,Polioptila caerulea,Blue-gray Gnatcatcher,0.3751,D:\Bird_Anuran_ARUs\RE03\SMM2-19_20260421_050400.wav
312.0,315.0,Polioptila caerulea,Blue-gray Gnatcatcher,0.3391,D:\Bird_Anuran_ARUs\RE03\SMM2-19_20260421_050400.wav
315.0,318.0,Polioptila caerulea,Blue-gray Gnatcatcher,0.3320,D:\Bird_Anuran_ARUs\RE03\SMM2-19_20260421_050400.wav
318.0,321.0,Polioptila caerulea,Blue-gray Gnatcatcher,0.5040,D:\Bird_Anuran_ARUs\RE03\SMM2-19_20260421_050400.wav
321.0,324.0,Polioptila caerulea,Blue-gray Gnatcatcher,0.4034,D:\Bird_Anuran_ARUs\RE03\SMM2-19_20260421_050400.wav
324.0,327.0,Polioptila caerulea,Blue-gray Gnatcatcher,0.5728,D:\Bird_Anuran_ARUs\RE03\SMM2-19_20260421_050400.wav
327.0,330.0,Polioptila caerulea,Blue-gray Gnatcatcher,0.2898,D:\Bird_Anuran_ARUs\RE03\SMM2-19_20260421_050400.wav
330.0,333.0,Polioptila caerulea,Blue-gray Gnatcatcher,0.6052,D:\Bird_Anuran_ARUs\RE03\SMM2-19_20260421_050400.wav
333.0,336.0,Polioptila caerulea,Blue-gray Gnatcatcher,0.4201,D:\Bird_Anuran_ARUs\RE03\SMM2-19_20260421_050400.wav
336.0,339.0,Polioptila caerulea,Blue-gray Gnatcatcher,0.3796,D:\Bird_Anuran_ARUs\RE03\SMM2-19_20260421_050400.wav
342.0,345.0,Polioptila caerulea,Blue-gray Gnatcatcher,0.5765,D:\Bird_Anuran_ARUs\RE03\SMM2-19_20260421_050400.wav
348.0,351.0,Polioptila caerulea,Blue-gray Gnatcatcher,0.3430,D:\Bird_Anuran_ARUs\RE03\SMM2-19_20260421_050400.wav
348.0,351.0,Melanerpes erythrocephalus,Red-headed Woodpecker,0.2650,D:\Bird_Anuran_ARUs\RE03\SMM2-19_20260421_050400.wav
351.0,354.0,Polioptila caerulea,Blue-gray Gnatcatcher,0.5455,D:\Bird_Anuran_ARUs\RE03\SMM2-19_20260421_050400.wav
354.0,357.0,Polioptila caerulea,Blue-gray Gnatcatcher,0.5266,D:\Bird_Anuran_ARUs\RE03\SMM2-19_20260421_050400.wav
357.0,360.0,Polioptila caerulea,Blue-gray Gnatcatcher,0.5789,D:\Bird_Anuran_ARUs\RE03\SMM2-19_20260421_050400.wav
363.0,366.0,Polioptila caerulea,Blue-gray Gnatcatcher,0.2702,D:\Bird_Anuran_ARUs\RE03\SMM2-19_20260421_050400.wav
366.0,369.0,Polioptila caerulea,Blue-gray Gnatcatcher,0.3271,D:\Bird_Anuran_ARUs\RE03\SMM2-19_20260421_050400.wav
369.0,372.0,Polioptila caerulea,Blue-gray Gnatcatcher,0.3622,D:\Bird_Anuran_ARUs\RE03\SMM2-19_20260421_050400.wav
372.0,375.0,Polioptila caerulea,Blue-gray Gnatcatcher,0.5070,D:\Bird_Anuran_ARUs\RE03\SMM2-19_20260421_050400.wav
375.0,378.0,Polioptila caerulea,Blue-gray Gnatcatcher,0.5594,D:\Bird_Anuran_ARUs\RE03\SMM2-19_20260421_050400.wav
384.0,387.0,Polioptila caerulea,Blue-gray Gnatcatcher,0.7028,D:\Bird_Anuran_ARUs\RE03\SMM2-19_20260421_050400.wav
396.0,399.0,Polioptila caerulea,Blue-gray Gnatcatcher,0.5420,D:\Bird_Anuran_ARUs\RE03\SMM2-19_20260421_050400.wav
402.0,405.0,Polioptila caerulea,Blue-gray Gnatcatcher,0.3078,D:\Bird_Anuran_ARUs\RE03\SMM2-19_20260421_050400.wav
405.0,408.0,Polioptila caerulea,Blue-gray Gnatcatcher,0.4647,D:\Bird_Anuran_ARUs\RE03\SMM2-19_20260421_050400.wav
411.0,414.0,Polioptila caerulea,Blue-gray Gnatcatcher,0.2718,D:\Bird_Anuran_ARUs\RE03\SMM2-19_20260421_050400.wav
417.0,420.0,Polioptila caerulea,Blue-gray Gnatcatcher,0.4493,D:\Bird_Anuran_ARUs\RE03\SMM2-19_20260421_050400.wav
423.0,426.0,Polioptila caerulea,Blue-gray Gnatcatcher,0.2591,D:\Bird_Anuran_ARUs\RE03\SMM2-19_20260421_050400.wav
426.0,429.0,Polioptila caerulea,Blue-gray Gnatcatcher,0.4214,D:\Bird_Anuran_ARUs\RE03\SMM2-19_20260421_050400.wav
429.0,432.0,Polioptila caerulea,Blue-gray Gnatcatcher,0.5936,D:\Bird_Anuran_ARUs\RE03\SMM2-19_20260421_050400.wav
435.0,438.0,Poecile carolinensis,Carolina Chickadee,0.2941,D:\Bird_Anuran_ARUs\RE03\SMM2-19_20260421_050400.wav
447.0,450.0,Poecile carolinensis,Carolina Chickadee,0.4761,D:\Bird_Anuran_ARUs\RE03\SMM2-19_20260421_050400.wav
456.0,459.0,Polioptila caerulea,Blue-gray Gnatcatcher,0.3018,D:\Bird_Anuran_ARUs\RE03\SMM2-19_20260421_050400.wav
456.0,459.0,Poecile carolinensis,Carolina Chickadee,0.2689,D:\Bird_Anuran_ARUs\RE03\SMM2-19_20260421_050400.wav
459.0,462.0,Poecile carolinensis,Carolina Chickadee,0.5553,D:\Bird_Anuran_ARUs\RE03\SMM2-19_20260421_050400.wav
462.0,465.0,Polioptila caerulea,Blue-gray Gnatcatcher,0.4580,D:\Bird_Anuran_ARUs\RE03\SMM2-19_20260421_050400.wav
462.0,465.0,Poecile carolinensis,Carolina Chickadee,0.2975,D:\Bird_Anuran_ARUs\RE03\SMM2-19_20260421_050400.wav
465.0,468.0,Polioptila caerulea,Blue-gray Gnatcatcher,0.6011,D:\Bird_Anuran_ARUs\RE03\SMM2-19_20260421_050400.wav
468.0,471.0,Polioptila caerulea,Blue-gray Gnatcatcher,0.6159,D:\Bird_Anuran_ARUs\RE03\SMM2-19_20260421_050400.wav
471.0,474.0,Poecile carolinensis,Carolina Chickadee,0.7339,D:\Bird_Anuran_ARUs\RE03\SMM2-19_20260421_050400.wav
471.0,474.0,Polioptila caerulea,Blue-gray Gnatcatcher,0.2623,D:\Bird_Anuran_ARUs\RE03\SMM2-19_20260421_050400.wav
474.0,477.0,Poecile carolinensis,Carolina Chickadee,0.6868,D:\Bird_Anuran_ARUs\RE03\SMM2-19_20260421_050400.wav
477.0,480.0,Poecile carolinensis,Carolina Chickadee,0.5189,D:\Bird_Anuran_ARUs\RE03\SMM2-19_20260421_050400.wav
480.0,483.0,Poecile carolinensis,Carolina Chickadee,0.6323,D:\Bird_Anuran_ARUs\RE03\SMM2-19_20260421_050400.wav
483.0,486.0,Poecile carolinensis,Carolina Chickadee,0.6257,D:\Bird_Anuran_ARUs\RE03\SMM2-19_20260421_050400.wav
489.0,492.0,Poecile carolinensis,Carolina Chickadee,0.5441,D:\Bird_Anuran_ARUs\RE03\SMM2-19_20260421_050400.wav
489.0,492.0,Polioptila caerulea,Blue-gray Gnatcatcher,0.3465,D:\Bird_Anuran_ARUs\RE03\SMM2-19_20260421_050400.wav
492.0,495.0,Poecile carolinensis,Carolina Chickadee,0.6268,D:\Bird_Anuran_ARUs\RE03\SMM2-19_20260421_050400.wav
495.0,498.0,Poecile carolinensis,Carolina Chickadee,0.7023,D:\Bird_Anuran_ARUs\RE03\SMM2-19_20260421_050400.wav
498.0,501.0,Poecile carolinensis,Carolina Chickadee,0.8054,D:\Bird_Anuran_ARUs\RE03\SMM2-19_20260421_050400.wav
501.0,504.0,Poecile carolinensis,Carolina Chickadee,0.4947,D:\Bird_Anuran_ARUs\RE03\SMM2-19_20260421_050400.wav
504.0,507.0,Poecile carolinensis,Carolina Chickadee,0.4467,D:\Bird_Anuran_ARUs\RE03\SMM2-19_20260421_050400.wav
507.0,510.0,Poecile carolinensis,Carolina Chickadee,0.3589,D:\Bird_Anuran_ARUs\RE03\SMM2-19_20260421_050400.wav
510.0,513.0,Polioptila caerulea,Blue-gray Gnatcatcher,0.5554,D:\Bird_Anuran_ARUs\RE03\SMM2-19_20260421_050400.wav
513.0,516.0,Poecile carolinensis,Carolina Chickadee,0.5275,D:\Bird_Anuran_ARUs\RE03\SMM2-19_20260421_050400.wav
513.0,516.0,Polioptila caerulea,Blue-gray Gnatcatcher,0.2751,D:\Bird_Anuran_ARUs\RE03\SMM2-19_20260421_050400.wav
516.0,519.0,Poecile carolinensis,Carolina Chickadee,0.6932,D:\Bird_Anuran_ARUs\RE03\SMM2-19_20260421_050400.wav
519.0,522.0,Poecile carolinensis,Carolina Chickadee,0.8889,D:\Bird_Anuran_ARUs\RE03\SMM2-19_20260421_050400.wav
519.0,522.0,Polioptila caerulea,Blue-gray Gnatcatcher,0.3293,D:\Bird_Anuran_ARUs\RE03\SMM2-19_20260421_050400.wav
522.0,525.0,Polioptila caerulea,Blue-gray Gnatcatcher,0.5393,D:\Bird_Anuran_ARUs\RE03\SMM2-19_20260421_050400.wav
522.0,525.0,Dumetella carolinensis,Gray Catbird,0.5279,D:\Bird_Anuran_ARUs\RE03\SMM2-19_20260421_050400.wav
531.0,534.0,Polioptila caerulea,Blue-gray Gnatcatcher,0.3096,D:\Bird_Anuran_ARUs\RE03\SMM2-19_20260421_050400.wav
534.0,537.0,Polioptila caerulea,Blue-gray Gnatcatcher,0.5595,D:\Bird_Anuran_ARUs\RE03\SMM2-19_20260421_050400.wav
537.0,540.0,Polioptila caerulea,Blue-gray Gnatcatcher,0.5197,D:\Bird_Anuran_ARUs\RE03\SMM2-19_20260421_050400.wav
540.0,543.0,Polioptila caerulea,Blue-gray Gnatcatcher,0.5688,D:\Bird_Anuran_ARUs\RE03\SMM2-19_20260421_050400.wav
546.0,549.0,Polioptila caerulea,Blue-gray Gnatcatcher,0.4504,D:\Bird_Anuran_ARUs\RE03\SMM2-19_20260421_050400.wav
549.0,552.0,Poecile carolinensis,Carolina Chickadee,0.3993,D:\Bird_Anuran_ARUs\RE03\SMM2-19_20260421_050400.wav
549.0,552.0,Polioptila caerulea,Blue-gray Gnatcatcher,0.2828,D:\Bird_Anuran_ARUs\RE03\SMM2-19_20260421_050400.wav
552.0,555.0,Polioptila caerulea,Blue-gray Gnatcatcher,0.4600,D:\Bird_Anuran_ARUs\RE03\SMM2-19_20260421_050400.wav
555.0,558.0,Polioptila caerulea,Blue-gray Gnatcatcher,0.3954,D:\Bird_Anuran_ARUs\RE03\SMM2-19_20260421_050400.wav
555.0,558.0,Poecile carolinensis,Carolina Chickadee,0.2917,D:\Bird_Anuran_ARUs\RE03\SMM2-19_20260421_050400.wav
558.0,561.0,Polioptila caerulea,Blue-gray Gnatcatcher,0.6014,D:\Bird_Anuran_ARUs\RE03\SMM2-19_20260421_050400.wav
561.0,564.0,Poecile carolinensis,Carolina Chickadee,0.4559,D:\Bird_Anuran_ARUs\RE03\SMM2-19_20260421_050400.wav
564.0,567.0,Polioptila caerulea,Blue-gray Gnatcatcher,0.2721,D:\Bird_Anuran_ARUs\RE03\SMM2-19_20260421_050400.wav
567.0,570.0,Poecile carolinensis,Carolina Chickadee,0.3603,D:\Bird_Anuran_ARUs\RE03\SMM2-19_20260421_050400.wav
567.0,570.0,Polioptila caerulea,Blue-gray Gnatcatcher,0.3422,D:\Bird_Anuran_ARUs\RE03\SMM2-19_20260421_050400.wav
570.0,573.0,Polioptila caerulea,Blue-gray Gnatcatcher,0.6353,D:\Bird_Anuran_ARUs\RE03\SMM2-19_20260421_050400.wav
573.0,576.0,Polioptila caerulea,Blue-gray Gnatcatcher,0.5646,D:\Bird_Anuran_ARUs\RE03\SMM2-19_20260421_050400.wav
573.0,576.0,Poecile carolinensis,Carolina Chickadee,0.2618,D:\Bird_Anuran_ARUs\RE03\SMM2-19_20260421_050400.wav
576.0,579.0,Polioptila caerulea,Blue-gray Gnatcatcher,0.9293,D:\Bird_Anuran_ARUs\RE03\SMM2-19_20260421_050400.wav
579.0,582.0,Polioptila caerulea,Blue-gray Gnatcatcher,0.5893,D:\Bird_Anuran_ARUs\RE03\SMM2-19_20260421_050400.wav
582.0,585.0,Polioptila caerulea,Blue-gray Gnatcatcher,0.4308,D:\Bird_Anuran_ARUs\RE03\SMM2-19_20260421_050400.wav
585.0,588.0,Polioptila caerulea,Blue-gray Gnatcatcher,0.8008,D:\Bird_Anuran_ARUs\RE03\SMM2-19_20260421_050400.wav
588.0,591.0,Polioptila caerulea,Blue-gray Gnatcatcher,0.4711,D:\Bird_Anuran_ARUs\RE03\SMM2-19_20260421_050400.wav
591.0,594.0,Polioptila caerulea,Blue-gray Gnatcatcher,0.9396,D:\Bird_Anuran_ARUs\RE03\SMM2-19_20260421_050400.wav
594.0,597.0,Polioptila caerulea,Blue-gray Gnatcatcher,0.3395,D:\Bird_Anuran_ARUs\RE03\SMM2-19_20260421_050400.wav
597.0,600.0,Polioptila caerulea,Blue-gray Gnatcatcher,0.8750,D:\Bird_Anuran_ARUs\RE03\SMM2-19_20260421_050400.wav
600.0,603.0,Polioptila caerulea,Blue-gray Gnatcatcher,0.3107,D:\Bird_Anuran_ARUs\RE03\SMM2-19_20260421_050400.wav
603.0,606.0,Polioptila caerulea,Blue-gray Gnatcatcher,0.4722,D:\Bird_Anuran_ARUs\RE03\SMM2-19_20260421_050400.wav
606.0,609.0,Polioptila caerulea,Blue-gray Gnatcatcher,0.8726,D:\Bird_Anuran_ARUs\RE03\SMM2-19_20260421_050400.wav
609.0,612.0,Poecile carolinensis,Carolina Chickadee,0.2731,D:\Bird_Anuran_ARUs\RE03\SMM2-19_20260421_050400.wav
609.0,612.0,Polioptila caerulea,Blue-gray Gnatcatcher,0.2672,D:\Bird_Anuran_ARUs\RE03\SMM2-19_20260421_050400.wav
615.0,618.0,Poecile carolinensis,Carolina Chickadee,0.3578,D:\Bird_Anuran_ARUs\RE03\SMM2-19_20260421_050400.wav
618.0,621.0,Polioptila caerulea,Blue-gray Gnatcatcher,0.4183,D:\Bird_Anuran_ARUs\RE03\SMM2-19_20260421_050400.wav
621.0,624.0,Polioptila caerulea,Blue-gray Gnatcatcher,0.3552,D:\Bird_Anuran_ARUs\RE03\SMM2-19_20260421_050400.wav
627.0,630.0,Polioptila caerulea,Blue-gray Gnatcatcher,0.2503,D:\Bird_Anuran_ARUs\RE03\SMM2-19_20260421_050400.wav
633.0,636.0,Poecile carolinensis,Carolina Chickadee,0.5725,D:\Bird_Anuran_ARUs\RE03\SMM2-19_20260421_050400.wav
636.0,639.0,Poecile carolinensis,Carolina Chickadee,0.4661,D:\Bird_Anuran_ARUs\RE03\SMM2-19_20260421_050400.wav
639.0,642.0,Poecile carolinensis,Carolina Chickadee,0.6336,D:\Bird_Anuran_ARUs\RE03\SMM2-19_20260421_050400.wav
639.0,642.0,Polioptila caerulea,Blue-gray Gnatcatcher,0.2683,D:\Bird_Anuran_ARUs\RE03\SMM2-19_20260421_050400.wav
645.0,648.0,Poecile carolinensis,Carolina Chickadee,0.3760,D:\Bird_Anuran_ARUs\RE03\SMM2-19_20260421_050400.wav
648.0,651.0,Poecile carolinensis,Carolina Chickadee,0.5595,D:\Bird_Anuran_ARUs\RE03\SMM2-19_20260421_050400.wav
651.0,654.0,Poecile carolinensis,Carolina Chickadee,0.9133,D:\Bird_Anuran_ARUs\RE03\SMM2-19_20260421_050400.wav
654.0,657.0,Poecile carolinensis,Carolina Chickadee,0.8497,D:\Bird_Anuran_ARUs\RE03\SMM2-19_20260421_050400.wav
657.0,660.0,Poecile carolinensis,Carolina Chickadee,0.9730,D:\Bird_Anuran_ARUs\RE03\SMM2-19_20260421_050400.wav
666.0,669.0,Polioptila caerulea,Blue-gray Gnatcatcher,0.2730,D:\Bird_Anuran_ARUs\RE03\SMM2-19_20260421_050400.wav
669.0,672.0,Polioptila caerulea,Blue-gray Gnatcatcher,0.7692,D:\Bird_Anuran_ARUs\RE03\SMM2-19_20260421_050400.wav
672.0,675.0,Polioptila caerulea,Blue-gray Gnatcatcher,0.8062,D:\Bird_Anuran_ARUs\RE03\SMM2-19_20260421_050400.wav
675.0,678.0,Polioptila caerulea,Blue-gray Gnatcatcher,0.5304,D:\Bird_Anuran_ARUs\RE03\SMM2-19_20260421_050400.wav
678.0,681.0,Polioptila caerulea,Blue-gray Gnatcatcher,0.7023,D:\Bird_Anuran_ARUs\RE03\SMM2-19_20260421_050400.wav
681.0,684.0,Polioptila caerulea,Blue-gray Gnatcatcher,0.8284,D:\Bird_Anuran_ARUs\RE03\SMM2-19_20260421_050400.wav
684.0,687.0,Polioptila caerulea,Blue-gray Gnatcatcher,0.7010,D:\Bird_Anuran_ARUs\RE03\SMM2-19_20260421_050400.wav
687.0,690.0,Polioptila caerulea,Blue-gray Gnatcatcher,0.9395,D:\Bird_Anuran_ARUs\RE03\SMM2-19_20260421_050400.wav
690.0,693.0,Polioptila caerulea,Blue-gray Gnatcatcher,0.3722,D:\Bird_Anuran_ARUs\RE03\SMM2-19_20260421_050400.wav
693.0,696.0,Polioptila caerulea,Blue-gray Gnatcatcher,0.5535,D:\Bird_Anuran_ARUs\RE03\SMM2-19_20260421_050400.wav
696.0,699.0,Polioptila caerulea,Blue-gray Gnatcatcher,0.8523,D:\Bird_Anuran_ARUs\RE03\SMM2-19_20260421_050400.wav
699.0,702.0,Polioptila caerulea,Blue-gray Gnatcatcher,0.7708,D:\Bird_Anuran_ARUs\RE03\SMM2-19_20260421_050400.wav
702.0,705.0,Polioptila caerulea,Blue-gray Gnatcatcher,0.5126,D:\Bird_Anuran_ARUs\RE03\SMM2-19_20260421_050400.wav
705.0,708.0,Polioptila caerulea,Blue-gray Gnatcatcher,0.5842,D:\Bird_Anuran_ARUs\RE03\SMM2-19_20260421_050400.wav
708.0,711.0,Polioptila caerulea,Blue-gray Gnatcatcher,0.6672,D:\Bird_Anuran_ARUs\RE03\SMM2-19_20260421_050400.wav
711.0,714.0,Polioptila caerulea,Blue-gray Gnatcatcher,0.8362,D:\Bird_Anuran_ARUs\RE03\SMM2-19_20260421_050400.wav
714.0,717.0,Polioptila caerulea,Blue-gray Gnatcatcher,0.5724,D:\Bird_Anuran_ARUs\RE03\SMM2-19_20260421_050400.wav
717.0,720.0,Polioptila caerulea,Blue-gray Gnatcatcher,0.4545,D:\Bird_Anuran_ARUs\RE03\SMM2-19_20260421_050400.wav
720.0,723.0,Polioptila caerulea,Blue-gray Gnatcatcher,0.8560,D:\Bird_Anuran_ARUs\RE03\SMM2-19_20260421_050400.wav
723.0,726.0,Polioptila caerulea,Blue-gray Gnatcatcher,0.6004,D:\Bird_Anuran_ARUs\RE03\SMM2-19_20260421_050400.wav
726.0,729.0,Polioptila caerulea,Blue-gray Gnatcatcher,0.2765,D:\Bird_Anuran_ARUs\RE03\SMM2-19_20260421_050400.wav
732.0,735.0,Polioptila caerulea,Blue-gray Gnatcatcher,0.4514,D:\Bird_Anuran_ARUs\RE03\SMM2-19_20260421_050400.wav
735.0,738.0,Polioptila caerulea,Blue-gray Gnatcatcher,0.6116,D:\Bird_Anuran_ARUs\RE03\SMM2-19_20260421_050400.wav
738.0,741.0,Polioptila caerulea,Blue-gray Gnatcatcher,0.8074,D:\Bird_Anuran_ARUs\RE03\SMM2-19_20260421_050400.wav
741.0,744.0,Polioptila caerulea,Blue-gray Gnatcatcher,0.4951,D:\Bird_Anuran_ARUs\RE03\SMM2-19_20260421_050400.wav
744.0,747.0,Polioptila caerulea,Blue-gray Gnatcatcher,0.4783,D:\Bird_Anuran_ARUs\RE03\SMM2-19_20260421_050400.wav
747.0,750.0,Polioptila caerulea,Blue-gray Gnatcatcher,0.4568,D:\Bird_Anuran_ARUs\RE03\SMM2-19_20260421_050400.wav
750.0,753.0,Polioptila caerulea,Blue-gray Gnatcatcher,0.3761,D:\Bird_Anuran_ARUs\RE03\SMM2-19_20260421_050400.wav
753.0,756.0,Polioptila caerulea,Blue-gray Gnatcatcher,0.4763,D:\Bird_Anuran_ARUs\RE03\SMM2-19_20260421_050400.wav
756.0,759.0,Polioptila caerulea,Blue-gray Gnatcatcher,0.4053,D:\Bird_Anuran_ARUs\RE03\SMM2-19_20260421_050400.wav
759.0,762.0,Polioptila caerulea,Blue-gray Gnatcatcher,0.6142,D:\Bird_Anuran_ARUs\RE03\SMM2-19_20260421_050400.wav
762.0,765.0,Polioptila caerulea,Blue-gray Gnatcatcher,0.4989,D:\Bird_Anuran_ARUs\RE03\SMM2-19_20260421_050400.wav
765.0,768.0,Polioptila caerulea,Blue-gray Gnatcatcher,0.4399,D:\Bird_Anuran_ARUs\RE03\SMM2-19_20260421_050400.wav
768.0,771.0,Polioptila caerulea,Blue-gray Gnatcatcher,0.7868,D:\Bird_Anuran_ARUs\RE03\SMM2-19_20260421_050400.wav
771.0,774.0,Polioptila caerulea,Blue-gray Gnatcatcher,0.7102,D:\Bird_Anuran_ARUs\RE03\SMM2-19_20260421_050400.wav
774.0,777.0,Polioptila caerulea,Blue-gray Gnatcatcher,0.4360,D:\Bird_Anuran_ARUs\RE03\SMM2-19_20260421_050400.wav
780.0,783.0,Polioptila caerulea,Blue-gray Gnatcatcher,0.5770,D:\Bird_Anuran_ARUs\RE03\SMM2-19_20260421_050400.wav
783.0,786.0,Polioptila caerulea,Blue-gray Gnatcatcher,0.7617,D:\Bird_Anuran_ARUs\RE03\SMM2-19_20260421_050400.wav
786.0,789.0,Polioptila caerulea,Blue-gray Gnatcatcher,0.6738,D:\Bird_Anuran_ARUs\RE03\SMM2-19_20260421_050400.wav
792.0,795.0,Polioptila caerulea,Blue-gray Gnatcatcher,0.4267,D:\Bird_Anuran_ARUs\RE03\SMM2-19_20260421_050400.wav
795.0,798.0,Polioptila caerulea,Blue-gray Gnatcatcher,0.3000,D:\Bird_Anuran_ARUs\RE03\SMM2-19_20260421_050400.wav
798.0,801.0,Polioptila caerulea,Blue-gray Gnatcatcher,0.3212,D:\Bird_Anuran_ARUs\RE03\SMM2-19_20260421_050400.wav
801.0,804.0,Polioptila caerulea,Blue-gray Gnatcatcher,0.2908,D:\Bird_Anuran_ARUs\RE03\SMM2-19_20260421_050400.wav
804.0,807.0,Polioptila caerulea,Blue-gray Gnatcatcher,0.4173,D:\Bird_Anuran_ARUs\RE03\SMM2-19_20260421_050400.wav
807.0,810.0,Polioptila caerulea,Blue-gray Gnatcatcher,0.4229,D:\Bird_Anuran_ARUs\RE03\SMM2-19_20260421_050400.wav
810.0,813.0,Polioptila caerulea,Blue-gray Gnatcatcher,0.3575,D:\Bird_Anuran_ARUs\RE03\SMM2-19_20260421_050400.wav
813.0,816.0,Polioptila caerulea,Blue-gray Gnatcatcher,0.2923,D:\Bird_Anuran_ARUs\RE03\SMM2-19_20260421_050400.wav
816.0,819.0,Polioptila caerulea,Blue-gray Gnatcatcher,0.4483,D:\Bird_Anuran_ARUs\RE03\SMM2-19_20260421_050400.wav
819.0,822.0,Polioptila caerulea,Blue-gray Gnatcatcher,0.5461,D:\Bird_Anuran_ARUs\RE03\SMM2-19_20260421_050400.wav
822.0,825.0,Polioptila caerulea,Blue-gray Gnatcatcher,0.6270,D:\Bird_Anuran_ARUs\RE03\SMM2-19_20260421_050400.wav
825.0,828.0,Polioptila caerulea,Blue-gray Gnatcatcher,0.4386,D:\Bird_Anuran_ARUs\RE03\SMM2-19_20260421_050400.wav
828.0,831.0,Polioptila caerulea,Blue-gray Gnatcatcher,0.4968,D:\Bird_Anuran_ARUs\RE03\SMM2-19_20260421_050400.wav
831.0,834.0,Polioptila caerulea,Blue-gray Gnatcatcher,0.5700,D:\Bird_Anuran_ARUs\RE03\SMM2-19_20260421_050400.wav
834.0,837.0,Polioptila caerulea,Blue-gray Gnatcatcher,0.6160,D:\Bird_Anuran_ARUs\RE03\SMM2-19_20260421_050400.wav
837.0,840.0,Polioptila caerulea,Blue-gray Gnatcatcher,0.2874,D:\Bird_Anuran_ARUs\RE03\SMM2-19_20260421_050400.wav
840.0,843.0,Polioptila caerulea,Blue-gray Gnatcatcher,0.7662,D:\Bird_Anuran_ARUs\RE03\SMM2-19_20260421_050400.wav
843.0,846.0,Polioptila caerulea,Blue-gray Gnatcatcher,0.8291,D:\Bird_Anuran_ARUs\RE03\SMM2-19_20260421_050400.wav
849.0,852.0,Polioptila caerulea,Blue-gray Gnatcatcher,0.7344,D:\Bird_Anuran_ARUs\RE03\SMM2-19_20260421_050400.wav
852.0,855.0,Polioptila caerulea,Blue-gray Gnatcatcher,0.5431,D:\Bird_Anuran_ARUs\RE03\SMM2-19_20260421_050400.wav
855.0,858.0,Polioptila caerulea,Blue-gray Gnatcatcher,0.5515,D:\Bird_Anuran_ARUs\RE03\SMM2-19_20260421_050400.wav
858.0,861.0,Polioptila caerulea,Blue-gray Gnatcatcher,0.5258,D:\Bird_Anuran_ARUs\RE03\SMM2-19_20260421_050400.wav
861.0,864.0,Polioptila caerulea,Blue-gray Gnatcatcher,0.3080,D:\Bird_Anuran_ARUs\RE03\SMM2-19_20260421_050400.wav
864.0,867.0,Polioptila caerulea,Blue-gray Gnatcatcher,0.6926,D:\Bird_Anuran_ARUs\RE03\SMM2-19_20260421_050400.wav
867.0,870.0,Polioptila caerulea,Blue-gray Gnatcatcher,0.3212,D:\Bird_Anuran_ARUs\RE03\SMM2-19_20260421_050400.wav
870.0,873.0,Polioptila caerulea,Blue-gray Gnatcatcher,0.6170,D:\Bird_Anuran_ARUs\RE03\SMM2-19_20260421_050400.wav
873.0,876.0,Polioptila caerulea,Blue-gray Gnatcatcher,0.4144,D:\Bird_Anuran_ARUs\RE03\SMM2-19_20260421_050400.wav
879.0,882.0,Polioptila caerulea,Blue-gray Gnatcatcher,0.3842,D:\Bird_Anuran_ARUs\RE03\SMM2-19_20260421_050400.wav
882.0,885.0,Polioptila caerulea,Blue-gray Gnatcatcher,0.5577,D:\Bird_Anuran_ARUs\RE03\SMM2-19_20260421_050400.wav
885.0,888.0,Polioptila caerulea,Blue-gray Gnatcatcher,0.3138,D:\Bird_Anuran_ARUs\RE03\SMM2-19_20260421_050400.wav
888.0,891.0,Polioptila caerulea,Blue-gray Gnatcatcher,0.4224,D:\Bird_Anuran_ARUs\RE03\SMM2-19_20260421_050400.wav
891.0,894.0,Polioptila caerulea,Blue-gray Gnatcatcher,0.8745,D:\Bird_Anuran_ARUs\RE03\SMM2-19_20260421_050400.wav
894.0,897.0,Polioptila caerulea,Blue-gray Gnatcatcher,0.5137,D:\Bird_Anuran_ARUs\RE03\SMM2-19_20260421_050400.wav
897.0,900.0,Polioptila caerulea,Blue-gray Gnatcatcher,0.5391,D:\Bird_Anuran_ARUs\RE03\SMM2-19_20260421_050400.wav
900.0,903.0,Polioptila caerulea,Blue-gray Gnatcatcher,0.5713,D:\Bird_Anuran_ARUs\RE03\SMM2-19_20260421_050400.wav
903.0,906.0,Polioptila caerulea,Blue-gray Gnatcatcher,0.4906,D:\Bird_Anuran_ARUs\RE03\SMM2-19_20260421_050400.wav
906.0,909.0,Polioptila caerulea,Blue-gray Gnatcatcher,0.6489,D:\Bird_Anuran_ARUs\RE03\SMM2-19_20260421_050400.wav
909.0,912.0,Polioptila caerulea,Blue-gray Gnatcatcher,0.2978,D:\Bird_Anuran_ARUs\RE03\SMM2-19_20260421_050400.wav
912.0,915.0,Polioptila caerulea,Blue-gray Gnatcatcher,0.4218,D:\Bird_Anuran_ARUs\RE03\SMM2-19_20260421_050400.wav
915.0,918.0,Polioptila caerulea,Blue-gray Gnatcatcher,0.4938,D:\Bird_Anuran_ARUs\RE03\SMM2-19_20260421_050400.wav
918.0,921.0,Polioptila caerulea,Blue-gray Gnatcatcher,0.4015,D:\Bird_Anuran_ARUs\RE03\SMM2-19_20260421_050400.wav
921.0,924.0,Polioptila caerulea,Blue-gray Gnatcatcher,0.4422,D:\Bird_Anuran_ARUs\RE03\SMM2-19_20260421_050400.wav
924.0,927.0,Polioptila caerulea,Blue-gray Gnatcatcher,0.4801,D:\Bird_Anuran_ARUs\RE03\SMM2-19_20260421_050400.wav
927.0,930.0,Polioptila caerulea,Blue-gray Gnatcatcher,0.5241,D:\Bird_Anuran_ARUs\RE03\SMM2-19_20260421_050400.wav
933.0,936.0,Polioptila caerulea,Blue-gray Gnatcatcher,0.8197,D:\Bird_Anuran_ARUs\RE03\SMM2-19_20260421_050400.wav
936.0,939.0,Polioptila caerulea,Blue-gray Gnatcatcher,0.4350,D:\Bird_Anuran_ARUs\RE03\SMM2-19_20260421_050400.wav
939.0,942.0,Polioptila caerulea,Blue-gray Gnatcatcher,0.3745,D:\Bird_Anuran_ARUs\RE03\SMM2-19_20260421_050400.wav
942.0,945.0,Polioptila caerulea,Blue-gray Gnatcatcher,0.5777,D:\Bird_Anuran_ARUs\RE03\SMM2-19_20260421_050400.wav
945.0,948.0,Polioptila caerulea,Blue-gray Gnatcatcher,0.8057,D:\Bird_Anuran_ARUs\RE03\SMM2-19_20260421_050400.wav
948.0,951.0,Polioptila caerulea,Blue-gray Gnatcatcher,0.7114,D:\Bird_Anuran_ARUs\RE03\SMM2-19_20260421_050400.wav
951.0,954.0,Polioptila caerulea,Blue-gray Gnatcatcher,0.6405,D:\Bird_Anuran_ARUs\RE03\SMM2-19_20260421_050400.wav
954.0,957.0,Polioptila caerulea,Blue-gray Gnatcatcher,0.6991,D:\Bird_Anuran_ARUs\RE03\SMM2-19_20260421_050400.wav
957.0,960.0,Polioptila caerulea,Blue-gray Gnatcatcher,0.8828,D:\Bird_Anuran_ARUs\RE03\SMM2-19_20260421_050400.wav
960.0,963.0,Polioptila caerulea,Blue-gray Gnatcatcher,0.4351,D:\Bird_Anuran_ARUs\RE03\SMM2-19_20260421_050400.wav
963.0,966.0,Polioptila caerulea,Blue-gray Gnatcatcher,0.7513,D:\Bird_Anuran_ARUs\RE03\SMM2-19_20260421_050400.wav
966.0,969.0,Polioptila caerulea,Blue-gray Gnatcatcher,0.5936,D:\Bird_Anuran_ARUs\RE03\SMM2-19_20260421_050400.wav
969.0,972.0,Polioptila caerulea,Blue-gray Gnatcatcher,0.6840,D:\Bird_Anuran_ARUs\RE03\SMM2-19_20260421_050400.wav
972.0,975.0,Polioptila caerulea,Blue-gray Gnatcatcher,0.5664,D:\Bird_Anuran_ARUs\RE03\SMM2-19_20260421_050400.wav
975.0,978.0,Polioptila caerulea,Blue-gray Gnatcatcher,0.3112,D:\Bird_Anuran_ARUs\RE03\SMM2-19_20260421_050400.wav
978.0,981.0,Polioptila caerulea,Blue-gray Gnatcatcher,0.8103,D:\Bird_Anuran_ARUs\RE03\SMM2-19_20260421_050400.wav
981.0,984.0,Polioptila caerulea,Blue-gray Gnatcatcher,0.5981,D:\Bird_Anuran_ARUs\RE03\SMM2-19_20260421_050400.wav
984.0,987.0,Polioptila caerulea,Blue-gray Gnatcatcher,0.8340,D:\Bird_Anuran_ARUs\RE03\SMM2-19_20260421_050400.wav
987.0,990.0,Polioptila caerulea,Blue-gray Gnatcatcher,0.5928,D:\Bird_Anuran_ARUs\RE03\SMM2-19_20260421_050400.wav
990.0,993.0,Polioptila caerulea,Blue-gray Gnatcatcher,0.6492,D:\Bird_Anuran_ARUs\RE03\SMM2-19_20260421_050400.wav
993.0,996.0,Polioptila caerulea,Blue-gray Gnatcatcher,0.5490,D:\Bird_Anuran_ARUs\RE03\SMM2-19_20260421_050400.wav
996.0,999.0,Polioptila caerulea,Blue-gray Gnatcatcher,0.5512,D:\Bird_Anuran_ARUs\RE03\SMM2-19_20260421_050400.wav
999.0,1002.0,Polioptila caerulea,Blue-gray Gnatcatcher,0.5484,D:\Bird_Anuran_ARUs\RE03\SMM2-19_20260421_050400.wav
1002.0,1005.0,Polioptila caerulea,Blue-gray Gnatcatcher,0.7683,D:\Bird_Anuran_ARUs\RE03\SMM2-19_20260421_050400.wav
1005.0,1008.0,Polioptila caerulea,Blue-gray Gnatcatcher,0.3128,D:\Bird_Anuran_ARUs\RE03\SMM2-19_20260421_050400.wav
1008.0,1011.0,Polioptila caerulea,Blue-gray Gnatcatcher,0.8205,D:\Bird_Anuran_ARUs\RE03\SMM2-19_20260421_050400.wav
1011.0,1014.0,Polioptila caerulea,Blue-gray Gnatcatcher,0.9083,D:\Bird_Anuran_ARUs\RE03\SMM2-19_20260421_050400.wav
1014.0,1017.0,Polioptila caerulea,Blue-gray Gnatcatcher,0.5681,D:\Bird_Anuran_ARUs\RE03\SMM2-19_20260421_050400.wav
1017.0,1020.0,Polioptila caerulea,Blue-gray Gnatcatcher,0.7761,D:\Bird_Anuran_ARUs\RE03\SMM2-19_20260421_050400.wav
1020.0,1023.0,Polioptila caerulea,Blue-gray Gnatcatcher,0.3625,D:\Bird_Anuran_ARUs\RE03\SMM2-19_20260421_050400.wav
1023.0,1026.0,Polioptila caerulea,Blue-gray Gnatcatcher,0.2874,D:\Bird_Anuran_ARUs\RE03\SMM2-19_20260421_050400.wav
1026.0,1029.0,Polioptila caerulea,Blue-gray Gnatcatcher,0.4847,D:\Bird_Anuran_ARUs\RE03\SMM2-19_20260421_050400.wav
1026.0,1029.0,Vireo griseus,White-eyed Vireo,0.2578,D:\Bird_Anuran_ARUs\RE03\SMM2-19_20260421_050400.wav
1029.0,1032.0,Polioptila caerulea,Blue-gray Gnatcatcher,0.3665,D:\Bird_Anuran_ARUs\RE03\SMM2-19_20260421_050400.wav
1032.0,1035.0,Vireo griseus,White-eyed Vireo,0.3862,D:\Bird_Anuran_ARUs\RE03\SMM2-19_20260421_050400.wav
1032.0,1035.0,Polioptila caerulea,Blue-gray Gnatcatcher,0.3075,D:\Bird_Anuran_ARUs\RE03\SMM2-19_20260421_050400.wav
1035.0,1038.0,Polioptila caerulea,Blue-gray Gnatcatcher,0.5158,D:\Bird_Anuran_ARUs\RE03\SMM2-19_20260421_050400.wav
1038.0,1041.0,Polioptila caerulea,Blue-gray Gnatcatcher,0.6189,D:\Bird_Anuran_ARUs\RE03\SMM2-19_20260421_050400.wav
1041.0,1044.0,Polioptila caerulea,Blue-gray Gnatcatcher,0.5625,D:\Bird_Anuran_ARUs\RE03\SMM2-19_20260421_050400.wav
1044.0,1047.0,Polioptila caerulea,Blue-gray Gnatcatcher,0.8491,D:\Bird_Anuran_ARUs\RE03\SMM2-19_20260421_050400.wav
1047.0,1050.0,Polioptila caerulea,Blue-gray Gnatcatcher,0.6930,D:\Bird_Anuran_ARUs\RE03\SMM2-19_20260421_050400.wav
1050.0,1053.0,Polioptila caerulea,Blue-gray Gnatcatcher,0.7111,D:\Bird_Anuran_ARUs\RE03\SMM2-19_20260421_050400.wav
1053.0,1056.0,Polioptila caerulea,Blue-gray Gnatcatcher,0.6783,D:\Bird_Anuran_ARUs\RE03\SMM2-19_20260421_050400.wav
1056.0,1059.0,Polioptila caerulea,Blue-gray Gnatcatcher,0.3140,D:\Bird_Anuran_ARUs\RE03\SMM2-19_20260421_050400.wav
1059.0,1062.0,Corvus brachyrhynchos,American Crow,0.4406,D:\Bird_Anuran_ARUs\RE03\SMM2-19_20260421_050400.wav
1065.0,1068.0,Polioptila caerulea,Blue-gray Gnatcatcher,0.2681,D:\Bird_Anuran_ARUs\RE03\SMM2-19_20260421_050400.wav
1068.0,1071.0,Corvus brachyrhynchos,American Crow,0.5114,D:\Bird_Anuran_ARUs\RE03\SMM2-19_20260421_050400.wav
1068.0,1071.0,Polioptila caerulea,Blue-gray Gnatcatcher,0.4834,D:\Bird_Anuran_ARUs\RE03\SMM2-19_20260421_050400.wav
1071.0,1074.0,Corvus brachyrhynchos,American Crow,0.9145,D:\Bird_Anuran_ARUs\RE03\SMM2-19_20260421_050400.wav
1074.0,1077.0,Corvus brachyrhynchos,American Crow,0.4682,D:\Bird_Anuran_ARUs\RE03\SMM2-19_20260421_050400.wav
1074.0,1077.0,Polioptila caerulea,Blue-gray Gnatcatcher,0.3653,D:\Bird_Anuran_ARUs\RE03\SMM2-19_20260421_050400.wav
1077.0,1080.0,Corvus brachyrhynchos,American Crow,0.7457,D:\Bird_Anuran_ARUs\RE03\SMM2-19_20260421_050400.wav
1077.0,1080.0,Polioptila caerulea,Blue-gray Gnatcatcher,0.4335,D:\Bird_Anuran_ARUs\RE03\SMM2-19_20260421_050400.wav
1080.0,1083.0,Corvus brachyrhynchos,American Crow,0.7037,D:\Bird_Anuran_ARUs\RE03\SMM2-19_20260421_050400.wav
1080.0,1083.0,Polioptila caerulea,Blue-gray Gnatcatcher,0.4282,D:\Bird_Anuran_ARUs\RE03\SMM2-19_20260421_050400.wav
1083.0,1086.0,Corvus brachyrhynchos,American Crow,0.6305,D:\Bird_Anuran_ARUs\RE03\SMM2-19_20260421_050400.wav
1083.0,1086.0,Polioptila caerulea,Blue-gray Gnatcatcher,0.4327,D:\Bird_Anuran_ARUs\RE03\SMM2-19_20260421_050400.wav
1086.0,1089.0,Polioptila caerulea,Blue-gray Gnatcatcher,0.6004,D:\Bird_Anuran_ARUs\RE03\SMM2-19_20260421_050400.wav
1086.0,1089.0,Corvus brachyrhynchos,American Crow,0.4952,D:\Bird_Anuran_ARUs\RE03\SMM2-19_20260421_050400.wav
1089.0,1092.0,Polioptila caerulea,Blue-gray Gnatcatcher,0.3826,D:\Bird_Anuran_ARUs\RE03\SMM2-19_20260421_050400.wav
1092.0,1095.0,Corvus brachyrhynchos,American Crow,0.9419,D:\Bird_Anuran_ARUs\RE03\SMM2-19_20260421_050400.wav
1092.0,1095.0,Polioptila caerulea,Blue-gray Gnatcatcher,0.4831,D:\Bird_Anuran_ARUs\RE03\SMM2-19_20260421_050400.wav
1095.0,1098.0,Corvus brachyrhynchos,American Crow,0.8377,D:\Bird_Anuran_ARUs\RE03\SMM2-19_20260421_050400.wav
1095.0,1098.0,Polioptila caerulea,Blue-gray Gnatcatcher,0.4330,D:\Bird_Anuran_ARUs\RE03\SMM2-19_20260421_050400.wav
1098.0,1101.0,Corvus brachyrhynchos,American Crow,0.7420,D:\Bird_Anuran_ARUs\RE03\SMM2-19_20260421_050400.wav
1098.0,1101.0,Polioptila caerulea,Blue-gray Gnatcatcher,0.5876,D:\Bird_Anuran_ARUs\RE03\SMM2-19_20260421_050400.wav
1101.0,1104.0,Corvus brachyrhynchos,American Crow,0.5583,D:\Bird_Anuran_ARUs\RE03\SMM2-19_20260421_050400.wav
1104.0,1107.0,Corvus brachyrhynchos,American Crow,0.3449,D:\Bird_Anuran_ARUs\RE03\SMM2-19_20260421_050400.wav
1107.0,1110.0,Polioptila caerulea,Blue-gray Gnatcatcher,0.6416,D:\Bird_Anuran_ARUs\RE03\SMM2-19_20260421_050400.wav
1110.0,1113.0,Polioptila caerulea,Blue-gray Gnatcatcher,0.4641,D:\Bird_Anuran_ARUs\RE03\SMM2-19_20260421_050400.wav
1113.0,1116.0,Polioptila caerulea,Blue-gray Gnatcatcher,0.6174,D:\Bird_Anuran_ARUs\RE03\SMM2-19_20260421_050400.wav
1116.0,1119.0,Polioptila caerulea,Blue-gray Gnatcatcher,0.5056,D:\Bird_Anuran_ARUs\RE03\SMM2-19_20260421_050400.wav
1119.0,1122.0,Polioptila caerulea,Blue-gray Gnatcatcher,0.6559,D:\Bird_Anuran_ARUs\RE03\SMM2-19_20260421_050400.wav
1119.0,1122.0,Corvus brachyrhynchos,American Crow,0.3885,D:\Bird_Anuran_ARUs\RE03\SMM2-19_20260421_050400.wav
1122.0,1125.0,Polioptila caerulea,Blue-gray Gnatcatcher,0.5022,D:\Bird_Anuran_ARUs\RE03\SMM2-19_20260421_050400.wav
1122.0,1125.0,Corvus brachyrhynchos,American Crow,0.3645,D:\Bird_Anuran_ARUs\RE03\SMM2-19_20260421_050400.wav
1125.0,1128.0,Corvus brachyrhynchos,American Crow,0.6592,D:\Bird_Anuran_ARUs\RE03\SMM2-19_20260421_050400.wav
1128.0,1131.0,Polioptila caerulea,Blue-gray Gnatcatcher,0.4685,D:\Bird_Anuran_ARUs\RE03\SMM2-19_20260421_050400.wav
1128.0,1131.0,Corvus brachyrhynchos,American Crow,0.4575,D:\Bird_Anuran_ARUs\RE03\SMM2-19_20260421_050400.wav
1134.0,1137.0,Corvus brachyrhynchos,American Crow,0.6949,D:\Bird_Anuran_ARUs\RE03\SMM2-19_20260421_050400.wav
1134.0,1137.0,Polioptila caerulea,Blue-gray Gnatcatcher,0.4293,D:\Bird_Anuran_ARUs\RE03\SMM2-19_20260421_050400.wav
1137.0,1140.0,Polioptila caerulea,Blue-gray Gnatcatcher,0.5288,D:\Bird_Anuran_ARUs\RE03\SMM2-19_20260421_050400.wav
1140.0,1143.0,Polioptila caerulea,Blue-gray Gnatcatcher,0.3455,D:\Bird_Anuran_ARUs\RE03\SMM2-19_20260421_050400.wav
1143.0,1146.0,Polioptila caerulea,Blue-gray Gnatcatcher,0.2608,D:\Bird_Anuran_ARUs\RE03\SMM2-19_20260421_050400.wav
1146.0,1149.0,Corvus brachyrhynchos,American Crow,0.2971,D:\Bird_Anuran_ARUs\RE03\SMM2-19_20260421_050400.wav
1149.0,1152.0,Polioptila caerulea,Blue-gray Gnatcatcher,0.6951,D:\Bird_Anuran_ARUs\RE03\SMM2-19_20260421_050400.wav
1152.0,1155.0,Vireo griseus,White-eyed Vireo,0.4769,D:\Bird_Anuran_ARUs\RE03\SMM2-19_20260421_050400.wav
1152.0,1155.0,Corvus brachyrhynchos,American Crow,0.3629,D:\Bird_Anuran_ARUs\RE03\SMM2-19_20260421_050400.wav
1155.0,1158.0,Polioptila caerulea,Blue-gray Gnatcatcher,0.5180,D:\Bird_Anuran_ARUs\RE03\SMM2-19_20260421_050400.wav
1158.0,1161.0,Corvus brachyrhynchos,American Crow,0.8071,D:\Bird_Anuran_ARUs\RE03\SMM2-19_20260421_050400.wav
1158.0,1161.0,Vireo griseus,White-eyed Vireo,0.3893,D:\Bird_Anuran_ARUs\RE03\SMM2-19_20260421_050400.wav
1164.0,1167.0,Polioptila caerulea,Blue-gray Gnatcatcher,0.3085,D:\Bird_Anuran_ARUs\RE03\SMM2-19_20260421_050400.wav
1167.0,1170.0,Polioptila caerulea,Blue-gray Gnatcatcher,0.4554,D:\Bird_Anuran_ARUs\RE03\SMM2-19_20260421_050400.wav
1170.0,1173.0,Polioptila caerulea,Blue-gray Gnatcatcher,0.3422,D:\Bird_Anuran_ARUs\RE03\SMM2-19_20260421_050400.wav
1173.0,1176.0,Corvus brachyrhynchos,American Crow,0.5759,D:\Bird_Anuran_ARUs\RE03\SMM2-19_20260421_050400.wav
1176.0,1179.0,Corvus brachyrhynchos,American Crow,0.8628,D:\Bird_Anuran_ARUs\RE03\SMM2-19_20260421_050400.wav
1176.0,1179.0,Polioptila caerulea,Blue-gray Gnatcatcher,0.4144,D:\Bird_Anuran_ARUs\RE03\SMM2-19_20260421_050400.wav
1179.0,1182.0,Corvus brachyrhynchos,American Crow,0.8412,D:\Bird_Anuran_ARUs\RE03\SMM2-19_20260421_050400.wav
1182.0,1185.0,Corvus brachyrhynchos,American Crow,0.4829,D:\Bird_Anuran_ARUs\RE03\SMM2-19_20260421_050400.wav
1185.0,1188.0,Corvus brachyrhynchos,American Crow,0.8138,D:\Bird_Anuran_ARUs\RE03\SMM2-19_20260421_050400.wav
1185.0,1188.0,Polioptila caerulea,Blue-gray Gnatcatcher,0.4684,D:\Bird_Anuran_ARUs\RE03\SMM2-19_20260421_050400.wav
1188.0,1191.0,Polioptila caerulea,Blue-gray Gnatcatcher,0.4235,D:\Bird_Anuran_ARUs\RE03\SMM2-19_20260421_050400.wav
1188.0,1191.0,Corvus brachyrhynchos,American Crow,0.3818,D:\Bird_Anuran_ARUs\RE03\SMM2-19_20260421_050400.wav
1191.0,1194.0,Corvus brachyrhynchos,American Crow,0.5921,D:\Bird_Anuran_ARUs\RE03\SMM2-19_20260421_050400.wav
1191.0,1194.0,Polioptila caerulea,Blue-gray Gnatcatcher,0.5778,D:\Bird_Anuran_ARUs\RE03\SMM2-19_20260421_050400.wav
1194.0,1197.0,Corvus brachyrhynchos,American Crow,0.6824,D:\Bird_Anuran_ARUs\RE03\SMM2-19_20260421_050400.wav
1194.0,1197.0,Polioptila caerulea,Blue-gray Gnatcatcher,0.5618,D:\Bird_Anuran_ARUs\RE03\SMM2-19_20260421_050400.wav
1197.0,1200.0,Corvus brachyrhynchos,American Crow,0.6931,D:\Bird_Anuran_ARUs\RE03\SMM2-19_20260421_050400.wav
1197.0,1200.0,Polioptila caerulea,Blue-gray Gnatcatcher,0.2803,D:\Bird_Anuran_ARUs\RE03\SMM2-19_20260421_050400.wav
1200.0,1203.0,Polioptila caerulea,Blue-gray Gnatcatcher,0.4505,D:\Bird_Anuran_ARUs\RE03\SMM2-19_20260421_050400.wav
1203.0,1206.0,Polioptila caerulea,Blue-gray Gnatcatcher,0.7164,D:\Bird_Anuran_ARUs\RE03\SMM2-19_20260421_050400.wav
1206.0,1209.0,Polioptila caerulea,Blue-gray Gnatcatcher,0.8208,D:\Bird_Anuran_ARUs\RE03\SMM2-19_20260421_050400.wav
1209.0,1212.0,Corvus brachyrhynchos,American Crow,0.9821,D:\Bird_Anuran_ARUs\RE03\SMM2-19_20260421_050400.wav
1209.0,1212.0,Polioptila caerulea,Blue-gray Gnatcatcher,0.5218,D:\Bird_Anuran_ARUs\RE03\SMM2-19_20260421_050400.wav
1212.0,1215.0,Corvus brachyrhynchos,American Crow,0.7065,D:\Bird_Anuran_ARUs\RE03\SMM2-19_20260421_050400.wav
1212.0,1215.0,Polioptila caerulea,Blue-gray Gnatcatcher,0.5111,D:\Bird_Anuran_ARUs\RE03\SMM2-19_20260421_050400.wav
1215.0,1218.0,Polioptila caerulea,Blue-gray Gnatcatcher,0.3610,D:\Bird_Anuran_ARUs\RE03\SMM2-19_20260421_050400.wav
1218.0,1221.0,Corvus brachyrhynchos,American Crow,0.8405,D:\Bird_Anuran_ARUs\RE03\SMM2-19_20260421_050400.wav
1218.0,1221.0,Polioptila caerulea,Blue-gray Gnatcatcher,0.4695,D:\Bird_Anuran_ARUs\RE03\SMM2-19_20260421_050400.wav
1221.0,1224.0,Polioptila caerulea,Blue-gray Gnatcatcher,0.6037,D:\Bird_Anuran_ARUs\RE03\SMM2-19_20260421_050400.wav
1224.0,1227.0,Corvus brachyrhynchos,American Crow,0.5069,D:\Bird_Anuran_ARUs\RE03\SMM2-19_20260421_050400.wav
1224.0,1227.0,Polioptila caerulea,Blue-gray Gnatcatcher,0.3249,D:\Bird_Anuran_ARUs\RE03\SMM2-19_20260421_050400.wav
1227.0,1230.0,Corvus brachyrhynchos,American Crow,0.8946,D:\Bird_Anuran_ARUs\RE03\SMM2-19_20260421_050400.wav
1230.0,1233.0,Corvus brachyrhynchos,American Crow,0.5686,D:\Bird_Anuran_ARUs\RE03\SMM2-19_20260421_050400.wav
1233.0,1236.0,Vireo griseus,White-eyed Vireo,0.6214,D:\Bird_Anuran_ARUs\RE03\SMM2-19_20260421_050400.wav
1236.0,1239.0,Polioptila caerulea,Blue-gray Gnatcatcher,0.3849,D:\Bird_Anuran_ARUs\RE03\SMM2-19_20260421_050400.wav
1239.0,1242.0,Polioptila caerulea,Blue-gray Gnatcatcher,0.6119,D:\Bird_Anuran_ARUs\RE03\SMM2-19_20260421_050400.wav
1242.0,1245.0,Polioptila caerulea,Blue-gray Gnatcatcher,0.5014,D:\Bird_Anuran_ARUs\RE03\SMM2-19_20260421_050400.wav
1248.0,1251.0,Polioptila caerulea,Blue-gray Gnatcatcher,0.2951,D:\Bird_Anuran_ARUs\RE03\SMM2-19_20260421_050400.wav
1251.0,1254.0,Corvus brachyrhynchos,American Crow,0.3222,D:\Bird_Anuran_ARUs\RE03\SMM2-19_20260421_050400.wav
1251.0,1254.0,Polioptila caerulea,Blue-gray Gnatcatcher,0.3149,D:\Bird_Anuran_ARUs\RE03\SMM2-19_20260421_050400.wav
1254.0,1257.0,Corvus brachyrhynchos,American Crow,0.8282,D:\Bird_Anuran_ARUs\RE03\SMM2-19_20260421_050400.wav
1257.0,1260.0,Polioptila caerulea,Blue-gray Gnatcatcher,0.3407,D:\Bird_Anuran_ARUs\RE03\SMM2-19_20260421_050400.wav
1260.0,1263.0,Corvus brachyrhynchos,American Crow,0.6830,D:\Bird_Anuran_ARUs\RE03\SMM2-19_20260421_050400.wav
1260.0,1263.0,Polioptila caerulea,Blue-gray Gnatcatcher,0.3636,D:\Bird_Anuran_ARUs\RE03\SMM2-19_20260421_050400.wav
1272.0,1275.0,Vireo griseus,White-eyed Vireo,0.5196,D:\Bird_Anuran_ARUs\RE03\SMM2-19_20260421_050400.wav
1272.0,1275.0,Polioptila caerulea,Blue-gray Gnatcatcher,0.4889,D:\Bird_Anuran_ARUs\RE03\SMM2-19_20260421_050400.wav
1275.0,1278.0,Vireo griseus,White-eyed Vireo,0.4203,D:\Bird_Anuran_ARUs\RE03\SMM2-19_20260421_050400.wav
1275.0,1278.0,Polioptila caerulea,Blue-gray Gnatcatcher,0.3485,D:\Bird_Anuran_ARUs\RE03\SMM2-19_20260421_050400.wav
1278.0,1281.0,Polioptila caerulea,Blue-gray Gnatcatcher,0.5061,D:\Bird_Anuran_ARUs\RE03\SMM2-19_20260421_050400.wav
1278.0,1281.0,Vireo griseus,White-eyed Vireo,0.4806,D:\Bird_Anuran_ARUs\RE03\SMM2-19_20260421_050400.wav
1284.0,1287.0,Polioptila caerulea,Blue-gray Gnatcatcher,0.5007,D:\Bird_Anuran_ARUs\RE03\SMM2-19_20260421_050400.wav
1287.0,1290.0,Polioptila caerulea,Blue-gray Gnatcatcher,0.2963,D:\Bird_Anuran_ARUs\RE03\SMM2-19_20260421_050400.wav
1290.0,1293.0,Vireo griseus,White-eyed Vireo,0.6426,D:\Bird_Anuran_ARUs\RE03\SMM2-19_20260421_050400.wav
1290.0,1293.0,Polioptila caerulea,Blue-gray Gnatcatcher,0.3975,D:\Bird_Anuran_ARUs\RE03\SMM2-19_20260421_050400.wav
1293.0,1296.0,Polioptila caerulea,Blue-gray Gnatcatcher,0.5269,D:\Bird_Anuran_ARUs\RE03\SMM2-19_20260421_050400.wav
1296.0,1299.0,Polioptila caerulea,Blue-gray Gnatcatcher,0.3391,D:\Bird_Anuran_ARUs\RE03\SMM2-19_20260421_050400.wav
1296.0,1299.0,Vireo griseus,White-eyed Vireo,0.3351,D:\Bird_Anuran_ARUs\RE03\SMM2-19_20260421_050400.wav
1299.0,1302.0,Polioptila caerulea,Blue-gray Gnatcatcher,0.2914,D:\Bird_Anuran_ARUs\RE03\SMM2-19_20260421_050400.wav
1302.0,1305.0,Polioptila caerulea,Blue-gray Gnatcatcher,0.3171,D:\Bird_Anuran_ARUs\RE03\SMM2-19_20260421_050400.wav
1302.0,1305.0,Vireo griseus,White-eyed Vireo,0.2755,D:\Bird_Anuran_ARUs\RE03\SMM2-19_20260421_050400.wav
1305.0,1308.0,Polioptila caerulea,Blue-gray Gnatcatcher,0.7283,D:\Bird_Anuran_ARUs\RE03\SMM2-19_20260421_050400.wav
1308.0,1311.0,Vireo griseus,White-eyed Vireo,0.4716,D:\Bird_Anuran_ARUs\RE03\SMM2-19_20260421_050400.wav
1308.0,1311.0,Polioptila caerulea,Blue-gray Gnatcatcher,0.4165,D:\Bird_Anuran_ARUs\RE03\SMM2-19_20260421_050400.wav
1314.0,1317.0,Corvus brachyrhynchos,American Crow,0.3083,D:\Bird_Anuran_ARUs\RE03\SMM2-19_20260421_050400.wav
1314.0,1317.0,Vireo griseus,White-eyed Vireo,0.3003,D:\Bird_Anuran_ARUs\RE03\SMM2-19_20260421_050400.wav
1317.0,1320.0,Corvus brachyrhynchos,American Crow,0.6480,D:\Bird_Anuran_ARUs\RE03\SMM2-19_20260421_050400.wav
1317.0,1320.0,Polioptila caerulea,Blue-gray Gnatcatcher,0.5844,D:\Bird_Anuran_ARUs\RE03\SMM2-19_20260421_050400.wav
1320.0,1323.0,Polioptila caerulea,Blue-gray Gnatcatcher,0.7937,D:\Bird_Anuran_ARUs\RE03\SMM2-19_20260421_050400.wav
1323.0,1326.0,Corvus brachyrhynchos,American Crow,0.9837,D:\Bird_Anuran_ARUs\RE03\SMM2-19_20260421_050400.wav
1323.0,1326.0,Pipilo erythrophthalmus,Eastern Towhee,0.4909,D:\Bird_Anuran_ARUs\RE03\SMM2-19_20260421_050400.wav
1323.0,1326.0,Polioptila caerulea,Blue-gray Gnatcatcher,0.3680,D:\Bird_Anuran_ARUs\RE03\SMM2-19_20260421_050400.wav
1326.0,1329.0,Corvus brachyrhynchos,American Crow,0.9124,D:\Bird_Anuran_ARUs\RE03\SMM2-19_20260421_050400.wav
1326.0,1329.0,Pipilo erythrophthalmus,Eastern Towhee,0.3580,D:\Bird_Anuran_ARUs\RE03\SMM2-19_20260421_050400.wav
1329.0,1332.0,Corvus brachyrhynchos,American Crow,0.7343,D:\Bird_Anuran_ARUs\RE03\SMM2-19_20260421_050400.wav
1329.0,1332.0,Vireo griseus,White-eyed Vireo,0.4701,D:\Bird_Anuran_ARUs\RE03\SMM2-19_20260421_050400.wav
1332.0,1335.0,Vireo griseus,White-eyed Vireo,0.4049,D:\Bird_Anuran_ARUs\RE03\SMM2-19_20260421_050400.wav
1335.0,1338.0,Vireo griseus,White-eyed Vireo,0.4889,D:\Bird_Anuran_ARUs\RE03\SMM2-19_20260421_050400.wav
1335.0,1338.0,Polioptila caerulea,Blue-gray Gnatcatcher,0.3796,D:\Bird_Anuran_ARUs\RE03\SMM2-19_20260421_050400.wav
1338.0,1341.0,Polioptila caerulea,Blue-gray Gnatcatcher,0.6895,D:\Bird_Anuran_ARUs\RE03\SMM2-19_20260421_050400.wav
1338.0,1341.0,Corvus brachyrhynchos,American Crow,0.2674,D:\Bird_Anuran_ARUs\RE03\SMM2-19_20260421_050400.wav
1341.0,1344.0,Polioptila caerulea,Blue-gray Gnatcatcher,0.7512,D:\Bird_Anuran_ARUs\RE03\SMM2-19_20260421_050400.wav
1344.0,1347.0,Polioptila caerulea,Blue-gray Gnatcatcher,0.4798,D:\Bird_Anuran_ARUs\RE03\SMM2-19_20260421_050400.wav
1347.0,1350.0,Corvus brachyrhynchos,American Crow,0.6053,D:\Bird_Anuran_ARUs\RE03\SMM2-19_20260421_050400.wav
1350.0,1353.0,Polioptila caerulea,Blue-gray Gnatcatcher,0.3546,D:\Bird_Anuran_ARUs\RE03\SMM2-19_20260421_050400.wav
1353.0,1356.0,Polioptila caerulea,Blue-gray Gnatcatcher,0.3536,D:\Bird_Anuran_ARUs\RE03\SMM2-19_20260421_050400.wav
1356.0,1359.0,Polioptila caerulea,Blue-gray Gnatcatcher,0.8189,D:\Bird_Anuran_ARUs\RE03\SMM2-19_20260421_050400.wav
1359.0,1362.0,Polioptila caerulea,Blue-gray Gnatcatcher,0.4789,D:\Bird_Anuran_ARUs\RE03\SMM2-19_20260421_050400.wav
1362.0,1365.0,Polioptila caerulea,Blue-gray Gnatcatcher,0.7564,D:\Bird_Anuran_ARUs\RE03\SMM2-19_20260421_050400.wav
1362.0,1365.0,Corvus brachyrhynchos,American Crow,0.5404,D:\Bird_Anuran_ARUs\RE03\SMM2-19_20260421_050400.wav
1365.0,1368.0,Polioptila caerulea,Blue-gray Gnatcatcher,0.4683,D:\Bird_Anuran_ARUs\RE03\SMM2-19_20260421_050400.wav
1368.0,1371.0,Corvus brachyrhynchos,American Crow,0.6676,D:\Bird_Anuran_ARUs\RE03\SMM2-19_20260421_050400.wav
1368.0,1371.0,Polioptila caerulea,Blue-gray Gnatcatcher,0.3706,D:\Bird_Anuran_ARUs\RE03\SMM2-19_20260421_050400.wav
1371.0,1374.0,Polioptila caerulea,Blue-gray Gnatcatcher,0.6435,D:\Bird_Anuran_ARUs\RE03\SMM2-19_20260421_050400.wav
1374.0,1377.0,Polioptila caerulea,Blue-gray Gnatcatcher,0.9017,D:\Bird_Anuran_ARUs\RE03\SMM2-19_20260421_050400.wav
1377.0,1380.0,Polioptila caerulea,Blue-gray Gnatcatcher,0.5960,D:\Bird_Anuran_ARUs\RE03\SMM2-19_20260421_050400.wav
1377.0,1380.0,Corvus brachyrhynchos,American Crow,0.4123,D:\Bird_Anuran_ARUs\RE03\SMM2-19_20260421_050400.wav
1380.0,1383.0,Polioptila caerulea,Blue-gray Gnatcatcher,0.7762,D:\Bird_Anuran_ARUs\RE03\SMM2-19_20260421_050400.wav
1383.0,1386.0,Polioptila caerulea,Blue-gray Gnatcatcher,0.7745,D:\Bird_Anuran_ARUs\RE03\SMM2-19_20260421_050400.wav
1386.0,1389.0,Polioptila caerulea,Blue-gray Gnatcatcher,0.7041,D:\Bird_Anuran_ARUs\RE03\SMM2-19_20260421_050400.wav
1386.0,1389.0,Corvus brachyrhynchos,American Crow,0.2758,D:\Bird_Anuran_ARUs\RE03\SMM2-19_20260421_050400.wav
1389.0,1392.0,Corvus brachyrhynchos,American Crow,0.7861,D:\Bird_Anuran_ARUs\RE03\SMM2-19_20260421_050400.wav
1389.0,1392.0,Polioptila caerulea,Blue-gray Gnatcatcher,0.4708,D:\Bird_Anuran_ARUs\RE03\SMM2-19_20260421_050400.wav
1392.0,1395.0,Corvus brachyrhynchos,American Crow,0.9446,D:\Bird_Anuran_ARUs\RE03\SMM2-19_20260421_050400.wav
1392.0,1395.0,Polioptila caerulea,Blue-gray Gnatcatcher,0.6240,D:\Bird_Anuran_ARUs\RE03\SMM2-19_20260421_050400.wav
1392.0,1395.0,Vireo griseus,White-eyed Vireo,0.2963,D:\Bird_Anuran_ARUs\RE03\SMM2-19_20260421_050400.wav
1395.0,1398.0,Polioptila caerulea,Blue-gray Gnatcatcher,0.5549,D:\Bird_Anuran_ARUs\RE03\SMM2-19_20260421_050400.wav
1398.0,1401.0,Polioptila caerulea,Blue-gray Gnatcatcher,0.5172,D:\Bird_Anuran_ARUs\RE03\SMM2-19_20260421_050400.wav
1398.0,1401.0,Corvus brachyrhynchos,American Crow,0.4253,D:\Bird_Anuran_ARUs\RE03\SMM2-19_20260421_050400.wav
1401.0,1404.0,Vireo griseus,White-eyed Vireo,0.5292,D:\Bird_Anuran_ARUs\RE03\SMM2-19_20260421_050400.wav
1401.0,1404.0,Corvus brachyrhynchos,American Crow,0.4314,D:\Bird_Anuran_ARUs\RE03\SMM2-19_20260421_050400.wav
1404.0,1407.0,Polioptila caerulea,Blue-gray Gnatcatcher,0.7658,D:\Bird_Anuran_ARUs\RE03\SMM2-19_20260421_050400.wav
1404.0,1407.0,Corvus brachyrhynchos,American Crow,0.5824,D:\Bird_Anuran_ARUs\RE03\SMM2-19_20260421_050400.wav
1407.0,1410.0,Corvus brachyrhynchos,American Crow,0.9898,D:\Bird_Anuran_ARUs\RE03\SMM2-19_20260421_050400.wav
1410.0,1413.0,Molothrus ater,Brown-headed Cowbird,0.6143,D:\Bird_Anuran_ARUs\RE03\SMM2-19_20260421_050400.wav
1410.0,1413.0,Corvus brachyrhynchos,American Crow,0.6102,D:\Bird_Anuran_ARUs\RE03\SMM2-19_20260421_050400.wav
1416.0,1419.0,Polioptila caerulea,Blue-gray Gnatcatcher,0.7309,D:\Bird_Anuran_ARUs\RE03\SMM2-19_20260421_050400.wav
1419.0,1422.0,Polioptila caerulea,Blue-gray Gnatcatcher,0.8034,D:\Bird_Anuran_ARUs\RE03\SMM2-19_20260421_050400.wav
1422.0,1425.0,Polioptila caerulea,Blue-gray Gnatcatcher,0.9373,D:\Bird_Anuran_ARUs\RE03\SMM2-19_20260421_050400.wav
1425.0,1428.0,Polioptila caerulea,Blue-gray Gnatcatcher,0.3253,D:\Bird_Anuran_ARUs\RE03\SMM2-19_20260421_050400.wav
1428.0,1431.0,Polioptila caerulea,Blue-gray Gnatcatcher,0.8394,D:\Bird_Anuran_ARUs\RE03\SMM2-19_20260421_050400.wav
1428.0,1431.0,Corvus brachyrhynchos,American Crow,0.4954,D:\Bird_Anuran_ARUs\RE03\SMM2-19_20260421_050400.wav
1431.0,1434.0,Polioptila caerulea,Blue-gray Gnatcatcher,0.6504,D:\Bird_Anuran_ARUs\RE03\SMM2-19_20260421_050400.wav
1431.0,1434.0,Vireo griseus,White-eyed Vireo,0.4799,D:\Bird_Anuran_ARUs\RE03\SMM2-19_20260421_050400.wav
1434.0,1437.0,Polioptila caerulea,Blue-gray Gnatcatcher,0.3113,D:\Bird_Anuran_ARUs\RE03\SMM2-19_20260421_050400.wav
1437.0,1440.0,Corvus brachyrhynchos,American Crow,0.2984,D:\Bird_Anuran_ARUs\RE03\SMM2-19_20260421_050400.wav
1440.0,1443.0,Vireo griseus,White-eyed Vireo,0.5880,D:\Bird_Anuran_ARUs\RE03\SMM2-19_20260421_050400.wav
1440.0,1443.0,Polioptila caerulea,Blue-gray Gnatcatcher,0.4400,D:\Bird_Anuran_ARUs\RE03\SMM2-19_20260421_050400.wav
1443.0,1446.0,Polioptila caerulea,Blue-gray Gnatcatcher,0.7162,D:\Bird_Anuran_ARUs\RE03\SMM2-19_20260421_050400.wav
1443.0,1446.0,Vireo griseus,White-eyed Vireo,0.3539,D:\Bird_Anuran_ARUs\RE03\SMM2-19_20260421_050400.wav
1446.0,1449.0,Polioptila caerulea,Blue-gray Gnatcatcher,0.6579,D:\Bird_Anuran_ARUs\RE03\SMM2-19_20260421_050400.wav
1449.0,1452.0,Polioptila caerulea,Blue-gray Gnatcatcher,0.4647,D:\Bird_Anuran_ARUs\RE03\SMM2-19_20260421_050400.wav
1449.0,1452.0,Vireo griseus,White-eyed Vireo,0.3112,D:\Bird_Anuran_ARUs\RE03\SMM2-19_20260421_050400.wav
1452.0,1455.0,Polioptila caerulea,Blue-gray Gnatcatcher,0.7428,D:\Bird_Anuran_ARUs\RE03\SMM2-19_20260421_050400.wav
1452.0,1455.0,Corvus brachyrhynchos,American Crow,0.3890,D:\Bird_Anuran_ARUs\RE03\SMM2-19_20260421_050400.wav
1455.0,1458.0,Polioptila caerulea,Blue-gray Gnatcatcher,0.4515,D:\Bird_Anuran_ARUs\RE03\SMM2-19_20260421_050400.wav
1458.0,1461.0,Polioptila caerulea,Blue-gray Gnatcatcher,0.4675,D:\Bird_Anuran_ARUs\RE03\SMM2-19_20260421_050400.wav
1458.0,1461.0,Vireo griseus,White-eyed Vireo,0.2886,D:\Bird_Anuran_ARUs\RE03\SMM2-19_20260421_050400.wav
1461.0,1464.0,Polioptila caerulea,Blue-gray Gnatcatcher,0.8432,D:\Bird_Anuran_ARUs\RE03\SMM2-19_20260421_050400.wav
1461.0,1464.0,Corvus brachyrhynchos,American Crow,0.3213,D:\Bird_Anuran_ARUs\RE03\SMM2-19_20260421_050400.wav
1464.0,1467.0,Polioptila caerulea,Blue-gray Gnatcatcher,0.8076,D:\Bird_Anuran_ARUs\RE03\SMM2-19_20260421_050400.wav
1467.0,1470.0,Corvus brachyrhynchos,American Crow,0.8449,D:\Bird_Anuran_ARUs\RE03\SMM2-19_20260421_050400.wav
1467.0,1470.0,Polioptila caerulea,Blue-gray Gnatcatcher,0.7399,D:\Bird_Anuran_ARUs\RE03\SMM2-19_20260421_050400.wav
1470.0,1473.0,Polioptila caerulea,Blue-gray Gnatcatcher,0.3722,D:\Bird_Anuran_ARUs\RE03\SMM2-19_20260421_050400.wav
1473.0,1476.0,Polioptila caerulea,Blue-gray Gnatcatcher,0.7564,D:\Bird_Anuran_ARUs\RE03\SMM2-19_20260421_050400.wav
1473.0,1476.0,Corvus brachyrhynchos,American Crow,0.5492,D:\Bird_Anuran_ARUs\RE03\SMM2-19_20260421_050400.wav
1476.0,1479.0,Polioptila caerulea,Blue-gray Gnatcatcher,0.9106,D:\Bird_Anuran_ARUs\RE03\SMM2-19_20260421_050400.wav
1479.0,1482.0,Polioptila caerulea,Blue-gray Gnatcatcher,0.2790,D:\Bird_Anuran_ARUs\RE03\SMM2-19_20260421_050400.wav
1482.0,1485.0,Polioptila caerulea,Blue-gray Gnatcatcher,0.6689,D:\Bird_Anuran_ARUs\RE03\SMM2-19_20260421_050400.wav
1485.0,1488.0,Polioptila caerulea,Blue-gray Gnatcatcher,0.8510,D:\Bird_Anuran_ARUs\RE03\SMM2-19_20260421_050400.wav
1485.0,1488.0,Corvus brachyrhynchos,American Crow,0.5237,D:\Bird_Anuran_ARUs\RE03\SMM2-19_20260421_050400.wav
1488.0,1491.0,Polioptila caerulea,Blue-gray Gnatcatcher,0.5929,D:\Bird_Anuran_ARUs\RE03\SMM2-19_20260421_050400.wav
1488.0,1491.0,Corvus brachyrhynchos,American Crow,0.4236,D:\Bird_Anuran_ARUs\RE03\SMM2-19_20260421_050400.wav
1497.0,1500.0,Polioptila caerulea,Blue-gray Gnatcatcher,0.8921,D:\Bird_Anuran_ARUs\RE03\SMM2-19_20260421_050400.wav
1503.0,1506.0,Polioptila caerulea,Blue-gray Gnatcatcher,0.6761,D:\Bird_Anuran_ARUs\RE03\SMM2-19_20260421_050400.wav
1506.0,1509.0,Polioptila caerulea,Blue-gray Gnatcatcher,0.8939,D:\Bird_Anuran_ARUs\RE03\SMM2-19_20260421_050400.wav
1506.0,1509.0,Vireo griseus,White-eyed Vireo,0.3008,D:\Bird_Anuran_ARUs\RE03\SMM2-19_20260421_050400.wav
1509.0,1512.0,Vireo griseus,White-eyed Vireo,0.6740,D:\Bird_Anuran_ARUs\RE03\SMM2-19_20260421_050400.wav
1512.0,1515.0,Corvus brachyrhynchos,American Crow,0.8278,D:\Bird_Anuran_ARUs\RE03\SMM2-19_20260421_050400.wav
1512.0,1515.0,Vireo griseus,White-eyed Vireo,0.4947,D:\Bird_Anuran_ARUs\RE03\SMM2-19_20260421_050400.wav
1515.0,1518.0,Polioptila caerulea,Blue-gray Gnatcatcher,0.9536,D:\Bird_Anuran_ARUs\RE03\SMM2-19_20260421_050400.wav
1518.0,1521.0,Polioptila caerulea,Blue-gray Gnatcatcher,0.8785,D:\Bird_Anuran_ARUs\RE03\SMM2-19_20260421_050400.wav
1518.0,1521.0,Corvus brachyrhynchos,American Crow,0.4991,D:\Bird_Anuran_ARUs\RE03\SMM2-19_20260421_050400.wav
1521.0,1524.0,Polioptila caerulea,Blue-gray Gnatcatcher,0.6954,D:\Bird_Anuran_ARUs\RE03\SMM2-19_20260421_050400.wav
1524.0,1527.0,Polioptila caerulea,Blue-gray Gnatcatcher,0.7763,D:\Bird_Anuran_ARUs\RE03\SMM2-19_20260421_050400.wav
1527.0,1530.0,Polioptila caerulea,Blue-gray Gnatcatcher,0.9209,D:\Bird_Anuran_ARUs\RE03\SMM2-19_20260421_050400.wav
1530.0,1533.0,Polioptila caerulea,Blue-gray Gnatcatcher,0.9496,D:\Bird_Anuran_ARUs\RE03\SMM2-19_20260421_050400.wav
1530.0,1533.0,Corvus brachyrhynchos,American Crow,0.9484,D:\Bird_Anuran_ARUs\RE03\SMM2-19_20260421_050400.wav
1530.0,1533.0,Pipilo erythrophthalmus,Eastern Towhee,0.2673,D:\Bird_Anuran_ARUs\RE03\SMM2-19_20260421_050400.wav
1533.0,1536.0,Polioptila caerulea,Blue-gray Gnatcatcher,0.7970,D:\Bird_Anuran_ARUs\RE03\SMM2-19_20260421_050400.wav
1533.0,1536.0,Corvus brachyrhynchos,American Crow,0.3672,D:\Bird_Anuran_ARUs\RE03\SMM2-19_20260421_050400.wav
1536.0,1539.0,Polioptila caerulea,Blue-gray Gnatcatcher,0.8430,D:\Bird_Anuran_ARUs\RE03\SMM2-19_20260421_050400.wav
1536.0,1539.0,Corvus brachyrhynchos,American Crow,0.4754,D:\Bird_Anuran_ARUs\RE03\SMM2-19_20260421_050400.wav
1539.0,1542.0,Polioptila caerulea,Blue-gray Gnatcatcher,0.9187,D:\Bird_Anuran_ARUs\RE03\SMM2-19_20260421_050400.wav
1542.0,1545.0,Polioptila caerulea,Blue-gray Gnatcatcher,0.8364,D:\Bird_Anuran_ARUs\RE03\SMM2-19_20260421_050400.wav
1542.0,1545.0,Vireo griseus,White-eyed Vireo,0.2886,D:\Bird_Anuran_ARUs\RE03\SMM2-19_20260421_050400.wav
1545.0,1548.0,Polioptila caerulea,Blue-gray Gnatcatcher,0.8227,D:\Bird_Anuran_ARUs\RE03\SMM2-19_20260421_050400.wav
1548.0,1551.0,Polioptila caerulea,Blue-gray Gnatcatcher,0.8304,D:\Bird_Anuran_ARUs\RE03\SMM2-19_20260421_050400.wav
1551.0,1554.0,Polioptila caerulea,Blue-gray Gnatcatcher,0.8905,D:\Bird_Anuran_ARUs\RE03\SMM2-19_20260421_050400.wav
1554.0,1557.0,Corvus brachyrhynchos,American Crow,0.9615,D:\Bird_Anuran_ARUs\RE03\SMM2-19_20260421_050400.wav
1554.0,1557.0,Poecile carolinensis,Carolina Chickadee,0.5557,D:\Bird_Anuran_ARUs\RE03\SMM2-19_20260421_050400.wav
1554.0,1557.0,Baeolophus bicolor,Tufted Titmouse,0.4996,D:\Bird_Anuran_ARUs\RE03\SMM2-19_20260421_050400.wav
1557.0,1560.0,Polioptila caerulea,Blue-gray Gnatcatcher,0.5482,D:\Bird_Anuran_ARUs\RE03\SMM2-19_20260421_050400.wav
1560.0,1563.0,Polioptila caerulea,Blue-gray Gnatcatcher,0.6805,D:\Bird_Anuran_ARUs\RE03\SMM2-19_20260421_050400.wav
1563.0,1566.0,Corvus brachyrhynchos,American Crow,0.9300,D:\Bird_Anuran_ARUs\RE03\SMM2-19_20260421_050400.wav
1563.0,1566.0,Polioptila caerulea,Blue-gray Gnatcatcher,0.7767,D:\Bird_Anuran_ARUs\RE03\SMM2-19_20260421_050400.wav
1563.0,1566.0,Pipilo erythrophthalmus,Eastern Towhee,0.2537,D:\Bird_Anuran_ARUs\RE03\SMM2-19_20260421_050400.wav
1566.0,1569.0,Polioptila caerulea,Blue-gray Gnatcatcher,0.7128,D:\Bird_Anuran_ARUs\RE03\SMM2-19_20260421_050400.wav
1566.0,1569.0,Corvus brachyrhynchos,American Crow,0.4025,D:\Bird_Anuran_ARUs\RE03\SMM2-19_20260421_050400.wav
1569.0,1572.0,Corvus brachyrhynchos,American Crow,0.7864,D:\Bird_Anuran_ARUs\RE03\SMM2-19_20260421_050400.wav
1569.0,1572.0,Polioptila caerulea,Blue-gray Gnatcatcher,0.7507,D:\Bird_Anuran_ARUs\RE03\SMM2-19_20260421_050400.wav
1572.0,1575.0,Polioptila caerulea,Blue-gray Gnatcatcher,0.6537,D:\Bird_Anuran_ARUs\RE03\SMM2-19_20260421_050400.wav
1575.0,1578.0,Corvus brachyrhynchos,American Crow,0.6556,D:\Bird_Anuran_ARUs\RE03\SMM2-19_20260421_050400.wav
1575.0,1578.0,Polioptila caerulea,Blue-gray Gnatcatcher,0.2702,D:\Bird_Anuran_ARUs\RE03\SMM2-19_20260421_050400.wav
1578.0,1581.0,Corvus brachyrhynchos,American Crow,0.8964,D:\Bird_Anuran_ARUs\RE03\SMM2-19_20260421_050400.wav
1578.0,1581.0,Polioptila caerulea,Blue-gray Gnatcatcher,0.5521,D:\Bird_Anuran_ARUs\RE03\SMM2-19_20260421_050400.wav
1581.0,1584.0,Polioptila caerulea,Blue-gray Gnatcatcher,0.8852,D:\Bird_Anuran_ARUs\RE03\SMM2-19_20260421_050400.wav
1584.0,1587.0,Polioptila caerulea,Blue-gray Gnatcatcher,0.4664,D:\Bird_Anuran_ARUs\RE03\SMM2-19_20260421_050400.wav
1584.0,1587.0,Corvus brachyrhynchos,American Crow,0.3091,D:\Bird_Anuran_ARUs\RE03\SMM2-19_20260421_050400.wav
1587.0,1590.0,Polioptila caerulea,Blue-gray Gnatcatcher,0.8982,D:\Bird_Anuran_ARUs\RE03\SMM2-19_20260421_050400.wav
1587.0,1590.0,Corvus brachyrhynchos,American Crow,0.7300,D:\Bird_Anuran_ARUs\RE03\SMM2-19_20260421_050400.wav
1590.0,1593.0,Polioptila caerulea,Blue-gray Gnatcatcher,0.6294,D:\Bird_Anuran_ARUs\RE03\SMM2-19_20260421_050400.wav
1590.0,1593.0,Corvus brachyrhynchos,American Crow,0.3973,D:\Bird_Anuran_ARUs\RE03\SMM2-19_20260421_050400.wav
1590.0,1593.0,Vireo griseus,White-eyed Vireo,0.2618,D:\Bird_Anuran_ARUs\RE03\SMM2-19_20260421_050400.wav
1593.0,1596.0,Corvus brachyrhynchos,American Crow,0.9048,D:\Bird_Anuran_ARUs\RE03\SMM2-19_20260421_050400.wav
1593.0,1596.0,Polioptila caerulea,Blue-gray Gnatcatcher,0.6757,D:\Bird_Anuran_ARUs\RE03\SMM2-19_20260421_050400.wav
1596.0,1599.0,Corvus brachyrhynchos,American Crow,0.9687,D:\Bird_Anuran_ARUs\RE03\SMM2-19_20260421_050400.wav
1599.0,1602.0,Polioptila caerulea,Blue-gray Gnatcatcher,0.6008,D:\Bird_Anuran_ARUs\RE03\SMM2-19_20260421_050400.wav
1599.0,1602.0,Vireo griseus,White-eyed Vireo,0.2843,D:\Bird_Anuran_ARUs\RE03\SMM2-19_20260421_050400.wav
1602.0,1605.0,Polioptila caerulea,Blue-gray Gnatcatcher,0.8283,D:\Bird_Anuran_ARUs\RE03\SMM2-19_20260421_050400.wav
1602.0,1605.0,Vireo griseus,White-eyed Vireo,0.5698,D:\Bird_Anuran_ARUs\RE03\SMM2-19_20260421_050400.wav
1605.0,1608.0,Corvus brachyrhynchos,American Crow,0.8706,D:\Bird_Anuran_ARUs\RE03\SMM2-19_20260421_050400.wav
1605.0,1608.0,Polioptila caerulea,Blue-gray Gnatcatcher,0.5656,D:\Bird_Anuran_ARUs\RE03\SMM2-19_20260421_050400.wav
1605.0,1608.0,Molothrus ater,Brown-headed Cowbird,0.5295,D:\Bird_Anuran_ARUs\RE03\SMM2-19_20260421_050400.wav
1608.0,1611.0,Polioptila caerulea,Blue-gray Gnatcatcher,0.6571,D:\Bird_Anuran_ARUs\RE03\SMM2-19_20260421_050400.wav
1608.0,1611.0,Vireo griseus,White-eyed Vireo,0.3188,D:\Bird_Anuran_ARUs\RE03\SMM2-19_20260421_050400.wav
1611.0,1614.0,Corvus brachyrhynchos,American Crow,0.4813,D:\Bird_Anuran_ARUs\RE03\SMM2-19_20260421_050400.wav
1611.0,1614.0,Polioptila caerulea,Blue-gray Gnatcatcher,0.3767,D:\Bird_Anuran_ARUs\RE03\SMM2-19_20260421_050400.wav
1614.0,1617.0,Polioptila caerulea,Blue-gray Gnatcatcher,0.8807,D:\Bird_Anuran_ARUs\RE03\SMM2-19_20260421_050400.wav
1614.0,1617.0,Corvus brachyrhynchos,American Crow,0.4395,D:\Bird_Anuran_ARUs\RE03\SMM2-19_20260421_050400.wav
1617.0,1620.0,Polioptila caerulea,Blue-gray Gnatcatcher,0.9736,D:\Bird_Anuran_ARUs\RE03\SMM2-19_20260421_050400.wav
1617.0,1620.0,Corvus brachyrhynchos,American Crow,0.5662,D:\Bird_Anuran_ARUs\RE03\SMM2-19_20260421_050400.wav
1620.0,1623.0,Polioptila caerulea,Blue-gray Gnatcatcher,0.5162,D:\Bird_Anuran_ARUs\RE03\SMM2-19_20260421_050400.wav
1623.0,1626.0,Polioptila caerulea,Blue-gray Gnatcatcher,0.9375,D:\Bird_Anuran_ARUs\RE03\SMM2-19_20260421_050400.wav
1623.0,1626.0,Corvus brachyrhynchos,American Crow,0.4304,D:\Bird_Anuran_ARUs\RE03\SMM2-19_20260421_050400.wav
1626.0,1629.0,Polioptila caerulea,Blue-gray Gnatcatcher,0.7913,D:\Bird_Anuran_ARUs\RE03\SMM2-19_20260421_050400.wav
1629.0,1632.0,Polioptila caerulea,Blue-gray Gnatcatcher,0.7118,D:\Bird_Anuran_ARUs\RE03\SMM2-19_20260421_050400.wav
1632.0,1635.0,Polioptila caerulea,Blue-gray Gnatcatcher,0.8571,D:\Bird_Anuran_ARUs\RE03\SMM2-19_20260421_050400.wav
1632.0,1635.0,Corvus brachyrhynchos,American Crow,0.7409,D:\Bird_Anuran_ARUs\RE03\SMM2-19_20260421_050400.wav
1635.0,1638.0,Polioptila caerulea,Blue-gray Gnatcatcher,0.8857,D:\Bird_Anuran_ARUs\RE03\SMM2-19_20260421_050400.wav
1635.0,1638.0,Corvus brachyrhynchos,American Crow,0.6742,D:\Bird_Anuran_ARUs\RE03\SMM2-19_20260421_050400.wav
1638.0,1641.0,Polioptila caerulea,Blue-gray Gnatcatcher,0.9365,D:\Bird_Anuran_ARUs\RE03\SMM2-19_20260421_050400.wav
1641.0,1644.0,Polioptila caerulea,Blue-gray Gnatcatcher,0.9447,D:\Bird_Anuran_ARUs\RE03\SMM2-19_20260421_050400.wav
1644.0,1647.0,Polioptila caerulea,Blue-gray Gnatcatcher,0.9097,D:\Bird_Anuran_ARUs\RE03\SMM2-19_20260421_050400.wav
1644.0,1647.0,Corvus brachyrhynchos,American Crow,0.5490,D:\Bird_Anuran_ARUs\RE03\SMM2-19_20260421_050400.wav
1644.0,1647.0,Vireo griseus,White-eyed Vireo,0.2942,D:\Bird_Anuran_ARUs\RE03\SMM2-19_20260421_050400.wav
1647.0,1650.0,Polioptila caerulea,Blue-gray Gnatcatcher,0.9635,D:\Bird_Anuran_ARUs\RE03\SMM2-19_20260421_050400.wav
1647.0,1650.0,Corvus brachyrhynchos,American Crow,0.9326,D:\Bird_Anuran_ARUs\RE03\SMM2-19_20260421_050400.wav
1650.0,1653.0,Corvus brachyrhynchos,American Crow,0.8868,D:\Bird_Anuran_ARUs\RE03\SMM2-19_20260421_050400.wav
1650.0,1653.0,Polioptila caerulea,Blue-gray Gnatcatcher,0.7665,D:\Bird_Anuran_ARUs\RE03\SMM2-19_20260421_050400.wav
1653.0,1656.0,Polioptila caerulea,Blue-gray Gnatcatcher,0.9725,D:\Bird_Anuran_ARUs\RE03\SMM2-19_20260421_050400.wav
1653.0,1656.0,Corvus brachyrhynchos,American Crow,0.5536,D:\Bird_Anuran_ARUs\RE03\SMM2-19_20260421_050400.wav
1656.0,1659.0,Polioptila caerulea,Blue-gray Gnatcatcher,0.9347,D:\Bird_Anuran_ARUs\RE03\SMM2-19_20260421_050400.wav
1659.0,1662.0,Polioptila caerulea,Blue-gray Gnatcatcher,0.9162,D:\Bird_Anuran_ARUs\RE03\SMM2-19_20260421_050400.wav
1662.0,1665.0,Polioptila caerulea,Blue-gray Gnatcatcher,0.9147,D:\Bird_Anuran_ARUs\RE03\SMM2-19_20260421_050400.wav
1662.0,1665.0,Corvus brachyrhynchos,American Crow,0.3655,D:\Bird_Anuran_ARUs\RE03\SMM2-19_20260421_050400.wav
1665.0,1668.0,Polioptila caerulea,Blue-gray Gnatcatcher,0.9550,D:\Bird_Anuran_ARUs\RE03\SMM2-19_20260421_050400.wav
1665.0,1668.0,Corvus brachyrhynchos,American Crow,0.9482,D:\Bird_Anuran_ARUs\RE03\SMM2-19_20260421_050400.wav
1668.0,1671.0,Polioptila caerulea,Blue-gray Gnatcatcher,0.9487,D:\Bird_Anuran_ARUs\RE03\SMM2-19_20260421_050400.wav
1668.0,1671.0,Corvus brachyrhynchos,American Crow,0.7440,D:\Bird_Anuran_ARUs\RE03\SMM2-19_20260421_050400.wav
1671.0,1674.0,Corvus brachyrhynchos,American Crow,0.7740,D:\Bird_Anuran_ARUs\RE03\SMM2-19_20260421_050400.wav
1671.0,1674.0,Pipilo erythrophthalmus,Eastern Towhee,0.3059,D:\Bird_Anuran_ARUs\RE03\SMM2-19_20260421_050400.wav
1674.0,1677.0,Vireo griseus,White-eyed Vireo,0.7167,D:\Bird_Anuran_ARUs\RE03\SMM2-19_20260421_050400.wav
1674.0,1677.0,Corvus brachyrhynchos,American Crow,0.5239,D:\Bird_Anuran_ARUs\RE03\SMM2-19_20260421_050400.wav
1677.0,1680.0,Corvus brachyrhynchos,American Crow,0.9878,D:\Bird_Anuran_ARUs\RE03\SMM2-19_20260421_050400.wav
1677.0,1680.0,Pipilo erythrophthalmus,Eastern Towhee,0.4642,D:\Bird_Anuran_ARUs\RE03\SMM2-19_20260421_050400.wav
1680.0,1683.0,Polioptila caerulea,Blue-gray Gnatcatcher,0.8492,D:\Bird_Anuran_ARUs\RE03\SMM2-19_20260421_050400.wav
1683.0,1686.0,Polioptila caerulea,Blue-gray Gnatcatcher,0.8392,D:\Bird_Anuran_ARUs\RE03\SMM2-19_20260421_050400.wav
1683.0,1686.0,Corvus brachyrhynchos,American Crow,0.3190,D:\Bird_Anuran_ARUs\RE03\SMM2-19_20260421_050400.wav
1686.0,1689.0,Polioptila caerulea,Blue-gray Gnatcatcher,0.9802,D:\Bird_Anuran_ARUs\RE03\SMM2-19_20260421_050400.wav
1689.0,1692.0,Polioptila caerulea,Blue-gray Gnatcatcher,0.8885,D:\Bird_Anuran_ARUs\RE03\SMM2-19_20260421_050400.wav
1689.0,1692.0,Corvus brachyrhynchos,American Crow,0.3682,D:\Bird_Anuran_ARUs\RE03\SMM2-19_20260421_050400.wav
1692.0,1695.0,Polioptila caerulea,Blue-gray Gnatcatcher,0.9878,D:\Bird_Anuran_ARUs\RE03\SMM2-19_20260421_050400.wav
1692.0,1695.0,Corvus brachyrhynchos,American Crow,0.7906,D:\Bird_Anuran_ARUs\RE03\SMM2-19_20260421_050400.wav
1695.0,1698.0,Corvus brachyrhynchos,American Crow,0.2882,D:\Bird_Anuran_ARUs\RE03\SMM2-19_20260421_050400.wav
1698.0,1701.0,Polioptila caerulea,Blue-gray Gnatcatcher,0.9844,D:\Bird_Anuran_ARUs\RE03\SMM2-19_20260421_050400.wav
1701.0,1704.0,Polioptila caerulea,Blue-gray Gnatcatcher,0.9418,D:\Bird_Anuran_ARUs\RE03\SMM2-19_20260421_050400.wav
1704.0,1707.0,Polioptila caerulea,Blue-gray Gnatcatcher,0.9483,D:\Bird_Anuran_ARUs\RE03\SMM2-19_20260421_050400.wav
1707.0,1710.0,Polioptila caerulea,Blue-gray Gnatcatcher,0.9527,D:\Bird_Anuran_ARUs\RE03\SMM2-19_20260421_050400.wav
1707.0,1710.0,Corvus brachyrhynchos,American Crow,0.6071,D:\Bird_Anuran_ARUs\RE03\SMM2-19_20260421_050400.wav
1713.0,1716.0,Polioptila caerulea,Blue-gray Gnatcatcher,0.9085,D:\Bird_Anuran_ARUs\RE03\SMM2-19_20260421_050400.wav
1716.0,1719.0,Polioptila caerulea,Blue-gray Gnatcatcher,0.9695,D:\Bird_Anuran_ARUs\RE03\SMM2-19_20260421_050400.wav
1719.0,1722.0,Polioptila caerulea,Blue-gray Gnatcatcher,0.8834,D:\Bird_Anuran_ARUs\RE03\SMM2-19_20260421_050400.wav
1719.0,1722.0,Corvus brachyrhynchos,American Crow,0.2828,D:\Bird_Anuran_ARUs\RE03\SMM2-19_20260421_050400.wav
1722.0,1725.0,Polioptila caerulea,Blue-gray Gnatcatcher,0.9524,D:\Bird_Anuran_ARUs\RE03\SMM2-19_20260421_050400.wav
1722.0,1725.0,Corvus brachyrhynchos,American Crow,0.6911,D:\Bird_Anuran_ARUs\RE03\SMM2-19_20260421_050400.wav
1725.0,1728.0,Polioptila caerulea,Blue-gray Gnatcatcher,0.9327,D:\Bird_Anuran_ARUs\RE03\SMM2-19_20260421_050400.wav
1725.0,1728.0,Corvus brachyrhynchos,American Crow,0.6743,D:\Bird_Anuran_ARUs\RE03\SMM2-19_20260421_050400.wav
1728.0,1731.0,Corvus brachyrhynchos,American Crow,0.5638,D:\Bird_Anuran_ARUs\RE03\SMM2-19_20260421_050400.wav
1728.0,1731.0,Pipilo erythrophthalmus,Eastern Towhee,0.2940,D:\Bird_Anuran_ARUs\RE03\SMM2-19_20260421_050400.wav
1731.0,1734.0,Polioptila caerulea,Blue-gray Gnatcatcher,0.7125,D:\Bird_Anuran_ARUs\RE03\SMM2-19_20260421_050400.wav
1734.0,1737.0,Polioptila caerulea,Blue-gray Gnatcatcher,0.7531,D:\Bird_Anuran_ARUs\RE03\SMM2-19_20260421_050400.wav
1737.0,1740.0,Polioptila caerulea,Blue-gray Gnatcatcher,0.9251,D:\Bird_Anuran_ARUs\RE03\SMM2-19_20260421_050400.wav
1740.0,1743.0,Polioptila caerulea,Blue-gray Gnatcatcher,0.9776,D:\Bird_Anuran_ARUs\RE03\SMM2-19_20260421_050400.wav
1743.0,1746.0,Polioptila caerulea,Blue-gray Gnatcatcher,0.8699,D:\Bird_Anuran_ARUs\RE03\SMM2-19_20260421_050400.wav
1746.0,1749.0,Polioptila caerulea,Blue-gray Gnatcatcher,0.5662,D:\Bird_Anuran_ARUs\RE03\SMM2-19_20260421_050400.wav
1749.0,1752.0,Polioptila caerulea,Blue-gray Gnatcatcher,0.9398,D:\Bird_Anuran_ARUs\RE03\SMM2-19_20260421_050400.wav
1752.0,1755.0,Polioptila caerulea,Blue-gray Gnatcatcher,0.9920,D:\Bird_Anuran_ARUs\RE03\SMM2-19_20260421_050400.wav
1755.0,1758.0,Polioptila caerulea,Blue-gray Gnatcatcher,0.5942,D:\Bird_Anuran_ARUs\RE03\SMM2-19_20260421_050400.wav
1758.0,1761.0,Corvus brachyrhynchos,American Crow,0.6368,D:\Bird_Anuran_ARUs\RE03\SMM2-19_20260421_050400.wav
1758.0,1761.0,Molothrus ater,Brown-headed Cowbird,0.4545,D:\Bird_Anuran_ARUs\RE03\SMM2-19_20260421_050400.wav
1761.0,1764.0,Corvus brachyrhynchos,American Crow,0.9483,D:\Bird_Anuran_ARUs\RE03\SMM2-19_20260421_050400.wav
1761.0,1764.0,Mniotilta varia,Black-and-white Warbler,0.7182,D:\Bird_Anuran_ARUs\RE03\SMM2-19_20260421_050400.wav
1761.0,1764.0,Pipilo erythrophthalmus,Eastern Towhee,0.6455,D:\Bird_Anuran_ARUs\RE03\SMM2-19_20260421_050400.wav
1764.0,1767.0,Corvus brachyrhynchos,American Crow,0.6157,D:\Bird_Anuran_ARUs\RE03\SMM2-19_20260421_050400.wav
1764.0,1767.0,Pipilo erythrophthalmus,Eastern Towhee,0.4923,D:\Bird_Anuran_ARUs\RE03\SMM2-19_20260421_050400.wav
1767.0,1770.0,Polioptila caerulea,Blue-gray Gnatcatcher,0.9691,D:\Bird_Anuran_ARUs\RE03\SMM2-19_20260421_050400.wav
1770.0,1773.0,Polioptila caerulea,Blue-gray Gnatcatcher,0.7734,D:\Bird_Anuran_ARUs\RE03\SMM2-19_20260421_050400.wav
1773.0,1776.0,Polioptila caerulea,Blue-gray Gnatcatcher,0.9613,D:\Bird_Anuran_ARUs\RE03\SMM2-19_20260421_050400.wav
1776.0,1779.0,Polioptila caerulea,Blue-gray Gnatcatcher,0.6587,D:\Bird_Anuran_ARUs\RE03\SMM2-19_20260421_050400.wav
1776.0,1779.0,Corvus brachyrhynchos,American Crow,0.2947,D:\Bird_Anuran_ARUs\RE03\SMM2-19_20260421_050400.wav
1779.0,1782.0,Corvus brachyrhynchos,American Crow,0.6659,D:\Bird_Anuran_ARUs\RE03\SMM2-19_20260421_050400.wav
1782.0,1785.0,Corvus brachyrhynchos,American Crow,0.9626,D:\Bird_Anuran_ARUs\RE03\SMM2-19_20260421_050400.wav
1782.0,1785.0,Polioptila caerulea,Blue-gray Gnatcatcher,0.5432,D:\Bird_Anuran_ARUs\RE03\SMM2-19_20260421_050400.wav
1785.0,1788.0,Polioptila caerulea,Blue-gray Gnatcatcher,0.9193,D:\Bird_Anuran_ARUs\RE03\SMM2-19_20260421_050400.wav
1788.0,1791.0,Corvus brachyrhynchos,American Crow,0.7039,D:\Bird_Anuran_ARUs\RE03\SMM2-19_20260421_050400.wav
1791.0,1794.0,Corvus brachyrhynchos,American Crow,0.5939,D:\Bird_Anuran_ARUs\RE03\SMM2-19_20260421_050400.wav
1794.0,1797.0,Corvus brachyrhynchos,American Crow,0.8219,D:\Bird_Anuran_ARUs\RE03\SMM2-19_20260421_050400.wav
1797.0,1800.0,Corvus brachyrhynchos,American Crow,0.5441,D:\Bird_Anuran_ARUs\RE03\SMM2-19_20260421_050400.wav
1797.0,1800.0,Pipilo erythrophthalmus,Eastern Towhee,0.3127,D:\Bird_Anuran_ARUs\RE03\SMM2-19_20260421_050400.wav
1800.0,1803.0,Polioptila caerulea,Blue-gray Gnatcatcher,0.7299,D:\Bird_Anuran_ARUs\RE03\SMM2-19_20260421_050400.wav
1803.0,1806.0,Corvus brachyrhynchos,American Crow,0.4438,D:\Bird_Anuran_ARUs\RE03\SMM2-19_20260421_050400.wav
1803.0,1806.0,Polioptila caerulea,Blue-gray Gnatcatcher,0.4000,D:\Bird_Anuran_ARUs\RE03\SMM2-19_20260421_050400.wav
1806.0,1809.0,Mniotilta varia,Black-and-white Warbler,0.7148,D:\Bird_Anuran_ARUs\RE03\SMM2-19_20260421_050400.wav
1806.0,1809.0,Corvus brachyrhynchos,American Crow,0.4626,D:\Bird_Anuran_ARUs\RE03\SMM2-19_20260421_050400.wav
1809.0,1812.0,Corvus brachyrhynchos,American Crow,0.2630,D:\Bird_Anuran_ARUs\RE03\SMM2-19_20260421_050400.wav
1812.0,1815.0,Polioptila caerulea,Blue-gray Gnatcatcher,0.8317,D:\Bird_Anuran_ARUs\RE03\SMM2-19_20260421_050400.wav
1815.0,1818.0,Corvus brachyrhynchos,American Crow,0.8474,D:\Bird_Anuran_ARUs\RE03\SMM2-19_20260421_050400.wav
1815.0,1818.0,Pipilo erythrophthalmus,Eastern Towhee,0.6373,D:\Bird_Anuran_ARUs\RE03\SMM2-19_20260421_050400.wav
1818.0,1821.0,Molothrus ater,Brown-headed Cowbird,0.8844,D:\Bird_Anuran_ARUs\RE03\SMM2-19_20260421_050400.wav
1821.0,1824.0,Polioptila caerulea,Blue-gray Gnatcatcher,0.9442,D:\Bird_Anuran_ARUs\RE03\SMM2-19_20260421_050400.wav
1824.0,1827.0,Polioptila caerulea,Blue-gray Gnatcatcher,0.9333,D:\Bird_Anuran_ARUs\RE03\SMM2-19_20260421_050400.wav
1830.0,1833.0,Polioptila caerulea,Blue-gray Gnatcatcher,0.8918,D:\Bird_Anuran_ARUs\RE03\SMM2-19_20260421_050400.wav
1833.0,1836.0,Polioptila caerulea,Blue-gray Gnatcatcher,0.8835,D:\Bird_Anuran_ARUs\RE03\SMM2-19_20260421_050400.wav
1836.0,1839.0,Corvus brachyrhynchos,American Crow,0.8768,D:\Bird_Anuran_ARUs\RE03\SMM2-19_20260421_050400.wav
1836.0,1839.0,Pipilo erythrophthalmus,Eastern Towhee,0.7490,D:\Bird_Anuran_ARUs\RE03\SMM2-19_20260421_050400.wav
1839.0,1842.0,Polioptila caerulea,Blue-gray Gnatcatcher,0.9214,D:\Bird_Anuran_ARUs\RE03\SMM2-19_20260421_050400.wav
1842.0,1845.0,Corvus brachyrhynchos,American Crow,0.8864,D:\Bird_Anuran_ARUs\RE03\SMM2-19_20260421_050400.wav
1842.0,1845.0,Molothrus ater,Brown-headed Cowbird,0.8816,D:\Bird_Anuran_ARUs\RE03\SMM2-19_20260421_050400.wav
1842.0,1845.0,Pipilo erythrophthalmus,Eastern Towhee,0.5206,D:\Bird_Anuran_ARUs\RE03\SMM2-19_20260421_050400.wav
1845.0,1848.0,Polioptila caerulea,Blue-gray Gnatcatcher,0.9130,D:\Bird_Anuran_ARUs\RE03\SMM2-19_20260421_050400.wav
1848.0,1851.0,Polioptila caerulea,Blue-gray Gnatcatcher,0.9369,D:\Bird_Anuran_ARUs\RE03\SMM2-19_20260421_050400.wav
1851.0,1854.0,Polioptila caerulea,Blue-gray Gnatcatcher,0.8083,D:\Bird_Anuran_ARUs\RE03\SMM2-19_20260421_050400.wav
1851.0,1854.0,Mniotilta varia,Black-and-white Warbler,0.3362,D:\Bird_Anuran_ARUs\RE03\SMM2-19_20260421_050400.wav
1854.0,1857.0,Polioptila caerulea,Blue-gray Gnatcatcher,0.9681,D:\Bird_Anuran_ARUs\RE03\SMM2-19_20260421_050400.wav
1857.0,1860.0,Polioptila caerulea,Blue-gray Gnatcatcher,0.9040,D:\Bird_Anuran_ARUs\RE03\SMM2-19_20260421_050400.wav
1863.0,1866.0,Corvus brachyrhynchos,American Crow,0.9954,D:\Bird_Anuran_ARUs\RE03\SMM2-19_20260421_050400.wav
1863.0,1866.0,Poecile carolinensis,Carolina Chickadee,0.7116,D:\Bird_Anuran_ARUs\RE03\SMM2-19_20260421_050400.wav
1866.0,1869.0,Corvus brachyrhynchos,American Crow,0.3789,D:\Bird_Anuran_ARUs\RE03\SMM2-19_20260421_050400.wav
1866.0,1869.0,Cardinalis cardinalis,Northern Cardinal,0.2688,D:\Bird_Anuran_ARUs\RE03\SMM2-19_20260421_050400.wav
1869.0,1872.0,Polioptila caerulea,Blue-gray Gnatcatcher,0.6353,D:\Bird_Anuran_ARUs\RE03\SMM2-19_20260421_050400.wav
1869.0,1872.0,Mniotilta varia,Black-and-white Warbler,0.2616,D:\Bird_Anuran_ARUs\RE03\SMM2-19_20260421_050400.wav
1878.0,1881.0,Polioptila caerulea,Blue-gray Gnatcatcher,0.9372,D:\Bird_Anuran_ARUs\RE03\SMM2-19_20260421_050400.wav
1881.0,1884.0,Mniotilta varia,Black-and-white Warbler,0.6102,D:\Bird_Anuran_ARUs\RE03\SMM2-19_20260421_050400.wav
1881.0,1884.0,Polioptila caerulea,Blue-gray Gnatcatcher,0.3660,D:\Bird_Anuran_ARUs\RE03\SMM2-19_20260421_050400.wav
1884.0,1887.0,Molothrus ater,Brown-headed Cowbird,0.9096,D:\Bird_Anuran_ARUs\RE03\SMM2-19_20260421_050400.wav
1887.0,1890.0,Polioptila caerulea,Blue-gray Gnatcatcher,0.7394,D:\Bird_Anuran_ARUs\RE03\SMM2-19_20260421_050400.wav
1890.0,1893.0,Molothrus ater,Brown-headed Cowbird,0.7628,D:\Bird_Anuran_ARUs\RE03\SMM2-19_20260421_050400.wav
1893.0,1896.0,Polioptila caerulea,Blue-gray Gnatcatcher,0.7672,D:\Bird_Anuran_ARUs\RE03\SMM2-19_20260421_050400.wav
1896.0,1899.0,Polioptila caerulea,Blue-gray Gnatcatcher,0.6697,D:\Bird_Anuran_ARUs\RE03\SMM2-19_20260421_050400.wav
1899.0,1902.0,Polioptila caerulea,Blue-gray Gnatcatcher,0.4006,D:\Bird_Anuran_ARUs\RE03\SMM2-19_20260421_050400.wav
1902.0,1905.0,Polioptila caerulea,Blue-gray Gnatcatcher,0.7558,D:\Bird_Anuran_ARUs\RE03\SMM2-19_20260421_050400.wav
1902.0,1905.0,Vireo griseus,White-eyed Vireo,0.3507,D:\Bird_Anuran_ARUs\RE03\SMM2-19_20260421_050400.wav
1905.0,1908.0,Polioptila caerulea,Blue-gray Gnatcatcher,0.9403,D:\Bird_Anuran_ARUs\RE03\SMM2-19_20260421_050400.wav
1911.0,1914.0,Polioptila caerulea,Blue-gray Gnatcatcher,0.9387,D:\Bird_Anuran_ARUs\RE03\SMM2-19_20260421_050400.wav
1917.0,1920.0,Poecile carolinensis,Carolina Chickadee,0.7863,D:\Bird_Anuran_ARUs\RE03\SMM2-19_20260421_050400.wav
1920.0,1923.0,Polioptila caerulea,Blue-gray Gnatcatcher,0.7212,D:\Bird_Anuran_ARUs\RE03\SMM2-19_20260421_050400.wav
1926.0,1929.0,Poecile carolinensis,Carolina Chickadee,0.9876,D:\Bird_Anuran_ARUs\RE03\SMM2-19_20260421_050400.wav
1935.0,1938.0,Poecile carolinensis,Carolina Chickadee,0.8344,D:\Bird_Anuran_ARUs\RE03\SMM2-19_20260421_050400.wav
1935.0,1938.0,Polioptila caerulea,Blue-gray Gnatcatcher,0.3353,D:\Bird_Anuran_ARUs\RE03\SMM2-19_20260421_050400.wav
1938.0,1941.0,Polioptila caerulea,Blue-gray Gnatcatcher,0.7044,D:\Bird_Anuran_ARUs\RE03\SMM2-19_20260421_050400.wav
1941.0,1944.0,Poecile carolinensis,Carolina Chickadee,0.8265,D:\Bird_Anuran_ARUs\RE03\SMM2-19_20260421_050400.wav
1947.0,1950.0,Polioptila caerulea,Blue-gray Gnatcatcher,0.5583,D:\Bird_Anuran_ARUs\RE03\SMM2-19_20260421_050400.wav
1950.0,1953.0,Poecile carolinensis,Carolina Chickadee,0.9951,D:\Bird_Anuran_ARUs\RE03\SMM2-19_20260421_050400.wav
1956.0,1959.0,Poecile carolinensis,Carolina Chickadee,0.9172,D:\Bird_Anuran_ARUs\RE03\SMM2-19_20260421_050400.wav
1962.0,1965.0,Poecile carolinensis,Carolina Chickadee,0.9844,D:\Bird_Anuran_ARUs\RE03\SMM2-19_20260421_050400.wav
1971.0,1974.0,Poecile carolinensis,Carolina Chickadee,0.5394,D:\Bird_Anuran_ARUs\RE03\SMM2-19_20260421_050400.wav
1974.0,1977.0,Poecile carolinensis,Carolina Chickadee,0.9012,D:\Bird_Anuran_ARUs\RE03\SMM2-19_20260421_050400.wav
1974.0,1977.0,Mniotilta varia,Black-and-white Warbler,0.2784,D:\Bird_Anuran_ARUs\RE03\SMM2-19_20260421_050400.wav
1977.0,1980.0,Vireo griseus,White-eyed Vireo,0.2950,D:\Bird_Anuran_ARUs\RE03\SMM2-19_20260421_050400.wav
2001.0,2004.0,Vireo griseus,White-eyed Vireo,0.6453,D:\Bird_Anuran_ARUs\RE03\SMM2-19_20260421_050400.wav
2019.0,2022.0,Vireo griseus,White-eyed Vireo,0.3204,D:\Bird_Anuran_ARUs\RE03\SMM2-19_20260421_050400.wav
2022.0,2025.0,Vireo griseus,White-eyed Vireo,0.4051,D:\Bird_Anuran_ARUs\RE03\SMM2-19_20260421_050400.wav
2025.0,2028.0,Mniotilta varia,Black-and-white Warbler,0.9942,D:\Bird_Anuran_ARUs\RE03\SMM2-19_20260421_050400.wav
2034.0,2037.0,Mniotilta varia,Black-and-white Warbler,0.9955,D:\Bird_Anuran_ARUs\RE03\SMM2-19_20260421_050400.wav
2037.0,2040.0,Mniotilta varia,Black-and-white Warbler,0.2966,D:\Bird_Anuran_ARUs\RE03\SMM2-19_20260421_050400.wav
2046.0,2049.0,Mniotilta varia,Black-and-white Warbler,0.9885,D:\Bird_Anuran_ARUs\RE03\SMM2-19_20260421_050400.wav
2049.0,2052.0,Mniotilta varia,Black-and-white Warbler,0.9686,D:\Bird_Anuran_ARUs\RE03\SMM2-19_20260421_050400.wav
2055.0,2058.0,Zenaida macroura,Mourning Dove,0.3826,D:\Bird_Anuran_ARUs\RE03\SMM2-19_20260421_050400.wav
2058.0,2061.0,Poecile carolinensis,Carolina Chickadee,0.3958,D:\Bird_Anuran_ARUs\RE03\SMM2-19_20260421_050400.wav
2061.0,2064.0,Mniotilta varia,Black-and-white Warbler,0.9696,D:\Bird_Anuran_ARUs\RE03\SMM2-19_20260421_050400.wav
2067.0,2070.0,Poecile carolinensis,Carolina Chickadee,0.3608,D:\Bird_Anuran_ARUs\RE03\SMM2-19_20260421_050400.wav
2070.0,2073.0,Corvus brachyrhynchos,American Crow,0.2534,D:\Bird_Anuran_ARUs\RE03\SMM2-19_20260421_050400.wav
2073.0,2076.0,Vireo griseus,White-eyed Vireo,0.4512,D:\Bird_Anuran_ARUs\RE03\SMM2-19_20260421_050400.wav
2076.0,2079.0,Mniotilta varia,Black-and-white Warbler,0.9886,D:\Bird_Anuran_ARUs\RE03\SMM2-19_20260421_050400.wav
2079.0,2082.0,Mniotilta varia,Black-and-white Warbler,0.8123,D:\Bird_Anuran_ARUs\RE03\SMM2-19_20260421_050400.wav
2079.0,2082.0,Corvus brachyrhynchos,American Crow,0.2932,D:\Bird_Anuran_ARUs\RE03\SMM2-19_20260421_050400.wav
2082.0,2085.0,Corvus brachyrhynchos,American Crow,0.5101,D:\Bird_Anuran_ARUs\RE03\SMM2-19_20260421_050400.wav
2085.0,2088.0,Corvus brachyrhynchos,American Crow,0.5065,D:\Bird_Anuran_ARUs\RE03\SMM2-19_20260421_050400.wav
2088.0,2091.0,Corvus brachyrhynchos,American Crow,0.9261,D:\Bird_Anuran_ARUs\RE03\SMM2-19_20260421_050400.wav
2088.0,2091.0,Poecile carolinensis,Carolina Chickadee,0.3949,D:\Bird_Anuran_ARUs\RE03\SMM2-19_20260421_050400.wav
2091.0,2094.0,Mniotilta varia,Black-and-white Warbler,0.9851,D:\Bird_Anuran_ARUs\RE03\SMM2-19_20260421_050400.wav
2094.0,2097.0,Mniotilta varia,Black-and-white Warbler,0.9755,D:\Bird_Anuran_ARUs\RE03\SMM2-19_20260421_050400.wav
2097.0,2100.0,Corvus brachyrhynchos,American Crow,0.9544,D:\Bird_Anuran_ARUs\RE03\SMM2-19_20260421_050400.wav
2097.0,2100.0,Poecile carolinensis,Carolina Chickadee,0.3350,D:\Bird_Anuran_ARUs\RE03\SMM2-19_20260421_050400.wav
2106.0,2109.0,Poecile carolinensis,Carolina Chickadee,0.9297,D:\Bird_Anuran_ARUs\RE03\SMM2-19_20260421_050400.wav
2109.0,2112.0,Corvus brachyrhynchos,American Crow,0.6393,D:\Bird_Anuran_ARUs\RE03\SMM2-19_20260421_050400.wav
2109.0,2112.0,Poecile carolinensis,Carolina Chickadee,0.5171,D:\Bird_Anuran_ARUs\RE03\SMM2-19_20260421_050400.wav
2109.0,2112.0,Mniotilta varia,Black-and-white Warbler,0.5074,D:\Bird_Anuran_ARUs\RE03\SMM2-19_20260421_050400.wav
2112.0,2115.0,Mniotilta varia,Black-and-white Warbler,0.9972,D:\Bird_Anuran_ARUs\RE03\SMM2-19_20260421_050400.wav
2115.0,2118.0,Corvus brachyrhynchos,American Crow,0.9922,D:\Bird_Anuran_ARUs\RE03\SMM2-19_20260421_050400.wav
2115.0,2118.0,Pipilo erythrophthalmus,Eastern Towhee,0.5732,D:\Bird_Anuran_ARUs\RE03\SMM2-19_20260421_050400.wav
2115.0,2118.0,Poecile carolinensis,Carolina Chickadee,0.3032,D:\Bird_Anuran_ARUs\RE03\SMM2-19_20260421_050400.wav
2118.0,2121.0,Poecile carolinensis,Carolina Chickadee,0.9806,D:\Bird_Anuran_ARUs\RE03\SMM2-19_20260421_050400.wav
2121.0,2124.0,Corvus brachyrhynchos,American Crow,0.9972,D:\Bird_Anuran_ARUs\RE03\SMM2-19_20260421_050400.wav
2124.0,2127.0,Mniotilta varia,Black-and-white Warbler,0.9207,D:\Bird_Anuran_ARUs\RE03\SMM2-19_20260421_050400.wav
2127.0,2130.0,Mniotilta varia,Black-and-white Warbler,0.9942,D:\Bird_Anuran_ARUs\RE03\SMM2-19_20260421_050400.wav
2133.0,2136.0,Poecile carolinensis,Carolina Chickadee,0.9971,D:\Bird_Anuran_ARUs\RE03\SMM2-19_20260421_050400.wav
2136.0,2139.0,Mniotilta varia,Black-and-white Warbler,0.9966,D:\Bird_Anuran_ARUs\RE03\SMM2-19_20260421_050400.wav
2142.0,2145.0,Zenaida macroura,Mourning Dove,0.4743,D:\Bird_Anuran_ARUs\RE03\SMM2-19_20260421_050400.wav
2145.0,2148.0,Poecile carolinensis,Carolina Chickadee,0.9810,D:\Bird_Anuran_ARUs\RE03\SMM2-19_20260421_050400.wav
2148.0,2151.0,Mniotilta varia,Black-and-white Warbler,0.4770,D:\Bird_Anuran_ARUs\RE03\SMM2-19_20260421_050400.wav
2151.0,2154.0,Poecile carolinensis,Carolina Chickadee,0.4133,D:\Bird_Anuran_ARUs\RE03\SMM2-19_20260421_050400.wav
2154.0,2157.0,Zenaida macroura,Mourning Dove,0.2741,D:\Bird_Anuran_ARUs\RE03\SMM2-19_20260421_050400.wav
2157.0,2160.0,Corvus brachyrhynchos,American Crow,0.5039,D:\Bird_Anuran_ARUs\RE03\SMM2-19_20260421_050400.wav
2160.0,2163.0,Poecile carolinensis,Carolina Chickadee,0.7499,D:\Bird_Anuran_ARUs\RE03\SMM2-19_20260421_050400.wav
2160.0,2163.0,Mniotilta varia,Black-and-white Warbler,0.3722,D:\Bird_Anuran_ARUs\RE03\SMM2-19_20260421_050400.wav
2163.0,2166.0,Mniotilta varia,Black-and-white Warbler,0.9901,D:\Bird_Anuran_ARUs\RE03\SMM2-19_20260421_050400.wav
2166.0,2169.0,Poecile carolinensis,Carolina Chickadee,0.9529,D:\Bird_Anuran_ARUs\RE03\SMM2-19_20260421_050400.wav
2169.0,2172.0,Vireo griseus,White-eyed Vireo,0.7685,D:\Bird_Anuran_ARUs\RE03\SMM2-19_20260421_050400.wav
2172.0,2175.0,Vireo griseus,White-eyed Vireo,0.3854,D:\Bird_Anuran_ARUs\RE03\SMM2-19_20260421_050400.wav
2175.0,2178.0,Poecile carolinensis,Carolina Chickadee,0.9924,D:\Bird_Anuran_ARUs\RE03\SMM2-19_20260421_050400.wav
2181.0,2184.0,Mniotilta varia,Black-and-white Warbler,0.9921,D:\Bird_Anuran_ARUs\RE03\SMM2-19_20260421_050400.wav
2187.0,2190.0,Corvus brachyrhynchos,American Crow,0.9845,D:\Bird_Anuran_ARUs\RE03\SMM2-19_20260421_050400.wav
2187.0,2190.0,Pipilo erythrophthalmus,Eastern Towhee,0.2850,D:\Bird_Anuran_ARUs\RE03\SMM2-19_20260421_050400.wav
2190.0,2193.0,Corvus brachyrhynchos,American Crow,0.9591,D:\Bird_Anuran_ARUs\RE03\SMM2-19_20260421_050400.wav
2190.0,2193.0,Poecile carolinensis,Carolina Chickadee,0.8804,D:\Bird_Anuran_ARUs\RE03\SMM2-19_20260421_050400.wav
2193.0,2196.0,Corvus brachyrhynchos,American Crow,0.3674,D:\Bird_Anuran_ARUs\RE03\SMM2-19_20260421_050400.wav
2196.0,2199.0,Poecile carolinensis,Carolina Chickadee,0.9479,D:\Bird_Anuran_ARUs\RE03\SMM2-19_20260421_050400.wav
2199.0,2202.0,Mniotilta varia,Black-and-white Warbler,0.5940,D:\Bird_Anuran_ARUs\RE03\SMM2-19_20260421_050400.wav
2202.0,2205.0,Poecile carolinensis,Carolina Chickadee,0.6941,D:\Bird_Anuran_ARUs\RE03\SMM2-19_20260421_050400.wav
2205.0,2208.0,Corvus brachyrhynchos,American Crow,0.6289,D:\Bird_Anuran_ARUs\RE03\SMM2-19_20260421_050400.wav
2208.0,2211.0,Corvus brachyrhynchos,American Crow,0.8570,D:\Bird_Anuran_ARUs\RE03\SMM2-19_20260421_050400.wav
2208.0,2211.0,Cardinalis cardinalis,Northern Cardinal,0.2823,D:\Bird_Anuran_ARUs\RE03\SMM2-19_20260421_050400.wav
2211.0,2214.0,Poecile carolinensis,Carolina Chickadee,0.9389,D:\Bird_Anuran_ARUs\RE03\SMM2-19_20260421_050400.wav
2211.0,2214.0,Corvus brachyrhynchos,American Crow,0.9099,D:\Bird_Anuran_ARUs\RE03\SMM2-19_20260421_050400.wav
2214.0,2217.0,Corvus brachyrhynchos,American Crow,0.3248,D:\Bird_Anuran_ARUs\RE03\SMM2-19_20260421_050400.wav
2217.0,2220.0,Corvus brachyrhynchos,American Crow,0.8136,D:\Bird_Anuran_ARUs\RE03\SMM2-19_20260421_050400.wav
2223.0,2226.0,Corvus brachyrhynchos,American Crow,0.9606,D:\Bird_Anuran_ARUs\RE03\SMM2-19_20260421_050400.wav
2223.0,2226.0,Poecile carolinensis,Carolina Chickadee,0.8948,D:\Bird_Anuran_ARUs\RE03\SMM2-19_20260421_050400.wav
2226.0,2229.0,Corvus brachyrhynchos,American Crow,0.9067,D:\Bird_Anuran_ARUs\RE03\SMM2-19_20260421_050400.wav
2226.0,2229.0,Pipilo erythrophthalmus,Eastern Towhee,0.3445,D:\Bird_Anuran_ARUs\RE03\SMM2-19_20260421_050400.wav
2229.0,2232.0,Poecile carolinensis,Carolina Chickadee,0.6673,D:\Bird_Anuran_ARUs\RE03\SMM2-19_20260421_050400.wav
2232.0,2235.0,Poecile carolinensis,Carolina Chickadee,0.7084,D:\Bird_Anuran_ARUs\RE03\SMM2-19_20260421_050400.wav
2235.0,2238.0,Molothrus ater,Brown-headed Cowbird,0.2537,D:\Bird_Anuran_ARUs\RE03\SMM2-19_20260421_050400.wav
2238.0,2241.0,Poecile carolinensis,Carolina Chickadee,0.9745,D:\Bird_Anuran_ARUs\RE03\SMM2-19_20260421_050400.wav
2241.0,2244.0,Cardinalis cardinalis,Northern Cardinal,0.4467,D:\Bird_Anuran_ARUs\RE03\SMM2-19_20260421_050400.wav
2247.0,2250.0,Poecile carolinensis,Carolina Chickadee,0.3088,D:\Bird_Anuran_ARUs\RE03\SMM2-19_20260421_050400.wav
2250.0,2253.0,Poecile carolinensis,Carolina Chickadee,0.7519,D:\Bird_Anuran_ARUs\RE03\SMM2-19_20260421_050400.wav
2253.0,2256.0,Corvus brachyrhynchos,American Crow,0.7160,D:\Bird_Anuran_ARUs\RE03\SMM2-19_20260421_050400.wav
2256.0,2259.0,Corvus brachyrhynchos,American Crow,0.2740,D:\Bird_Anuran_ARUs\RE03\SMM2-19_20260421_050400.wav
2259.0,2262.0,Corvus brachyrhynchos,American Crow,0.9853,D:\Bird_Anuran_ARUs\RE03\SMM2-19_20260421_050400.wav
2259.0,2262.0,Mniotilta varia,Black-and-white Warbler,0.3645,D:\Bird_Anuran_ARUs\RE03\SMM2-19_20260421_050400.wav
2262.0,2265.0,Corvus brachyrhynchos,American Crow,0.9301,D:\Bird_Anuran_ARUs\RE03\SMM2-19_20260421_050400.wav
2262.0,2265.0,Polioptila caerulea,Blue-gray Gnatcatcher,0.2997,D:\Bird_Anuran_ARUs\RE03\SMM2-19_20260421_050400.wav
2268.0,2271.0,Poecile carolinensis,Carolina Chickadee,0.9708,D:\Bird_Anuran_ARUs\RE03\SMM2-19_20260421_050400.wav
2274.0,2277.0,Poecile carolinensis,Carolina Chickadee,0.9062,D:\Bird_Anuran_ARUs\RE03\SMM2-19_20260421_050400.wav
2277.0,2280.0,Cardinalis cardinalis,Northern Cardinal,0.3009,D:\Bird_Anuran_ARUs\RE03\SMM2-19_20260421_050400.wav
2277.0,2280.0,Vireo griseus,White-eyed Vireo,0.2823,D:\Bird_Anuran_ARUs\RE03\SMM2-19_20260421_050400.wav
2283.0,2286.0,Poecile carolinensis,Carolina Chickadee,0.9484,D:\Bird_Anuran_ARUs\RE03\SMM2-19_20260421_050400.wav
2292.0,2295.0,Poecile carolinensis,Carolina Chickadee,0.8191,D:\Bird_Anuran_ARUs\RE03\SMM2-19_20260421_050400.wav
2295.0,2298.0,Mniotilta varia,Black-and-white Warbler,0.4599,D:\Bird_Anuran_ARUs\RE03\SMM2-19_20260421_050400.wav
2298.0,2301.0,Poecile carolinensis,Carolina Chickadee,0.9484,D:\Bird_Anuran_ARUs\RE03\SMM2-19_20260421_050400.wav
2307.0,2310.0,Poecile carolinensis,Carolina Chickadee,0.7844,D:\Bird_Anuran_ARUs\RE03\SMM2-19_20260421_050400.wav
2310.0,2313.0,Cardinalis cardinalis,Northern Cardinal,0.5526,D:\Bird_Anuran_ARUs\RE03\SMM2-19_20260421_050400.wav
2316.0,2319.0,Poecile carolinensis,Carolina Chickadee,0.8721,D:\Bird_Anuran_ARUs\RE03\SMM2-19_20260421_050400.wav
2319.0,2322.0,Cardinalis cardinalis,Northern Cardinal,0.3648,D:\Bird_Anuran_ARUs\RE03\SMM2-19_20260421_050400.wav
2322.0,2325.0,Cardinalis cardinalis,Northern Cardinal,0.2857,D:\Bird_Anuran_ARUs\RE03\SMM2-19_20260421_050400.wav
2328.0,2331.0,Poecile carolinensis,Carolina Chickadee,0.8505,D:\Bird_Anuran_ARUs\RE03\SMM2-19_20260421_050400.wav
2331.0,2334.0,Cardinalis cardinalis,Northern Cardinal,0.2615,D:\Bird_Anuran_ARUs\RE03\SMM2-19_20260421_050400.wav
2334.0,2337.0,Poecile carolinensis,Carolina Chickadee,0.9907,D:\Bird_Anuran_ARUs\RE03\SMM2-19_20260421_050400.wav
2340.0,2343.0,Corvus brachyrhynchos,American Crow,0.4983,D:\Bird_Anuran_ARUs\RE03\SMM2-19_20260421_050400.wav
2343.0,2346.0,Mniotilta varia,Black-and-white Warbler,0.6611,D:\Bird_Anuran_ARUs\RE03\SMM2-19_20260421_050400.wav
2346.0,2349.0,Poecile carolinensis,Carolina Chickadee,0.9673,D:\Bird_Anuran_ARUs\RE03\SMM2-19_20260421_050400.wav
2349.0,2352.0,Corvus brachyrhynchos,American Crow,0.7691,D:\Bird_Anuran_ARUs\RE03\SMM2-19_20260421_050400.wav
2349.0,2352.0,Pipilo erythrophthalmus,Eastern Towhee,0.2688,D:\Bird_Anuran_ARUs\RE03\SMM2-19_20260421_050400.wav
2352.0,2355.0,Corvus brachyrhynchos,American Crow,0.4011,D:\Bird_Anuran_ARUs\RE03\SMM2-19_20260421_050400.wav
2355.0,2358.0,Poecile carolinensis,Carolina Chickadee,0.8696,D:\Bird_Anuran_ARUs\RE03\SMM2-19_20260421_050400.wav
2355.0,2358.0,Corvus brachyrhynchos,American Crow,0.5356,D:\Bird_Anuran_ARUs\RE03\SMM2-19_20260421_050400.wav
2358.0,2361.0,Corvus brachyrhynchos,American Crow,0.7465,D:\Bird_Anuran_ARUs\RE03\SMM2-19_20260421_050400.wav
2361.0,2364.0,Corvus brachyrhynchos,American Crow,0.5935,D:\Bird_Anuran_ARUs\RE03\SMM2-19_20260421_050400.wav
2361.0,2364.0,Mniotilta varia,Black-and-white Warbler,0.3385,D:\Bird_Anuran_ARUs\RE03\SMM2-19_20260421_050400.wav
2361.0,2364.0,Piranga olivacea,Scarlet Tanager,0.3103,D:\Bird_Anuran_ARUs\RE03\SMM2-19_20260421_050400.wav
2361.0,2364.0,Pipilo erythrophthalmus,Eastern Towhee,0.2758,D:\Bird_Anuran_ARUs\RE03\SMM2-19_20260421_050400.wav
2370.0,2373.0,Cardinalis cardinalis,Northern Cardinal,0.3133,D:\Bird_Anuran_ARUs\RE03\SMM2-19_20260421_050400.wav
2373.0,2376.0,Mniotilta varia,Black-and-white Warbler,0.3268,D:\Bird_Anuran_ARUs\RE03\SMM2-19_20260421_050400.wav
2376.0,2379.0,Corvus brachyrhynchos,American Crow,0.6925,D:\Bird_Anuran_ARUs\RE03\SMM2-19_20260421_050400.wav
2376.0,2379.0,Melanerpes carolinus,Red-bellied Woodpecker,0.3015,D:\Bird_Anuran_ARUs\RE03\SMM2-19_20260421_050400.wav
2376.0,2379.0,Cardinalis cardinalis,Northern Cardinal,0.2651,D:\Bird_Anuran_ARUs\RE03\SMM2-19_20260421_050400.wav
2379.0,2382.0,Cardinalis cardinalis,Northern Cardinal,0.3246,D:\Bird_Anuran_ARUs\RE03\SMM2-19_20260421_050400.wav
2379.0,2382.0,Vireo griseus,White-eyed Vireo,0.3144,D:\Bird_Anuran_ARUs\RE03\SMM2-19_20260421_050400.wav
2382.0,2385.0,Poecile carolinensis,Carolina Chickadee,0.9720,D:\Bird_Anuran_ARUs\RE03\SMM2-19_20260421_050400.wav
2385.0,2388.0,Cardinalis cardinalis,Northern Cardinal,0.4134,D:\Bird_Anuran_ARUs\RE03\SMM2-19_20260421_050400.wav
2388.0,2391.0,Corvus brachyrhynchos,American Crow,0.8211,D:\Bird_Anuran_ARUs\RE03\SMM2-19_20260421_050400.wav
2388.0,2391.0,Poecile carolinensis,Carolina Chickadee,0.3341,D:\Bird_Anuran_ARUs\RE03\SMM2-19_20260421_050400.wav
2388.0,2391.0,Mniotilta varia,Black-and-white Warbler,0.3286,D:\Bird_Anuran_ARUs\RE03\SMM2-19_20260421_050400.wav
2391.0,2394.0,Poecile carolinensis,Carolina Chickadee,0.9324,D:\Bird_Anuran_ARUs\RE03\SMM2-19_20260421_050400.wav
2400.0,2403.0,Vireo griseus,White-eyed Vireo,0.4340,D:\Bird_Anuran_ARUs\RE03\SMM2-19_20260421_050400.wav
2406.0,2409.0,Poecile carolinensis,Carolina Chickadee,0.9556,D:\Bird_Anuran_ARUs\RE03\SMM2-19_20260421_050400.wav
2412.0,2415.0,Corvus brachyrhynchos,American Crow,0.3302,D:\Bird_Anuran_ARUs\RE03\SMM2-19_20260421_050400.wav
2415.0,2418.0,Cardinalis cardinalis,Northern Cardinal,0.2856,D:\Bird_Anuran_ARUs\RE03\SMM2-19_20260421_050400.wav
2418.0,2421.0,Vireo griseus,White-eyed Vireo,0.2605,D:\Bird_Anuran_ARUs\RE03\SMM2-19_20260421_050400.wav
2421.0,2424.0,Poecile carolinensis,Carolina Chickadee,0.7869,D:\Bird_Anuran_ARUs\RE03\SMM2-19_20260421_050400.wav
2421.0,2424.0,Corvus brachyrhynchos,American Crow,0.3604,D:\Bird_Anuran_ARUs\RE03\SMM2-19_20260421_050400.wav
2424.0,2427.0,Poecile carolinensis,Carolina Chickadee,0.8998,D:\Bird_Anuran_ARUs\RE03\SMM2-19_20260421_050400.wav
2430.0,2433.0,Poecile carolinensis,Carolina Chickadee,0.9490,D:\Bird_Anuran_ARUs\RE03\SMM2-19_20260421_050400.wav
2430.0,2433.0,Corvus brachyrhynchos,American Crow,0.3090,D:\Bird_Anuran_ARUs\RE03\SMM2-19_20260421_050400.wav
2433.0,2436.0,Corvus brachyrhynchos,American Crow,0.2667,D:\Bird_Anuran_ARUs\RE03\SMM2-19_20260421_050400.wav
2439.0,2442.0,Poecile carolinensis,Carolina Chickadee,0.7383,D:\Bird_Anuran_ARUs\RE03\SMM2-19_20260421_050400.wav
2442.0,2445.0,Corvus brachyrhynchos,American Crow,0.3595,D:\Bird_Anuran_ARUs\RE03\SMM2-19_20260421_050400.wav
2445.0,2448.0,Corvus brachyrhynchos,American Crow,0.6088,D:\Bird_Anuran_ARUs\RE03\SMM2-19_20260421_050400.wav
2445.0,2448.0,Molothrus ater,Brown-headed Cowbird,0.2848,D:\Bird_Anuran_ARUs\RE03\SMM2-19_20260421_050400.wav
2448.0,2451.0,Poecile carolinensis,Carolina Chickadee,0.9705,D:\Bird_Anuran_ARUs\RE03\SMM2-19_20260421_050400.wav
2454.0,2457.0,Corvus brachyrhynchos,American Crow,0.4120,D:\Bird_Anuran_ARUs\RE03\SMM2-19_20260421_050400.wav
2460.0,2463.0,Corvus brachyrhynchos,American Crow,0.8342,D:\Bird_Anuran_ARUs\RE03\SMM2-19_20260421_050400.wav
2463.0,2466.0,Poecile carolinensis,Carolina Chickadee,0.9715,D:\Bird_Anuran_ARUs\RE03\SMM2-19_20260421_050400.wav
2466.0,2469.0,Corvus brachyrhynchos,American Crow,0.4977,D:\Bird_Anuran_ARUs\RE03\SMM2-19_20260421_050400.wav
2466.0,2469.0,Poecile carolinensis,Carolina Chickadee,0.3018,D:\Bird_Anuran_ARUs\RE03\SMM2-19_20260421_050400.wav
2469.0,2472.0,Corvus brachyrhynchos,American Crow,0.9875,D:\Bird_Anuran_ARUs\RE03\SMM2-19_20260421_050400.wav
2469.0,2472.0,Pipilo erythrophthalmus,Eastern Towhee,0.5260,D:\Bird_Anuran_ARUs\RE03\SMM2-19_20260421_050400.wav
2469.0,2472.0,Baeolophus bicolor,Tufted Titmouse,0.3691,D:\Bird_Anuran_ARUs\RE03\SMM2-19_20260421_050400.wav
2472.0,2475.0,Corvus brachyrhynchos,American Crow,0.9899,D:\Bird_Anuran_ARUs\RE03\SMM2-19_20260421_050400.wav
2472.0,2475.0,Mniotilta varia,Black-and-white Warbler,0.9200,D:\Bird_Anuran_ARUs\RE03\SMM2-19_20260421_050400.wav
2472.0,2475.0,Baeolophus bicolor,Tufted Titmouse,0.3156,D:\Bird_Anuran_ARUs\RE03\SMM2-19_20260421_050400.wav
2481.0,2484.0,Corvus brachyrhynchos,American Crow,0.6457,D:\Bird_Anuran_ARUs\RE03\SMM2-19_20260421_050400.wav
2484.0,2487.0,Corvus brachyrhynchos,American Crow,0.8076,D:\Bird_Anuran_ARUs\RE03\SMM2-19_20260421_050400.wav
2484.0,2487.0,Baeolophus bicolor,Tufted Titmouse,0.3205,D:\Bird_Anuran_ARUs\RE03\SMM2-19_20260421_050400.wav
2487.0,2490.0,Baeolophus bicolor,Tufted Titmouse,0.4048,D:\Bird_Anuran_ARUs\RE03\SMM2-19_20260421_050400.wav
2490.0,2493.0,Baeolophus bicolor,Tufted Titmouse,0.7987,D:\Bird_Anuran_ARUs\RE03\SMM2-19_20260421_050400.wav
2490.0,2493.0,Corvus brachyrhynchos,American Crow,0.6686,D:\Bird_Anuran_ARUs\RE03\SMM2-19_20260421_050400.wav
2493.0,2496.0,Poecile carolinensis,Carolina Chickadee,0.9096,D:\Bird_Anuran_ARUs\RE03\SMM2-19_20260421_050400.wav
2493.0,2496.0,Baeolophus bicolor,Tufted Titmouse,0.7291,D:\Bird_Anuran_ARUs\RE03\SMM2-19_20260421_050400.wav
2496.0,2499.0,Poecile carolinensis,Carolina Chickadee,0.9597,D:\Bird_Anuran_ARUs\RE03\SMM2-19_20260421_050400.wav
2499.0,2502.0,Baeolophus bicolor,Tufted Titmouse,0.2741,D:\Bird_Anuran_ARUs\RE03\SMM2-19_20260421_050400.wav
2499.0,2502.0,Corvus brachyrhynchos,American Crow,0.2567,D:\Bird_Anuran_ARUs\RE03\SMM2-19_20260421_050400.wav
2508.0,2511.0,Corvus brachyrhynchos,American Crow,0.7496,D:\Bird_Anuran_ARUs\RE03\SMM2-19_20260421_050400.wav
2511.0,2514.0,Zenaida macroura,Mourning Dove,0.5153,D:\Bird_Anuran_ARUs\RE03\SMM2-19_20260421_050400.wav
2514.0,2517.0,Baeolophus bicolor,Tufted Titmouse,0.6780,D:\Bird_Anuran_ARUs\RE03\SMM2-19_20260421_050400.wav
2517.0,2520.0,Baeolophus bicolor,Tufted Titmouse,0.6878,D:\Bird_Anuran_ARUs\RE03\SMM2-19_20260421_050400.wav
2520.0,2523.0,Baeolophus bicolor,Tufted Titmouse,0.9671,D:\Bird_Anuran_ARUs\RE03\SMM2-19_20260421_050400.wav
2520.0,2523.0,Corvus brachyrhynchos,American Crow,0.9544,D:\Bird_Anuran_ARUs\RE03\SMM2-19_20260421_050400.wav
2523.0,2526.0,Mniotilta varia,Black-and-white Warbler,0.8767,D:\Bird_Anuran_ARUs\RE03\SMM2-19_20260421_050400.wav
2526.0,2529.0,Baeolophus bicolor,Tufted Titmouse,0.3347,D:\Bird_Anuran_ARUs\RE03\SMM2-19_20260421_050400.wav
2529.0,2532.0,Setophaga pinus,Pine Warbler,0.3027,D:\Bird_Anuran_ARUs\RE03\SMM2-19_20260421_050400.wav
2532.0,2535.0,Baeolophus bicolor,Tufted Titmouse,0.3162,D:\Bird_Anuran_ARUs\RE03\SMM2-19_20260421_050400.wav
2535.0,2538.0,Baeolophus bicolor,Tufted Titmouse,0.6291,D:\Bird_Anuran_ARUs\RE03\SMM2-19_20260421_050400.wav
2535.0,2538.0,Corvus brachyrhynchos,American Crow,0.4403,D:\Bird_Anuran_ARUs\RE03\SMM2-19_20260421_050400.wav
2538.0,2541.0,Baeolophus bicolor,Tufted Titmouse,0.7802,D:\Bird_Anuran_ARUs\RE03\SMM2-19_20260421_050400.wav
2541.0,2544.0,Corvus brachyrhynchos,American Crow,0.9404,D:\Bird_Anuran_ARUs\RE03\SMM2-19_20260421_050400.wav
2544.0,2547.0,Corvus brachyrhynchos,American Crow,0.8240,D:\Bird_Anuran_ARUs\RE03\SMM2-19_20260421_050400.wav
2544.0,2547.0,Baeolophus bicolor,Tufted Titmouse,0.6332,D:\Bird_Anuran_ARUs\RE03\SMM2-19_20260421_050400.wav
2547.0,2550.0,Corvus brachyrhynchos,American Crow,0.9916,D:\Bird_Anuran_ARUs\RE03\SMM2-19_20260421_050400.wav
2547.0,2550.0,Mniotilta varia,Black-and-white Warbler,0.8385,D:\Bird_Anuran_ARUs\RE03\SMM2-19_20260421_050400.wav
2553.0,2556.0,Corvus brachyrhynchos,American Crow,0.4387,D:\Bird_Anuran_ARUs\RE03\SMM2-19_20260421_050400.wav
2553.0,2556.0,Zenaida macroura,Mourning Dove,0.3718,D:\Bird_Anuran_ARUs\RE03\SMM2-19_20260421_050400.wav
2556.0,2559.0,Molothrus ater,Brown-headed Cowbird,0.9609,D:\Bird_Anuran_ARUs\RE03\SMM2-19_20260421_050400.wav
2556.0,2559.0,Corvus brachyrhynchos,American Crow,0.7944,D:\Bird_Anuran_ARUs\RE03\SMM2-19_20260421_050400.wav
2556.0,2559.0,Baeolophus bicolor,Tufted Titmouse,0.3135,D:\Bird_Anuran_ARUs\RE03\SMM2-19_20260421_050400.wav
2559.0,2562.0,Corvus brachyrhynchos,American Crow,0.6195,D:\Bird_Anuran_ARUs\RE03\SMM2-19_20260421_050400.wav
2559.0,2562.0,Cardinalis cardinalis,Northern Cardinal,0.3409,D:\Bird_Anuran_ARUs\RE03\SMM2-19_20260421_050400.wav
2562.0,2565.0,Baeolophus bicolor,Tufted Titmouse,0.7102,D:\Bird_Anuran_ARUs\RE03\SMM2-19_20260421_050400.wav
2562.0,2565.0,Corvus brachyrhynchos,American Crow,0.6621,D:\Bird_Anuran_ARUs\RE03\SMM2-19_20260421_050400.wav
2565.0,2568.0,Corvus brachyrhynchos,American Crow,0.5905,D:\Bird_Anuran_ARUs\RE03\SMM2-19_20260421_050400.wav
2571.0,2574.0,Mniotilta varia,Black-and-white Warbler,0.9203,D:\Bird_Anuran_ARUs\RE03\SMM2-19_20260421_050400.wav
2571.0,2574.0,Corvus brachyrhynchos,American Crow,0.5614,D:\Bird_Anuran_ARUs\RE03\SMM2-19_20260421_050400.wav
2574.0,2577.0,Corvus brachyrhynchos,American Crow,0.8872,D:\Bird_Anuran_ARUs\RE03\SMM2-19_20260421_050400.wav
2586.0,2589.0,Dumetella carolinensis,Gray Catbird,0.4088,D:\Bird_Anuran_ARUs\RE03\SMM2-19_20260421_050400.wav
2598.0,2601.0,Baeolophus bicolor,Tufted Titmouse,0.2849,D:\Bird_Anuran_ARUs\RE03\SMM2-19_20260421_050400.wav
2601.0,2604.0,Mniotilta varia,Black-and-white Warbler,0.4103,D:\Bird_Anuran_ARUs\RE03\SMM2-19_20260421_050400.wav
2604.0,2607.0,Molothrus ater,Brown-headed Cowbird,0.3737,D:\Bird_Anuran_ARUs\RE03\SMM2-19_20260421_050400.wav
2610.0,2613.0,Baeolophus bicolor,Tufted Titmouse,0.3478,D:\Bird_Anuran_ARUs\RE03\SMM2-19_20260421_050400.wav
2616.0,2619.0,Mniotilta varia,Black-and-white Warbler,0.6627,D:\Bird_Anuran_ARUs\RE03\SMM2-19_20260421_050400.wav
2619.0,2622.0,Mniotilta varia,Black-and-white Warbler,0.3066,D:\Bird_Anuran_ARUs\RE03\SMM2-19_20260421_050400.wav
2628.0,2631.0,Corvus brachyrhynchos,American Crow,0.6951,D:\Bird_Anuran_ARUs\RE03\SMM2-19_20260421_050400.wav
2628.0,2631.0,Vireo griseus,White-eyed Vireo,0.3265,D:\Bird_Anuran_ARUs\RE03\SMM2-19_20260421_050400.wav
2637.0,2640.0,Corvus brachyrhynchos,American Crow,0.8548,D:\Bird_Anuran_ARUs\RE03\SMM2-19_20260421_050400.wav
2637.0,2640.0,Vireo griseus,White-eyed Vireo,0.5692,D:\Bird_Anuran_ARUs\RE03\SMM2-19_20260421_050400.wav
2640.0,2643.0,Pipilo erythrophthalmus,Eastern Towhee,0.4271,D:\Bird_Anuran_ARUs\RE03\SMM2-19_20260421_050400.wav
2658.0,2661.0,Vireo griseus,White-eyed Vireo,0.5373,D:\Bird_Anuran_ARUs\RE03\SMM2-19_20260421_050400.wav
2667.0,2670.0,Vireo griseus,White-eyed Vireo,0.6301,D:\Bird_Anuran_ARUs\RE03\SMM2-19_20260421_050400.wav
2670.0,2673.0,Vireo griseus,White-eyed Vireo,0.4998,D:\Bird_Anuran_ARUs\RE03\SMM2-19_20260421_050400.wav
2673.0,2676.0,Baeolophus bicolor,Tufted Titmouse,0.4469,D:\Bird_Anuran_ARUs\RE03\SMM2-19_20260421_050400.wav
2676.0,2679.0,Vireo griseus,White-eyed Vireo,0.8169,D:\Bird_Anuran_ARUs\RE03\SMM2-19_20260421_050400.wav
2679.0,2682.0,Mniotilta varia,Black-and-white Warbler,0.8171,D:\Bird_Anuran_ARUs\RE03\SMM2-19_20260421_050400.wav
2679.0,2682.0,Corvus brachyrhynchos,American Crow,0.3465,D:\Bird_Anuran_ARUs\RE03\SMM2-19_20260421_050400.wav
2682.0,2685.0,Baeolophus bicolor,Tufted Titmouse,0.2905,D:\Bird_Anuran_ARUs\RE03\SMM2-19_20260421_050400.wav
2688.0,2691.0,Poecile carolinensis,Carolina Chickadee,0.9633,D:\Bird_Anuran_ARUs\RE03\SMM2-19_20260421_050400.wav
2691.0,2694.0,Vireo griseus,White-eyed Vireo,0.7598,D:\Bird_Anuran_ARUs\RE03\SMM2-19_20260421_050400.wav
2694.0,2697.0,Vireo griseus,White-eyed Vireo,0.7898,D:\Bird_Anuran_ARUs\RE03\SMM2-19_20260421_050400.wav
2697.0,2700.0,Molothrus ater,Brown-headed Cowbird,0.5166,D:\Bird_Anuran_ARUs\RE03\SMM2-19_20260421_050400.wav
2700.0,2703.0,Poecile carolinensis,Carolina Chickadee,0.8020,D:\Bird_Anuran_ARUs\RE03\SMM2-19_20260421_050400.wav
2709.0,2712.0,Vireo griseus,White-eyed Vireo,0.3894,D:\Bird_Anuran_ARUs\RE03\SMM2-19_20260421_050400.wav
2724.0,2727.0,Vireo griseus,White-eyed Vireo,0.2839,D:\Bird_Anuran_ARUs\RE03\SMM2-19_20260421_050400.wav
2727.0,2730.0,Vireo griseus,White-eyed Vireo,0.2754,D:\Bird_Anuran_ARUs\RE03\SMM2-19_20260421_050400.wav
2742.0,2745.0,Vireo griseus,White-eyed Vireo,0.5940,D:\Bird_Anuran_ARUs\RE03\SMM2-19_20260421_050400.wav
2754.0,2757.0,Polioptila caerulea,Blue-gray Gnatcatcher,0.7818,D:\Bird_Anuran_ARUs\RE03\SMM2-19_20260421_050400.wav
2757.0,2760.0,Vireo griseus,White-eyed Vireo,0.2909,D:\Bird_Anuran_ARUs\RE03\SMM2-19_20260421_050400.wav
2763.0,2766.0,Vireo griseus,White-eyed Vireo,0.2685,D:\Bird_Anuran_ARUs\RE03\SMM2-19_20260421_050400.wav
2766.0,2769.0,Vireo griseus,White-eyed Vireo,0.3693,D:\Bird_Anuran_ARUs\RE03\SMM2-19_20260421_050400.wav
2772.0,2775.0,Vireo griseus,White-eyed Vireo,0.2823,D:\Bird_Anuran_ARUs\RE03\SMM2-19_20260421_050400.wav
2775.0,2778.0,Poecile carolinensis,Carolina Chickadee,0.9925,D:\Bird_Anuran_ARUs\RE03\SMM2-19_20260421_050400.wav
2778.0,2781.0,Vireo griseus,White-eyed Vireo,0.2640,D:\Bird_Anuran_ARUs\RE03\SMM2-19_20260421_050400.wav
2787.0,2790.0,Poecile carolinensis,Carolina Chickadee,0.8379,D:\Bird_Anuran_ARUs\RE03\SMM2-19_20260421_050400.wav
2790.0,2793.0,Polioptila caerulea,Blue-gray Gnatcatcher,0.3038,D:\Bird_Anuran_ARUs\RE03\SMM2-19_20260421_050400.wav
2793.0,2796.0,Vireo griseus,White-eyed Vireo,0.5482,D:\Bird_Anuran_ARUs\RE03\SMM2-19_20260421_050400.wav
2796.0,2799.0,Polioptila caerulea,Blue-gray Gnatcatcher,0.8855,D:\Bird_Anuran_ARUs\RE03\SMM2-19_20260421_050400.wav
2799.0,2802.0,Polioptila caerulea,Blue-gray Gnatcatcher,0.8553,D:\Bird_Anuran_ARUs\RE03\SMM2-19_20260421_050400.wav
2802.0,2805.0,Polioptila caerulea,Blue-gray Gnatcatcher,0.6879,D:\Bird_Anuran_ARUs\RE03\SMM2-19_20260421_050400.wav
2805.0,2808.0,Polioptila caerulea,Blue-gray Gnatcatcher,0.9381,D:\Bird_Anuran_ARUs\RE03\SMM2-19_20260421_050400.wav
2808.0,2811.0,Polioptila caerulea,Blue-gray Gnatcatcher,0.9107,D:\Bird_Anuran_ARUs\RE03\SMM2-19_20260421_050400.wav
2811.0,2814.0,Polioptila caerulea,Blue-gray Gnatcatcher,0.6455,D:\Bird_Anuran_ARUs\RE03\SMM2-19_20260421_050400.wav
2814.0,2817.0,Polioptila caerulea,Blue-gray Gnatcatcher,0.3773,D:\Bird_Anuran_ARUs\RE03\SMM2-19_20260421_050400.wav
2817.0,2820.0,Polioptila caerulea,Blue-gray Gnatcatcher,0.8246,D:\Bird_Anuran_ARUs\RE03\SMM2-19_20260421_050400.wav
2820.0,2823.0,Setophaga pinus,Pine Warbler,0.3253,D:\Bird_Anuran_ARUs\RE03\SMM2-19_20260421_050400.wav
2823.0,2826.0,Poecile carolinensis,Carolina Chickadee,0.7743,D:\Bird_Anuran_ARUs\RE03\SMM2-19_20260421_050400.wav
2823.0,2826.0,Polioptila caerulea,Blue-gray Gnatcatcher,0.4188,D:\Bird_Anuran_ARUs\RE03\SMM2-19_20260421_050400.wav
2826.0,2829.0,Polioptila caerulea,Blue-gray Gnatcatcher,0.9504,D:\Bird_Anuran_ARUs\RE03\SMM2-19_20260421_050400.wav
2829.0,2832.0,Polioptila caerulea,Blue-gray Gnatcatcher,0.7158,D:\Bird_Anuran_ARUs\RE03\SMM2-19_20260421_050400.wav
2832.0,2835.0,Polioptila caerulea,Blue-gray Gnatcatcher,0.2965,D:\Bird_Anuran_ARUs\RE03\SMM2-19_20260421_050400.wav
2835.0,2838.0,Molothrus ater,Brown-headed Cowbird,0.3804,D:\Bird_Anuran_ARUs\RE03\SMM2-19_20260421_050400.wav
2835.0,2838.0,Corvus brachyrhynchos,American Crow,0.2508,D:\Bird_Anuran_ARUs\RE03\SMM2-19_20260421_050400.wav
2838.0,2841.0,Polioptila caerulea,Blue-gray Gnatcatcher,0.9373,D:\Bird_Anuran_ARUs\RE03\SMM2-19_20260421_050400.wav
2838.0,2841.0,Corvus brachyrhynchos,American Crow,0.6387,D:\Bird_Anuran_ARUs\RE03\SMM2-19_20260421_050400.wav
2838.0,2841.0,Pipilo erythrophthalmus,Eastern Towhee,0.2941,D:\Bird_Anuran_ARUs\RE03\SMM2-19_20260421_050400.wav
2841.0,2844.0,Polioptila caerulea,Blue-gray Gnatcatcher,0.5675,D:\Bird_Anuran_ARUs\RE03\SMM2-19_20260421_050400.wav
2841.0,2844.0,Vireo griseus,White-eyed Vireo,0.2743,D:\Bird_Anuran_ARUs\RE03\SMM2-19_20260421_050400.wav
2844.0,2847.0,Polioptila caerulea,Blue-gray Gnatcatcher,0.9035,D:\Bird_Anuran_ARUs\RE03\SMM2-19_20260421_050400.wav
2847.0,2850.0,Setophaga discolor,Prairie Warbler,0.5910,D:\Bird_Anuran_ARUs\RE03\SMM2-19_20260421_050400.wav
2847.0,2850.0,Polioptila caerulea,Blue-gray Gnatcatcher,0.4221,D:\Bird_Anuran_ARUs\RE03\SMM2-19_20260421_050400.wav
2853.0,2856.0,Polioptila caerulea,Blue-gray Gnatcatcher,0.7825,D:\Bird_Anuran_ARUs\RE03\SMM2-19_20260421_050400.wav
2856.0,2859.0,Polioptila caerulea,Blue-gray Gnatcatcher,0.6855,D:\Bird_Anuran_ARUs\RE03\SMM2-19_20260421_050400.wav
2865.0,2868.0,Corvus brachyrhynchos,American Crow,0.8450,D:\Bird_Anuran_ARUs\RE03\SMM2-19_20260421_050400.wav
2865.0,2868.0,Pipilo erythrophthalmus,Eastern Towhee,0.6135,D:\Bird_Anuran_ARUs\RE03\SMM2-19_20260421_050400.wav
2868.0,2871.0,Polioptila caerulea,Blue-gray Gnatcatcher,0.6501,D:\Bird_Anuran_ARUs\RE03\SMM2-19_20260421_050400.wav
2868.0,2871.0,Vireo griseus,White-eyed Vireo,0.3918,D:\Bird_Anuran_ARUs\RE03\SMM2-19_20260421_050400.wav
2871.0,2874.0,Polioptila caerulea,Blue-gray Gnatcatcher,0.9150,D:\Bird_Anuran_ARUs\RE03\SMM2-19_20260421_050400.wav
2874.0,2877.0,Polioptila caerulea,Blue-gray Gnatcatcher,0.8796,D:\Bird_Anuran_ARUs\RE03\SMM2-19_20260421_050400.wav
2877.0,2880.0,Polioptila caerulea,Blue-gray Gnatcatcher,0.9414,D:\Bird_Anuran_ARUs\RE03\SMM2-19_20260421_050400.wav
2883.0,2886.0,Polioptila caerulea,Blue-gray Gnatcatcher,0.5158,D:\Bird_Anuran_ARUs\RE03\SMM2-19_20260421_050400.wav
2883.0,2886.0,Vireo griseus,White-eyed Vireo,0.2891,D:\Bird_Anuran_ARUs\RE03\SMM2-19_20260421_050400.wav
2886.0,2889.0,Polioptila caerulea,Blue-gray Gnatcatcher,0.7731,D:\Bird_Anuran_ARUs\RE03\SMM2-19_20260421_050400.wav
2889.0,2892.0,Polioptila caerulea,Blue-gray Gnatcatcher,0.7256,D:\Bird_Anuran_ARUs\RE03\SMM2-19_20260421_050400.wav
2892.0,2895.0,Polioptila caerulea,Blue-gray Gnatcatcher,0.9469,D:\Bird_Anuran_ARUs\RE03\SMM2-19_20260421_050400.wav
2895.0,2898.0,Polioptila caerulea,Blue-gray Gnatcatcher,0.9341,D:\Bird_Anuran_ARUs\RE03\SMM2-19_20260421_050400.wav
2898.0,2901.0,Polioptila caerulea,Blue-gray Gnatcatcher,0.7777,D:\Bird_Anuran_ARUs\RE03\SMM2-19_20260421_050400.wav
2901.0,2904.0,Polioptila caerulea,Blue-gray Gnatcatcher,0.8645,D:\Bird_Anuran_ARUs\RE03\SMM2-19_20260421_050400.wav
2901.0,2904.0,Piranga olivacea,Scarlet Tanager,0.5821,D:\Bird_Anuran_ARUs\RE03\SMM2-19_20260421_050400.wav
2904.0,2907.0,Polioptila caerulea,Blue-gray Gnatcatcher,0.8670,D:\Bird_Anuran_ARUs\RE03\SMM2-19_20260421_050400.wav
2907.0,2910.0,Polioptila caerulea,Blue-gray Gnatcatcher,0.5481,D:\Bird_Anuran_ARUs\RE03\SMM2-19_20260421_050400.wav
2910.0,2913.0,Polioptila caerulea,Blue-gray Gnatcatcher,0.7339,D:\Bird_Anuran_ARUs\RE03\SMM2-19_20260421_050400.wav
2910.0,2913.0,Zenaida macroura,Mourning Dove,0.3582,D:\Bird_Anuran_ARUs\RE03\SMM2-19_20260421_050400.wav
2913.0,2916.0,Polioptila caerulea,Blue-gray Gnatcatcher,0.9507,D:\Bird_Anuran_ARUs\RE03\SMM2-19_20260421_050400.wav
2916.0,2919.0,Polioptila caerulea,Blue-gray Gnatcatcher,0.6466,D:\Bird_Anuran_ARUs\RE03\SMM2-19_20260421_050400.wav
2916.0,2919.0,Corvus brachyrhynchos,American Crow,0.4232,D:\Bird_Anuran_ARUs\RE03\SMM2-19_20260421_050400.wav
2919.0,2922.0,Corvus brachyrhynchos,American Crow,0.9246,D:\Bird_Anuran_ARUs\RE03\SMM2-19_20260421_050400.wav
2919.0,2922.0,Zenaida macroura,Mourning Dove,0.3092,D:\Bird_Anuran_ARUs\RE03\SMM2-19_20260421_050400.wav
2922.0,2925.0,Polioptila caerulea,Blue-gray Gnatcatcher,0.6067,D:\Bird_Anuran_ARUs\RE03\SMM2-19_20260421_050400.wav
2922.0,2925.0,Zenaida macroura,Mourning Dove,0.2774,D:\Bird_Anuran_ARUs\RE03\SMM2-19_20260421_050400.wav
2925.0,2928.0,Polioptila caerulea,Blue-gray Gnatcatcher,0.9615,D:\Bird_Anuran_ARUs\RE03\SMM2-19_20260421_050400.wav
2928.0,2931.0,Polioptila caerulea,Blue-gray Gnatcatcher,0.8736,D:\Bird_Anuran_ARUs\RE03\SMM2-19_20260421_050400.wav
2928.0,2931.0,Zenaida macroura,Mourning Dove,0.3422,D:\Bird_Anuran_ARUs\RE03\SMM2-19_20260421_050400.wav
2931.0,2934.0,Polioptila caerulea,Blue-gray Gnatcatcher,0.3870,D:\Bird_Anuran_ARUs\RE03\SMM2-19_20260421_050400.wav
2931.0,2934.0,Zenaida macroura,Mourning Dove,0.3250,D:\Bird_Anuran_ARUs\RE03\SMM2-19_20260421_050400.wav
2934.0,2937.0,Polioptila caerulea,Blue-gray Gnatcatcher,0.7866,D:\Bird_Anuran_ARUs\RE03\SMM2-19_20260421_050400.wav
2934.0,2937.0,Zenaida macroura,Mourning Dove,0.2575,D:\Bird_Anuran_ARUs\RE03\SMM2-19_20260421_050400.wav
2937.0,2940.0,Polioptila caerulea,Blue-gray Gnatcatcher,0.9343,D:\Bird_Anuran_ARUs\RE03\SMM2-19_20260421_050400.wav
2940.0,2943.0,Polioptila caerulea,Blue-gray Gnatcatcher,0.8108,D:\Bird_Anuran_ARUs\RE03\SMM2-19_20260421_050400.wav
2943.0,2946.0,Polioptila caerulea,Blue-gray Gnatcatcher,0.5380,D:\Bird_Anuran_ARUs\RE03\SMM2-19_20260421_050400.wav
2943.0,2946.0,Corvus brachyrhynchos,American Crow,0.3684,D:\Bird_Anuran_ARUs\RE03\SMM2-19_20260421_050400.wav
2943.0,2946.0,Zenaida macroura,Mourning Dove,0.2666,D:\Bird_Anuran_ARUs\RE03\SMM2-19_20260421_050400.wav
2946.0,2949.0,Polioptila caerulea,Blue-gray Gnatcatcher,0.7971,D:\Bird_Anuran_ARUs\RE03\SMM2-19_20260421_050400.wav
2946.0,2949.0,Corvus brachyrhynchos,American Crow,0.7706,D:\Bird_Anuran_ARUs\RE03\SMM2-19_20260421_050400.wav
2949.0,2952.0,Polioptila caerulea,Blue-gray Gnatcatcher,0.6547,D:\Bird_Anuran_ARUs\RE03\SMM2-19_20260421_050400.wav
2949.0,2952.0,Vireo griseus,White-eyed Vireo,0.3381,D:\Bird_Anuran_ARUs\RE03\SMM2-19_20260421_050400.wav
2952.0,2955.0,Polioptila caerulea,Blue-gray Gnatcatcher,0.6323,D:\Bird_Anuran_ARUs\RE03\SMM2-19_20260421_050400.wav
2952.0,2955.0,Corvus brachyrhynchos,American Crow,0.6161,D:\Bird_Anuran_ARUs\RE03\SMM2-19_20260421_050400.wav
2952.0,2955.0,Pipilo erythrophthalmus,Eastern Towhee,0.3318,D:\Bird_Anuran_ARUs\RE03\SMM2-19_20260421_050400.wav
2955.0,2958.0,Polioptila caerulea,Blue-gray Gnatcatcher,0.3410,D:\Bird_Anuran_ARUs\RE03\SMM2-19_20260421_050400.wav
2958.0,2961.0,Polioptila caerulea,Blue-gray Gnatcatcher,0.4183,D:\Bird_Anuran_ARUs\RE03\SMM2-19_20260421_050400.wav
2958.0,2961.0,Zenaida macroura,Mourning Dove,0.2825,D:\Bird_Anuran_ARUs\RE03\SMM2-19_20260421_050400.wav
2961.0,2964.0,Polioptila caerulea,Blue-gray Gnatcatcher,0.8985,D:\Bird_Anuran_ARUs\RE03\SMM2-19_20260421_050400.wav
2961.0,2964.0,Corvus brachyrhynchos,American Crow,0.3802,D:\Bird_Anuran_ARUs\RE03\SMM2-19_20260421_050400.wav
2964.0,2967.0,Setophaga pinus,Pine Warbler,0.3882,D:\Bird_Anuran_ARUs\RE03\SMM2-19_20260421_050400.wav
2967.0,2970.0,Polioptila caerulea,Blue-gray Gnatcatcher,0.5544,D:\Bird_Anuran_ARUs\RE03\SMM2-19_20260421_050400.wav
2970.0,2973.0,Polioptila caerulea,Blue-gray Gnatcatcher,0.3439,D:\Bird_Anuran_ARUs\RE03\SMM2-19_20260421_050400.wav
2970.0,2973.0,Zenaida macroura,Mourning Dove,0.3001,D:\Bird_Anuran_ARUs\RE03\SMM2-19_20260421_050400.wav
2973.0,2976.0,Polioptila caerulea,Blue-gray Gnatcatcher,0.4957,D:\Bird_Anuran_ARUs\RE03\SMM2-19_20260421_050400.wav
2976.0,2979.0,Polioptila caerulea,Blue-gray Gnatcatcher,0.7915,D:\Bird_Anuran_ARUs\RE03\SMM2-19_20260421_050400.wav
2982.0,2985.0,Polioptila caerulea,Blue-gray Gnatcatcher,0.4803,D:\Bird_Anuran_ARUs\RE03\SMM2-19_20260421_050400.wav
2985.0,2988.0,Polioptila caerulea,Blue-gray Gnatcatcher,0.2710,D:\Bird_Anuran_ARUs\RE03\SMM2-19_20260421_050400.wav
2988.0,2991.0,Geothlypis trichas,Common Yellowthroat,0.3548,D:\Bird_Anuran_ARUs\RE03\SMM2-19_20260421_050400.wav
2991.0,2994.0,Corvus brachyrhynchos,American Crow,0.6439,D:\Bird_Anuran_ARUs\RE03\SMM2-19_20260421_050400.wav
2994.0,2997.0,Baeolophus bicolor,Tufted Titmouse,0.3186,D:\Bird_Anuran_ARUs\RE03\SMM2-19_20260421_050400.wav
3000.0,3003.0,Geothlypis trichas,Common Yellowthroat,0.8562,D:\Bird_Anuran_ARUs\RE03\SMM2-19_20260421_050400.wav
3003.0,3006.0,Geothlypis trichas,Common Yellowthroat,0.8889,D:\Bird_Anuran_ARUs\RE03\SMM2-19_20260421_050400.wav
3006.0,3009.0,Polioptila caerulea,Blue-gray Gnatcatcher,0.4886,D:\Bird_Anuran_ARUs\RE03\SMM2-19_20260421_050400.wav
3006.0,3009.0,Corvus brachyrhynchos,American Crow,0.4056,D:\Bird_Anuran_ARUs\RE03\SMM2-19_20260421_050400.wav
3009.0,3012.0,Polioptila caerulea,Blue-gray Gnatcatcher,0.4547,D:\Bird_Anuran_ARUs\RE03\SMM2-19_20260421_050400.wav
3015.0,3018.0,Zenaida macroura,Mourning Dove,0.2936,D:\Bird_Anuran_ARUs\RE03\SMM2-19_20260421_050400.wav
3015.0,3018.0,Polioptila caerulea,Blue-gray Gnatcatcher,0.2586,D:\Bird_Anuran_ARUs\RE03\SMM2-19_20260421_050400.wav
3018.0,3021.0,Polioptila caerulea,Blue-gray Gnatcatcher,0.4335,D:\Bird_Anuran_ARUs\RE03\SMM2-19_20260421_050400.wav
3018.0,3021.0,Corvus brachyrhynchos,American Crow,0.3197,D:\Bird_Anuran_ARUs\RE03\SMM2-19_20260421_050400.wav
3024.0,3027.0,Polioptila caerulea,Blue-gray Gnatcatcher,0.3273,D:\Bird_Anuran_ARUs\RE03\SMM2-19_20260421_050400.wav
3027.0,3030.0,Zenaida macroura,Mourning Dove,0.5164,D:\Bird_Anuran_ARUs\RE03\SMM2-19_20260421_050400.wav
3030.0,3033.0,Zenaida macroura,Mourning Dove,0.5739,D:\Bird_Anuran_ARUs\RE03\SMM2-19_20260421_050400.wav
3033.0,3036.0,Polioptila caerulea,Blue-gray Gnatcatcher,0.5696,D:\Bird_Anuran_ARUs\RE03\SMM2-19_20260421_050400.wav
3039.0,3042.0,Polioptila caerulea,Blue-gray Gnatcatcher,0.6693,D:\Bird_Anuran_ARUs\RE03\SMM2-19_20260421_050400.wav
3042.0,3045.0,Zenaida macroura,Mourning Dove,0.8112,D:\Bird_Anuran_ARUs\RE03\SMM2-19_20260421_050400.wav
3045.0,3048.0,Zenaida macroura,Mourning Dove,0.6875,D:\Bird_Anuran_ARUs\RE03\SMM2-19_20260421_050400.wav
3051.0,3054.0,Polioptila caerulea,Blue-gray Gnatcatcher,0.4152,D:\Bird_Anuran_ARUs\RE03\SMM2-19_20260421_050400.wav
3057.0,3060.0,Corvus brachyrhynchos,American Crow,0.3066,D:\Bird_Anuran_ARUs\RE03\SMM2-19_20260421_050400.wav
3066.0,3069.0,Polioptila caerulea,Blue-gray Gnatcatcher,0.2888,D:\Bird_Anuran_ARUs\RE03\SMM2-19_20260421_050400.wav
3087.0,3090.0,Polioptila caerulea,Blue-gray Gnatcatcher,0.7973,D:\Bird_Anuran_ARUs\RE03\SMM2-19_20260421_050400.wav
3090.0,3093.0,Polioptila caerulea,Blue-gray Gnatcatcher,0.5544,D:\Bird_Anuran_ARUs\RE03\SMM2-19_20260421_050400.wav
3093.0,3096.0,Polioptila caerulea,Blue-gray Gnatcatcher,0.7238,D:\Bird_Anuran_ARUs\RE03\SMM2-19_20260421_050400.wav
3099.0,3102.0,Polioptila caerulea,Blue-gray Gnatcatcher,0.8322,D:\Bird_Anuran_ARUs\RE03\SMM2-19_20260421_050400.wav
3102.0,3105.0,Polioptila caerulea,Blue-gray Gnatcatcher,0.6215,D:\Bird_Anuran_ARUs\RE03\SMM2-19_20260421_050400.wav
3111.0,3114.0,Polioptila caerulea,Blue-gray Gnatcatcher,0.5629,D:\Bird_Anuran_ARUs\RE03\SMM2-19_20260421_050400.wav
3114.0,3117.0,Polioptila caerulea,Blue-gray Gnatcatcher,0.5555,D:\Bird_Anuran_ARUs\RE03\SMM2-19_20260421_050400.wav
3123.0,3126.0,Polioptila caerulea,Blue-gray Gnatcatcher,0.5851,D:\Bird_Anuran_ARUs\RE03\SMM2-19_20260421_050400.wav
3126.0,3129.0,Polioptila caerulea,Blue-gray Gnatcatcher,0.3219,D:\Bird_Anuran_ARUs\RE03\SMM2-19_20260421_050400.wav
3129.0,3132.0,Piranga rubra,Summer Tanager,0.2512,D:\Bird_Anuran_ARUs\RE03\SMM2-19_20260421_050400.wav
3132.0,3135.0,Polioptila caerulea,Blue-gray Gnatcatcher,0.4051,D:\Bird_Anuran_ARUs\RE03\SMM2-19_20260421_050400.wav
3144.0,3147.0,Polioptila caerulea,Blue-gray Gnatcatcher,0.3220,D:\Bird_Anuran_ARUs\RE03\SMM2-19_20260421_050400.wav
3162.0,3165.0,Polioptila caerulea,Blue-gray Gnatcatcher,0.3073,D:\Bird_Anuran_ARUs\RE03\SMM2-19_20260421_050400.wav
3165.0,3168.0,Corvus brachyrhynchos,American Crow,0.3578,D:\Bird_Anuran_ARUs\RE03\SMM2-19_20260421_050400.wav
3168.0,3171.0,Vireo griseus,White-eyed Vireo,0.6888,D:\Bird_Anuran_ARUs\RE03\SMM2-19_20260421_050400.wav
3183.0,3186.0,Vireo griseus,White-eyed Vireo,0.3060,D:\Bird_Anuran_ARUs\RE03\SMM2-19_20260421_050400.wav
3186.0,3189.0,Vireo griseus,White-eyed Vireo,0.2659,D:\Bird_Anuran_ARUs\RE03\SMM2-19_20260421_050400.wav
3207.0,3210.0,Piranga olivacea,Scarlet Tanager,0.4772,D:\Bird_Anuran_ARUs\RE03\SMM2-19_20260421_050400.wav
3213.0,3216.0,Corvus brachyrhynchos,American Crow,0.4485,D:\Bird_Anuran_ARUs\RE03\SMM2-19_20260421_050400.wav
3228.0,3231.0,Piranga olivacea,Scarlet Tanager,0.3699,D:\Bird_Anuran_ARUs\RE03\SMM2-19_20260421_050400.wav
3231.0,3234.0,Vireo griseus,White-eyed Vireo,0.2640,D:\Bird_Anuran_ARUs\RE03\SMM2-19_20260421_050400.wav
3255.0,3258.0,Mniotilta varia,Black-and-white Warbler,0.9648,D:\Bird_Anuran_ARUs\RE03\SMM2-19_20260421_050400.wav
3273.0,3276.0,Corvus brachyrhynchos,American Crow,0.6277,D:\Bird_Anuran_ARUs\RE03\SMM2-19_20260421_050400.wav
3273.0,3276.0,Pipilo erythrophthalmus,Eastern Towhee,0.2765,D:\Bird_Anuran_ARUs\RE03\SMM2-19_20260421_050400.wav
3276.0,3279.0,Mniotilta varia,Black-and-white Warbler,0.9717,D:\Bird_Anuran_ARUs\RE03\SMM2-19_20260421_050400.wav
3279.0,3282.0,Mniotilta varia,Black-and-white Warbler,0.8491,D:\Bird_Anuran_ARUs\RE03\SMM2-19_20260421_050400.wav
3285.0,3288.0,Zenaida macroura,Mourning Dove,0.6225,D:\Bird_Anuran_ARUs\RE03\SMM2-19_20260421_050400.wav
3288.0,3291.0,Corvus brachyrhynchos,American Crow,0.6381,D:\Bird_Anuran_ARUs\RE03\SMM2-19_20260421_050400.wav
3291.0,3294.0,Corvus brachyrhynchos,American Crow,0.3032,D:\Bird_Anuran_ARUs\RE03\SMM2-19_20260421_050400.wav
3297.0,3300.0,Zenaida macroura,Mourning Dove,0.6731,D:\Bird_Anuran_ARUs\RE03\SMM2-19_20260421_050400.wav
3306.0,3309.0,Mniotilta varia,Black-and-white Warbler,0.9837,D:\Bird_Anuran_ARUs\RE03\SMM2-19_20260421_050400.wav
3309.0,3312.0,Zenaida macroura,Mourning Dove,0.2573,D:\Bird_Anuran_ARUs\RE03\SMM2-19_20260421_050400.wav
3312.0,3315.0,Piranga rubra,Summer Tanager,0.5140,D:\Bird_Anuran_ARUs\RE03\SMM2-19_20260421_050400.wav
3312.0,3315.0,Piranga olivacea,Scarlet Tanager,0.2613,D:\Bird_Anuran_ARUs\RE03\SMM2-19_20260421_050400.wav
3321.0,3324.0,Zenaida macroura,Mourning Dove,0.5751,D:\Bird_Anuran_ARUs\RE03\SMM2-19_20260421_050400.wav
3324.0,3327.0,Zenaida macroura,Mourning Dove,0.4528,D:\Bird_Anuran_ARUs\RE03\SMM2-19_20260421_050400.wav
3336.0,3339.0,Zenaida macroura,Mourning Dove,0.3549,D:\Bird_Anuran_ARUs\RE03\SMM2-19_20260421_050400.wav
3342.0,3345.0,Piranga rubra,Summer Tanager,0.4455,D:\Bird_Anuran_ARUs\RE03\SMM2-19_20260421_050400.wav
3345.0,3348.0,Piranga olivacea,Scarlet Tanager,0.3108,D:\Bird_Anuran_ARUs\RE03\SMM2-19_20260421_050400.wav
3348.0,3351.0,Zenaida macroura,Mourning Dove,0.2746,D:\Bird_Anuran_ARUs\RE03\SMM2-19_20260421_050400.wav
3351.0,3354.0,Zenaida macroura,Mourning Dove,0.7262,D:\Bird_Anuran_ARUs\RE03\SMM2-19_20260421_050400.wav
3354.0,3357.0,Vireo griseus,White-eyed Vireo,0.3503,D:\Bird_Anuran_ARUs\RE03\SMM2-19_20260421_050400.wav
3357.0,3360.0,Piranga rubra,Summer Tanager,0.3419,D:\Bird_Anuran_ARUs\RE03\SMM2-19_20260421_050400.wav
3360.0,3363.0,Piranga olivacea,Scarlet Tanager,0.3361,D:\Bird_Anuran_ARUs\RE03\SMM2-19_20260421_050400.wav
3366.0,3369.0,Zenaida macroura,Mourning Dove,0.6335,D:\Bird_Anuran_ARUs\RE03\SMM2-19_20260421_050400.wav
3369.0,3372.0,Piranga rubra,Summer Tanager,0.5497,D:\Bird_Anuran_ARUs\RE03\SMM2-19_20260421_050400.wav
3372.0,3375.0,Cardinalis cardinalis,Northern Cardinal,0.3503,D:\Bird_Anuran_ARUs\RE03\SMM2-19_20260421_050400.wav
3378.0,3381.0,Piranga rubra,Summer Tanager,0.6074,D:\Bird_Anuran_ARUs\RE03\SMM2-19_20260421_050400.wav
3378.0,3381.0,Piranga olivacea,Scarlet Tanager,0.3709,D:\Bird_Anuran_ARUs\RE03\SMM2-19_20260421_050400.wav
3381.0,3384.0,Poecile carolinensis,Carolina Chickadee,0.7669,D:\Bird_Anuran_ARUs\RE03\SMM2-19_20260421_050400.wav
3384.0,3387.0,Poecile carolinensis,Carolina Chickadee,0.9787,D:\Bird_Anuran_ARUs\RE03\SMM2-19_20260421_050400.wav
3387.0,3390.0,Piranga rubra,Summer Tanager,0.6327,D:\Bird_Anuran_ARUs\RE03\SMM2-19_20260421_050400.wav
3387.0,3390.0,Piranga olivacea,Scarlet Tanager,0.5388,D:\Bird_Anuran_ARUs\RE03\SMM2-19_20260421_050400.wav
3390.0,3393.0,Poecile carolinensis,Carolina Chickadee,0.4524,D:\Bird_Anuran_ARUs\RE03\SMM2-19_20260421_050400.wav
3393.0,3396.0,Poecile carolinensis,Carolina Chickadee,0.9235,D:\Bird_Anuran_ARUs\RE03\SMM2-19_20260421_050400.wav
3399.0,3402.0,Piranga rubra,Summer Tanager,0.4307,D:\Bird_Anuran_ARUs\RE03\SMM2-19_20260421_050400.wav
3402.0,3405.0,Poecile carolinensis,Carolina Chickadee,0.9374,D:\Bird_Anuran_ARUs\RE03\SMM2-19_20260421_050400.wav
3414.0,3417.0,Poecile carolinensis,Carolina Chickadee,0.9301,D:\Bird_Anuran_ARUs\RE03\SMM2-19_20260421_050400.wav
3417.0,3420.0,Piranga rubra,Summer Tanager,0.5517,D:\Bird_Anuran_ARUs\RE03\SMM2-19_20260421_050400.wav
3426.0,3429.0,Poecile carolinensis,Carolina Chickadee,0.7014,D:\Bird_Anuran_ARUs\RE03\SMM2-19_20260421_050400.wav
3426.0,3429.0,Corvus brachyrhynchos,American Crow,0.2500,D:\Bird_Anuran_ARUs\RE03\SMM2-19_20260421_050400.wav
3429.0,3432.0,Poecile carolinensis,Carolina Chickadee,0.4288,D:\Bird_Anuran_ARUs\RE03\SMM2-19_20260421_050400.wav
3438.0,3441.0,Piranga rubra,Summer Tanager,0.5436,D:\Bird_Anuran_ARUs\RE03\SMM2-19_20260421_050400.wav
3438.0,3441.0,Piranga olivacea,Scarlet Tanager,0.5430,D:\Bird_Anuran_ARUs\RE03\SMM2-19_20260421_050400.wav
3444.0,3447.0,Poecile carolinensis,Carolina Chickadee,0.3424,D:\Bird_Anuran_ARUs\RE03\SMM2-19_20260421_050400.wav
3444.0,3447.0,Corvus brachyrhynchos,American Crow,0.2648,D:\Bird_Anuran_ARUs\RE03\SMM2-19_20260421_050400.wav
3450.0,3453.0,Corvus brachyrhynchos,American Crow,0.4969,D:\Bird_Anuran_ARUs\RE03\SMM2-19_20260421_050400.wav
3462.0,3465.0,Corvus brachyrhynchos,American Crow,0.8645,D:\Bird_Anuran_ARUs\RE03\SMM2-19_20260421_050400.wav
3465.0,3468.0,Corvus brachyrhynchos,American Crow,0.3974,D:\Bird_Anuran_ARUs\RE03\SMM2-19_20260421_050400.wav
3471.0,3474.0,Corvus brachyrhynchos,American Crow,0.3997,D:\Bird_Anuran_ARUs\RE03\SMM2-19_20260421_050400.wav
3474.0,3477.0,Corvus brachyrhynchos,American Crow,0.5326,D:\Bird_Anuran_ARUs\RE03\SMM2-19_20260421_050400.wav
3477.0,3480.0,Mniotilta varia,Black-and-white Warbler,0.8239,D:\Bird_Anuran_ARUs\RE03\SMM2-19_20260421_050400.wav
3480.0,3483.0,Mniotilta varia,Black-and-white Warbler,0.7602,D:\Bird_Anuran_ARUs\RE03\SMM2-19_20260421_050400.wav
3486.0,3489.0,Corvus brachyrhynchos,American Crow,0.5472,D:\Bird_Anuran_ARUs\RE03\SMM2-19_20260421_050400.wav
3498.0,3501.0,Corvus brachyrhynchos,American Crow,0.2911,D:\Bird_Anuran_ARUs\RE03\SMM2-19_20260421_050400.wav
3510.0,3513.0,Corvus brachyrhynchos,American Crow,0.4611,D:\Bird_Anuran_ARUs\RE03\SMM2-19_20260421_050400.wav
3519.0,3522.0,Corvus brachyrhynchos,American Crow,0.6844,D:\Bird_Anuran_ARUs\RE03\SMM2-19_20260421_050400.wav
3519.0,3522.0,Piranga olivacea,Scarlet Tanager,0.4103,D:\Bird_Anuran_ARUs\RE03\SMM2-19_20260421_050400.wav
3525.0,3528.0,Cardinalis cardinalis,Northern Cardinal,0.7452,D:\Bird_Anuran_ARUs\RE03\SMM2-19_20260421_050400.wav
3528.0,3531.0,Mniotilta varia,Black-and-white Warbler,0.5979,D:\Bird_Anuran_ARUs\RE03\SMM2-19_20260421_050400.wav
3528.0,3531.0,Cardinalis cardinalis,Northern Cardinal,0.2560,D:\Bird_Anuran_ARUs\RE03\SMM2-19_20260421_050400.wav
3531.0,3534.0,Cardinalis cardinalis,Northern Cardinal,0.6003,D:\Bird_Anuran_ARUs\RE03\SMM2-19_20260421_050400.wav
3537.0,3540.0,Corvus brachyrhynchos,American Crow,0.2915,D:\Bird_Anuran_ARUs\RE03\SMM2-19_20260421_050400.wav
3540.0,3543.0,Cardinalis cardinalis,Northern Cardinal,0.4781,D:\Bird_Anuran_ARUs\RE03\SMM2-19_20260421_050400.wav
3546.0,3549.0,Mniotilta varia,Black-and-white Warbler,0.7636,D:\Bird_Anuran_ARUs\RE03\SMM2-19_20260421_050400.wav
3546.0,3549.0,Corvus brachyrhynchos,American Crow,0.3097,D:\Bird_Anuran_ARUs\RE03\SMM2-19_20260421_050400.wav
3549.0,3552.0,Mniotilta varia,Black-and-white Warbler,0.4284,D:\Bird_Anuran_ARUs\RE03\SMM2-19_20260421_050400.wav
3552.0,3555.0,Cardinalis cardinalis,Northern Cardinal,0.2747,D:\Bird_Anuran_ARUs\RE03\SMM2-19_20260421_050400.wav
3561.0,3564.0,Cardinalis cardinalis,Northern Cardinal,0.5930,D:\Bird_Anuran_ARUs\RE03\SMM2-19_20260421_050400.wav
3564.0,3567.0,Vireo griseus,White-eyed Vireo,0.8463,D:\Bird_Anuran_ARUs\RE03\SMM2-19_20260421_050400.wav
3567.0,3570.0,Corvus brachyrhynchos,American Crow,0.8289,D:\Bird_Anuran_ARUs\RE03\SMM2-19_20260421_050400.wav
3570.0,3573.0,Empidonax virescens,Acadian Flycatcher,0.7776,D:\Bird_Anuran_ARUs\RE03\SMM2-19_20260421_050400.wav
3573.0,3576.0,Empidonax virescens,Acadian Flycatcher,0.8447,D:\Bird_Anuran_ARUs\RE03\SMM2-19_20260421_050400.wav
3576.0,3579.0,Vireo griseus,White-eyed Vireo,0.9614,D:\Bird_Anuran_ARUs\RE03\SMM2-19_20260421_050400.wav
3582.0,3585.0,Empidonax virescens,Acadian Flycatcher,0.6411,D:\Bird_Anuran_ARUs\RE03\SMM2-19_20260421_050400.wav
3585.0,3588.0,Empidonax virescens,Acadian Flycatcher,0.7941,D:\Bird_Anuran_ARUs\RE03\SMM2-19_20260421_050400.wav
3588.0,3591.0,Vireo griseus,White-eyed Vireo,0.9239,D:\Bird_Anuran_ARUs\RE03\SMM2-19_20260421_050400.wav
3591.0,3594.0,Vireo griseus,White-eyed Vireo,0.7841,D:\Bird_Anuran_ARUs\RE03\SMM2-19_20260421_050400.wav
3594.0,3597.0,Vireo griseus,White-eyed Vireo,0.8714,D:\Bird_Anuran_ARUs\RE03\SMM2-19_20260421_050400.wav
3597.0,3600.0,Corvus brachyrhynchos,American Crow,0.2533,D:\Bird_Anuran_ARUs\RE03\SMM2-19_20260421_050400.wav
