Start (s),End (s),Scientific name,Common name,Confidence,File
0.0,3.0,Zenaida macroura,Mourning Dove,0.3284,D:\Bird_Anuran_ARUs\RE03\SMM2-19_20260322_054600.wav
24.0,27.0,Zenaida macroura,Mourning Dove,0.6610,D:\Bird_Anuran_ARUs\RE03\SMM2-19_20260322_054600.wav
39.0,42.0,Pipilo erythrophthalmus,Eastern Towhee,0.3799,D:\Bird_Anuran_ARUs\RE03\SMM2-19_20260322_054600.wav
72.0,75.0,Poecile carolinensis,Carolina Chickadee,0.6171,D:\Bird_Anuran_ARUs\RE03\SMM2-19_20260322_054600.wav
81.0,84.0,Poecile carolinensis,Carolina Chickadee,0.6499,D:\Bird_Anuran_ARUs\RE03\SMM2-19_20260322_054600.wav
108.0,111.0,Pipilo erythrophthalmus,Eastern Towhee,0.8113,D:\Bird_Anuran_ARUs\RE03\SMM2-19_20260322_054600.wav
114.0,117.0,Zenaida macroura,Mourning Dove,0.4071,D:\Bird_Anuran_ARUs\RE03\SMM2-19_20260322_054600.wav
120.0,123.0,Pipilo erythrophthalmus,Eastern Towhee,0.5005,D:\Bird_Anuran_ARUs\RE03\SMM2-19_20260322_054600.wav
162.0,165.0,Pipilo erythrophthalmus,Eastern Towhee,0.9851,D:\Bird_Anuran_ARUs\RE03\SMM2-19_20260322_054600.wav
165.0,168.0,Pipilo erythrophthalmus,Eastern Towhee,0.6019,D:\Bird_Anuran_ARUs\RE03\SMM2-19_20260322_054600.wav
168.0,171.0,Pipilo erythrophthalmus,Eastern Towhee,0.8126,D:\Bird_Anuran_ARUs\RE03\SMM2-19_20260322_054600.wav
171.0,174.0,Pipilo erythrophthalmus,Eastern Towhee,0.5046,D:\Bird_Anuran_ARUs\RE03\SMM2-19_20260322_054600.wav
174.0,177.0,Pipilo erythrophthalmus,Eastern Towhee,0.8661,D:\Bird_Anuran_ARUs\RE03\SMM2-19_20260322_054600.wav
177.0,180.0,Pipilo erythrophthalmus,Eastern Towhee,0.9584,D:\Bird_Anuran_ARUs\RE03\SMM2-19_20260322_054600.wav
177.0,180.0,Corvus brachyrhynchos,American Crow,0.2643,D:\Bird_Anuran_ARUs\RE03\SMM2-19_20260322_054600.wav
180.0,183.0,Pipilo erythrophthalmus,Eastern Towhee,0.6162,D:\Bird_Anuran_ARUs\RE03\SMM2-19_20260322_054600.wav
183.0,186.0,Pipilo erythrophthalmus,Eastern Towhee,0.7193,D:\Bird_Anuran_ARUs\RE03\SMM2-19_20260322_054600.wav
189.0,192.0,Pipilo erythrophthalmus,Eastern Towhee,0.9543,D:\Bird_Anuran_ARUs\RE03\SMM2-19_20260322_054600.wav
192.0,195.0,Pipilo erythrophthalmus,Eastern Towhee,0.6592,D:\Bird_Anuran_ARUs\RE03\SMM2-19_20260322_054600.wav
195.0,198.0,Pipilo erythrophthalmus,Eastern Towhee,0.8028,D:\Bird_Anuran_ARUs\RE03\SMM2-19_20260322_054600.wav
201.0,204.0,Pipilo erythrophthalmus,Eastern Towhee,0.9188,D:\Bird_Anuran_ARUs\RE03\SMM2-19_20260322_054600.wav
204.0,207.0,Pipilo erythrophthalmus,Eastern Towhee,0.6224,D:\Bird_Anuran_ARUs\RE03\SMM2-19_20260322_054600.wav
207.0,210.0,Pipilo erythrophthalmus,Eastern Towhee,0.3972,D:\Bird_Anuran_ARUs\RE03\SMM2-19_20260322_054600.wav
210.0,213.0,Pipilo erythrophthalmus,Eastern Towhee,0.3305,D:\Bird_Anuran_ARUs\RE03\SMM2-19_20260322_054600.wav
213.0,216.0,Zenaida macroura,Mourning Dove,0.6747,D:\Bird_Anuran_ARUs\RE03\SMM2-19_20260322_054600.wav
219.0,222.0,Pipilo erythrophthalmus,Eastern Towhee,0.3436,D:\Bird_Anuran_ARUs\RE03\SMM2-19_20260322_054600.wav
237.0,240.0,Pipilo erythrophthalmus,Eastern Towhee,0.5473,D:\Bird_Anuran_ARUs\RE03\SMM2-19_20260322_054600.wav
240.0,243.0,Dumetella carolinensis,Gray Catbird,0.5378,D:\Bird_Anuran_ARUs\RE03\SMM2-19_20260322_054600.wav
249.0,252.0,Corvus brachyrhynchos,American Crow,0.2526,D:\Bird_Anuran_ARUs\RE03\SMM2-19_20260322_054600.wav
252.0,255.0,Pipilo erythrophthalmus,Eastern Towhee,0.4656,D:\Bird_Anuran_ARUs\RE03\SMM2-19_20260322_054600.wav
255.0,258.0,Pipilo erythrophthalmus,Eastern Towhee,0.3507,D:\Bird_Anuran_ARUs\RE03\SMM2-19_20260322_054600.wav
258.0,261.0,Pipilo erythrophthalmus,Eastern Towhee,0.3935,D:\Bird_Anuran_ARUs\RE03\SMM2-19_20260322_054600.wav
261.0,264.0,Pipilo erythrophthalmus,Eastern Towhee,0.6616,D:\Bird_Anuran_ARUs\RE03\SMM2-19_20260322_054600.wav
264.0,267.0,Pipilo erythrophthalmus,Eastern Towhee,0.2851,D:\Bird_Anuran_ARUs\RE03\SMM2-19_20260322_054600.wav
270.0,273.0,Dumetella carolinensis,Gray Catbird,0.3293,D:\Bird_Anuran_ARUs\RE03\SMM2-19_20260322_054600.wav
276.0,279.0,Pipilo erythrophthalmus,Eastern Towhee,0.3690,D:\Bird_Anuran_ARUs\RE03\SMM2-19_20260322_054600.wav
285.0,288.0,Pipilo erythrophthalmus,Eastern Towhee,0.6395,D:\Bird_Anuran_ARUs\RE03\SMM2-19_20260322_054600.wav
288.0,291.0,Pipilo erythrophthalmus,Eastern Towhee,0.5720,D:\Bird_Anuran_ARUs\RE03\SMM2-19_20260322_054600.wav
303.0,306.0,Corvus brachyrhynchos,American Crow,0.7942,D:\Bird_Anuran_ARUs\RE03\SMM2-19_20260322_054600.wav
306.0,309.0,Corvus brachyrhynchos,American Crow,0.9571,D:\Bird_Anuran_ARUs\RE03\SMM2-19_20260322_054600.wav
309.0,312.0,Dumetella carolinensis,Gray Catbird,0.3510,D:\Bird_Anuran_ARUs\RE03\SMM2-19_20260322_054600.wav
312.0,315.0,Zenaida macroura,Mourning Dove,0.2876,D:\Bird_Anuran_ARUs\RE03\SMM2-19_20260322_054600.wav
318.0,321.0,Dumetella carolinensis,Gray Catbird,0.3258,D:\Bird_Anuran_ARUs\RE03\SMM2-19_20260322_054600.wav
321.0,324.0,Dumetella carolinensis,Gray Catbird,0.8392,D:\Bird_Anuran_ARUs\RE03\SMM2-19_20260322_054600.wav
324.0,327.0,Corvus brachyrhynchos,American Crow,0.9548,D:\Bird_Anuran_ARUs\RE03\SMM2-19_20260322_054600.wav
327.0,330.0,Corvus brachyrhynchos,American Crow,0.6783,D:\Bird_Anuran_ARUs\RE03\SMM2-19_20260322_054600.wav
330.0,333.0,Setophaga pinus,Pine Warbler,0.5765,D:\Bird_Anuran_ARUs\RE03\SMM2-19_20260322_054600.wav
333.0,336.0,Setophaga pinus,Pine Warbler,0.6402,D:\Bird_Anuran_ARUs\RE03\SMM2-19_20260322_054600.wav
342.0,345.0,Setophaga pinus,Pine Warbler,0.2717,D:\Bird_Anuran_ARUs\RE03\SMM2-19_20260322_054600.wav
348.0,351.0,Setophaga pinus,Pine Warbler,0.5566,D:\Bird_Anuran_ARUs\RE03\SMM2-19_20260322_054600.wav
354.0,357.0,Setophaga pinus,Pine Warbler,0.7927,D:\Bird_Anuran_ARUs\RE03\SMM2-19_20260322_054600.wav
357.0,360.0,Pipilo erythrophthalmus,Eastern Towhee,0.3111,D:\Bird_Anuran_ARUs\RE03\SMM2-19_20260322_054600.wav
363.0,366.0,Setophaga pinus,Pine Warbler,0.6023,D:\Bird_Anuran_ARUs\RE03\SMM2-19_20260322_054600.wav
366.0,369.0,Dumetella carolinensis,Gray Catbird,0.4483,D:\Bird_Anuran_ARUs\RE03\SMM2-19_20260322_054600.wav
369.0,372.0,Zenaida macroura,Mourning Dove,0.5166,D:\Bird_Anuran_ARUs\RE03\SMM2-19_20260322_054600.wav
375.0,378.0,Corvus brachyrhynchos,American Crow,0.9204,D:\Bird_Anuran_ARUs\RE03\SMM2-19_20260322_054600.wav
378.0,381.0,Corvus brachyrhynchos,American Crow,0.8709,D:\Bird_Anuran_ARUs\RE03\SMM2-19_20260322_054600.wav
381.0,384.0,Pipilo erythrophthalmus,Eastern Towhee,0.2577,D:\Bird_Anuran_ARUs\RE03\SMM2-19_20260322_054600.wav
384.0,387.0,Pipilo erythrophthalmus,Eastern Towhee,0.7729,D:\Bird_Anuran_ARUs\RE03\SMM2-19_20260322_054600.wav
387.0,390.0,Pipilo erythrophthalmus,Eastern Towhee,0.5032,D:\Bird_Anuran_ARUs\RE03\SMM2-19_20260322_054600.wav
390.0,393.0,Pipilo erythrophthalmus,Eastern Towhee,0.7962,D:\Bird_Anuran_ARUs\RE03\SMM2-19_20260322_054600.wav
390.0,393.0,Zenaida macroura,Mourning Dove,0.4859,D:\Bird_Anuran_ARUs\RE03\SMM2-19_20260322_054600.wav
393.0,396.0,Pipilo erythrophthalmus,Eastern Towhee,0.6011,D:\Bird_Anuran_ARUs\RE03\SMM2-19_20260322_054600.wav
396.0,399.0,Geothlypis trichas,Common Yellowthroat,0.3237,D:\Bird_Anuran_ARUs\RE03\SMM2-19_20260322_054600.wav
396.0,399.0,Pipilo erythrophthalmus,Eastern Towhee,0.2718,D:\Bird_Anuran_ARUs\RE03\SMM2-19_20260322_054600.wav
399.0,402.0,Corvus brachyrhynchos,American Crow,0.4104,D:\Bird_Anuran_ARUs\RE03\SMM2-19_20260322_054600.wav
399.0,402.0,Pipilo erythrophthalmus,Eastern Towhee,0.3794,D:\Bird_Anuran_ARUs\RE03\SMM2-19_20260322_054600.wav
399.0,402.0,Geothlypis trichas,Common Yellowthroat,0.3270,D:\Bird_Anuran_ARUs\RE03\SMM2-19_20260322_054600.wav
402.0,405.0,Pipilo erythrophthalmus,Eastern Towhee,0.7323,D:\Bird_Anuran_ARUs\RE03\SMM2-19_20260322_054600.wav
405.0,408.0,Setophaga pinus,Pine Warbler,0.7644,D:\Bird_Anuran_ARUs\RE03\SMM2-19_20260322_054600.wav
405.0,408.0,Zenaida macroura,Mourning Dove,0.3243,D:\Bird_Anuran_ARUs\RE03\SMM2-19_20260322_054600.wav
411.0,414.0,Corvus brachyrhynchos,American Crow,0.8802,D:\Bird_Anuran_ARUs\RE03\SMM2-19_20260322_054600.wav
414.0,417.0,Corvus brachyrhynchos,American Crow,0.8565,D:\Bird_Anuran_ARUs\RE03\SMM2-19_20260322_054600.wav
414.0,417.0,Geothlypis trichas,Common Yellowthroat,0.5339,D:\Bird_Anuran_ARUs\RE03\SMM2-19_20260322_054600.wav
414.0,417.0,Cardinalis cardinalis,Northern Cardinal,0.4938,D:\Bird_Anuran_ARUs\RE03\SMM2-19_20260322_054600.wav
414.0,417.0,Pipilo erythrophthalmus,Eastern Towhee,0.3115,D:\Bird_Anuran_ARUs\RE03\SMM2-19_20260322_054600.wav
414.0,417.0,Baeolophus bicolor,Tufted Titmouse,0.2600,D:\Bird_Anuran_ARUs\RE03\SMM2-19_20260322_054600.wav
417.0,420.0,Pipilo erythrophthalmus,Eastern Towhee,0.7422,D:\Bird_Anuran_ARUs\RE03\SMM2-19_20260322_054600.wav
420.0,423.0,Geothlypis trichas,Common Yellowthroat,0.2967,D:\Bird_Anuran_ARUs\RE03\SMM2-19_20260322_054600.wav
420.0,423.0,Pipilo erythrophthalmus,Eastern Towhee,0.2615,D:\Bird_Anuran_ARUs\RE03\SMM2-19_20260322_054600.wav
423.0,426.0,Zenaida macroura,Mourning Dove,0.2760,D:\Bird_Anuran_ARUs\RE03\SMM2-19_20260322_054600.wav
426.0,429.0,Pipilo erythrophthalmus,Eastern Towhee,0.9695,D:\Bird_Anuran_ARUs\RE03\SMM2-19_20260322_054600.wav
429.0,432.0,Corvus brachyrhynchos,American Crow,0.8493,D:\Bird_Anuran_ARUs\RE03\SMM2-19_20260322_054600.wav
432.0,435.0,Corvus brachyrhynchos,American Crow,0.8448,D:\Bird_Anuran_ARUs\RE03\SMM2-19_20260322_054600.wav
435.0,438.0,Pipilo erythrophthalmus,Eastern Towhee,0.2584,D:\Bird_Anuran_ARUs\RE03\SMM2-19_20260322_054600.wav
438.0,441.0,Pipilo erythrophthalmus,Eastern Towhee,0.4389,D:\Bird_Anuran_ARUs\RE03\SMM2-19_20260322_054600.wav
441.0,444.0,Corvus brachyrhynchos,American Crow,0.6406,D:\Bird_Anuran_ARUs\RE03\SMM2-19_20260322_054600.wav
441.0,444.0,Pipilo erythrophthalmus,Eastern Towhee,0.5013,D:\Bird_Anuran_ARUs\RE03\SMM2-19_20260322_054600.wav
450.0,453.0,Pipilo erythrophthalmus,Eastern Towhee,0.6091,D:\Bird_Anuran_ARUs\RE03\SMM2-19_20260322_054600.wav
456.0,459.0,Geothlypis trichas,Common Yellowthroat,0.2733,D:\Bird_Anuran_ARUs\RE03\SMM2-19_20260322_054600.wav
459.0,462.0,Setophaga dominica,Yellow-throated Warbler,0.3419,D:\Bird_Anuran_ARUs\RE03\SMM2-19_20260322_054600.wav
462.0,465.0,Pipilo erythrophthalmus,Eastern Towhee,0.6732,D:\Bird_Anuran_ARUs\RE03\SMM2-19_20260322_054600.wav
462.0,465.0,Corvus brachyrhynchos,American Crow,0.3244,D:\Bird_Anuran_ARUs\RE03\SMM2-19_20260322_054600.wav
465.0,468.0,Pipilo erythrophthalmus,Eastern Towhee,0.5744,D:\Bird_Anuran_ARUs\RE03\SMM2-19_20260322_054600.wav
465.0,468.0,Corvus brachyrhynchos,American Crow,0.3323,D:\Bird_Anuran_ARUs\RE03\SMM2-19_20260322_054600.wav
468.0,471.0,Pipilo erythrophthalmus,Eastern Towhee,0.9746,D:\Bird_Anuran_ARUs\RE03\SMM2-19_20260322_054600.wav
468.0,471.0,Corvus brachyrhynchos,American Crow,0.8987,D:\Bird_Anuran_ARUs\RE03\SMM2-19_20260322_054600.wav
471.0,474.0,Pipilo erythrophthalmus,Eastern Towhee,0.5003,D:\Bird_Anuran_ARUs\RE03\SMM2-19_20260322_054600.wav
474.0,477.0,Pipilo erythrophthalmus,Eastern Towhee,0.8056,D:\Bird_Anuran_ARUs\RE03\SMM2-19_20260322_054600.wav
474.0,477.0,Corvus brachyrhynchos,American Crow,0.4503,D:\Bird_Anuran_ARUs\RE03\SMM2-19_20260322_054600.wav
474.0,477.0,Cardinalis cardinalis,Northern Cardinal,0.3676,D:\Bird_Anuran_ARUs\RE03\SMM2-19_20260322_054600.wav
477.0,480.0,Corvus brachyrhynchos,American Crow,0.2794,D:\Bird_Anuran_ARUs\RE03\SMM2-19_20260322_054600.wav
480.0,483.0,Zenaida macroura,Mourning Dove,0.4675,D:\Bird_Anuran_ARUs\RE03\SMM2-19_20260322_054600.wav
489.0,492.0,Pipilo erythrophthalmus,Eastern Towhee,0.7476,D:\Bird_Anuran_ARUs\RE03\SMM2-19_20260322_054600.wav
492.0,495.0,Zenaida macroura,Mourning Dove,0.4867,D:\Bird_Anuran_ARUs\RE03\SMM2-19_20260322_054600.wav
492.0,495.0,Pipilo erythrophthalmus,Eastern Towhee,0.3053,D:\Bird_Anuran_ARUs\RE03\SMM2-19_20260322_054600.wav
495.0,498.0,Zenaida macroura,Mourning Dove,0.3396,D:\Bird_Anuran_ARUs\RE03\SMM2-19_20260322_054600.wav
501.0,504.0,Pipilo erythrophthalmus,Eastern Towhee,0.3214,D:\Bird_Anuran_ARUs\RE03\SMM2-19_20260322_054600.wav
504.0,507.0,Corvus brachyrhynchos,American Crow,0.8651,D:\Bird_Anuran_ARUs\RE03\SMM2-19_20260322_054600.wav
507.0,510.0,Geothlypis trichas,Common Yellowthroat,0.2596,D:\Bird_Anuran_ARUs\RE03\SMM2-19_20260322_054600.wav
510.0,513.0,Poecile carolinensis,Carolina Chickadee,0.3481,D:\Bird_Anuran_ARUs\RE03\SMM2-19_20260322_054600.wav
510.0,513.0,Zenaida macroura,Mourning Dove,0.2663,D:\Bird_Anuran_ARUs\RE03\SMM2-19_20260322_054600.wav
513.0,516.0,Pipilo erythrophthalmus,Eastern Towhee,0.8698,D:\Bird_Anuran_ARUs\RE03\SMM2-19_20260322_054600.wav
513.0,516.0,Zenaida macroura,Mourning Dove,0.6091,D:\Bird_Anuran_ARUs\RE03\SMM2-19_20260322_054600.wav
519.0,522.0,Corvus brachyrhynchos,American Crow,0.7625,D:\Bird_Anuran_ARUs\RE03\SMM2-19_20260322_054600.wav
522.0,525.0,Corvus brachyrhynchos,American Crow,0.8610,D:\Bird_Anuran_ARUs\RE03\SMM2-19_20260322_054600.wav
525.0,528.0,Zenaida macroura,Mourning Dove,0.7939,D:\Bird_Anuran_ARUs\RE03\SMM2-19_20260322_054600.wav
525.0,528.0,Poecile carolinensis,Carolina Chickadee,0.6176,D:\Bird_Anuran_ARUs\RE03\SMM2-19_20260322_054600.wav
528.0,531.0,Corvus brachyrhynchos,American Crow,0.4554,D:\Bird_Anuran_ARUs\RE03\SMM2-19_20260322_054600.wav
534.0,537.0,Pipilo erythrophthalmus,Eastern Towhee,0.8108,D:\Bird_Anuran_ARUs\RE03\SMM2-19_20260322_054600.wav
537.0,540.0,Pipilo erythrophthalmus,Eastern Towhee,0.6048,D:\Bird_Anuran_ARUs\RE03\SMM2-19_20260322_054600.wav
540.0,543.0,Pipilo erythrophthalmus,Eastern Towhee,0.5618,D:\Bird_Anuran_ARUs\RE03\SMM2-19_20260322_054600.wav
543.0,546.0,Poecile carolinensis,Carolina Chickadee,0.3905,D:\Bird_Anuran_ARUs\RE03\SMM2-19_20260322_054600.wav
546.0,549.0,Corvus brachyrhynchos,American Crow,0.5688,D:\Bird_Anuran_ARUs\RE03\SMM2-19_20260322_054600.wav
549.0,552.0,Pipilo erythrophthalmus,Eastern Towhee,0.4329,D:\Bird_Anuran_ARUs\RE03\SMM2-19_20260322_054600.wav
552.0,555.0,Pipilo erythrophthalmus,Eastern Towhee,0.5379,D:\Bird_Anuran_ARUs\RE03\SMM2-19_20260322_054600.wav
555.0,558.0,Pipilo erythrophthalmus,Eastern Towhee,0.8147,D:\Bird_Anuran_ARUs\RE03\SMM2-19_20260322_054600.wav
558.0,561.0,Corvus brachyrhynchos,American Crow,0.3991,D:\Bird_Anuran_ARUs\RE03\SMM2-19_20260322_054600.wav
561.0,564.0,Corvus brachyrhynchos,American Crow,0.7020,D:\Bird_Anuran_ARUs\RE03\SMM2-19_20260322_054600.wav
567.0,570.0,Pipilo erythrophthalmus,Eastern Towhee,0.9210,D:\Bird_Anuran_ARUs\RE03\SMM2-19_20260322_054600.wav
573.0,576.0,Pipilo erythrophthalmus,Eastern Towhee,0.3999,D:\Bird_Anuran_ARUs\RE03\SMM2-19_20260322_054600.wav
573.0,576.0,Corvus brachyrhynchos,American Crow,0.3408,D:\Bird_Anuran_ARUs\RE03\SMM2-19_20260322_054600.wav
585.0,588.0,Pipilo erythrophthalmus,Eastern Towhee,0.3475,D:\Bird_Anuran_ARUs\RE03\SMM2-19_20260322_054600.wav
594.0,597.0,Pipilo erythrophthalmus,Eastern Towhee,0.3828,D:\Bird_Anuran_ARUs\RE03\SMM2-19_20260322_054600.wav
633.0,636.0,Corvus brachyrhynchos,American Crow,0.5747,D:\Bird_Anuran_ARUs\RE03\SMM2-19_20260322_054600.wav
636.0,639.0,Pipilo erythrophthalmus,Eastern Towhee,0.7865,D:\Bird_Anuran_ARUs\RE03\SMM2-19_20260322_054600.wav
642.0,645.0,Pipilo erythrophthalmus,Eastern Towhee,0.3766,D:\Bird_Anuran_ARUs\RE03\SMM2-19_20260322_054600.wav
642.0,645.0,Corvus brachyrhynchos,American Crow,0.2606,D:\Bird_Anuran_ARUs\RE03\SMM2-19_20260322_054600.wav
642.0,645.0,Poecile carolinensis,Carolina Chickadee,0.2578,D:\Bird_Anuran_ARUs\RE03\SMM2-19_20260322_054600.wav
645.0,648.0,Poecile carolinensis,Carolina Chickadee,0.6157,D:\Bird_Anuran_ARUs\RE03\SMM2-19_20260322_054600.wav
645.0,648.0,Corvus brachyrhynchos,American Crow,0.3725,D:\Bird_Anuran_ARUs\RE03\SMM2-19_20260322_054600.wav
648.0,651.0,Pipilo erythrophthalmus,Eastern Towhee,0.3721,D:\Bird_Anuran_ARUs\RE03\SMM2-19_20260322_054600.wav
657.0,660.0,Cardinalis cardinalis,Northern Cardinal,0.6157,D:\Bird_Anuran_ARUs\RE03\SMM2-19_20260322_054600.wav
657.0,660.0,Baeolophus bicolor,Tufted Titmouse,0.3232,D:\Bird_Anuran_ARUs\RE03\SMM2-19_20260322_054600.wav
660.0,663.0,Pipilo erythrophthalmus,Eastern Towhee,0.9852,D:\Bird_Anuran_ARUs\RE03\SMM2-19_20260322_054600.wav
663.0,666.0,Pipilo erythrophthalmus,Eastern Towhee,0.4543,D:\Bird_Anuran_ARUs\RE03\SMM2-19_20260322_054600.wav
666.0,669.0,Pipilo erythrophthalmus,Eastern Towhee,0.7681,D:\Bird_Anuran_ARUs\RE03\SMM2-19_20260322_054600.wav
666.0,669.0,Corvus brachyrhynchos,American Crow,0.3897,D:\Bird_Anuran_ARUs\RE03\SMM2-19_20260322_054600.wav
669.0,672.0,Pipilo erythrophthalmus,Eastern Towhee,0.2980,D:\Bird_Anuran_ARUs\RE03\SMM2-19_20260322_054600.wav
672.0,675.0,Corvus brachyrhynchos,American Crow,0.6100,D:\Bird_Anuran_ARUs\RE03\SMM2-19_20260322_054600.wav
672.0,675.0,Pipilo erythrophthalmus,Eastern Towhee,0.3374,D:\Bird_Anuran_ARUs\RE03\SMM2-19_20260322_054600.wav
675.0,678.0,Pipilo erythrophthalmus,Eastern Towhee,0.9957,D:\Bird_Anuran_ARUs\RE03\SMM2-19_20260322_054600.wav
675.0,678.0,Corvus brachyrhynchos,American Crow,0.7022,D:\Bird_Anuran_ARUs\RE03\SMM2-19_20260322_054600.wav
678.0,681.0,Pipilo erythrophthalmus,Eastern Towhee,0.6885,D:\Bird_Anuran_ARUs\RE03\SMM2-19_20260322_054600.wav
681.0,684.0,Pipilo erythrophthalmus,Eastern Towhee,0.7608,D:\Bird_Anuran_ARUs\RE03\SMM2-19_20260322_054600.wav
684.0,687.0,Pipilo erythrophthalmus,Eastern Towhee,0.9701,D:\Bird_Anuran_ARUs\RE03\SMM2-19_20260322_054600.wav
684.0,687.0,Corvus brachyrhynchos,American Crow,0.3444,D:\Bird_Anuran_ARUs\RE03\SMM2-19_20260322_054600.wav
690.0,693.0,Pipilo erythrophthalmus,Eastern Towhee,0.9059,D:\Bird_Anuran_ARUs\RE03\SMM2-19_20260322_054600.wav
693.0,696.0,Pipilo erythrophthalmus,Eastern Towhee,0.7555,D:\Bird_Anuran_ARUs\RE03\SMM2-19_20260322_054600.wav
696.0,699.0,Pipilo erythrophthalmus,Eastern Towhee,0.2575,D:\Bird_Anuran_ARUs\RE03\SMM2-19_20260322_054600.wav
699.0,702.0,Pipilo erythrophthalmus,Eastern Towhee,0.5562,D:\Bird_Anuran_ARUs\RE03\SMM2-19_20260322_054600.wav
702.0,705.0,Pipilo erythrophthalmus,Eastern Towhee,0.6185,D:\Bird_Anuran_ARUs\RE03\SMM2-19_20260322_054600.wav
705.0,708.0,Pipilo erythrophthalmus,Eastern Towhee,0.3212,D:\Bird_Anuran_ARUs\RE03\SMM2-19_20260322_054600.wav
711.0,714.0,Pipilo erythrophthalmus,Eastern Towhee,0.4867,D:\Bird_Anuran_ARUs\RE03\SMM2-19_20260322_054600.wav
714.0,717.0,Pipilo erythrophthalmus,Eastern Towhee,0.9148,D:\Bird_Anuran_ARUs\RE03\SMM2-19_20260322_054600.wav
717.0,720.0,Pipilo erythrophthalmus,Eastern Towhee,0.6728,D:\Bird_Anuran_ARUs\RE03\SMM2-19_20260322_054600.wav
720.0,723.0,Pipilo erythrophthalmus,Eastern Towhee,0.7104,D:\Bird_Anuran_ARUs\RE03\SMM2-19_20260322_054600.wav
723.0,726.0,Corvus brachyrhynchos,American Crow,0.3738,D:\Bird_Anuran_ARUs\RE03\SMM2-19_20260322_054600.wav
726.0,729.0,Corvus brachyrhynchos,American Crow,0.9308,D:\Bird_Anuran_ARUs\RE03\SMM2-19_20260322_054600.wav
726.0,729.0,Pipilo erythrophthalmus,Eastern Towhee,0.3544,D:\Bird_Anuran_ARUs\RE03\SMM2-19_20260322_054600.wav
729.0,732.0,Corvus brachyrhynchos,American Crow,0.6655,D:\Bird_Anuran_ARUs\RE03\SMM2-19_20260322_054600.wav
729.0,732.0,Pipilo erythrophthalmus,Eastern Towhee,0.3917,D:\Bird_Anuran_ARUs\RE03\SMM2-19_20260322_054600.wav
735.0,738.0,Pipilo erythrophthalmus,Eastern Towhee,0.6619,D:\Bird_Anuran_ARUs\RE03\SMM2-19_20260322_054600.wav
741.0,744.0,Pipilo erythrophthalmus,Eastern Towhee,0.8998,D:\Bird_Anuran_ARUs\RE03\SMM2-19_20260322_054600.wav
744.0,747.0,Pipilo erythrophthalmus,Eastern Towhee,0.8054,D:\Bird_Anuran_ARUs\RE03\SMM2-19_20260322_054600.wav
744.0,747.0,Corvus brachyrhynchos,American Crow,0.4270,D:\Bird_Anuran_ARUs\RE03\SMM2-19_20260322_054600.wav
750.0,753.0,Pipilo erythrophthalmus,Eastern Towhee,0.7996,D:\Bird_Anuran_ARUs\RE03\SMM2-19_20260322_054600.wav
756.0,759.0,Pipilo erythrophthalmus,Eastern Towhee,0.6885,D:\Bird_Anuran_ARUs\RE03\SMM2-19_20260322_054600.wav
768.0,771.0,Corvus brachyrhynchos,American Crow,0.9623,D:\Bird_Anuran_ARUs\RE03\SMM2-19_20260322_054600.wav
768.0,771.0,Pipilo erythrophthalmus,Eastern Towhee,0.9372,D:\Bird_Anuran_ARUs\RE03\SMM2-19_20260322_054600.wav
771.0,774.0,Pipilo erythrophthalmus,Eastern Towhee,0.9844,D:\Bird_Anuran_ARUs\RE03\SMM2-19_20260322_054600.wav
771.0,774.0,Corvus brachyrhynchos,American Crow,0.7340,D:\Bird_Anuran_ARUs\RE03\SMM2-19_20260322_054600.wav
774.0,777.0,Corvus brachyrhynchos,American Crow,0.7933,D:\Bird_Anuran_ARUs\RE03\SMM2-19_20260322_054600.wav
774.0,777.0,Geothlypis trichas,Common Yellowthroat,0.6131,D:\Bird_Anuran_ARUs\RE03\SMM2-19_20260322_054600.wav
774.0,777.0,Pipilo erythrophthalmus,Eastern Towhee,0.5891,D:\Bird_Anuran_ARUs\RE03\SMM2-19_20260322_054600.wav
777.0,780.0,Pipilo erythrophthalmus,Eastern Towhee,0.9569,D:\Bird_Anuran_ARUs\RE03\SMM2-19_20260322_054600.wav
780.0,783.0,Corvus brachyrhynchos,American Crow,0.9597,D:\Bird_Anuran_ARUs\RE03\SMM2-19_20260322_054600.wav
780.0,783.0,Pipilo erythrophthalmus,Eastern Towhee,0.4684,D:\Bird_Anuran_ARUs\RE03\SMM2-19_20260322_054600.wav
783.0,786.0,Pipilo erythrophthalmus,Eastern Towhee,0.9623,D:\Bird_Anuran_ARUs\RE03\SMM2-19_20260322_054600.wav
786.0,789.0,Pipilo erythrophthalmus,Eastern Towhee,0.9932,D:\Bird_Anuran_ARUs\RE03\SMM2-19_20260322_054600.wav
786.0,789.0,Corvus brachyrhynchos,American Crow,0.9169,D:\Bird_Anuran_ARUs\RE03\SMM2-19_20260322_054600.wav
789.0,792.0,Corvus brachyrhynchos,American Crow,0.6887,D:\Bird_Anuran_ARUs\RE03\SMM2-19_20260322_054600.wav
789.0,792.0,Pipilo erythrophthalmus,Eastern Towhee,0.4492,D:\Bird_Anuran_ARUs\RE03\SMM2-19_20260322_054600.wav
789.0,792.0,Cardinalis cardinalis,Northern Cardinal,0.2558,D:\Bird_Anuran_ARUs\RE03\SMM2-19_20260322_054600.wav
792.0,795.0,Pipilo erythrophthalmus,Eastern Towhee,0.9765,D:\Bird_Anuran_ARUs\RE03\SMM2-19_20260322_054600.wav
795.0,798.0,Corvus brachyrhynchos,American Crow,0.8824,D:\Bird_Anuran_ARUs\RE03\SMM2-19_20260322_054600.wav
795.0,798.0,Setophaga pinus,Pine Warbler,0.5269,D:\Bird_Anuran_ARUs\RE03\SMM2-19_20260322_054600.wav
795.0,798.0,Pipilo erythrophthalmus,Eastern Towhee,0.4680,D:\Bird_Anuran_ARUs\RE03\SMM2-19_20260322_054600.wav
798.0,801.0,Pipilo erythrophthalmus,Eastern Towhee,0.7802,D:\Bird_Anuran_ARUs\RE03\SMM2-19_20260322_054600.wav
801.0,804.0,Corvus brachyrhynchos,American Crow,0.3429,D:\Bird_Anuran_ARUs\RE03\SMM2-19_20260322_054600.wav
804.0,807.0,Pipilo erythrophthalmus,Eastern Towhee,0.9070,D:\Bird_Anuran_ARUs\RE03\SMM2-19_20260322_054600.wav
804.0,807.0,Setophaga pinus,Pine Warbler,0.2897,D:\Bird_Anuran_ARUs\RE03\SMM2-19_20260322_054600.wav
807.0,810.0,Setophaga pinus,Pine Warbler,0.7756,D:\Bird_Anuran_ARUs\RE03\SMM2-19_20260322_054600.wav
807.0,810.0,Pipilo erythrophthalmus,Eastern Towhee,0.5365,D:\Bird_Anuran_ARUs\RE03\SMM2-19_20260322_054600.wav
807.0,810.0,Corvus brachyrhynchos,American Crow,0.4754,D:\Bird_Anuran_ARUs\RE03\SMM2-19_20260322_054600.wav
810.0,813.0,Pipilo erythrophthalmus,Eastern Towhee,0.9455,D:\Bird_Anuran_ARUs\RE03\SMM2-19_20260322_054600.wav
813.0,816.0,Pipilo erythrophthalmus,Eastern Towhee,0.9863,D:\Bird_Anuran_ARUs\RE03\SMM2-19_20260322_054600.wav
819.0,822.0,Pipilo erythrophthalmus,Eastern Towhee,0.6786,D:\Bird_Anuran_ARUs\RE03\SMM2-19_20260322_054600.wav
822.0,825.0,Pipilo erythrophthalmus,Eastern Towhee,0.8942,D:\Bird_Anuran_ARUs\RE03\SMM2-19_20260322_054600.wav
822.0,825.0,Poecile carolinensis,Carolina Chickadee,0.3943,D:\Bird_Anuran_ARUs\RE03\SMM2-19_20260322_054600.wav
825.0,828.0,Pipilo erythrophthalmus,Eastern Towhee,0.9901,D:\Bird_Anuran_ARUs\RE03\SMM2-19_20260322_054600.wav
828.0,831.0,Corvus brachyrhynchos,American Crow,0.6082,D:\Bird_Anuran_ARUs\RE03\SMM2-19_20260322_054600.wav
828.0,831.0,Geothlypis trichas,Common Yellowthroat,0.3279,D:\Bird_Anuran_ARUs\RE03\SMM2-19_20260322_054600.wav
831.0,834.0,Pipilo erythrophthalmus,Eastern Towhee,0.9685,D:\Bird_Anuran_ARUs\RE03\SMM2-19_20260322_054600.wav
834.0,837.0,Pipilo erythrophthalmus,Eastern Towhee,0.9874,D:\Bird_Anuran_ARUs\RE03\SMM2-19_20260322_054600.wav
834.0,837.0,Corvus brachyrhynchos,American Crow,0.3339,D:\Bird_Anuran_ARUs\RE03\SMM2-19_20260322_054600.wav
837.0,840.0,Pipilo erythrophthalmus,Eastern Towhee,0.6422,D:\Bird_Anuran_ARUs\RE03\SMM2-19_20260322_054600.wav
837.0,840.0,Corvus brachyrhynchos,American Crow,0.2803,D:\Bird_Anuran_ARUs\RE03\SMM2-19_20260322_054600.wav
840.0,843.0,Pipilo erythrophthalmus,Eastern Towhee,0.2640,D:\Bird_Anuran_ARUs\RE03\SMM2-19_20260322_054600.wav
843.0,846.0,Pipilo erythrophthalmus,Eastern Towhee,0.9770,D:\Bird_Anuran_ARUs\RE03\SMM2-19_20260322_054600.wav
849.0,852.0,Corvus brachyrhynchos,American Crow,0.9688,D:\Bird_Anuran_ARUs\RE03\SMM2-19_20260322_054600.wav
852.0,855.0,Pseudacris brimleyi,Brimley's Chorus Frog,0.5359,D:\Bird_Anuran_ARUs\RE03\SMM2-19_20260322_054600.wav
855.0,858.0,Pseudacris brimleyi,Brimley's Chorus Frog,0.2976,D:\Bird_Anuran_ARUs\RE03\SMM2-19_20260322_054600.wav
858.0,861.0,Pipilo erythrophthalmus,Eastern Towhee,0.4788,D:\Bird_Anuran_ARUs\RE03\SMM2-19_20260322_054600.wav
861.0,864.0,Pseudacris brimleyi,Brimley's Chorus Frog,0.9557,D:\Bird_Anuran_ARUs\RE03\SMM2-19_20260322_054600.wav
861.0,864.0,Corvus brachyrhynchos,American Crow,0.3267,D:\Bird_Anuran_ARUs\RE03\SMM2-19_20260322_054600.wav
864.0,867.0,Corvus brachyrhynchos,American Crow,0.5653,D:\Bird_Anuran_ARUs\RE03\SMM2-19_20260322_054600.wav
867.0,870.0,Pipilo erythrophthalmus,Eastern Towhee,0.8309,D:\Bird_Anuran_ARUs\RE03\SMM2-19_20260322_054600.wav
867.0,870.0,Corvus brachyrhynchos,American Crow,0.5932,D:\Bird_Anuran_ARUs\RE03\SMM2-19_20260322_054600.wav
867.0,870.0,Poecile carolinensis,Carolina Chickadee,0.3280,D:\Bird_Anuran_ARUs\RE03\SMM2-19_20260322_054600.wav
870.0,873.0,Pipilo erythrophthalmus,Eastern Towhee,0.9653,D:\Bird_Anuran_ARUs\RE03\SMM2-19_20260322_054600.wav
870.0,873.0,Corvus brachyrhynchos,American Crow,0.5811,D:\Bird_Anuran_ARUs\RE03\SMM2-19_20260322_054600.wav
873.0,876.0,Corvus brachyrhynchos,American Crow,0.9028,D:\Bird_Anuran_ARUs\RE03\SMM2-19_20260322_054600.wav
873.0,876.0,Pipilo erythrophthalmus,Eastern Towhee,0.6694,D:\Bird_Anuran_ARUs\RE03\SMM2-19_20260322_054600.wav
873.0,876.0,Poecile carolinensis,Carolina Chickadee,0.3228,D:\Bird_Anuran_ARUs\RE03\SMM2-19_20260322_054600.wav
876.0,879.0,Pipilo erythrophthalmus,Eastern Towhee,0.9814,D:\Bird_Anuran_ARUs\RE03\SMM2-19_20260322_054600.wav
876.0,879.0,Corvus brachyrhynchos,American Crow,0.8392,D:\Bird_Anuran_ARUs\RE03\SMM2-19_20260322_054600.wav
879.0,882.0,Corvus brachyrhynchos,American Crow,0.9484,D:\Bird_Anuran_ARUs\RE03\SMM2-19_20260322_054600.wav
879.0,882.0,Pipilo erythrophthalmus,Eastern Towhee,0.9472,D:\Bird_Anuran_ARUs\RE03\SMM2-19_20260322_054600.wav
882.0,885.0,Corvus brachyrhynchos,American Crow,0.9908,D:\Bird_Anuran_ARUs\RE03\SMM2-19_20260322_054600.wav
882.0,885.0,Pipilo erythrophthalmus,Eastern Towhee,0.5598,D:\Bird_Anuran_ARUs\RE03\SMM2-19_20260322_054600.wav
885.0,888.0,Geothlypis trichas,Common Yellowthroat,0.3752,D:\Bird_Anuran_ARUs\RE03\SMM2-19_20260322_054600.wav
885.0,888.0,Poecile carolinensis,Carolina Chickadee,0.2620,D:\Bird_Anuran_ARUs\RE03\SMM2-19_20260322_054600.wav
888.0,891.0,Pipilo erythrophthalmus,Eastern Towhee,0.9847,D:\Bird_Anuran_ARUs\RE03\SMM2-19_20260322_054600.wav
891.0,894.0,Corvus brachyrhynchos,American Crow,0.9309,D:\Bird_Anuran_ARUs\RE03\SMM2-19_20260322_054600.wav
891.0,894.0,Pipilo erythrophthalmus,Eastern Towhee,0.3513,D:\Bird_Anuran_ARUs\RE03\SMM2-19_20260322_054600.wav
894.0,897.0,Corvus brachyrhynchos,American Crow,0.4945,D:\Bird_Anuran_ARUs\RE03\SMM2-19_20260322_054600.wav
897.0,900.0,Pipilo erythrophthalmus,Eastern Towhee,0.9819,D:\Bird_Anuran_ARUs\RE03\SMM2-19_20260322_054600.wav
900.0,903.0,Corvus brachyrhynchos,American Crow,0.7773,D:\Bird_Anuran_ARUs\RE03\SMM2-19_20260322_054600.wav
900.0,903.0,Poecile carolinensis,Carolina Chickadee,0.4441,D:\Bird_Anuran_ARUs\RE03\SMM2-19_20260322_054600.wav
903.0,906.0,Pipilo erythrophthalmus,Eastern Towhee,0.6334,D:\Bird_Anuran_ARUs\RE03\SMM2-19_20260322_054600.wav
909.0,912.0,Pipilo erythrophthalmus,Eastern Towhee,0.7040,D:\Bird_Anuran_ARUs\RE03\SMM2-19_20260322_054600.wav
912.0,915.0,Poecile carolinensis,Carolina Chickadee,0.4658,D:\Bird_Anuran_ARUs\RE03\SMM2-19_20260322_054600.wav
915.0,918.0,Corvus brachyrhynchos,American Crow,0.7533,D:\Bird_Anuran_ARUs\RE03\SMM2-19_20260322_054600.wav
915.0,918.0,Pipilo erythrophthalmus,Eastern Towhee,0.3776,D:\Bird_Anuran_ARUs\RE03\SMM2-19_20260322_054600.wav
918.0,921.0,Corvus brachyrhynchos,American Crow,0.9707,D:\Bird_Anuran_ARUs\RE03\SMM2-19_20260322_054600.wav
921.0,924.0,Poecile carolinensis,Carolina Chickadee,0.4387,D:\Bird_Anuran_ARUs\RE03\SMM2-19_20260322_054600.wav
924.0,927.0,Baeolophus bicolor,Tufted Titmouse,0.4941,D:\Bird_Anuran_ARUs\RE03\SMM2-19_20260322_054600.wav
924.0,927.0,Pipilo erythrophthalmus,Eastern Towhee,0.3251,D:\Bird_Anuran_ARUs\RE03\SMM2-19_20260322_054600.wav
930.0,933.0,Corvus brachyrhynchos,American Crow,0.9181,D:\Bird_Anuran_ARUs\RE03\SMM2-19_20260322_054600.wav
933.0,936.0,Pipilo erythrophthalmus,Eastern Towhee,0.9959,D:\Bird_Anuran_ARUs\RE03\SMM2-19_20260322_054600.wav
933.0,936.0,Corvus brachyrhynchos,American Crow,0.7718,D:\Bird_Anuran_ARUs\RE03\SMM2-19_20260322_054600.wav
936.0,939.0,Poecile carolinensis,Carolina Chickadee,0.7047,D:\Bird_Anuran_ARUs\RE03\SMM2-19_20260322_054600.wav
936.0,939.0,Corvus brachyrhynchos,American Crow,0.6984,D:\Bird_Anuran_ARUs\RE03\SMM2-19_20260322_054600.wav
939.0,942.0,Poecile carolinensis,Carolina Chickadee,0.9694,D:\Bird_Anuran_ARUs\RE03\SMM2-19_20260322_054600.wav
942.0,945.0,Poecile carolinensis,Carolina Chickadee,0.8980,D:\Bird_Anuran_ARUs\RE03\SMM2-19_20260322_054600.wav
942.0,945.0,Corvus brachyrhynchos,American Crow,0.3464,D:\Bird_Anuran_ARUs\RE03\SMM2-19_20260322_054600.wav
945.0,948.0,Geothlypis trichas,Common Yellowthroat,0.4183,D:\Bird_Anuran_ARUs\RE03\SMM2-19_20260322_054600.wav
948.0,951.0,Pipilo erythrophthalmus,Eastern Towhee,0.6659,D:\Bird_Anuran_ARUs\RE03\SMM2-19_20260322_054600.wav
951.0,954.0,Corvus brachyrhynchos,American Crow,0.9951,D:\Bird_Anuran_ARUs\RE03\SMM2-19_20260322_054600.wav
951.0,954.0,Baeolophus bicolor,Tufted Titmouse,0.5012,D:\Bird_Anuran_ARUs\RE03\SMM2-19_20260322_054600.wav
954.0,957.0,Geothlypis trichas,Common Yellowthroat,0.2747,D:\Bird_Anuran_ARUs\RE03\SMM2-19_20260322_054600.wav
957.0,960.0,Corvus brachyrhynchos,American Crow,0.9869,D:\Bird_Anuran_ARUs\RE03\SMM2-19_20260322_054600.wav
957.0,960.0,Pipilo erythrophthalmus,Eastern Towhee,0.5968,D:\Bird_Anuran_ARUs\RE03\SMM2-19_20260322_054600.wav
966.0,969.0,Corvus brachyrhynchos,American Crow,0.6560,D:\Bird_Anuran_ARUs\RE03\SMM2-19_20260322_054600.wav
966.0,969.0,Geothlypis trichas,Common Yellowthroat,0.2754,D:\Bird_Anuran_ARUs\RE03\SMM2-19_20260322_054600.wav
969.0,972.0,Corvus brachyrhynchos,American Crow,0.9925,D:\Bird_Anuran_ARUs\RE03\SMM2-19_20260322_054600.wav
969.0,972.0,Pipilo erythrophthalmus,Eastern Towhee,0.8113,D:\Bird_Anuran_ARUs\RE03\SMM2-19_20260322_054600.wav
972.0,975.0,Corvus brachyrhynchos,American Crow,0.7780,D:\Bird_Anuran_ARUs\RE03\SMM2-19_20260322_054600.wav
978.0,981.0,Poecile carolinensis,Carolina Chickadee,0.5878,D:\Bird_Anuran_ARUs\RE03\SMM2-19_20260322_054600.wav
981.0,984.0,Corvus brachyrhynchos,American Crow,0.7660,D:\Bird_Anuran_ARUs\RE03\SMM2-19_20260322_054600.wav
981.0,984.0,Pipilo erythrophthalmus,Eastern Towhee,0.6542,D:\Bird_Anuran_ARUs\RE03\SMM2-19_20260322_054600.wav
987.0,990.0,Corvus brachyrhynchos,American Crow,0.8308,D:\Bird_Anuran_ARUs\RE03\SMM2-19_20260322_054600.wav
990.0,993.0,Corvus brachyrhynchos,American Crow,0.9360,D:\Bird_Anuran_ARUs\RE03\SMM2-19_20260322_054600.wav
990.0,993.0,Pipilo erythrophthalmus,Eastern Towhee,0.8996,D:\Bird_Anuran_ARUs\RE03\SMM2-19_20260322_054600.wav
993.0,996.0,Corvus brachyrhynchos,American Crow,0.9700,D:\Bird_Anuran_ARUs\RE03\SMM2-19_20260322_054600.wav
993.0,996.0,Pipilo erythrophthalmus,Eastern Towhee,0.5913,D:\Bird_Anuran_ARUs\RE03\SMM2-19_20260322_054600.wav
999.0,1002.0,Pipilo erythrophthalmus,Eastern Towhee,0.2700,D:\Bird_Anuran_ARUs\RE03\SMM2-19_20260322_054600.wav
1002.0,1005.0,Corvus brachyrhynchos,American Crow,0.7646,D:\Bird_Anuran_ARUs\RE03\SMM2-19_20260322_054600.wav
1002.0,1005.0,Pipilo erythrophthalmus,Eastern Towhee,0.7184,D:\Bird_Anuran_ARUs\RE03\SMM2-19_20260322_054600.wav
1008.0,1011.0,Corvus brachyrhynchos,American Crow,0.4484,D:\Bird_Anuran_ARUs\RE03\SMM2-19_20260322_054600.wav
1011.0,1014.0,Poecile carolinensis,Carolina Chickadee,0.7910,D:\Bird_Anuran_ARUs\RE03\SMM2-19_20260322_054600.wav
1014.0,1017.0,Pipilo erythrophthalmus,Eastern Towhee,0.2648,D:\Bird_Anuran_ARUs\RE03\SMM2-19_20260322_054600.wav
1020.0,1023.0,Pipilo erythrophthalmus,Eastern Towhee,0.6817,D:\Bird_Anuran_ARUs\RE03\SMM2-19_20260322_054600.wav
1020.0,1023.0,Baeolophus bicolor,Tufted Titmouse,0.3037,D:\Bird_Anuran_ARUs\RE03\SMM2-19_20260322_054600.wav
1020.0,1023.0,Cardinalis cardinalis,Northern Cardinal,0.2957,D:\Bird_Anuran_ARUs\RE03\SMM2-19_20260322_054600.wav
1020.0,1023.0,Poecile carolinensis,Carolina Chickadee,0.2644,D:\Bird_Anuran_ARUs\RE03\SMM2-19_20260322_054600.wav
1023.0,1026.0,Pipilo erythrophthalmus,Eastern Towhee,0.5972,D:\Bird_Anuran_ARUs\RE03\SMM2-19_20260322_054600.wav
1023.0,1026.0,Cardinalis cardinalis,Northern Cardinal,0.2740,D:\Bird_Anuran_ARUs\RE03\SMM2-19_20260322_054600.wav
1026.0,1029.0,Dryocopus pileatus,Pileated Woodpecker,0.7508,D:\Bird_Anuran_ARUs\RE03\SMM2-19_20260322_054600.wav
1029.0,1032.0,Dryocopus pileatus,Pileated Woodpecker,0.9218,D:\Bird_Anuran_ARUs\RE03\SMM2-19_20260322_054600.wav
1032.0,1035.0,Pipilo erythrophthalmus,Eastern Towhee,0.8723,D:\Bird_Anuran_ARUs\RE03\SMM2-19_20260322_054600.wav
1032.0,1035.0,Corvus brachyrhynchos,American Crow,0.3015,D:\Bird_Anuran_ARUs\RE03\SMM2-19_20260322_054600.wav
1035.0,1038.0,Pipilo erythrophthalmus,Eastern Towhee,0.6953,D:\Bird_Anuran_ARUs\RE03\SMM2-19_20260322_054600.wav
1035.0,1038.0,Corvus brachyrhynchos,American Crow,0.4730,D:\Bird_Anuran_ARUs\RE03\SMM2-19_20260322_054600.wav
1035.0,1038.0,Poecile carolinensis,Carolina Chickadee,0.3787,D:\Bird_Anuran_ARUs\RE03\SMM2-19_20260322_054600.wav
1038.0,1041.0,Corvus brachyrhynchos,American Crow,0.3084,D:\Bird_Anuran_ARUs\RE03\SMM2-19_20260322_054600.wav
1038.0,1041.0,Cardinalis cardinalis,Northern Cardinal,0.2927,D:\Bird_Anuran_ARUs\RE03\SMM2-19_20260322_054600.wav
1044.0,1047.0,Pipilo erythrophthalmus,Eastern Towhee,0.3847,D:\Bird_Anuran_ARUs\RE03\SMM2-19_20260322_054600.wav
1047.0,1050.0,Poecile carolinensis,Carolina Chickadee,0.9320,D:\Bird_Anuran_ARUs\RE03\SMM2-19_20260322_054600.wav
1050.0,1053.0,Poecile carolinensis,Carolina Chickadee,0.6372,D:\Bird_Anuran_ARUs\RE03\SMM2-19_20260322_054600.wav
1056.0,1059.0,Corvus brachyrhynchos,American Crow,0.6307,D:\Bird_Anuran_ARUs\RE03\SMM2-19_20260322_054600.wav
1059.0,1062.0,Corvus brachyrhynchos,American Crow,0.9784,D:\Bird_Anuran_ARUs\RE03\SMM2-19_20260322_054600.wav
1059.0,1062.0,Pipilo erythrophthalmus,Eastern Towhee,0.5282,D:\Bird_Anuran_ARUs\RE03\SMM2-19_20260322_054600.wav
1062.0,1065.0,Corvus brachyrhynchos,American Crow,0.4448,D:\Bird_Anuran_ARUs\RE03\SMM2-19_20260322_054600.wav
1071.0,1074.0,Cardinalis cardinalis,Northern Cardinal,0.5229,D:\Bird_Anuran_ARUs\RE03\SMM2-19_20260322_054600.wav
1077.0,1080.0,Geothlypis trichas,Common Yellowthroat,0.6584,D:\Bird_Anuran_ARUs\RE03\SMM2-19_20260322_054600.wav
1083.0,1086.0,Corvus brachyrhynchos,American Crow,0.9386,D:\Bird_Anuran_ARUs\RE03\SMM2-19_20260322_054600.wav
1083.0,1086.0,Cardinalis cardinalis,Northern Cardinal,0.2915,D:\Bird_Anuran_ARUs\RE03\SMM2-19_20260322_054600.wav
1083.0,1086.0,Baeolophus bicolor,Tufted Titmouse,0.2505,D:\Bird_Anuran_ARUs\RE03\SMM2-19_20260322_054600.wav
1086.0,1089.0,Corvus brachyrhynchos,American Crow,0.8393,D:\Bird_Anuran_ARUs\RE03\SMM2-19_20260322_054600.wav
1086.0,1089.0,Pipilo erythrophthalmus,Eastern Towhee,0.5159,D:\Bird_Anuran_ARUs\RE03\SMM2-19_20260322_054600.wav
1092.0,1095.0,Corvus brachyrhynchos,American Crow,0.9312,D:\Bird_Anuran_ARUs\RE03\SMM2-19_20260322_054600.wav
1092.0,1095.0,Cardinalis cardinalis,Northern Cardinal,0.4366,D:\Bird_Anuran_ARUs\RE03\SMM2-19_20260322_054600.wav
1095.0,1098.0,Corvus brachyrhynchos,American Crow,0.5689,D:\Bird_Anuran_ARUs\RE03\SMM2-19_20260322_054600.wav
1101.0,1104.0,Pipilo erythrophthalmus,Eastern Towhee,0.4028,D:\Bird_Anuran_ARUs\RE03\SMM2-19_20260322_054600.wav
1104.0,1107.0,Corvus brachyrhynchos,American Crow,0.4325,D:\Bird_Anuran_ARUs\RE03\SMM2-19_20260322_054600.wav
1107.0,1110.0,Geothlypis trichas,Common Yellowthroat,0.9197,D:\Bird_Anuran_ARUs\RE03\SMM2-19_20260322_054600.wav
1107.0,1110.0,Corvus brachyrhynchos,American Crow,0.4338,D:\Bird_Anuran_ARUs\RE03\SMM2-19_20260322_054600.wav
1110.0,1113.0,Pipilo erythrophthalmus,Eastern Towhee,0.3150,D:\Bird_Anuran_ARUs\RE03\SMM2-19_20260322_054600.wav
1113.0,1116.0,Pipilo erythrophthalmus,Eastern Towhee,0.3685,D:\Bird_Anuran_ARUs\RE03\SMM2-19_20260322_054600.wav
1119.0,1122.0,Geothlypis trichas,Common Yellowthroat,0.4827,D:\Bird_Anuran_ARUs\RE03\SMM2-19_20260322_054600.wav
1128.0,1131.0,Geothlypis trichas,Common Yellowthroat,0.6300,D:\Bird_Anuran_ARUs\RE03\SMM2-19_20260322_054600.wav
1128.0,1131.0,Cardinalis cardinalis,Northern Cardinal,0.2882,D:\Bird_Anuran_ARUs\RE03\SMM2-19_20260322_054600.wav
1134.0,1137.0,Geothlypis trichas,Common Yellowthroat,0.3794,D:\Bird_Anuran_ARUs\RE03\SMM2-19_20260322_054600.wav
1155.0,1158.0,Geothlypis trichas,Common Yellowthroat,0.7050,D:\Bird_Anuran_ARUs\RE03\SMM2-19_20260322_054600.wav
1155.0,1158.0,Turdus migratorius,American Robin,0.3034,D:\Bird_Anuran_ARUs\RE03\SMM2-19_20260322_054600.wav
1155.0,1158.0,Cardinalis cardinalis,Northern Cardinal,0.2815,D:\Bird_Anuran_ARUs\RE03\SMM2-19_20260322_054600.wav
1155.0,1158.0,Pipilo erythrophthalmus,Eastern Towhee,0.2802,D:\Bird_Anuran_ARUs\RE03\SMM2-19_20260322_054600.wav
1158.0,1161.0,Corvus brachyrhynchos,American Crow,0.4063,D:\Bird_Anuran_ARUs\RE03\SMM2-19_20260322_054600.wav
1158.0,1161.0,Cardinalis cardinalis,Northern Cardinal,0.2743,D:\Bird_Anuran_ARUs\RE03\SMM2-19_20260322_054600.wav
1161.0,1164.0,Pipilo erythrophthalmus,Eastern Towhee,0.6712,D:\Bird_Anuran_ARUs\RE03\SMM2-19_20260322_054600.wav
1161.0,1164.0,Corvus brachyrhynchos,American Crow,0.5836,D:\Bird_Anuran_ARUs\RE03\SMM2-19_20260322_054600.wav
1161.0,1164.0,Cardinalis cardinalis,Northern Cardinal,0.3226,D:\Bird_Anuran_ARUs\RE03\SMM2-19_20260322_054600.wav
1164.0,1167.0,Cardinalis cardinalis,Northern Cardinal,0.2572,D:\Bird_Anuran_ARUs\RE03\SMM2-19_20260322_054600.wav
1167.0,1170.0,Pipilo erythrophthalmus,Eastern Towhee,0.5941,D:\Bird_Anuran_ARUs\RE03\SMM2-19_20260322_054600.wav
1170.0,1173.0,Geothlypis trichas,Common Yellowthroat,0.4874,D:\Bird_Anuran_ARUs\RE03\SMM2-19_20260322_054600.wav
1170.0,1173.0,Cardinalis cardinalis,Northern Cardinal,0.2752,D:\Bird_Anuran_ARUs\RE03\SMM2-19_20260322_054600.wav
1173.0,1176.0,Pipilo erythrophthalmus,Eastern Towhee,0.5430,D:\Bird_Anuran_ARUs\RE03\SMM2-19_20260322_054600.wav
1176.0,1179.0,Cardinalis cardinalis,Northern Cardinal,0.4587,D:\Bird_Anuran_ARUs\RE03\SMM2-19_20260322_054600.wav
1179.0,1182.0,Pipilo erythrophthalmus,Eastern Towhee,0.9457,D:\Bird_Anuran_ARUs\RE03\SMM2-19_20260322_054600.wav
1182.0,1185.0,Pipilo erythrophthalmus,Eastern Towhee,0.2822,D:\Bird_Anuran_ARUs\RE03\SMM2-19_20260322_054600.wav
1185.0,1188.0,Poecile carolinensis,Carolina Chickadee,0.3189,D:\Bird_Anuran_ARUs\RE03\SMM2-19_20260322_054600.wav
1188.0,1191.0,Cardinalis cardinalis,Northern Cardinal,0.6375,D:\Bird_Anuran_ARUs\RE03\SMM2-19_20260322_054600.wav
1188.0,1191.0,Corvus brachyrhynchos,American Crow,0.5854,D:\Bird_Anuran_ARUs\RE03\SMM2-19_20260322_054600.wav
1188.0,1191.0,Geothlypis trichas,Common Yellowthroat,0.4226,D:\Bird_Anuran_ARUs\RE03\SMM2-19_20260322_054600.wav
1188.0,1191.0,Pipilo erythrophthalmus,Eastern Towhee,0.3640,D:\Bird_Anuran_ARUs\RE03\SMM2-19_20260322_054600.wav
1191.0,1194.0,Pipilo erythrophthalmus,Eastern Towhee,0.5618,D:\Bird_Anuran_ARUs\RE03\SMM2-19_20260322_054600.wav
1194.0,1197.0,Geothlypis trichas,Common Yellowthroat,0.5610,D:\Bird_Anuran_ARUs\RE03\SMM2-19_20260322_054600.wav
1197.0,1200.0,Geothlypis trichas,Common Yellowthroat,0.6203,D:\Bird_Anuran_ARUs\RE03\SMM2-19_20260322_054600.wav
1197.0,1200.0,Pipilo erythrophthalmus,Eastern Towhee,0.2759,D:\Bird_Anuran_ARUs\RE03\SMM2-19_20260322_054600.wav
1200.0,1203.0,Pipilo erythrophthalmus,Eastern Towhee,0.9628,D:\Bird_Anuran_ARUs\RE03\SMM2-19_20260322_054600.wav
1206.0,1209.0,Geothlypis trichas,Common Yellowthroat,0.5003,D:\Bird_Anuran_ARUs\RE03\SMM2-19_20260322_054600.wav
1206.0,1209.0,Pipilo erythrophthalmus,Eastern Towhee,0.3699,D:\Bird_Anuran_ARUs\RE03\SMM2-19_20260322_054600.wav
1209.0,1212.0,Pipilo erythrophthalmus,Eastern Towhee,0.8718,D:\Bird_Anuran_ARUs\RE03\SMM2-19_20260322_054600.wav
1209.0,1212.0,Corvus brachyrhynchos,American Crow,0.4918,D:\Bird_Anuran_ARUs\RE03\SMM2-19_20260322_054600.wav
1209.0,1212.0,Baeolophus bicolor,Tufted Titmouse,0.4251,D:\Bird_Anuran_ARUs\RE03\SMM2-19_20260322_054600.wav
1209.0,1212.0,Cardinalis cardinalis,Northern Cardinal,0.2533,D:\Bird_Anuran_ARUs\RE03\SMM2-19_20260322_054600.wav
1212.0,1215.0,Geothlypis trichas,Common Yellowthroat,0.6975,D:\Bird_Anuran_ARUs\RE03\SMM2-19_20260322_054600.wav
1212.0,1215.0,Pipilo erythrophthalmus,Eastern Towhee,0.4263,D:\Bird_Anuran_ARUs\RE03\SMM2-19_20260322_054600.wav
1215.0,1218.0,Poecile carolinensis,Carolina Chickadee,0.7651,D:\Bird_Anuran_ARUs\RE03\SMM2-19_20260322_054600.wav
1215.0,1218.0,Cardinalis cardinalis,Northern Cardinal,0.2549,D:\Bird_Anuran_ARUs\RE03\SMM2-19_20260322_054600.wav
1218.0,1221.0,Corvus brachyrhynchos,American Crow,0.2759,D:\Bird_Anuran_ARUs\RE03\SMM2-19_20260322_054600.wav
1221.0,1224.0,Pipilo erythrophthalmus,Eastern Towhee,0.6805,D:\Bird_Anuran_ARUs\RE03\SMM2-19_20260322_054600.wav
1221.0,1224.0,Corvus brachyrhynchos,American Crow,0.6140,D:\Bird_Anuran_ARUs\RE03\SMM2-19_20260322_054600.wav
1224.0,1227.0,Cardinalis cardinalis,Northern Cardinal,0.5958,D:\Bird_Anuran_ARUs\RE03\SMM2-19_20260322_054600.wav
1224.0,1227.0,Pipilo erythrophthalmus,Eastern Towhee,0.5367,D:\Bird_Anuran_ARUs\RE03\SMM2-19_20260322_054600.wav
1224.0,1227.0,Geothlypis trichas,Common Yellowthroat,0.3603,D:\Bird_Anuran_ARUs\RE03\SMM2-19_20260322_054600.wav
1227.0,1230.0,Pipilo erythrophthalmus,Eastern Towhee,0.9720,D:\Bird_Anuran_ARUs\RE03\SMM2-19_20260322_054600.wav
1227.0,1230.0,Cardinalis cardinalis,Northern Cardinal,0.2590,D:\Bird_Anuran_ARUs\RE03\SMM2-19_20260322_054600.wav
1230.0,1233.0,Pipilo erythrophthalmus,Eastern Towhee,0.8026,D:\Bird_Anuran_ARUs\RE03\SMM2-19_20260322_054600.wav
1230.0,1233.0,Cardinalis cardinalis,Northern Cardinal,0.4853,D:\Bird_Anuran_ARUs\RE03\SMM2-19_20260322_054600.wav
1233.0,1236.0,Pipilo erythrophthalmus,Eastern Towhee,0.4738,D:\Bird_Anuran_ARUs\RE03\SMM2-19_20260322_054600.wav
1233.0,1236.0,Geothlypis trichas,Common Yellowthroat,0.3926,D:\Bird_Anuran_ARUs\RE03\SMM2-19_20260322_054600.wav
1233.0,1236.0,Cardinalis cardinalis,Northern Cardinal,0.2954,D:\Bird_Anuran_ARUs\RE03\SMM2-19_20260322_054600.wav
1236.0,1239.0,Melanerpes carolinus,Red-bellied Woodpecker,0.4316,D:\Bird_Anuran_ARUs\RE03\SMM2-19_20260322_054600.wav
1236.0,1239.0,Dryobates pubescens,Downy Woodpecker,0.3069,D:\Bird_Anuran_ARUs\RE03\SMM2-19_20260322_054600.wav
1242.0,1245.0,Corvus brachyrhynchos,American Crow,0.7380,D:\Bird_Anuran_ARUs\RE03\SMM2-19_20260322_054600.wav
1242.0,1245.0,Pipilo erythrophthalmus,Eastern Towhee,0.5114,D:\Bird_Anuran_ARUs\RE03\SMM2-19_20260322_054600.wav
1242.0,1245.0,Melanerpes carolinus,Red-bellied Woodpecker,0.4976,D:\Bird_Anuran_ARUs\RE03\SMM2-19_20260322_054600.wav
1242.0,1245.0,Cardinalis cardinalis,Northern Cardinal,0.3579,D:\Bird_Anuran_ARUs\RE03\SMM2-19_20260322_054600.wav
1245.0,1248.0,Pipilo erythrophthalmus,Eastern Towhee,0.3831,D:\Bird_Anuran_ARUs\RE03\SMM2-19_20260322_054600.wav
1245.0,1248.0,Corvus brachyrhynchos,American Crow,0.3644,D:\Bird_Anuran_ARUs\RE03\SMM2-19_20260322_054600.wav
1251.0,1254.0,Pipilo erythrophthalmus,Eastern Towhee,0.3927,D:\Bird_Anuran_ARUs\RE03\SMM2-19_20260322_054600.wav
1257.0,1260.0,Geothlypis trichas,Common Yellowthroat,0.2890,D:\Bird_Anuran_ARUs\RE03\SMM2-19_20260322_054600.wav
1257.0,1260.0,Pipilo erythrophthalmus,Eastern Towhee,0.2813,D:\Bird_Anuran_ARUs\RE03\SMM2-19_20260322_054600.wav
1260.0,1263.0,Pipilo erythrophthalmus,Eastern Towhee,0.5583,D:\Bird_Anuran_ARUs\RE03\SMM2-19_20260322_054600.wav
1269.0,1272.0,Molothrus ater,Brown-headed Cowbird,0.2674,D:\Bird_Anuran_ARUs\RE03\SMM2-19_20260322_054600.wav
1272.0,1275.0,Geothlypis trichas,Common Yellowthroat,0.4764,D:\Bird_Anuran_ARUs\RE03\SMM2-19_20260322_054600.wav
1275.0,1278.0,Cardinalis cardinalis,Northern Cardinal,0.7149,D:\Bird_Anuran_ARUs\RE03\SMM2-19_20260322_054600.wav
1275.0,1278.0,Pipilo erythrophthalmus,Eastern Towhee,0.5899,D:\Bird_Anuran_ARUs\RE03\SMM2-19_20260322_054600.wav
1275.0,1278.0,Melanerpes carolinus,Red-bellied Woodpecker,0.4645,D:\Bird_Anuran_ARUs\RE03\SMM2-19_20260322_054600.wav
1275.0,1278.0,Geothlypis trichas,Common Yellowthroat,0.2861,D:\Bird_Anuran_ARUs\RE03\SMM2-19_20260322_054600.wav
1275.0,1278.0,Colaptes auratus,Northern Flicker,0.2646,D:\Bird_Anuran_ARUs\RE03\SMM2-19_20260322_054600.wav
1278.0,1281.0,Pipilo erythrophthalmus,Eastern Towhee,0.5920,D:\Bird_Anuran_ARUs\RE03\SMM2-19_20260322_054600.wav
1281.0,1284.0,Dryobates villosus,Hairy Woodpecker,0.4333,D:\Bird_Anuran_ARUs\RE03\SMM2-19_20260322_054600.wav
1284.0,1287.0,Dryobates villosus,Hairy Woodpecker,0.3910,D:\Bird_Anuran_ARUs\RE03\SMM2-19_20260322_054600.wav
1287.0,1290.0,Pipilo erythrophthalmus,Eastern Towhee,0.3612,D:\Bird_Anuran_ARUs\RE03\SMM2-19_20260322_054600.wav
1287.0,1290.0,Zenaida macroura,Mourning Dove,0.3597,D:\Bird_Anuran_ARUs\RE03\SMM2-19_20260322_054600.wav
1293.0,1296.0,Pipilo erythrophthalmus,Eastern Towhee,0.5143,D:\Bird_Anuran_ARUs\RE03\SMM2-19_20260322_054600.wav
1299.0,1302.0,Dryobates pubescens,Downy Woodpecker,0.5700,D:\Bird_Anuran_ARUs\RE03\SMM2-19_20260322_054600.wav
1305.0,1308.0,Pipilo erythrophthalmus,Eastern Towhee,0.7981,D:\Bird_Anuran_ARUs\RE03\SMM2-19_20260322_054600.wav
1308.0,1311.0,Pipilo erythrophthalmus,Eastern Towhee,0.4895,D:\Bird_Anuran_ARUs\RE03\SMM2-19_20260322_054600.wav
1311.0,1314.0,Cardinalis cardinalis,Northern Cardinal,0.3174,D:\Bird_Anuran_ARUs\RE03\SMM2-19_20260322_054600.wav
1311.0,1314.0,Pipilo erythrophthalmus,Eastern Towhee,0.2993,D:\Bird_Anuran_ARUs\RE03\SMM2-19_20260322_054600.wav
1323.0,1326.0,Dryocopus pileatus,Pileated Woodpecker,0.7131,D:\Bird_Anuran_ARUs\RE03\SMM2-19_20260322_054600.wav
1329.0,1332.0,Pipilo erythrophthalmus,Eastern Towhee,0.3577,D:\Bird_Anuran_ARUs\RE03\SMM2-19_20260322_054600.wav
1332.0,1335.0,Dryobates pubescens,Downy Woodpecker,0.3255,D:\Bird_Anuran_ARUs\RE03\SMM2-19_20260322_054600.wav
1335.0,1338.0,Pipilo erythrophthalmus,Eastern Towhee,0.2554,D:\Bird_Anuran_ARUs\RE03\SMM2-19_20260322_054600.wav
1338.0,1341.0,Pipilo erythrophthalmus,Eastern Towhee,0.5845,D:\Bird_Anuran_ARUs\RE03\SMM2-19_20260322_054600.wav
1341.0,1344.0,Zenaida macroura,Mourning Dove,0.9935,D:\Bird_Anuran_ARUs\RE03\SMM2-19_20260322_054600.wav
1344.0,1347.0,Zenaida macroura,Mourning Dove,0.9434,D:\Bird_Anuran_ARUs\RE03\SMM2-19_20260322_054600.wav
1347.0,1350.0,Dryobates pubescens,Downy Woodpecker,0.4904,D:\Bird_Anuran_ARUs\RE03\SMM2-19_20260322_054600.wav
1350.0,1353.0,Dryobates pubescens,Downy Woodpecker,0.2522,D:\Bird_Anuran_ARUs\RE03\SMM2-19_20260322_054600.wav
1353.0,1356.0,Melanerpes carolinus,Red-bellied Woodpecker,0.2744,D:\Bird_Anuran_ARUs\RE03\SMM2-19_20260322_054600.wav
1353.0,1356.0,Dryobates pubescens,Downy Woodpecker,0.2593,D:\Bird_Anuran_ARUs\RE03\SMM2-19_20260322_054600.wav
1365.0,1368.0,Zenaida macroura,Mourning Dove,0.9497,D:\Bird_Anuran_ARUs\RE03\SMM2-19_20260322_054600.wav
1368.0,1371.0,Zenaida macroura,Mourning Dove,0.9075,D:\Bird_Anuran_ARUs\RE03\SMM2-19_20260322_054600.wav
1374.0,1377.0,Pipilo erythrophthalmus,Eastern Towhee,0.6141,D:\Bird_Anuran_ARUs\RE03\SMM2-19_20260322_054600.wav
1374.0,1377.0,Geothlypis trichas,Common Yellowthroat,0.4461,D:\Bird_Anuran_ARUs\RE03\SMM2-19_20260322_054600.wav
1377.0,1380.0,Geothlypis trichas,Common Yellowthroat,0.6192,D:\Bird_Anuran_ARUs\RE03\SMM2-19_20260322_054600.wav
1383.0,1386.0,Zenaida macroura,Mourning Dove,0.9898,D:\Bird_Anuran_ARUs\RE03\SMM2-19_20260322_054600.wav
1386.0,1389.0,Zenaida macroura,Mourning Dove,0.6301,D:\Bird_Anuran_ARUs\RE03\SMM2-19_20260322_054600.wav
1389.0,1392.0,Dryocopus pileatus,Pileated Woodpecker,0.7523,D:\Bird_Anuran_ARUs\RE03\SMM2-19_20260322_054600.wav
1407.0,1410.0,Dryocopus pileatus,Pileated Woodpecker,0.3852,D:\Bird_Anuran_ARUs\RE03\SMM2-19_20260322_054600.wav
1416.0,1419.0,Zenaida macroura,Mourning Dove,0.9962,D:\Bird_Anuran_ARUs\RE03\SMM2-19_20260322_054600.wav
1419.0,1422.0,Zenaida macroura,Mourning Dove,0.9774,D:\Bird_Anuran_ARUs\RE03\SMM2-19_20260322_054600.wav
1431.0,1434.0,Poecile carolinensis,Carolina Chickadee,0.3232,D:\Bird_Anuran_ARUs\RE03\SMM2-19_20260322_054600.wav
1434.0,1437.0,Dryobates pubescens,Downy Woodpecker,0.7873,D:\Bird_Anuran_ARUs\RE03\SMM2-19_20260322_054600.wav
1437.0,1440.0,Zenaida macroura,Mourning Dove,0.5268,D:\Bird_Anuran_ARUs\RE03\SMM2-19_20260322_054600.wav
1440.0,1443.0,Zenaida macroura,Mourning Dove,0.7167,D:\Bird_Anuran_ARUs\RE03\SMM2-19_20260322_054600.wav
1443.0,1446.0,Zenaida macroura,Mourning Dove,0.5836,D:\Bird_Anuran_ARUs\RE03\SMM2-19_20260322_054600.wav
1452.0,1455.0,Dryobates pubescens,Downy Woodpecker,0.2754,D:\Bird_Anuran_ARUs\RE03\SMM2-19_20260322_054600.wav
1464.0,1467.0,Zenaida macroura,Mourning Dove,0.3415,D:\Bird_Anuran_ARUs\RE03\SMM2-19_20260322_054600.wav
1467.0,1470.0,Zenaida macroura,Mourning Dove,0.5186,D:\Bird_Anuran_ARUs\RE03\SMM2-19_20260322_054600.wav
1470.0,1473.0,Dryobates pubescens,Downy Woodpecker,0.5476,D:\Bird_Anuran_ARUs\RE03\SMM2-19_20260322_054600.wav
1470.0,1473.0,Melanerpes carolinus,Red-bellied Woodpecker,0.2812,D:\Bird_Anuran_ARUs\RE03\SMM2-19_20260322_054600.wav
1479.0,1482.0,Dryobates pubescens,Downy Woodpecker,0.4809,D:\Bird_Anuran_ARUs\RE03\SMM2-19_20260322_054600.wav
1479.0,1482.0,Poecile carolinensis,Carolina Chickadee,0.4664,D:\Bird_Anuran_ARUs\RE03\SMM2-19_20260322_054600.wav
1482.0,1485.0,Zenaida macroura,Mourning Dove,0.9621,D:\Bird_Anuran_ARUs\RE03\SMM2-19_20260322_054600.wav
1485.0,1488.0,Zenaida macroura,Mourning Dove,0.6921,D:\Bird_Anuran_ARUs\RE03\SMM2-19_20260322_054600.wav
1488.0,1491.0,Dryobates pubescens,Downy Woodpecker,0.5141,D:\Bird_Anuran_ARUs\RE03\SMM2-19_20260322_054600.wav
1491.0,1494.0,Pipilo erythrophthalmus,Eastern Towhee,0.2742,D:\Bird_Anuran_ARUs\RE03\SMM2-19_20260322_054600.wav
1494.0,1497.0,Molothrus ater,Brown-headed Cowbird,0.7558,D:\Bird_Anuran_ARUs\RE03\SMM2-19_20260322_054600.wav
1500.0,1503.0,Zenaida macroura,Mourning Dove,0.6921,D:\Bird_Anuran_ARUs\RE03\SMM2-19_20260322_054600.wav
1503.0,1506.0,Zenaida macroura,Mourning Dove,0.9042,D:\Bird_Anuran_ARUs\RE03\SMM2-19_20260322_054600.wav
1509.0,1512.0,Dryobates pubescens,Downy Woodpecker,0.3743,D:\Bird_Anuran_ARUs\RE03\SMM2-19_20260322_054600.wav
1515.0,1518.0,Dryobates pubescens,Downy Woodpecker,0.5863,D:\Bird_Anuran_ARUs\RE03\SMM2-19_20260322_054600.wav
1518.0,1521.0,Zenaida macroura,Mourning Dove,0.9218,D:\Bird_Anuran_ARUs\RE03\SMM2-19_20260322_054600.wav
1521.0,1524.0,Pipilo erythrophthalmus,Eastern Towhee,0.9278,D:\Bird_Anuran_ARUs\RE03\SMM2-19_20260322_054600.wav
1521.0,1524.0,Zenaida macroura,Mourning Dove,0.8173,D:\Bird_Anuran_ARUs\RE03\SMM2-19_20260322_054600.wav
1530.0,1533.0,Pipilo erythrophthalmus,Eastern Towhee,0.9931,D:\Bird_Anuran_ARUs\RE03\SMM2-19_20260322_054600.wav
1533.0,1536.0,Dryobates pubescens,Downy Woodpecker,0.6406,D:\Bird_Anuran_ARUs\RE03\SMM2-19_20260322_054600.wav
1536.0,1539.0,Pipilo erythrophthalmus,Eastern Towhee,0.9434,D:\Bird_Anuran_ARUs\RE03\SMM2-19_20260322_054600.wav
1536.0,1539.0,Zenaida macroura,Mourning Dove,0.2668,D:\Bird_Anuran_ARUs\RE03\SMM2-19_20260322_054600.wav
1539.0,1542.0,Zenaida macroura,Mourning Dove,0.9030,D:\Bird_Anuran_ARUs\RE03\SMM2-19_20260322_054600.wav
1542.0,1545.0,Zenaida macroura,Mourning Dove,0.2585,D:\Bird_Anuran_ARUs\RE03\SMM2-19_20260322_054600.wav
1545.0,1548.0,Pipilo erythrophthalmus,Eastern Towhee,0.9791,D:\Bird_Anuran_ARUs\RE03\SMM2-19_20260322_054600.wav
1554.0,1557.0,Pipilo erythrophthalmus,Eastern Towhee,0.8623,D:\Bird_Anuran_ARUs\RE03\SMM2-19_20260322_054600.wav
1554.0,1557.0,Zenaida macroura,Mourning Dove,0.7116,D:\Bird_Anuran_ARUs\RE03\SMM2-19_20260322_054600.wav
1557.0,1560.0,Zenaida macroura,Mourning Dove,0.8615,D:\Bird_Anuran_ARUs\RE03\SMM2-19_20260322_054600.wav
1557.0,1560.0,Dryocopus pileatus,Pileated Woodpecker,0.4517,D:\Bird_Anuran_ARUs\RE03\SMM2-19_20260322_054600.wav
1560.0,1563.0,Dryocopus pileatus,Pileated Woodpecker,0.5869,D:\Bird_Anuran_ARUs\RE03\SMM2-19_20260322_054600.wav
1566.0,1569.0,Zenaida macroura,Mourning Dove,0.9939,D:\Bird_Anuran_ARUs\RE03\SMM2-19_20260322_054600.wav
1569.0,1572.0,Zenaida macroura,Mourning Dove,0.9740,D:\Bird_Anuran_ARUs\RE03\SMM2-19_20260322_054600.wav
1572.0,1575.0,Pipilo erythrophthalmus,Eastern Towhee,0.3874,D:\Bird_Anuran_ARUs\RE03\SMM2-19_20260322_054600.wav
1581.0,1584.0,Pipilo erythrophthalmus,Eastern Towhee,0.9871,D:\Bird_Anuran_ARUs\RE03\SMM2-19_20260322_054600.wav
1584.0,1587.0,Zenaida macroura,Mourning Dove,0.9187,D:\Bird_Anuran_ARUs\RE03\SMM2-19_20260322_054600.wav
1587.0,1590.0,Zenaida macroura,Mourning Dove,0.5523,D:\Bird_Anuran_ARUs\RE03\SMM2-19_20260322_054600.wav
1593.0,1596.0,Pipilo erythrophthalmus,Eastern Towhee,0.3079,D:\Bird_Anuran_ARUs\RE03\SMM2-19_20260322_054600.wav
1596.0,1599.0,Pipilo erythrophthalmus,Eastern Towhee,0.9334,D:\Bird_Anuran_ARUs\RE03\SMM2-19_20260322_054600.wav
1599.0,1602.0,Zenaida macroura,Mourning Dove,0.9730,D:\Bird_Anuran_ARUs\RE03\SMM2-19_20260322_054600.wav
1602.0,1605.0,Zenaida macroura,Mourning Dove,0.9151,D:\Bird_Anuran_ARUs\RE03\SMM2-19_20260322_054600.wav
1611.0,1614.0,Zenaida macroura,Mourning Dove,0.9960,D:\Bird_Anuran_ARUs\RE03\SMM2-19_20260322_054600.wav
1614.0,1617.0,Zenaida macroura,Mourning Dove,0.9434,D:\Bird_Anuran_ARUs\RE03\SMM2-19_20260322_054600.wav
1617.0,1620.0,Pipilo erythrophthalmus,Eastern Towhee,0.3644,D:\Bird_Anuran_ARUs\RE03\SMM2-19_20260322_054600.wav
1626.0,1629.0,Pipilo erythrophthalmus,Eastern Towhee,0.9070,D:\Bird_Anuran_ARUs\RE03\SMM2-19_20260322_054600.wav
1626.0,1629.0,Zenaida macroura,Mourning Dove,0.6220,D:\Bird_Anuran_ARUs\RE03\SMM2-19_20260322_054600.wav
1629.0,1632.0,Zenaida macroura,Mourning Dove,0.8853,D:\Bird_Anuran_ARUs\RE03\SMM2-19_20260322_054600.wav
1635.0,1638.0,Pipilo erythrophthalmus,Eastern Towhee,0.9902,D:\Bird_Anuran_ARUs\RE03\SMM2-19_20260322_054600.wav
1641.0,1644.0,Zenaida macroura,Mourning Dove,0.8977,D:\Bird_Anuran_ARUs\RE03\SMM2-19_20260322_054600.wav
1644.0,1647.0,Pipilo erythrophthalmus,Eastern Towhee,0.9444,D:\Bird_Anuran_ARUs\RE03\SMM2-19_20260322_054600.wav
1653.0,1656.0,Pipilo erythrophthalmus,Eastern Towhee,0.9020,D:\Bird_Anuran_ARUs\RE03\SMM2-19_20260322_054600.wav
1659.0,1662.0,Pipilo erythrophthalmus,Eastern Towhee,0.9877,D:\Bird_Anuran_ARUs\RE03\SMM2-19_20260322_054600.wav
1662.0,1665.0,Zenaida macroura,Mourning Dove,0.9427,D:\Bird_Anuran_ARUs\RE03\SMM2-19_20260322_054600.wav
1665.0,1668.0,Zenaida macroura,Mourning Dove,0.9433,D:\Bird_Anuran_ARUs\RE03\SMM2-19_20260322_054600.wav
1671.0,1674.0,Pipilo erythrophthalmus,Eastern Towhee,0.9638,D:\Bird_Anuran_ARUs\RE03\SMM2-19_20260322_054600.wav
1674.0,1677.0,Zenaida macroura,Mourning Dove,0.8772,D:\Bird_Anuran_ARUs\RE03\SMM2-19_20260322_054600.wav
1677.0,1680.0,Pipilo erythrophthalmus,Eastern Towhee,0.8890,D:\Bird_Anuran_ARUs\RE03\SMM2-19_20260322_054600.wav
1677.0,1680.0,Zenaida macroura,Mourning Dove,0.5609,D:\Bird_Anuran_ARUs\RE03\SMM2-19_20260322_054600.wav
1680.0,1683.0,Zenaida macroura,Mourning Dove,0.4607,D:\Bird_Anuran_ARUs\RE03\SMM2-19_20260322_054600.wav
1683.0,1686.0,Pipilo erythrophthalmus,Eastern Towhee,0.9565,D:\Bird_Anuran_ARUs\RE03\SMM2-19_20260322_054600.wav
1689.0,1692.0,Pipilo erythrophthalmus,Eastern Towhee,0.9659,D:\Bird_Anuran_ARUs\RE03\SMM2-19_20260322_054600.wav
1692.0,1695.0,Zenaida macroura,Mourning Dove,0.9566,D:\Bird_Anuran_ARUs\RE03\SMM2-19_20260322_054600.wav
1701.0,1704.0,Pipilo erythrophthalmus,Eastern Towhee,0.9919,D:\Bird_Anuran_ARUs\RE03\SMM2-19_20260322_054600.wav
1704.0,1707.0,Zenaida macroura,Mourning Dove,0.9860,D:\Bird_Anuran_ARUs\RE03\SMM2-19_20260322_054600.wav
1707.0,1710.0,Zenaida macroura,Mourning Dove,0.9684,D:\Bird_Anuran_ARUs\RE03\SMM2-19_20260322_054600.wav
1713.0,1716.0,Pipilo erythrophthalmus,Eastern Towhee,0.9724,D:\Bird_Anuran_ARUs\RE03\SMM2-19_20260322_054600.wav
1716.0,1719.0,Zenaida macroura,Mourning Dove,0.3058,D:\Bird_Anuran_ARUs\RE03\SMM2-19_20260322_054600.wav
1719.0,1722.0,Zenaida macroura,Mourning Dove,0.8812,D:\Bird_Anuran_ARUs\RE03\SMM2-19_20260322_054600.wav
1725.0,1728.0,Pipilo erythrophthalmus,Eastern Towhee,0.9854,D:\Bird_Anuran_ARUs\RE03\SMM2-19_20260322_054600.wav
1728.0,1731.0,Pipilo erythrophthalmus,Eastern Towhee,0.3572,D:\Bird_Anuran_ARUs\RE03\SMM2-19_20260322_054600.wav
1731.0,1734.0,Pipilo erythrophthalmus,Eastern Towhee,0.6773,D:\Bird_Anuran_ARUs\RE03\SMM2-19_20260322_054600.wav
1734.0,1737.0,Pipilo erythrophthalmus,Eastern Towhee,0.9306,D:\Bird_Anuran_ARUs\RE03\SMM2-19_20260322_054600.wav
1737.0,1740.0,Pipilo erythrophthalmus,Eastern Towhee,0.9937,D:\Bird_Anuran_ARUs\RE03\SMM2-19_20260322_054600.wav
1740.0,1743.0,Pipilo erythrophthalmus,Eastern Towhee,0.9610,D:\Bird_Anuran_ARUs\RE03\SMM2-19_20260322_054600.wav
1746.0,1749.0,Pipilo erythrophthalmus,Eastern Towhee,0.9918,D:\Bird_Anuran_ARUs\RE03\SMM2-19_20260322_054600.wav
1749.0,1752.0,Pipilo erythrophthalmus,Eastern Towhee,0.9787,D:\Bird_Anuran_ARUs\RE03\SMM2-19_20260322_054600.wav
1749.0,1752.0,Zenaida macroura,Mourning Dove,0.7668,D:\Bird_Anuran_ARUs\RE03\SMM2-19_20260322_054600.wav
1752.0,1755.0,Zenaida macroura,Mourning Dove,0.8927,D:\Bird_Anuran_ARUs\RE03\SMM2-19_20260322_054600.wav
1755.0,1758.0,Pipilo erythrophthalmus,Eastern Towhee,0.9934,D:\Bird_Anuran_ARUs\RE03\SMM2-19_20260322_054600.wav
1758.0,1761.0,Pipilo erythrophthalmus,Eastern Towhee,0.9848,D:\Bird_Anuran_ARUs\RE03\SMM2-19_20260322_054600.wav
1764.0,1767.0,Pipilo erythrophthalmus,Eastern Towhee,0.9287,D:\Bird_Anuran_ARUs\RE03\SMM2-19_20260322_054600.wav
1767.0,1770.0,Pipilo erythrophthalmus,Eastern Towhee,0.9886,D:\Bird_Anuran_ARUs\RE03\SMM2-19_20260322_054600.wav
1770.0,1773.0,Pipilo erythrophthalmus,Eastern Towhee,0.9750,D:\Bird_Anuran_ARUs\RE03\SMM2-19_20260322_054600.wav
1773.0,1776.0,Pipilo erythrophthalmus,Eastern Towhee,0.9826,D:\Bird_Anuran_ARUs\RE03\SMM2-19_20260322_054600.wav
1776.0,1779.0,Zenaida macroura,Mourning Dove,0.9556,D:\Bird_Anuran_ARUs\RE03\SMM2-19_20260322_054600.wav
1779.0,1782.0,Pipilo erythrophthalmus,Eastern Towhee,0.9674,D:\Bird_Anuran_ARUs\RE03\SMM2-19_20260322_054600.wav
1779.0,1782.0,Zenaida macroura,Mourning Dove,0.3030,D:\Bird_Anuran_ARUs\RE03\SMM2-19_20260322_054600.wav
1782.0,1785.0,Pipilo erythrophthalmus,Eastern Towhee,0.9697,D:\Bird_Anuran_ARUs\RE03\SMM2-19_20260322_054600.wav
1788.0,1791.0,Pipilo erythrophthalmus,Eastern Towhee,0.9487,D:\Bird_Anuran_ARUs\RE03\SMM2-19_20260322_054600.wav
1788.0,1791.0,Zenaida macroura,Mourning Dove,0.3059,D:\Bird_Anuran_ARUs\RE03\SMM2-19_20260322_054600.wav
1791.0,1794.0,Zenaida macroura,Mourning Dove,0.9396,D:\Bird_Anuran_ARUs\RE03\SMM2-19_20260322_054600.wav
1794.0,1797.0,Pipilo erythrophthalmus,Eastern Towhee,0.9759,D:\Bird_Anuran_ARUs\RE03\SMM2-19_20260322_054600.wav
1800.0,1803.0,Pipilo erythrophthalmus,Eastern Towhee,0.9827,D:\Bird_Anuran_ARUs\RE03\SMM2-19_20260322_054600.wav
1803.0,1806.0,Pipilo erythrophthalmus,Eastern Towhee,0.8215,D:\Bird_Anuran_ARUs\RE03\SMM2-19_20260322_054600.wav
1806.0,1809.0,Zenaida macroura,Mourning Dove,0.9561,D:\Bird_Anuran_ARUs\RE03\SMM2-19_20260322_054600.wav
1809.0,1812.0,Pipilo erythrophthalmus,Eastern Towhee,0.3258,D:\Bird_Anuran_ARUs\RE03\SMM2-19_20260322_054600.wav
1812.0,1815.0,Pipilo erythrophthalmus,Eastern Towhee,0.9759,D:\Bird_Anuran_ARUs\RE03\SMM2-19_20260322_054600.wav
1818.0,1821.0,Pipilo erythrophthalmus,Eastern Towhee,0.8190,D:\Bird_Anuran_ARUs\RE03\SMM2-19_20260322_054600.wav
1821.0,1824.0,Pipilo erythrophthalmus,Eastern Towhee,0.9815,D:\Bird_Anuran_ARUs\RE03\SMM2-19_20260322_054600.wav
1824.0,1827.0,Zenaida macroura,Mourning Dove,0.9561,D:\Bird_Anuran_ARUs\RE03\SMM2-19_20260322_054600.wav
1827.0,1830.0,Pipilo erythrophthalmus,Eastern Towhee,0.9843,D:\Bird_Anuran_ARUs\RE03\SMM2-19_20260322_054600.wav
1830.0,1833.0,Pipilo erythrophthalmus,Eastern Towhee,0.5391,D:\Bird_Anuran_ARUs\RE03\SMM2-19_20260322_054600.wav
1833.0,1836.0,Pipilo erythrophthalmus,Eastern Towhee,0.9906,D:\Bird_Anuran_ARUs\RE03\SMM2-19_20260322_054600.wav
1839.0,1842.0,Zenaida macroura,Mourning Dove,0.5663,D:\Bird_Anuran_ARUs\RE03\SMM2-19_20260322_054600.wav
1839.0,1842.0,Pipilo erythrophthalmus,Eastern Towhee,0.5197,D:\Bird_Anuran_ARUs\RE03\SMM2-19_20260322_054600.wav
1842.0,1845.0,Zenaida macroura,Mourning Dove,0.9764,D:\Bird_Anuran_ARUs\RE03\SMM2-19_20260322_054600.wav
1845.0,1848.0,Pipilo erythrophthalmus,Eastern Towhee,0.9934,D:\Bird_Anuran_ARUs\RE03\SMM2-19_20260322_054600.wav
1851.0,1854.0,Pipilo erythrophthalmus,Eastern Towhee,0.9962,D:\Bird_Anuran_ARUs\RE03\SMM2-19_20260322_054600.wav
1854.0,1857.0,Zenaida macroura,Mourning Dove,0.9794,D:\Bird_Anuran_ARUs\RE03\SMM2-19_20260322_054600.wav
1857.0,1860.0,Zenaida macroura,Mourning Dove,0.8489,D:\Bird_Anuran_ARUs\RE03\SMM2-19_20260322_054600.wav
1860.0,1863.0,Pipilo erythrophthalmus,Eastern Towhee,0.5465,D:\Bird_Anuran_ARUs\RE03\SMM2-19_20260322_054600.wav
1860.0,1863.0,Corvus brachyrhynchos,American Crow,0.3889,D:\Bird_Anuran_ARUs\RE03\SMM2-19_20260322_054600.wav
1863.0,1866.0,Pipilo erythrophthalmus,Eastern Towhee,0.9675,D:\Bird_Anuran_ARUs\RE03\SMM2-19_20260322_054600.wav
1866.0,1869.0,Zenaida macroura,Mourning Dove,0.9940,D:\Bird_Anuran_ARUs\RE03\SMM2-19_20260322_054600.wav
1869.0,1872.0,Zenaida macroura,Mourning Dove,0.9887,D:\Bird_Anuran_ARUs\RE03\SMM2-19_20260322_054600.wav
1872.0,1875.0,Corvus brachyrhynchos,American Crow,0.4000,D:\Bird_Anuran_ARUs\RE03\SMM2-19_20260322_054600.wav
1875.0,1878.0,Pipilo erythrophthalmus,Eastern Towhee,0.9872,D:\Bird_Anuran_ARUs\RE03\SMM2-19_20260322_054600.wav
1878.0,1881.0,Corvus brachyrhynchos,American Crow,0.4603,D:\Bird_Anuran_ARUs\RE03\SMM2-19_20260322_054600.wav
1881.0,1884.0,Pipilo erythrophthalmus,Eastern Towhee,0.4162,D:\Bird_Anuran_ARUs\RE03\SMM2-19_20260322_054600.wav
1884.0,1887.0,Zenaida macroura,Mourning Dove,0.9837,D:\Bird_Anuran_ARUs\RE03\SMM2-19_20260322_054600.wav
1887.0,1890.0,Zenaida macroura,Mourning Dove,0.9854,D:\Bird_Anuran_ARUs\RE03\SMM2-19_20260322_054600.wav
1893.0,1896.0,Pipilo erythrophthalmus,Eastern Towhee,0.9681,D:\Bird_Anuran_ARUs\RE03\SMM2-19_20260322_054600.wav
1896.0,1899.0,Pipilo erythrophthalmus,Eastern Towhee,0.3739,D:\Bird_Anuran_ARUs\RE03\SMM2-19_20260322_054600.wav
1896.0,1899.0,Corvus brachyrhynchos,American Crow,0.2790,D:\Bird_Anuran_ARUs\RE03\SMM2-19_20260322_054600.wav
1899.0,1902.0,Pipilo erythrophthalmus,Eastern Towhee,0.9884,D:\Bird_Anuran_ARUs\RE03\SMM2-19_20260322_054600.wav
1902.0,1905.0,Pipilo erythrophthalmus,Eastern Towhee,0.2870,D:\Bird_Anuran_ARUs\RE03\SMM2-19_20260322_054600.wav
1908.0,1911.0,Pipilo erythrophthalmus,Eastern Towhee,0.2516,D:\Bird_Anuran_ARUs\RE03\SMM2-19_20260322_054600.wav
1911.0,1914.0,Pipilo erythrophthalmus,Eastern Towhee,0.9985,D:\Bird_Anuran_ARUs\RE03\SMM2-19_20260322_054600.wav
1911.0,1914.0,Corvus brachyrhynchos,American Crow,0.3488,D:\Bird_Anuran_ARUs\RE03\SMM2-19_20260322_054600.wav
1914.0,1917.0,Pipilo erythrophthalmus,Eastern Towhee,0.9755,D:\Bird_Anuran_ARUs\RE03\SMM2-19_20260322_054600.wav
1914.0,1917.0,Corvus brachyrhynchos,American Crow,0.3639,D:\Bird_Anuran_ARUs\RE03\SMM2-19_20260322_054600.wav
1917.0,1920.0,Pipilo erythrophthalmus,Eastern Towhee,0.9732,D:\Bird_Anuran_ARUs\RE03\SMM2-19_20260322_054600.wav
1917.0,1920.0,Corvus brachyrhynchos,American Crow,0.8983,D:\Bird_Anuran_ARUs\RE03\SMM2-19_20260322_054600.wav
1917.0,1920.0,Molothrus ater,Brown-headed Cowbird,0.5325,D:\Bird_Anuran_ARUs\RE03\SMM2-19_20260322_054600.wav
1920.0,1923.0,Pipilo erythrophthalmus,Eastern Towhee,0.6668,D:\Bird_Anuran_ARUs\RE03\SMM2-19_20260322_054600.wav
1923.0,1926.0,Pipilo erythrophthalmus,Eastern Towhee,0.7819,D:\Bird_Anuran_ARUs\RE03\SMM2-19_20260322_054600.wav
1926.0,1929.0,Corvus brachyrhynchos,American Crow,0.4807,D:\Bird_Anuran_ARUs\RE03\SMM2-19_20260322_054600.wav
1926.0,1929.0,Pipilo erythrophthalmus,Eastern Towhee,0.2652,D:\Bird_Anuran_ARUs\RE03\SMM2-19_20260322_054600.wav
1929.0,1932.0,Pipilo erythrophthalmus,Eastern Towhee,0.9091,D:\Bird_Anuran_ARUs\RE03\SMM2-19_20260322_054600.wav
1932.0,1935.0,Pipilo erythrophthalmus,Eastern Towhee,0.9198,D:\Bird_Anuran_ARUs\RE03\SMM2-19_20260322_054600.wav
1935.0,1938.0,Corvus brachyrhynchos,American Crow,0.8818,D:\Bird_Anuran_ARUs\RE03\SMM2-19_20260322_054600.wav
1935.0,1938.0,Pipilo erythrophthalmus,Eastern Towhee,0.8222,D:\Bird_Anuran_ARUs\RE03\SMM2-19_20260322_054600.wav
1938.0,1941.0,Molothrus ater,Brown-headed Cowbird,0.3677,D:\Bird_Anuran_ARUs\RE03\SMM2-19_20260322_054600.wav
1938.0,1941.0,Zenaida macroura,Mourning Dove,0.3132,D:\Bird_Anuran_ARUs\RE03\SMM2-19_20260322_054600.wav
1941.0,1944.0,Zenaida macroura,Mourning Dove,0.3656,D:\Bird_Anuran_ARUs\RE03\SMM2-19_20260322_054600.wav
1947.0,1950.0,Pipilo erythrophthalmus,Eastern Towhee,0.9843,D:\Bird_Anuran_ARUs\RE03\SMM2-19_20260322_054600.wav
1950.0,1953.0,Toxostoma rufum,Brown Thrasher,0.4119,D:\Bird_Anuran_ARUs\RE03\SMM2-19_20260322_054600.wav
1953.0,1956.0,Dryocopus pileatus,Pileated Woodpecker,0.5965,D:\Bird_Anuran_ARUs\RE03\SMM2-19_20260322_054600.wav
1956.0,1959.0,Pipilo erythrophthalmus,Eastern Towhee,0.9478,D:\Bird_Anuran_ARUs\RE03\SMM2-19_20260322_054600.wav
1971.0,1974.0,Pipilo erythrophthalmus,Eastern Towhee,0.9634,D:\Bird_Anuran_ARUs\RE03\SMM2-19_20260322_054600.wav
1974.0,1977.0,Pipilo erythrophthalmus,Eastern Towhee,0.2711,D:\Bird_Anuran_ARUs\RE03\SMM2-19_20260322_054600.wav
1977.0,1980.0,Pipilo erythrophthalmus,Eastern Towhee,0.9832,D:\Bird_Anuran_ARUs\RE03\SMM2-19_20260322_054600.wav
1980.0,1983.0,Pipilo erythrophthalmus,Eastern Towhee,0.3515,D:\Bird_Anuran_ARUs\RE03\SMM2-19_20260322_054600.wav
1980.0,1983.0,Baeolophus bicolor,Tufted Titmouse,0.2858,D:\Bird_Anuran_ARUs\RE03\SMM2-19_20260322_054600.wav
1983.0,1986.0,Pipilo erythrophthalmus,Eastern Towhee,0.6433,D:\Bird_Anuran_ARUs\RE03\SMM2-19_20260322_054600.wav
1983.0,1986.0,Baeolophus bicolor,Tufted Titmouse,0.3479,D:\Bird_Anuran_ARUs\RE03\SMM2-19_20260322_054600.wav
1986.0,1989.0,Pipilo erythrophthalmus,Eastern Towhee,0.8460,D:\Bird_Anuran_ARUs\RE03\SMM2-19_20260322_054600.wav
1986.0,1989.0,Zenaida macroura,Mourning Dove,0.3327,D:\Bird_Anuran_ARUs\RE03\SMM2-19_20260322_054600.wav
1989.0,1992.0,Pipilo erythrophthalmus,Eastern Towhee,0.9805,D:\Bird_Anuran_ARUs\RE03\SMM2-19_20260322_054600.wav
1992.0,1995.0,Baeolophus bicolor,Tufted Titmouse,0.4712,D:\Bird_Anuran_ARUs\RE03\SMM2-19_20260322_054600.wav
1995.0,1998.0,Pipilo erythrophthalmus,Eastern Towhee,0.9780,D:\Bird_Anuran_ARUs\RE03\SMM2-19_20260322_054600.wav
1998.0,2001.0,Pipilo erythrophthalmus,Eastern Towhee,0.6260,D:\Bird_Anuran_ARUs\RE03\SMM2-19_20260322_054600.wav
2001.0,2004.0,Pipilo erythrophthalmus,Eastern Towhee,0.5299,D:\Bird_Anuran_ARUs\RE03\SMM2-19_20260322_054600.wav
2004.0,2007.0,Molothrus ater,Brown-headed Cowbird,0.2982,D:\Bird_Anuran_ARUs\RE03\SMM2-19_20260322_054600.wav
2007.0,2010.0,Pipilo erythrophthalmus,Eastern Towhee,0.9354,D:\Bird_Anuran_ARUs\RE03\SMM2-19_20260322_054600.wav
2010.0,2013.0,Pipilo erythrophthalmus,Eastern Towhee,0.4356,D:\Bird_Anuran_ARUs\RE03\SMM2-19_20260322_054600.wav
2016.0,2019.0,Pipilo erythrophthalmus,Eastern Towhee,0.9403,D:\Bird_Anuran_ARUs\RE03\SMM2-19_20260322_054600.wav
2019.0,2022.0,Pipilo erythrophthalmus,Eastern Towhee,0.4171,D:\Bird_Anuran_ARUs\RE03\SMM2-19_20260322_054600.wav
2022.0,2025.0,Pipilo erythrophthalmus,Eastern Towhee,0.9336,D:\Bird_Anuran_ARUs\RE03\SMM2-19_20260322_054600.wav
2025.0,2028.0,Pipilo erythrophthalmus,Eastern Towhee,0.9907,D:\Bird_Anuran_ARUs\RE03\SMM2-19_20260322_054600.wav
2028.0,2031.0,Pipilo erythrophthalmus,Eastern Towhee,0.2890,D:\Bird_Anuran_ARUs\RE03\SMM2-19_20260322_054600.wav
2031.0,2034.0,Pipilo erythrophthalmus,Eastern Towhee,0.9907,D:\Bird_Anuran_ARUs\RE03\SMM2-19_20260322_054600.wav
2034.0,2037.0,Pipilo erythrophthalmus,Eastern Towhee,0.3896,D:\Bird_Anuran_ARUs\RE03\SMM2-19_20260322_054600.wav
2040.0,2043.0,Pipilo erythrophthalmus,Eastern Towhee,0.9630,D:\Bird_Anuran_ARUs\RE03\SMM2-19_20260322_054600.wav
2046.0,2049.0,Pipilo erythrophthalmus,Eastern Towhee,0.7503,D:\Bird_Anuran_ARUs\RE03\SMM2-19_20260322_054600.wav
2055.0,2058.0,Pipilo erythrophthalmus,Eastern Towhee,0.9553,D:\Bird_Anuran_ARUs\RE03\SMM2-19_20260322_054600.wav
2061.0,2064.0,Pipilo erythrophthalmus,Eastern Towhee,0.4583,D:\Bird_Anuran_ARUs\RE03\SMM2-19_20260322_054600.wav
2067.0,2070.0,Molothrus ater,Brown-headed Cowbird,0.3820,D:\Bird_Anuran_ARUs\RE03\SMM2-19_20260322_054600.wav
2067.0,2070.0,Pipilo erythrophthalmus,Eastern Towhee,0.2704,D:\Bird_Anuran_ARUs\RE03\SMM2-19_20260322_054600.wav
2076.0,2079.0,Pipilo erythrophthalmus,Eastern Towhee,0.6413,D:\Bird_Anuran_ARUs\RE03\SMM2-19_20260322_054600.wav
2076.0,2079.0,Baeolophus bicolor,Tufted Titmouse,0.3259,D:\Bird_Anuran_ARUs\RE03\SMM2-19_20260322_054600.wav
2079.0,2082.0,Baeolophus bicolor,Tufted Titmouse,0.9644,D:\Bird_Anuran_ARUs\RE03\SMM2-19_20260322_054600.wav
2079.0,2082.0,Pipilo erythrophthalmus,Eastern Towhee,0.8649,D:\Bird_Anuran_ARUs\RE03\SMM2-19_20260322_054600.wav
2082.0,2085.0,Pipilo erythrophthalmus,Eastern Towhee,0.9078,D:\Bird_Anuran_ARUs\RE03\SMM2-19_20260322_054600.wav
2085.0,2088.0,Pipilo erythrophthalmus,Eastern Towhee,0.4282,D:\Bird_Anuran_ARUs\RE03\SMM2-19_20260322_054600.wav
2088.0,2091.0,Molothrus ater,Brown-headed Cowbird,0.3619,D:\Bird_Anuran_ARUs\RE03\SMM2-19_20260322_054600.wav
2088.0,2091.0,Zenaida macroura,Mourning Dove,0.3508,D:\Bird_Anuran_ARUs\RE03\SMM2-19_20260322_054600.wav
2091.0,2094.0,Pipilo erythrophthalmus,Eastern Towhee,0.7843,D:\Bird_Anuran_ARUs\RE03\SMM2-19_20260322_054600.wav
2094.0,2097.0,Pipilo erythrophthalmus,Eastern Towhee,0.9389,D:\Bird_Anuran_ARUs\RE03\SMM2-19_20260322_054600.wav
2097.0,2100.0,Pipilo erythrophthalmus,Eastern Towhee,0.3466,D:\Bird_Anuran_ARUs\RE03\SMM2-19_20260322_054600.wav
2097.0,2100.0,Molothrus ater,Brown-headed Cowbird,0.2972,D:\Bird_Anuran_ARUs\RE03\SMM2-19_20260322_054600.wav
2097.0,2100.0,Corvus brachyrhynchos,American Crow,0.2606,D:\Bird_Anuran_ARUs\RE03\SMM2-19_20260322_054600.wav
2103.0,2106.0,Pipilo erythrophthalmus,Eastern Towhee,0.6711,D:\Bird_Anuran_ARUs\RE03\SMM2-19_20260322_054600.wav
2103.0,2106.0,Zenaida macroura,Mourning Dove,0.4360,D:\Bird_Anuran_ARUs\RE03\SMM2-19_20260322_054600.wav
2106.0,2109.0,Zenaida macroura,Mourning Dove,0.3975,D:\Bird_Anuran_ARUs\RE03\SMM2-19_20260322_054600.wav
2109.0,2112.0,Pipilo erythrophthalmus,Eastern Towhee,0.9546,D:\Bird_Anuran_ARUs\RE03\SMM2-19_20260322_054600.wav
2112.0,2115.0,Pipilo erythrophthalmus,Eastern Towhee,0.4811,D:\Bird_Anuran_ARUs\RE03\SMM2-19_20260322_054600.wav
2118.0,2121.0,Zenaida macroura,Mourning Dove,0.7692,D:\Bird_Anuran_ARUs\RE03\SMM2-19_20260322_054600.wav
2124.0,2127.0,Corvus brachyrhynchos,American Crow,0.3651,D:\Bird_Anuran_ARUs\RE03\SMM2-19_20260322_054600.wav
2127.0,2130.0,Corvus brachyrhynchos,American Crow,0.9534,D:\Bird_Anuran_ARUs\RE03\SMM2-19_20260322_054600.wav
2127.0,2130.0,Pipilo erythrophthalmus,Eastern Towhee,0.7460,D:\Bird_Anuran_ARUs\RE03\SMM2-19_20260322_054600.wav
2127.0,2130.0,Piranga olivacea,Scarlet Tanager,0.4737,D:\Bird_Anuran_ARUs\RE03\SMM2-19_20260322_054600.wav
2130.0,2133.0,Pipilo erythrophthalmus,Eastern Towhee,0.4312,D:\Bird_Anuran_ARUs\RE03\SMM2-19_20260322_054600.wav
2133.0,2136.0,Corvus brachyrhynchos,American Crow,0.2545,D:\Bird_Anuran_ARUs\RE03\SMM2-19_20260322_054600.wav
2142.0,2145.0,Corvus brachyrhynchos,American Crow,0.9753,D:\Bird_Anuran_ARUs\RE03\SMM2-19_20260322_054600.wav
2142.0,2145.0,Pipilo erythrophthalmus,Eastern Towhee,0.3976,D:\Bird_Anuran_ARUs\RE03\SMM2-19_20260322_054600.wav
2148.0,2151.0,Pipilo erythrophthalmus,Eastern Towhee,0.3262,D:\Bird_Anuran_ARUs\RE03\SMM2-19_20260322_054600.wav
2151.0,2154.0,Pipilo erythrophthalmus,Eastern Towhee,0.6690,D:\Bird_Anuran_ARUs\RE03\SMM2-19_20260322_054600.wav
2151.0,2154.0,Corvus brachyrhynchos,American Crow,0.5247,D:\Bird_Anuran_ARUs\RE03\SMM2-19_20260322_054600.wav
2154.0,2157.0,Dryocopus pileatus,Pileated Woodpecker,0.9358,D:\Bird_Anuran_ARUs\RE03\SMM2-19_20260322_054600.wav
2154.0,2157.0,Colaptes auratus,Northern Flicker,0.2931,D:\Bird_Anuran_ARUs\RE03\SMM2-19_20260322_054600.wav
2157.0,2160.0,Pipilo erythrophthalmus,Eastern Towhee,0.9025,D:\Bird_Anuran_ARUs\RE03\SMM2-19_20260322_054600.wav
2157.0,2160.0,Cardinalis cardinalis,Northern Cardinal,0.5515,D:\Bird_Anuran_ARUs\RE03\SMM2-19_20260322_054600.wav
2157.0,2160.0,Corvus brachyrhynchos,American Crow,0.2579,D:\Bird_Anuran_ARUs\RE03\SMM2-19_20260322_054600.wav
2160.0,2163.0,Corvus brachyrhynchos,American Crow,0.4681,D:\Bird_Anuran_ARUs\RE03\SMM2-19_20260322_054600.wav
2163.0,2166.0,Geothlypis trichas,Common Yellowthroat,0.5463,D:\Bird_Anuran_ARUs\RE03\SMM2-19_20260322_054600.wav
2166.0,2169.0,Pipilo erythrophthalmus,Eastern Towhee,0.2799,D:\Bird_Anuran_ARUs\RE03\SMM2-19_20260322_054600.wav
2172.0,2175.0,Spizella pusilla,Field Sparrow,0.3550,D:\Bird_Anuran_ARUs\RE03\SMM2-19_20260322_054600.wav
2175.0,2178.0,Geothlypis trichas,Common Yellowthroat,0.3488,D:\Bird_Anuran_ARUs\RE03\SMM2-19_20260322_054600.wav
2178.0,2181.0,Pipilo erythrophthalmus,Eastern Towhee,0.8763,D:\Bird_Anuran_ARUs\RE03\SMM2-19_20260322_054600.wav
2178.0,2181.0,Geothlypis trichas,Common Yellowthroat,0.8649,D:\Bird_Anuran_ARUs\RE03\SMM2-19_20260322_054600.wav
2178.0,2181.0,Cardinalis cardinalis,Northern Cardinal,0.2972,D:\Bird_Anuran_ARUs\RE03\SMM2-19_20260322_054600.wav
2184.0,2187.0,Pipilo erythrophthalmus,Eastern Towhee,0.7201,D:\Bird_Anuran_ARUs\RE03\SMM2-19_20260322_054600.wav
2184.0,2187.0,Geothlypis trichas,Common Yellowthroat,0.6019,D:\Bird_Anuran_ARUs\RE03\SMM2-19_20260322_054600.wav
2184.0,2187.0,Corvus brachyrhynchos,American Crow,0.3029,D:\Bird_Anuran_ARUs\RE03\SMM2-19_20260322_054600.wav
2187.0,2190.0,Geothlypis trichas,Common Yellowthroat,0.2952,D:\Bird_Anuran_ARUs\RE03\SMM2-19_20260322_054600.wav
2190.0,2193.0,Pipilo erythrophthalmus,Eastern Towhee,0.6429,D:\Bird_Anuran_ARUs\RE03\SMM2-19_20260322_054600.wav
2190.0,2193.0,Molothrus ater,Brown-headed Cowbird,0.5693,D:\Bird_Anuran_ARUs\RE03\SMM2-19_20260322_054600.wav
2199.0,2202.0,Dryocopus pileatus,Pileated Woodpecker,0.5608,D:\Bird_Anuran_ARUs\RE03\SMM2-19_20260322_054600.wav
2199.0,2202.0,Pipilo erythrophthalmus,Eastern Towhee,0.4035,D:\Bird_Anuran_ARUs\RE03\SMM2-19_20260322_054600.wav
2199.0,2202.0,Corvus brachyrhynchos,American Crow,0.3183,D:\Bird_Anuran_ARUs\RE03\SMM2-19_20260322_054600.wav
2205.0,2208.0,Pipilo erythrophthalmus,Eastern Towhee,0.9225,D:\Bird_Anuran_ARUs\RE03\SMM2-19_20260322_054600.wav
2205.0,2208.0,Cardinalis cardinalis,Northern Cardinal,0.3788,D:\Bird_Anuran_ARUs\RE03\SMM2-19_20260322_054600.wav
2211.0,2214.0,Zenaida macroura,Mourning Dove,0.9106,D:\Bird_Anuran_ARUs\RE03\SMM2-19_20260322_054600.wav
2214.0,2217.0,Zenaida macroura,Mourning Dove,0.7410,D:\Bird_Anuran_ARUs\RE03\SMM2-19_20260322_054600.wav
2223.0,2226.0,Zenaida macroura,Mourning Dove,0.9255,D:\Bird_Anuran_ARUs\RE03\SMM2-19_20260322_054600.wav
2226.0,2229.0,Zenaida macroura,Mourning Dove,0.5397,D:\Bird_Anuran_ARUs\RE03\SMM2-19_20260322_054600.wav
2229.0,2232.0,Pipilo erythrophthalmus,Eastern Towhee,0.4583,D:\Bird_Anuran_ARUs\RE03\SMM2-19_20260322_054600.wav
2229.0,2232.0,Geothlypis trichas,Common Yellowthroat,0.3497,D:\Bird_Anuran_ARUs\RE03\SMM2-19_20260322_054600.wav
2232.0,2235.0,Dryocopus pileatus,Pileated Woodpecker,0.6612,D:\Bird_Anuran_ARUs\RE03\SMM2-19_20260322_054600.wav
2235.0,2238.0,Zenaida macroura,Mourning Dove,0.7863,D:\Bird_Anuran_ARUs\RE03\SMM2-19_20260322_054600.wav
2238.0,2241.0,Pipilo erythrophthalmus,Eastern Towhee,0.6013,D:\Bird_Anuran_ARUs\RE03\SMM2-19_20260322_054600.wav
2238.0,2241.0,Zenaida macroura,Mourning Dove,0.4839,D:\Bird_Anuran_ARUs\RE03\SMM2-19_20260322_054600.wav
2244.0,2247.0,Molothrus ater,Brown-headed Cowbird,0.4668,D:\Bird_Anuran_ARUs\RE03\SMM2-19_20260322_054600.wav
2244.0,2247.0,Corvus brachyrhynchos,American Crow,0.3342,D:\Bird_Anuran_ARUs\RE03\SMM2-19_20260322_054600.wav
2247.0,2250.0,Zenaida macroura,Mourning Dove,0.9696,D:\Bird_Anuran_ARUs\RE03\SMM2-19_20260322_054600.wav
2250.0,2253.0,Zenaida macroura,Mourning Dove,0.8075,D:\Bird_Anuran_ARUs\RE03\SMM2-19_20260322_054600.wav
2253.0,2256.0,Pipilo erythrophthalmus,Eastern Towhee,0.9288,D:\Bird_Anuran_ARUs\RE03\SMM2-19_20260322_054600.wav
2253.0,2256.0,Corvus brachyrhynchos,American Crow,0.8241,D:\Bird_Anuran_ARUs\RE03\SMM2-19_20260322_054600.wav
2256.0,2259.0,Pipilo erythrophthalmus,Eastern Towhee,0.9876,D:\Bird_Anuran_ARUs\RE03\SMM2-19_20260322_054600.wav
2259.0,2262.0,Zenaida macroura,Mourning Dove,0.8821,D:\Bird_Anuran_ARUs\RE03\SMM2-19_20260322_054600.wav
2259.0,2262.0,Pipilo erythrophthalmus,Eastern Towhee,0.3032,D:\Bird_Anuran_ARUs\RE03\SMM2-19_20260322_054600.wav
2262.0,2265.0,Zenaida macroura,Mourning Dove,0.2659,D:\Bird_Anuran_ARUs\RE03\SMM2-19_20260322_054600.wav
2265.0,2268.0,Pipilo erythrophthalmus,Eastern Towhee,0.9164,D:\Bird_Anuran_ARUs\RE03\SMM2-19_20260322_054600.wav
2268.0,2271.0,Pipilo erythrophthalmus,Eastern Towhee,0.9563,D:\Bird_Anuran_ARUs\RE03\SMM2-19_20260322_054600.wav
2271.0,2274.0,Zenaida macroura,Mourning Dove,0.7893,D:\Bird_Anuran_ARUs\RE03\SMM2-19_20260322_054600.wav
2271.0,2274.0,Pipilo erythrophthalmus,Eastern Towhee,0.6727,D:\Bird_Anuran_ARUs\RE03\SMM2-19_20260322_054600.wav
2274.0,2277.0,Zenaida macroura,Mourning Dove,0.5969,D:\Bird_Anuran_ARUs\RE03\SMM2-19_20260322_054600.wav
2277.0,2280.0,Pipilo erythrophthalmus,Eastern Towhee,0.9850,D:\Bird_Anuran_ARUs\RE03\SMM2-19_20260322_054600.wav
2277.0,2280.0,Corvus brachyrhynchos,American Crow,0.6466,D:\Bird_Anuran_ARUs\RE03\SMM2-19_20260322_054600.wav
2280.0,2283.0,Pipilo erythrophthalmus,Eastern Towhee,0.9995,D:\Bird_Anuran_ARUs\RE03\SMM2-19_20260322_054600.wav
2283.0,2286.0,Zenaida macroura,Mourning Dove,0.5748,D:\Bird_Anuran_ARUs\RE03\SMM2-19_20260322_054600.wav
2298.0,2301.0,Zenaida macroura,Mourning Dove,0.7922,D:\Bird_Anuran_ARUs\RE03\SMM2-19_20260322_054600.wav
2301.0,2304.0,Pipilo erythrophthalmus,Eastern Towhee,0.8653,D:\Bird_Anuran_ARUs\RE03\SMM2-19_20260322_054600.wav
2310.0,2313.0,Zenaida macroura,Mourning Dove,0.5438,D:\Bird_Anuran_ARUs\RE03\SMM2-19_20260322_054600.wav
2313.0,2316.0,Zenaida macroura,Mourning Dove,0.6180,D:\Bird_Anuran_ARUs\RE03\SMM2-19_20260322_054600.wav
2313.0,2316.0,Molothrus ater,Brown-headed Cowbird,0.4488,D:\Bird_Anuran_ARUs\RE03\SMM2-19_20260322_054600.wav
2316.0,2319.0,Geothlypis trichas,Common Yellowthroat,0.5559,D:\Bird_Anuran_ARUs\RE03\SMM2-19_20260322_054600.wav
2319.0,2322.0,Pipilo erythrophthalmus,Eastern Towhee,0.9966,D:\Bird_Anuran_ARUs\RE03\SMM2-19_20260322_054600.wav
2319.0,2322.0,Corvus brachyrhynchos,American Crow,0.4582,D:\Bird_Anuran_ARUs\RE03\SMM2-19_20260322_054600.wav
2322.0,2325.0,Pipilo erythrophthalmus,Eastern Towhee,0.9936,D:\Bird_Anuran_ARUs\RE03\SMM2-19_20260322_054600.wav
2322.0,2325.0,Corvus brachyrhynchos,American Crow,0.4156,D:\Bird_Anuran_ARUs\RE03\SMM2-19_20260322_054600.wav
2325.0,2328.0,Pipilo erythrophthalmus,Eastern Towhee,0.9285,D:\Bird_Anuran_ARUs\RE03\SMM2-19_20260322_054600.wav
2325.0,2328.0,Zenaida macroura,Mourning Dove,0.8649,D:\Bird_Anuran_ARUs\RE03\SMM2-19_20260322_054600.wav
2328.0,2331.0,Pipilo erythrophthalmus,Eastern Towhee,0.6023,D:\Bird_Anuran_ARUs\RE03\SMM2-19_20260322_054600.wav
2328.0,2331.0,Zenaida macroura,Mourning Dove,0.5332,D:\Bird_Anuran_ARUs\RE03\SMM2-19_20260322_054600.wav
2331.0,2334.0,Pipilo erythrophthalmus,Eastern Towhee,0.5647,D:\Bird_Anuran_ARUs\RE03\SMM2-19_20260322_054600.wav
2331.0,2334.0,Molothrus ater,Brown-headed Cowbird,0.5196,D:\Bird_Anuran_ARUs\RE03\SMM2-19_20260322_054600.wav
2334.0,2337.0,Pipilo erythrophthalmus,Eastern Towhee,0.9396,D:\Bird_Anuran_ARUs\RE03\SMM2-19_20260322_054600.wav
2334.0,2337.0,Corvus brachyrhynchos,American Crow,0.7278,D:\Bird_Anuran_ARUs\RE03\SMM2-19_20260322_054600.wav
2337.0,2340.0,Pipilo erythrophthalmus,Eastern Towhee,0.9956,D:\Bird_Anuran_ARUs\RE03\SMM2-19_20260322_054600.wav
2340.0,2343.0,Pipilo erythrophthalmus,Eastern Towhee,0.9519,D:\Bird_Anuran_ARUs\RE03\SMM2-19_20260322_054600.wav
2343.0,2346.0,Molothrus ater,Brown-headed Cowbird,0.4658,D:\Bird_Anuran_ARUs\RE03\SMM2-19_20260322_054600.wav
2343.0,2346.0,Pipilo erythrophthalmus,Eastern Towhee,0.2561,D:\Bird_Anuran_ARUs\RE03\SMM2-19_20260322_054600.wav
2346.0,2349.0,Pipilo erythrophthalmus,Eastern Towhee,0.9954,D:\Bird_Anuran_ARUs\RE03\SMM2-19_20260322_054600.wav
2349.0,2352.0,Molothrus ater,Brown-headed Cowbird,0.7929,D:\Bird_Anuran_ARUs\RE03\SMM2-19_20260322_054600.wav
2349.0,2352.0,Pipilo erythrophthalmus,Eastern Towhee,0.7003,D:\Bird_Anuran_ARUs\RE03\SMM2-19_20260322_054600.wav
2352.0,2355.0,Pipilo erythrophthalmus,Eastern Towhee,0.9974,D:\Bird_Anuran_ARUs\RE03\SMM2-19_20260322_054600.wav
2352.0,2355.0,Molothrus ater,Brown-headed Cowbird,0.9303,D:\Bird_Anuran_ARUs\RE03\SMM2-19_20260322_054600.wav
2352.0,2355.0,Corvus brachyrhynchos,American Crow,0.3172,D:\Bird_Anuran_ARUs\RE03\SMM2-19_20260322_054600.wav
2355.0,2358.0,Pipilo erythrophthalmus,Eastern Towhee,0.9762,D:\Bird_Anuran_ARUs\RE03\SMM2-19_20260322_054600.wav
2355.0,2358.0,Geothlypis trichas,Common Yellowthroat,0.2982,D:\Bird_Anuran_ARUs\RE03\SMM2-19_20260322_054600.wav
2358.0,2361.0,Pipilo erythrophthalmus,Eastern Towhee,0.8971,D:\Bird_Anuran_ARUs\RE03\SMM2-19_20260322_054600.wav
2364.0,2367.0,Molothrus ater,Brown-headed Cowbird,0.9187,D:\Bird_Anuran_ARUs\RE03\SMM2-19_20260322_054600.wav
2367.0,2370.0,Zenaida macroura,Mourning Dove,0.8549,D:\Bird_Anuran_ARUs\RE03\SMM2-19_20260322_054600.wav
2367.0,2370.0,Pipilo erythrophthalmus,Eastern Towhee,0.7118,D:\Bird_Anuran_ARUs\RE03\SMM2-19_20260322_054600.wav
2367.0,2370.0,Corvus brachyrhynchos,American Crow,0.5526,D:\Bird_Anuran_ARUs\RE03\SMM2-19_20260322_054600.wav
2367.0,2370.0,Piranga olivacea,Scarlet Tanager,0.2927,D:\Bird_Anuran_ARUs\RE03\SMM2-19_20260322_054600.wav
2370.0,2373.0,Zenaida macroura,Mourning Dove,0.9031,D:\Bird_Anuran_ARUs\RE03\SMM2-19_20260322_054600.wav
2370.0,2373.0,Pipilo erythrophthalmus,Eastern Towhee,0.5129,D:\Bird_Anuran_ARUs\RE03\SMM2-19_20260322_054600.wav
2373.0,2376.0,Pipilo erythrophthalmus,Eastern Towhee,0.9465,D:\Bird_Anuran_ARUs\RE03\SMM2-19_20260322_054600.wav
2376.0,2379.0,Molothrus ater,Brown-headed Cowbird,0.5797,D:\Bird_Anuran_ARUs\RE03\SMM2-19_20260322_054600.wav
2382.0,2385.0,Molothrus ater,Brown-headed Cowbird,0.6457,D:\Bird_Anuran_ARUs\RE03\SMM2-19_20260322_054600.wav
2382.0,2385.0,Corvus brachyrhynchos,American Crow,0.3066,D:\Bird_Anuran_ARUs\RE03\SMM2-19_20260322_054600.wav
2385.0,2388.0,Zenaida macroura,Mourning Dove,0.6737,D:\Bird_Anuran_ARUs\RE03\SMM2-19_20260322_054600.wav
2388.0,2391.0,Corvus brachyrhynchos,American Crow,0.8454,D:\Bird_Anuran_ARUs\RE03\SMM2-19_20260322_054600.wav
2388.0,2391.0,Molothrus ater,Brown-headed Cowbird,0.4439,D:\Bird_Anuran_ARUs\RE03\SMM2-19_20260322_054600.wav
2391.0,2394.0,Pipilo erythrophthalmus,Eastern Towhee,0.8448,D:\Bird_Anuran_ARUs\RE03\SMM2-19_20260322_054600.wav
2391.0,2394.0,Corvus brachyrhynchos,American Crow,0.3751,D:\Bird_Anuran_ARUs\RE03\SMM2-19_20260322_054600.wav
2394.0,2397.0,Pipilo erythrophthalmus,Eastern Towhee,0.9940,D:\Bird_Anuran_ARUs\RE03\SMM2-19_20260322_054600.wav
2394.0,2397.0,Corvus brachyrhynchos,American Crow,0.7060,D:\Bird_Anuran_ARUs\RE03\SMM2-19_20260322_054600.wav
2397.0,2400.0,Pipilo erythrophthalmus,Eastern Towhee,0.9219,D:\Bird_Anuran_ARUs\RE03\SMM2-19_20260322_054600.wav
2400.0,2403.0,Zenaida macroura,Mourning Dove,0.9729,D:\Bird_Anuran_ARUs\RE03\SMM2-19_20260322_054600.wav
2403.0,2406.0,Zenaida macroura,Mourning Dove,0.9423,D:\Bird_Anuran_ARUs\RE03\SMM2-19_20260322_054600.wav
2403.0,2406.0,Corvus brachyrhynchos,American Crow,0.2842,D:\Bird_Anuran_ARUs\RE03\SMM2-19_20260322_054600.wav
2406.0,2409.0,Pipilo erythrophthalmus,Eastern Towhee,0.9717,D:\Bird_Anuran_ARUs\RE03\SMM2-19_20260322_054600.wav
2409.0,2412.0,Pipilo erythrophthalmus,Eastern Towhee,0.9978,D:\Bird_Anuran_ARUs\RE03\SMM2-19_20260322_054600.wav
2412.0,2415.0,Pipilo erythrophthalmus,Eastern Towhee,0.5265,D:\Bird_Anuran_ARUs\RE03\SMM2-19_20260322_054600.wav
2415.0,2418.0,Zenaida macroura,Mourning Dove,0.9265,D:\Bird_Anuran_ARUs\RE03\SMM2-19_20260322_054600.wav
2415.0,2418.0,Pipilo erythrophthalmus,Eastern Towhee,0.3377,D:\Bird_Anuran_ARUs\RE03\SMM2-19_20260322_054600.wav
2418.0,2421.0,Zenaida macroura,Mourning Dove,0.9790,D:\Bird_Anuran_ARUs\RE03\SMM2-19_20260322_054600.wav
2421.0,2424.0,Pipilo erythrophthalmus,Eastern Towhee,0.9108,D:\Bird_Anuran_ARUs\RE03\SMM2-19_20260322_054600.wav
2421.0,2424.0,Geothlypis trichas,Common Yellowthroat,0.3627,D:\Bird_Anuran_ARUs\RE03\SMM2-19_20260322_054600.wav
2424.0,2427.0,Corvus brachyrhynchos,American Crow,0.5645,D:\Bird_Anuran_ARUs\RE03\SMM2-19_20260322_054600.wav
2424.0,2427.0,Pipilo erythrophthalmus,Eastern Towhee,0.4905,D:\Bird_Anuran_ARUs\RE03\SMM2-19_20260322_054600.wav
2427.0,2430.0,Zenaida macroura,Mourning Dove,0.9648,D:\Bird_Anuran_ARUs\RE03\SMM2-19_20260322_054600.wav
2430.0,2433.0,Zenaida macroura,Mourning Dove,0.9413,D:\Bird_Anuran_ARUs\RE03\SMM2-19_20260322_054600.wav
2433.0,2436.0,Pipilo erythrophthalmus,Eastern Towhee,0.9475,D:\Bird_Anuran_ARUs\RE03\SMM2-19_20260322_054600.wav
2436.0,2439.0,Pipilo erythrophthalmus,Eastern Towhee,0.9951,D:\Bird_Anuran_ARUs\RE03\SMM2-19_20260322_054600.wav
2439.0,2442.0,Pipilo erythrophthalmus,Eastern Towhee,0.8620,D:\Bird_Anuran_ARUs\RE03\SMM2-19_20260322_054600.wav
2439.0,2442.0,Corvus brachyrhynchos,American Crow,0.5402,D:\Bird_Anuran_ARUs\RE03\SMM2-19_20260322_054600.wav
2442.0,2445.0,Pipilo erythrophthalmus,Eastern Towhee,0.9928,D:\Bird_Anuran_ARUs\RE03\SMM2-19_20260322_054600.wav
2442.0,2445.0,Corvus brachyrhynchos,American Crow,0.8887,D:\Bird_Anuran_ARUs\RE03\SMM2-19_20260322_054600.wav
2445.0,2448.0,Molothrus ater,Brown-headed Cowbird,0.3580,D:\Bird_Anuran_ARUs\RE03\SMM2-19_20260322_054600.wav
2445.0,2448.0,Baeolophus bicolor,Tufted Titmouse,0.2962,D:\Bird_Anuran_ARUs\RE03\SMM2-19_20260322_054600.wav
2448.0,2451.0,Pipilo erythrophthalmus,Eastern Towhee,0.8670,D:\Bird_Anuran_ARUs\RE03\SMM2-19_20260322_054600.wav
2451.0,2454.0,Corvus brachyrhynchos,American Crow,0.8384,D:\Bird_Anuran_ARUs\RE03\SMM2-19_20260322_054600.wav
2451.0,2454.0,Pipilo erythrophthalmus,Eastern Towhee,0.2767,D:\Bird_Anuran_ARUs\RE03\SMM2-19_20260322_054600.wav
2454.0,2457.0,Corvus brachyrhynchos,American Crow,0.8564,D:\Bird_Anuran_ARUs\RE03\SMM2-19_20260322_054600.wav
2454.0,2457.0,Pipilo erythrophthalmus,Eastern Towhee,0.7256,D:\Bird_Anuran_ARUs\RE03\SMM2-19_20260322_054600.wav
2457.0,2460.0,Molothrus ater,Brown-headed Cowbird,0.6256,D:\Bird_Anuran_ARUs\RE03\SMM2-19_20260322_054600.wav
2460.0,2463.0,Pipilo erythrophthalmus,Eastern Towhee,0.7954,D:\Bird_Anuran_ARUs\RE03\SMM2-19_20260322_054600.wav
2460.0,2463.0,Corvus brachyrhynchos,American Crow,0.6360,D:\Bird_Anuran_ARUs\RE03\SMM2-19_20260322_054600.wav
2463.0,2466.0,Poecile carolinensis,Carolina Chickadee,0.3533,D:\Bird_Anuran_ARUs\RE03\SMM2-19_20260322_054600.wav
2466.0,2469.0,Corvus brachyrhynchos,American Crow,0.9837,D:\Bird_Anuran_ARUs\RE03\SMM2-19_20260322_054600.wav
2466.0,2469.0,Pipilo erythrophthalmus,Eastern Towhee,0.9798,D:\Bird_Anuran_ARUs\RE03\SMM2-19_20260322_054600.wav
2469.0,2472.0,Corvus brachyrhynchos,American Crow,0.8305,D:\Bird_Anuran_ARUs\RE03\SMM2-19_20260322_054600.wav
2469.0,2472.0,Pipilo erythrophthalmus,Eastern Towhee,0.5725,D:\Bird_Anuran_ARUs\RE03\SMM2-19_20260322_054600.wav
2469.0,2472.0,Cardinalis cardinalis,Northern Cardinal,0.2998,D:\Bird_Anuran_ARUs\RE03\SMM2-19_20260322_054600.wav
2472.0,2475.0,Setophaga pinus,Pine Warbler,0.6479,D:\Bird_Anuran_ARUs\RE03\SMM2-19_20260322_054600.wav
2481.0,2484.0,Spizella pusilla,Field Sparrow,0.3938,D:\Bird_Anuran_ARUs\RE03\SMM2-19_20260322_054600.wav
2484.0,2487.0,Setophaga pinus,Pine Warbler,0.8369,D:\Bird_Anuran_ARUs\RE03\SMM2-19_20260322_054600.wav
2487.0,2490.0,Setophaga pinus,Pine Warbler,0.6046,D:\Bird_Anuran_ARUs\RE03\SMM2-19_20260322_054600.wav
2493.0,2496.0,Molothrus ater,Brown-headed Cowbird,0.3412,D:\Bird_Anuran_ARUs\RE03\SMM2-19_20260322_054600.wav
2496.0,2499.0,Pipilo erythrophthalmus,Eastern Towhee,0.6279,D:\Bird_Anuran_ARUs\RE03\SMM2-19_20260322_054600.wav
2505.0,2508.0,Dryocopus pileatus,Pileated Woodpecker,0.7341,D:\Bird_Anuran_ARUs\RE03\SMM2-19_20260322_054600.wav
2505.0,2508.0,Pipilo erythrophthalmus,Eastern Towhee,0.4383,D:\Bird_Anuran_ARUs\RE03\SMM2-19_20260322_054600.wav
2520.0,2523.0,Zenaida macroura,Mourning Dove,0.9852,D:\Bird_Anuran_ARUs\RE03\SMM2-19_20260322_054600.wav
2523.0,2526.0,Zenaida macroura,Mourning Dove,0.9778,D:\Bird_Anuran_ARUs\RE03\SMM2-19_20260322_054600.wav
2526.0,2529.0,Dryobates pubescens,Downy Woodpecker,0.3057,D:\Bird_Anuran_ARUs\RE03\SMM2-19_20260322_054600.wav
2526.0,2529.0,Melanerpes carolinus,Red-bellied Woodpecker,0.2579,D:\Bird_Anuran_ARUs\RE03\SMM2-19_20260322_054600.wav
2529.0,2532.0,Pipilo erythrophthalmus,Eastern Towhee,0.5600,D:\Bird_Anuran_ARUs\RE03\SMM2-19_20260322_054600.wav
2529.0,2532.0,Melanerpes carolinus,Red-bellied Woodpecker,0.4645,D:\Bird_Anuran_ARUs\RE03\SMM2-19_20260322_054600.wav
2529.0,2532.0,Colaptes auratus,Northern Flicker,0.2812,D:\Bird_Anuran_ARUs\RE03\SMM2-19_20260322_054600.wav
2532.0,2535.0,Zenaida macroura,Mourning Dove,0.9664,D:\Bird_Anuran_ARUs\RE03\SMM2-19_20260322_054600.wav
2535.0,2538.0,Zenaida macroura,Mourning Dove,0.9533,D:\Bird_Anuran_ARUs\RE03\SMM2-19_20260322_054600.wav
2538.0,2541.0,Pipilo erythrophthalmus,Eastern Towhee,0.8436,D:\Bird_Anuran_ARUs\RE03\SMM2-19_20260322_054600.wav
2538.0,2541.0,Corvus brachyrhynchos,American Crow,0.5214,D:\Bird_Anuran_ARUs\RE03\SMM2-19_20260322_054600.wav
2541.0,2544.0,Dryobates pubescens,Downy Woodpecker,0.3891,D:\Bird_Anuran_ARUs\RE03\SMM2-19_20260322_054600.wav
2544.0,2547.0,Zenaida macroura,Mourning Dove,0.9764,D:\Bird_Anuran_ARUs\RE03\SMM2-19_20260322_054600.wav
2547.0,2550.0,Zenaida macroura,Mourning Dove,0.9463,D:\Bird_Anuran_ARUs\RE03\SMM2-19_20260322_054600.wav
2556.0,2559.0,Zenaida macroura,Mourning Dove,0.9672,D:\Bird_Anuran_ARUs\RE03\SMM2-19_20260322_054600.wav
2559.0,2562.0,Zenaida macroura,Mourning Dove,0.9739,D:\Bird_Anuran_ARUs\RE03\SMM2-19_20260322_054600.wav
2562.0,2565.0,Melanerpes carolinus,Red-bellied Woodpecker,0.2668,D:\Bird_Anuran_ARUs\RE03\SMM2-19_20260322_054600.wav
2565.0,2568.0,Pipilo erythrophthalmus,Eastern Towhee,0.5344,D:\Bird_Anuran_ARUs\RE03\SMM2-19_20260322_054600.wav
2565.0,2568.0,Melanerpes carolinus,Red-bellied Woodpecker,0.2849,D:\Bird_Anuran_ARUs\RE03\SMM2-19_20260322_054600.wav
2568.0,2571.0,Melanerpes carolinus,Red-bellied Woodpecker,0.3904,D:\Bird_Anuran_ARUs\RE03\SMM2-19_20260322_054600.wav
2568.0,2571.0,Colaptes auratus,Northern Flicker,0.2905,D:\Bird_Anuran_ARUs\RE03\SMM2-19_20260322_054600.wav
2571.0,2574.0,Molothrus ater,Brown-headed Cowbird,0.5510,D:\Bird_Anuran_ARUs\RE03\SMM2-19_20260322_054600.wav
2571.0,2574.0,Corvus brachyrhynchos,American Crow,0.3623,D:\Bird_Anuran_ARUs\RE03\SMM2-19_20260322_054600.wav
2574.0,2577.0,Geothlypis trichas,Common Yellowthroat,0.4250,D:\Bird_Anuran_ARUs\RE03\SMM2-19_20260322_054600.wav
2574.0,2577.0,Corvus brachyrhynchos,American Crow,0.3144,D:\Bird_Anuran_ARUs\RE03\SMM2-19_20260322_054600.wav
2580.0,2583.0,Pipilo erythrophthalmus,Eastern Towhee,0.4369,D:\Bird_Anuran_ARUs\RE03\SMM2-19_20260322_054600.wav
2580.0,2583.0,Dryobates pubescens,Downy Woodpecker,0.3054,D:\Bird_Anuran_ARUs\RE03\SMM2-19_20260322_054600.wav
2586.0,2589.0,Dryocopus pileatus,Pileated Woodpecker,0.3257,D:\Bird_Anuran_ARUs\RE03\SMM2-19_20260322_054600.wav
2589.0,2592.0,Dryobates pubescens,Downy Woodpecker,0.3003,D:\Bird_Anuran_ARUs\RE03\SMM2-19_20260322_054600.wav
2595.0,2598.0,Molothrus ater,Brown-headed Cowbird,0.3770,D:\Bird_Anuran_ARUs\RE03\SMM2-19_20260322_054600.wav
2598.0,2601.0,Molothrus ater,Brown-headed Cowbird,0.2711,D:\Bird_Anuran_ARUs\RE03\SMM2-19_20260322_054600.wav
2601.0,2604.0,Corvus brachyrhynchos,American Crow,0.5191,D:\Bird_Anuran_ARUs\RE03\SMM2-19_20260322_054600.wav
2601.0,2604.0,Pipilo erythrophthalmus,Eastern Towhee,0.3864,D:\Bird_Anuran_ARUs\RE03\SMM2-19_20260322_054600.wav
2607.0,2610.0,Pipilo erythrophthalmus,Eastern Towhee,0.4252,D:\Bird_Anuran_ARUs\RE03\SMM2-19_20260322_054600.wav
2622.0,2625.0,Molothrus ater,Brown-headed Cowbird,0.2901,D:\Bird_Anuran_ARUs\RE03\SMM2-19_20260322_054600.wav
2625.0,2628.0,Dryobates pubescens,Downy Woodpecker,0.5516,D:\Bird_Anuran_ARUs\RE03\SMM2-19_20260322_054600.wav
2628.0,2631.0,Pipilo erythrophthalmus,Eastern Towhee,0.5106,D:\Bird_Anuran_ARUs\RE03\SMM2-19_20260322_054600.wav
2628.0,2631.0,Dryobates pubescens,Downy Woodpecker,0.2557,D:\Bird_Anuran_ARUs\RE03\SMM2-19_20260322_054600.wav
2631.0,2634.0,Corvus brachyrhynchos,American Crow,0.6897,D:\Bird_Anuran_ARUs\RE03\SMM2-19_20260322_054600.wav
2631.0,2634.0,Piranga olivacea,Scarlet Tanager,0.4041,D:\Bird_Anuran_ARUs\RE03\SMM2-19_20260322_054600.wav
2631.0,2634.0,Dryocopus pileatus,Pileated Woodpecker,0.2588,D:\Bird_Anuran_ARUs\RE03\SMM2-19_20260322_054600.wav
2634.0,2637.0,Dryobates pubescens,Downy Woodpecker,0.3774,D:\Bird_Anuran_ARUs\RE03\SMM2-19_20260322_054600.wav
2649.0,2652.0,Pipilo erythrophthalmus,Eastern Towhee,0.2626,D:\Bird_Anuran_ARUs\RE03\SMM2-19_20260322_054600.wav
2652.0,2655.0,Zenaida macroura,Mourning Dove,0.5084,D:\Bird_Anuran_ARUs\RE03\SMM2-19_20260322_054600.wav
2658.0,2661.0,Pipilo erythrophthalmus,Eastern Towhee,0.8096,D:\Bird_Anuran_ARUs\RE03\SMM2-19_20260322_054600.wav
2658.0,2661.0,Dryobates pubescens,Downy Woodpecker,0.3440,D:\Bird_Anuran_ARUs\RE03\SMM2-19_20260322_054600.wav
2664.0,2667.0,Pipilo erythrophthalmus,Eastern Towhee,0.6529,D:\Bird_Anuran_ARUs\RE03\SMM2-19_20260322_054600.wav
2664.0,2667.0,Zenaida macroura,Mourning Dove,0.3852,D:\Bird_Anuran_ARUs\RE03\SMM2-19_20260322_054600.wav
2676.0,2679.0,Pipilo erythrophthalmus,Eastern Towhee,0.4131,D:\Bird_Anuran_ARUs\RE03\SMM2-19_20260322_054600.wav
2679.0,2682.0,Zenaida macroura,Mourning Dove,0.5088,D:\Bird_Anuran_ARUs\RE03\SMM2-19_20260322_054600.wav
2685.0,2688.0,Pipilo erythrophthalmus,Eastern Towhee,0.2880,D:\Bird_Anuran_ARUs\RE03\SMM2-19_20260322_054600.wav
2688.0,2691.0,Pipilo erythrophthalmus,Eastern Towhee,0.2834,D:\Bird_Anuran_ARUs\RE03\SMM2-19_20260322_054600.wav
2691.0,2694.0,Pipilo erythrophthalmus,Eastern Towhee,0.4639,D:\Bird_Anuran_ARUs\RE03\SMM2-19_20260322_054600.wav
2694.0,2697.0,Corvus brachyrhynchos,American Crow,0.6883,D:\Bird_Anuran_ARUs\RE03\SMM2-19_20260322_054600.wav
2697.0,2700.0,Pipilo erythrophthalmus,Eastern Towhee,0.9374,D:\Bird_Anuran_ARUs\RE03\SMM2-19_20260322_054600.wav
2700.0,2703.0,Pipilo erythrophthalmus,Eastern Towhee,0.8087,D:\Bird_Anuran_ARUs\RE03\SMM2-19_20260322_054600.wav
2700.0,2703.0,Corvus brachyrhynchos,American Crow,0.5036,D:\Bird_Anuran_ARUs\RE03\SMM2-19_20260322_054600.wav
2700.0,2703.0,Geothlypis trichas,Common Yellowthroat,0.4900,D:\Bird_Anuran_ARUs\RE03\SMM2-19_20260322_054600.wav
2706.0,2709.0,Pipilo erythrophthalmus,Eastern Towhee,0.2858,D:\Bird_Anuran_ARUs\RE03\SMM2-19_20260322_054600.wav
2709.0,2712.0,Zenaida macroura,Mourning Dove,0.4235,D:\Bird_Anuran_ARUs\RE03\SMM2-19_20260322_054600.wav
2712.0,2715.0,Pipilo erythrophthalmus,Eastern Towhee,0.4273,D:\Bird_Anuran_ARUs\RE03\SMM2-19_20260322_054600.wav
2715.0,2718.0,Pipilo erythrophthalmus,Eastern Towhee,0.2908,D:\Bird_Anuran_ARUs\RE03\SMM2-19_20260322_054600.wav
2715.0,2718.0,Dryobates pubescens,Downy Woodpecker,0.2821,D:\Bird_Anuran_ARUs\RE03\SMM2-19_20260322_054600.wav
2724.0,2727.0,Dryobates pubescens,Downy Woodpecker,0.2667,D:\Bird_Anuran_ARUs\RE03\SMM2-19_20260322_054600.wav
2727.0,2730.0,Zenaida macroura,Mourning Dove,0.7733,D:\Bird_Anuran_ARUs\RE03\SMM2-19_20260322_054600.wav
2727.0,2730.0,Dryobates pubescens,Downy Woodpecker,0.2772,D:\Bird_Anuran_ARUs\RE03\SMM2-19_20260322_054600.wav
2730.0,2733.0,Zenaida macroura,Mourning Dove,0.5857,D:\Bird_Anuran_ARUs\RE03\SMM2-19_20260322_054600.wav
2739.0,2742.0,Pipilo erythrophthalmus,Eastern Towhee,0.6449,D:\Bird_Anuran_ARUs\RE03\SMM2-19_20260322_054600.wav
2742.0,2745.0,Pipilo erythrophthalmus,Eastern Towhee,0.5185,D:\Bird_Anuran_ARUs\RE03\SMM2-19_20260322_054600.wav
2745.0,2748.0,Pipilo erythrophthalmus,Eastern Towhee,0.7991,D:\Bird_Anuran_ARUs\RE03\SMM2-19_20260322_054600.wav
2748.0,2751.0,Pipilo erythrophthalmus,Eastern Towhee,0.7142,D:\Bird_Anuran_ARUs\RE03\SMM2-19_20260322_054600.wav
2751.0,2754.0,Pipilo erythrophthalmus,Eastern Towhee,0.6548,D:\Bird_Anuran_ARUs\RE03\SMM2-19_20260322_054600.wav
2754.0,2757.0,Zenaida macroura,Mourning Dove,0.3256,D:\Bird_Anuran_ARUs\RE03\SMM2-19_20260322_054600.wav
2757.0,2760.0,Pipilo erythrophthalmus,Eastern Towhee,0.9260,D:\Bird_Anuran_ARUs\RE03\SMM2-19_20260322_054600.wav
2760.0,2763.0,Pipilo erythrophthalmus,Eastern Towhee,0.9347,D:\Bird_Anuran_ARUs\RE03\SMM2-19_20260322_054600.wav
2766.0,2769.0,Zenaida macroura,Mourning Dove,0.7536,D:\Bird_Anuran_ARUs\RE03\SMM2-19_20260322_054600.wav
2769.0,2772.0,Pipilo erythrophthalmus,Eastern Towhee,0.9037,D:\Bird_Anuran_ARUs\RE03\SMM2-19_20260322_054600.wav
2772.0,2775.0,Pipilo erythrophthalmus,Eastern Towhee,0.9458,D:\Bird_Anuran_ARUs\RE03\SMM2-19_20260322_054600.wav
2778.0,2781.0,Corvus brachyrhynchos,American Crow,0.7238,D:\Bird_Anuran_ARUs\RE03\SMM2-19_20260322_054600.wav
2778.0,2781.0,Pipilo erythrophthalmus,Eastern Towhee,0.6713,D:\Bird_Anuran_ARUs\RE03\SMM2-19_20260322_054600.wav
2784.0,2787.0,Pipilo erythrophthalmus,Eastern Towhee,0.7789,D:\Bird_Anuran_ARUs\RE03\SMM2-19_20260322_054600.wav
2790.0,2793.0,Pipilo erythrophthalmus,Eastern Towhee,0.5483,D:\Bird_Anuran_ARUs\RE03\SMM2-19_20260322_054600.wav
2790.0,2793.0,Icteria virens,Yellow-breasted Chat,0.3308,D:\Bird_Anuran_ARUs\RE03\SMM2-19_20260322_054600.wav
2793.0,2796.0,Pipilo erythrophthalmus,Eastern Towhee,0.8919,D:\Bird_Anuran_ARUs\RE03\SMM2-19_20260322_054600.wav
2796.0,2799.0,Corvus brachyrhynchos,American Crow,0.4637,D:\Bird_Anuran_ARUs\RE03\SMM2-19_20260322_054600.wav
2799.0,2802.0,Pipilo erythrophthalmus,Eastern Towhee,0.9791,D:\Bird_Anuran_ARUs\RE03\SMM2-19_20260322_054600.wav
2802.0,2805.0,Pipilo erythrophthalmus,Eastern Towhee,0.8975,D:\Bird_Anuran_ARUs\RE03\SMM2-19_20260322_054600.wav
2805.0,2808.0,Pipilo erythrophthalmus,Eastern Towhee,0.9020,D:\Bird_Anuran_ARUs\RE03\SMM2-19_20260322_054600.wav
2808.0,2811.0,Pipilo erythrophthalmus,Eastern Towhee,0.9221,D:\Bird_Anuran_ARUs\RE03\SMM2-19_20260322_054600.wav
2811.0,2814.0,Pipilo erythrophthalmus,Eastern Towhee,0.8919,D:\Bird_Anuran_ARUs\RE03\SMM2-19_20260322_054600.wav
2814.0,2817.0,Pipilo erythrophthalmus,Eastern Towhee,0.3067,D:\Bird_Anuran_ARUs\RE03\SMM2-19_20260322_054600.wav
2817.0,2820.0,Pipilo erythrophthalmus,Eastern Towhee,0.8704,D:\Bird_Anuran_ARUs\RE03\SMM2-19_20260322_054600.wav
2817.0,2820.0,Zenaida macroura,Mourning Dove,0.5600,D:\Bird_Anuran_ARUs\RE03\SMM2-19_20260322_054600.wav
2823.0,2826.0,Pipilo erythrophthalmus,Eastern Towhee,0.3192,D:\Bird_Anuran_ARUs\RE03\SMM2-19_20260322_054600.wav
2826.0,2829.0,Pipilo erythrophthalmus,Eastern Towhee,0.6487,D:\Bird_Anuran_ARUs\RE03\SMM2-19_20260322_054600.wav
2826.0,2829.0,Zenaida macroura,Mourning Dove,0.3652,D:\Bird_Anuran_ARUs\RE03\SMM2-19_20260322_054600.wav
2832.0,2835.0,Melanerpes carolinus,Red-bellied Woodpecker,0.5139,D:\Bird_Anuran_ARUs\RE03\SMM2-19_20260322_054600.wav
2832.0,2835.0,Pipilo erythrophthalmus,Eastern Towhee,0.3012,D:\Bird_Anuran_ARUs\RE03\SMM2-19_20260322_054600.wav
2835.0,2838.0,Pipilo erythrophthalmus,Eastern Towhee,0.6765,D:\Bird_Anuran_ARUs\RE03\SMM2-19_20260322_054600.wav
2838.0,2841.0,Zenaida macroura,Mourning Dove,0.9161,D:\Bird_Anuran_ARUs\RE03\SMM2-19_20260322_054600.wav
2841.0,2844.0,Pipilo erythrophthalmus,Eastern Towhee,0.6059,D:\Bird_Anuran_ARUs\RE03\SMM2-19_20260322_054600.wav
2844.0,2847.0,Pipilo erythrophthalmus,Eastern Towhee,0.9105,D:\Bird_Anuran_ARUs\RE03\SMM2-19_20260322_054600.wav
2847.0,2850.0,Pipilo erythrophthalmus,Eastern Towhee,0.7170,D:\Bird_Anuran_ARUs\RE03\SMM2-19_20260322_054600.wav
2850.0,2853.0,Pipilo erythrophthalmus,Eastern Towhee,0.8296,D:\Bird_Anuran_ARUs\RE03\SMM2-19_20260322_054600.wav
2850.0,2853.0,Zenaida macroura,Mourning Dove,0.2887,D:\Bird_Anuran_ARUs\RE03\SMM2-19_20260322_054600.wav
2853.0,2856.0,Pipilo erythrophthalmus,Eastern Towhee,0.9263,D:\Bird_Anuran_ARUs\RE03\SMM2-19_20260322_054600.wav
2856.0,2859.0,Pipilo erythrophthalmus,Eastern Towhee,0.6039,D:\Bird_Anuran_ARUs\RE03\SMM2-19_20260322_054600.wav
2859.0,2862.0,Pipilo erythrophthalmus,Eastern Towhee,0.6645,D:\Bird_Anuran_ARUs\RE03\SMM2-19_20260322_054600.wav
2865.0,2868.0,Pipilo erythrophthalmus,Eastern Towhee,0.4949,D:\Bird_Anuran_ARUs\RE03\SMM2-19_20260322_054600.wav
2868.0,2871.0,Pipilo erythrophthalmus,Eastern Towhee,0.8500,D:\Bird_Anuran_ARUs\RE03\SMM2-19_20260322_054600.wav
2871.0,2874.0,Pipilo erythrophthalmus,Eastern Towhee,0.9064,D:\Bird_Anuran_ARUs\RE03\SMM2-19_20260322_054600.wav
2871.0,2874.0,Zenaida macroura,Mourning Dove,0.4135,D:\Bird_Anuran_ARUs\RE03\SMM2-19_20260322_054600.wav
2874.0,2877.0,Pipilo erythrophthalmus,Eastern Towhee,0.3434,D:\Bird_Anuran_ARUs\RE03\SMM2-19_20260322_054600.wav
2874.0,2877.0,Zenaida macroura,Mourning Dove,0.2757,D:\Bird_Anuran_ARUs\RE03\SMM2-19_20260322_054600.wav
2877.0,2880.0,Pipilo erythrophthalmus,Eastern Towhee,0.9027,D:\Bird_Anuran_ARUs\RE03\SMM2-19_20260322_054600.wav
2883.0,2886.0,Zenaida macroura,Mourning Dove,0.7585,D:\Bird_Anuran_ARUs\RE03\SMM2-19_20260322_054600.wav
2886.0,2889.0,Zenaida macroura,Mourning Dove,0.6860,D:\Bird_Anuran_ARUs\RE03\SMM2-19_20260322_054600.wav
2889.0,2892.0,Pipilo erythrophthalmus,Eastern Towhee,0.2709,D:\Bird_Anuran_ARUs\RE03\SMM2-19_20260322_054600.wav
2892.0,2895.0,Pipilo erythrophthalmus,Eastern Towhee,0.9356,D:\Bird_Anuran_ARUs\RE03\SMM2-19_20260322_054600.wav
2895.0,2898.0,Pipilo erythrophthalmus,Eastern Towhee,0.8459,D:\Bird_Anuran_ARUs\RE03\SMM2-19_20260322_054600.wav
2898.0,2901.0,Zenaida macroura,Mourning Dove,0.7549,D:\Bird_Anuran_ARUs\RE03\SMM2-19_20260322_054600.wav
2901.0,2904.0,Pipilo erythrophthalmus,Eastern Towhee,0.9893,D:\Bird_Anuran_ARUs\RE03\SMM2-19_20260322_054600.wav
2904.0,2907.0,Pipilo erythrophthalmus,Eastern Towhee,0.9563,D:\Bird_Anuran_ARUs\RE03\SMM2-19_20260322_054600.wav
2907.0,2910.0,Pipilo erythrophthalmus,Eastern Towhee,0.6401,D:\Bird_Anuran_ARUs\RE03\SMM2-19_20260322_054600.wav
2910.0,2913.0,Zenaida macroura,Mourning Dove,0.4903,D:\Bird_Anuran_ARUs\RE03\SMM2-19_20260322_054600.wav
2910.0,2913.0,Pipilo erythrophthalmus,Eastern Towhee,0.2906,D:\Bird_Anuran_ARUs\RE03\SMM2-19_20260322_054600.wav
2919.0,2922.0,Pipilo erythrophthalmus,Eastern Towhee,0.9453,D:\Bird_Anuran_ARUs\RE03\SMM2-19_20260322_054600.wav
2925.0,2928.0,Pipilo erythrophthalmus,Eastern Towhee,0.6060,D:\Bird_Anuran_ARUs\RE03\SMM2-19_20260322_054600.wav
2925.0,2928.0,Zenaida macroura,Mourning Dove,0.3738,D:\Bird_Anuran_ARUs\RE03\SMM2-19_20260322_054600.wav
2928.0,2931.0,Pipilo erythrophthalmus,Eastern Towhee,0.6253,D:\Bird_Anuran_ARUs\RE03\SMM2-19_20260322_054600.wav
2931.0,2934.0,Pipilo erythrophthalmus,Eastern Towhee,0.9662,D:\Bird_Anuran_ARUs\RE03\SMM2-19_20260322_054600.wav
2934.0,2937.0,Zenaida macroura,Mourning Dove,0.2720,D:\Bird_Anuran_ARUs\RE03\SMM2-19_20260322_054600.wav
2937.0,2940.0,Zenaida macroura,Mourning Dove,0.4000,D:\Bird_Anuran_ARUs\RE03\SMM2-19_20260322_054600.wav
2940.0,2943.0,Pipilo erythrophthalmus,Eastern Towhee,0.9350,D:\Bird_Anuran_ARUs\RE03\SMM2-19_20260322_054600.wav
2943.0,2946.0,Pipilo erythrophthalmus,Eastern Towhee,0.6311,D:\Bird_Anuran_ARUs\RE03\SMM2-19_20260322_054600.wav
2949.0,2952.0,Zenaida macroura,Mourning Dove,0.7453,D:\Bird_Anuran_ARUs\RE03\SMM2-19_20260322_054600.wav
2952.0,2955.0,Zenaida macroura,Mourning Dove,0.5073,D:\Bird_Anuran_ARUs\RE03\SMM2-19_20260322_054600.wav
2955.0,2958.0,Pipilo erythrophthalmus,Eastern Towhee,0.2776,D:\Bird_Anuran_ARUs\RE03\SMM2-19_20260322_054600.wav
2961.0,2964.0,Zenaida macroura,Mourning Dove,0.7786,D:\Bird_Anuran_ARUs\RE03\SMM2-19_20260322_054600.wav
2964.0,2967.0,Zenaida macroura,Mourning Dove,0.6131,D:\Bird_Anuran_ARUs\RE03\SMM2-19_20260322_054600.wav
2964.0,2967.0,Pipilo erythrophthalmus,Eastern Towhee,0.5601,D:\Bird_Anuran_ARUs\RE03\SMM2-19_20260322_054600.wav
2967.0,2970.0,Pipilo erythrophthalmus,Eastern Towhee,0.4740,D:\Bird_Anuran_ARUs\RE03\SMM2-19_20260322_054600.wav
2970.0,2973.0,Geothlypis trichas,Common Yellowthroat,0.2786,D:\Bird_Anuran_ARUs\RE03\SMM2-19_20260322_054600.wav
2976.0,2979.0,Spizella pusilla,Field Sparrow,0.3551,D:\Bird_Anuran_ARUs\RE03\SMM2-19_20260322_054600.wav
2979.0,2982.0,Pipilo erythrophthalmus,Eastern Towhee,0.4007,D:\Bird_Anuran_ARUs\RE03\SMM2-19_20260322_054600.wav
2982.0,2985.0,Zenaida macroura,Mourning Dove,0.5680,D:\Bird_Anuran_ARUs\RE03\SMM2-19_20260322_054600.wav
2985.0,2988.0,Zenaida macroura,Mourning Dove,0.4819,D:\Bird_Anuran_ARUs\RE03\SMM2-19_20260322_054600.wav
2988.0,2991.0,Pipilo erythrophthalmus,Eastern Towhee,0.5504,D:\Bird_Anuran_ARUs\RE03\SMM2-19_20260322_054600.wav
2991.0,2994.0,Zenaida macroura,Mourning Dove,0.3317,D:\Bird_Anuran_ARUs\RE03\SMM2-19_20260322_054600.wav
2994.0,2997.0,Zenaida macroura,Mourning Dove,0.9123,D:\Bird_Anuran_ARUs\RE03\SMM2-19_20260322_054600.wav
2997.0,3000.0,Pipilo erythrophthalmus,Eastern Towhee,0.6869,D:\Bird_Anuran_ARUs\RE03\SMM2-19_20260322_054600.wav
2997.0,3000.0,Molothrus ater,Brown-headed Cowbird,0.3024,D:\Bird_Anuran_ARUs\RE03\SMM2-19_20260322_054600.wav
3000.0,3003.0,Pipilo erythrophthalmus,Eastern Towhee,0.8423,D:\Bird_Anuran_ARUs\RE03\SMM2-19_20260322_054600.wav
3000.0,3003.0,Cardinalis cardinalis,Northern Cardinal,0.2831,D:\Bird_Anuran_ARUs\RE03\SMM2-19_20260322_054600.wav
3003.0,3006.0,Pipilo erythrophthalmus,Eastern Towhee,0.4244,D:\Bird_Anuran_ARUs\RE03\SMM2-19_20260322_054600.wav
3006.0,3009.0,Pipilo erythrophthalmus,Eastern Towhee,0.8576,D:\Bird_Anuran_ARUs\RE03\SMM2-19_20260322_054600.wav
3006.0,3009.0,Icteria virens,Yellow-breasted Chat,0.2984,D:\Bird_Anuran_ARUs\RE03\SMM2-19_20260322_054600.wav
3009.0,3012.0,Pipilo erythrophthalmus,Eastern Towhee,0.8928,D:\Bird_Anuran_ARUs\RE03\SMM2-19_20260322_054600.wav
3012.0,3015.0,Pipilo erythrophthalmus,Eastern Towhee,0.9329,D:\Bird_Anuran_ARUs\RE03\SMM2-19_20260322_054600.wav
3015.0,3018.0,Pipilo erythrophthalmus,Eastern Towhee,0.7188,D:\Bird_Anuran_ARUs\RE03\SMM2-19_20260322_054600.wav
3018.0,3021.0,Pipilo erythrophthalmus,Eastern Towhee,0.9482,D:\Bird_Anuran_ARUs\RE03\SMM2-19_20260322_054600.wav
3018.0,3021.0,Zenaida macroura,Mourning Dove,0.3484,D:\Bird_Anuran_ARUs\RE03\SMM2-19_20260322_054600.wav
3021.0,3024.0,Zenaida macroura,Mourning Dove,0.4999,D:\Bird_Anuran_ARUs\RE03\SMM2-19_20260322_054600.wav
3024.0,3027.0,Pipilo erythrophthalmus,Eastern Towhee,0.9904,D:\Bird_Anuran_ARUs\RE03\SMM2-19_20260322_054600.wav
3027.0,3030.0,Pipilo erythrophthalmus,Eastern Towhee,0.7502,D:\Bird_Anuran_ARUs\RE03\SMM2-19_20260322_054600.wav
3030.0,3033.0,Zenaida macroura,Mourning Dove,0.7445,D:\Bird_Anuran_ARUs\RE03\SMM2-19_20260322_054600.wav
3033.0,3036.0,Zenaida macroura,Mourning Dove,0.2714,D:\Bird_Anuran_ARUs\RE03\SMM2-19_20260322_054600.wav
3039.0,3042.0,Pipilo erythrophthalmus,Eastern Towhee,0.5411,D:\Bird_Anuran_ARUs\RE03\SMM2-19_20260322_054600.wav
3042.0,3045.0,Molothrus ater,Brown-headed Cowbird,0.3589,D:\Bird_Anuran_ARUs\RE03\SMM2-19_20260322_054600.wav
3045.0,3048.0,Pipilo erythrophthalmus,Eastern Towhee,0.9948,D:\Bird_Anuran_ARUs\RE03\SMM2-19_20260322_054600.wav
3048.0,3051.0,Zenaida macroura,Mourning Dove,0.5293,D:\Bird_Anuran_ARUs\RE03\SMM2-19_20260322_054600.wav
3051.0,3054.0,Zenaida macroura,Mourning Dove,0.4544,D:\Bird_Anuran_ARUs\RE03\SMM2-19_20260322_054600.wav
3051.0,3054.0,Pipilo erythrophthalmus,Eastern Towhee,0.2789,D:\Bird_Anuran_ARUs\RE03\SMM2-19_20260322_054600.wav
3051.0,3054.0,Geothlypis trichas,Common Yellowthroat,0.2719,D:\Bird_Anuran_ARUs\RE03\SMM2-19_20260322_054600.wav
3057.0,3060.0,Pipilo erythrophthalmus,Eastern Towhee,0.4299,D:\Bird_Anuran_ARUs\RE03\SMM2-19_20260322_054600.wav
3060.0,3063.0,Zenaida macroura,Mourning Dove,0.7341,D:\Bird_Anuran_ARUs\RE03\SMM2-19_20260322_054600.wav
3063.0,3066.0,Haemorhous mexicanus,House Finch,0.8235,D:\Bird_Anuran_ARUs\RE03\SMM2-19_20260322_054600.wav
3063.0,3066.0,Zenaida macroura,Mourning Dove,0.6902,D:\Bird_Anuran_ARUs\RE03\SMM2-19_20260322_054600.wav
3063.0,3066.0,Corvus brachyrhynchos,American Crow,0.4045,D:\Bird_Anuran_ARUs\RE03\SMM2-19_20260322_054600.wav
3066.0,3069.0,Corvus brachyrhynchos,American Crow,0.8965,D:\Bird_Anuran_ARUs\RE03\SMM2-19_20260322_054600.wav
3066.0,3069.0,Geothlypis trichas,Common Yellowthroat,0.6821,D:\Bird_Anuran_ARUs\RE03\SMM2-19_20260322_054600.wav
3066.0,3069.0,Pipilo erythrophthalmus,Eastern Towhee,0.2589,D:\Bird_Anuran_ARUs\RE03\SMM2-19_20260322_054600.wav
3069.0,3072.0,Geothlypis trichas,Common Yellowthroat,0.5170,D:\Bird_Anuran_ARUs\RE03\SMM2-19_20260322_054600.wav
3072.0,3075.0,Pipilo erythrophthalmus,Eastern Towhee,0.9586,D:\Bird_Anuran_ARUs\RE03\SMM2-19_20260322_054600.wav
3072.0,3075.0,Cardinalis cardinalis,Northern Cardinal,0.7583,D:\Bird_Anuran_ARUs\RE03\SMM2-19_20260322_054600.wav
3072.0,3075.0,Geothlypis trichas,Common Yellowthroat,0.6315,D:\Bird_Anuran_ARUs\RE03\SMM2-19_20260322_054600.wav
3072.0,3075.0,Melanerpes carolinus,Red-bellied Woodpecker,0.3103,D:\Bird_Anuran_ARUs\RE03\SMM2-19_20260322_054600.wav
3075.0,3078.0,Pipilo erythrophthalmus,Eastern Towhee,0.9696,D:\Bird_Anuran_ARUs\RE03\SMM2-19_20260322_054600.wav
3078.0,3081.0,Zenaida macroura,Mourning Dove,0.8460,D:\Bird_Anuran_ARUs\RE03\SMM2-19_20260322_054600.wav
3081.0,3084.0,Geothlypis trichas,Common Yellowthroat,0.4844,D:\Bird_Anuran_ARUs\RE03\SMM2-19_20260322_054600.wav
3081.0,3084.0,Pipilo erythrophthalmus,Eastern Towhee,0.4647,D:\Bird_Anuran_ARUs\RE03\SMM2-19_20260322_054600.wav
3084.0,3087.0,Pipilo erythrophthalmus,Eastern Towhee,0.8930,D:\Bird_Anuran_ARUs\RE03\SMM2-19_20260322_054600.wav
3084.0,3087.0,Corvus brachyrhynchos,American Crow,0.2802,D:\Bird_Anuran_ARUs\RE03\SMM2-19_20260322_054600.wav
3087.0,3090.0,Pipilo erythrophthalmus,Eastern Towhee,0.9647,D:\Bird_Anuran_ARUs\RE03\SMM2-19_20260322_054600.wav
3087.0,3090.0,Corvus brachyrhynchos,American Crow,0.8815,D:\Bird_Anuran_ARUs\RE03\SMM2-19_20260322_054600.wav
3090.0,3093.0,Molothrus ater,Brown-headed Cowbird,0.7580,D:\Bird_Anuran_ARUs\RE03\SMM2-19_20260322_054600.wav
3093.0,3096.0,Pipilo erythrophthalmus,Eastern Towhee,0.8129,D:\Bird_Anuran_ARUs\RE03\SMM2-19_20260322_054600.wav
3093.0,3096.0,Mniotilta varia,Black-and-white Warbler,0.2557,D:\Bird_Anuran_ARUs\RE03\SMM2-19_20260322_054600.wav
3096.0,3099.0,Zenaida macroura,Mourning Dove,0.4497,D:\Bird_Anuran_ARUs\RE03\SMM2-19_20260322_054600.wav
3102.0,3105.0,Pipilo erythrophthalmus,Eastern Towhee,0.9273,D:\Bird_Anuran_ARUs\RE03\SMM2-19_20260322_054600.wav
3105.0,3108.0,Molothrus ater,Brown-headed Cowbird,0.9174,D:\Bird_Anuran_ARUs\RE03\SMM2-19_20260322_054600.wav
3108.0,3111.0,Pipilo erythrophthalmus,Eastern Towhee,0.8556,D:\Bird_Anuran_ARUs\RE03\SMM2-19_20260322_054600.wav
3108.0,3111.0,Zenaida macroura,Mourning Dove,0.7627,D:\Bird_Anuran_ARUs\RE03\SMM2-19_20260322_054600.wav
3111.0,3114.0,Zenaida macroura,Mourning Dove,0.9415,D:\Bird_Anuran_ARUs\RE03\SMM2-19_20260322_054600.wav
3114.0,3117.0,Geothlypis trichas,Common Yellowthroat,0.3493,D:\Bird_Anuran_ARUs\RE03\SMM2-19_20260322_054600.wav
3120.0,3123.0,Pipilo erythrophthalmus,Eastern Towhee,0.9819,D:\Bird_Anuran_ARUs\RE03\SMM2-19_20260322_054600.wav
3123.0,3126.0,Polioptila caerulea,Blue-gray Gnatcatcher,0.5788,D:\Bird_Anuran_ARUs\RE03\SMM2-19_20260322_054600.wav
3123.0,3126.0,Zenaida macroura,Mourning Dove,0.5644,D:\Bird_Anuran_ARUs\RE03\SMM2-19_20260322_054600.wav
3126.0,3129.0,Polioptila caerulea,Blue-gray Gnatcatcher,0.5726,D:\Bird_Anuran_ARUs\RE03\SMM2-19_20260322_054600.wav
3126.0,3129.0,Zenaida macroura,Mourning Dove,0.4576,D:\Bird_Anuran_ARUs\RE03\SMM2-19_20260322_054600.wav
3129.0,3132.0,Polioptila caerulea,Blue-gray Gnatcatcher,0.8637,D:\Bird_Anuran_ARUs\RE03\SMM2-19_20260322_054600.wav
3132.0,3135.0,Pipilo erythrophthalmus,Eastern Towhee,0.9443,D:\Bird_Anuran_ARUs\RE03\SMM2-19_20260322_054600.wav
3132.0,3135.0,Polioptila caerulea,Blue-gray Gnatcatcher,0.9230,D:\Bird_Anuran_ARUs\RE03\SMM2-19_20260322_054600.wav
3132.0,3135.0,Corvus brachyrhynchos,American Crow,0.4637,D:\Bird_Anuran_ARUs\RE03\SMM2-19_20260322_054600.wav
3135.0,3138.0,Polioptila caerulea,Blue-gray Gnatcatcher,0.8748,D:\Bird_Anuran_ARUs\RE03\SMM2-19_20260322_054600.wav
3135.0,3138.0,Pipilo erythrophthalmus,Eastern Towhee,0.8427,D:\Bird_Anuran_ARUs\RE03\SMM2-19_20260322_054600.wav
3138.0,3141.0,Zenaida macroura,Mourning Dove,0.8650,D:\Bird_Anuran_ARUs\RE03\SMM2-19_20260322_054600.wav
3141.0,3144.0,Pipilo erythrophthalmus,Eastern Towhee,0.9307,D:\Bird_Anuran_ARUs\RE03\SMM2-19_20260322_054600.wav
3141.0,3144.0,Zenaida macroura,Mourning Dove,0.4825,D:\Bird_Anuran_ARUs\RE03\SMM2-19_20260322_054600.wav
3144.0,3147.0,Pipilo erythrophthalmus,Eastern Towhee,0.9905,D:\Bird_Anuran_ARUs\RE03\SMM2-19_20260322_054600.wav
3147.0,3150.0,Pipilo erythrophthalmus,Eastern Towhee,0.8050,D:\Bird_Anuran_ARUs\RE03\SMM2-19_20260322_054600.wav
3147.0,3150.0,Geothlypis trichas,Common Yellowthroat,0.5329,D:\Bird_Anuran_ARUs\RE03\SMM2-19_20260322_054600.wav
3150.0,3153.0,Zenaida macroura,Mourning Dove,0.6284,D:\Bird_Anuran_ARUs\RE03\SMM2-19_20260322_054600.wav
3150.0,3153.0,Pipilo erythrophthalmus,Eastern Towhee,0.5778,D:\Bird_Anuran_ARUs\RE03\SMM2-19_20260322_054600.wav
3153.0,3156.0,Zenaida macroura,Mourning Dove,0.6639,D:\Bird_Anuran_ARUs\RE03\SMM2-19_20260322_054600.wav
3156.0,3159.0,Polioptila caerulea,Blue-gray Gnatcatcher,0.9593,D:\Bird_Anuran_ARUs\RE03\SMM2-19_20260322_054600.wav
3159.0,3162.0,Polioptila caerulea,Blue-gray Gnatcatcher,0.9782,D:\Bird_Anuran_ARUs\RE03\SMM2-19_20260322_054600.wav
3159.0,3162.0,Pipilo erythrophthalmus,Eastern Towhee,0.3227,D:\Bird_Anuran_ARUs\RE03\SMM2-19_20260322_054600.wav
3162.0,3165.0,Zenaida macroura,Mourning Dove,0.8774,D:\Bird_Anuran_ARUs\RE03\SMM2-19_20260322_054600.wav
3162.0,3165.0,Molothrus ater,Brown-headed Cowbird,0.3853,D:\Bird_Anuran_ARUs\RE03\SMM2-19_20260322_054600.wav
3165.0,3168.0,Zenaida macroura,Mourning Dove,0.7793,D:\Bird_Anuran_ARUs\RE03\SMM2-19_20260322_054600.wav
3168.0,3171.0,Pipilo erythrophthalmus,Eastern Towhee,0.9053,D:\Bird_Anuran_ARUs\RE03\SMM2-19_20260322_054600.wav
3171.0,3174.0,Polioptila caerulea,Blue-gray Gnatcatcher,0.8923,D:\Bird_Anuran_ARUs\RE03\SMM2-19_20260322_054600.wav
3174.0,3177.0,Polioptila caerulea,Blue-gray Gnatcatcher,0.9605,D:\Bird_Anuran_ARUs\RE03\SMM2-19_20260322_054600.wav
3174.0,3177.0,Pipilo erythrophthalmus,Eastern Towhee,0.5213,D:\Bird_Anuran_ARUs\RE03\SMM2-19_20260322_054600.wav
3177.0,3180.0,Polioptila caerulea,Blue-gray Gnatcatcher,0.6986,D:\Bird_Anuran_ARUs\RE03\SMM2-19_20260322_054600.wav
3177.0,3180.0,Zenaida macroura,Mourning Dove,0.2569,D:\Bird_Anuran_ARUs\RE03\SMM2-19_20260322_054600.wav
3180.0,3183.0,Polioptila caerulea,Blue-gray Gnatcatcher,0.7840,D:\Bird_Anuran_ARUs\RE03\SMM2-19_20260322_054600.wav
3180.0,3183.0,Pipilo erythrophthalmus,Eastern Towhee,0.6249,D:\Bird_Anuran_ARUs\RE03\SMM2-19_20260322_054600.wav
3183.0,3186.0,Pipilo erythrophthalmus,Eastern Towhee,0.5049,D:\Bird_Anuran_ARUs\RE03\SMM2-19_20260322_054600.wav
3186.0,3189.0,Pipilo erythrophthalmus,Eastern Towhee,0.4682,D:\Bird_Anuran_ARUs\RE03\SMM2-19_20260322_054600.wav
3189.0,3192.0,Polioptila caerulea,Blue-gray Gnatcatcher,0.6176,D:\Bird_Anuran_ARUs\RE03\SMM2-19_20260322_054600.wav
3189.0,3192.0,Zenaida macroura,Mourning Dove,0.2618,D:\Bird_Anuran_ARUs\RE03\SMM2-19_20260322_054600.wav
3192.0,3195.0,Polioptila caerulea,Blue-gray Gnatcatcher,0.8497,D:\Bird_Anuran_ARUs\RE03\SMM2-19_20260322_054600.wav
3195.0,3198.0,Polioptila caerulea,Blue-gray Gnatcatcher,0.4222,D:\Bird_Anuran_ARUs\RE03\SMM2-19_20260322_054600.wav
3201.0,3204.0,Pipilo erythrophthalmus,Eastern Towhee,0.9811,D:\Bird_Anuran_ARUs\RE03\SMM2-19_20260322_054600.wav
3201.0,3204.0,Polioptila caerulea,Blue-gray Gnatcatcher,0.8910,D:\Bird_Anuran_ARUs\RE03\SMM2-19_20260322_054600.wav
3204.0,3207.0,Polioptila caerulea,Blue-gray Gnatcatcher,0.5631,D:\Bird_Anuran_ARUs\RE03\SMM2-19_20260322_054600.wav
3204.0,3207.0,Zenaida macroura,Mourning Dove,0.4961,D:\Bird_Anuran_ARUs\RE03\SMM2-19_20260322_054600.wav
3207.0,3210.0,Pipilo erythrophthalmus,Eastern Towhee,0.5271,D:\Bird_Anuran_ARUs\RE03\SMM2-19_20260322_054600.wav
3207.0,3210.0,Polioptila caerulea,Blue-gray Gnatcatcher,0.3481,D:\Bird_Anuran_ARUs\RE03\SMM2-19_20260322_054600.wav
3210.0,3213.0,Polioptila caerulea,Blue-gray Gnatcatcher,0.2673,D:\Bird_Anuran_ARUs\RE03\SMM2-19_20260322_054600.wav
3213.0,3216.0,Pipilo erythrophthalmus,Eastern Towhee,0.2693,D:\Bird_Anuran_ARUs\RE03\SMM2-19_20260322_054600.wav
3216.0,3219.0,Polioptila caerulea,Blue-gray Gnatcatcher,0.9707,D:\Bird_Anuran_ARUs\RE03\SMM2-19_20260322_054600.wav
3219.0,3222.0,Polioptila caerulea,Blue-gray Gnatcatcher,0.9829,D:\Bird_Anuran_ARUs\RE03\SMM2-19_20260322_054600.wav
3219.0,3222.0,Pipilo erythrophthalmus,Eastern Towhee,0.5520,D:\Bird_Anuran_ARUs\RE03\SMM2-19_20260322_054600.wav
3222.0,3225.0,Pipilo erythrophthalmus,Eastern Towhee,0.9400,D:\Bird_Anuran_ARUs\RE03\SMM2-19_20260322_054600.wav
3225.0,3228.0,Polioptila caerulea,Blue-gray Gnatcatcher,0.9677,D:\Bird_Anuran_ARUs\RE03\SMM2-19_20260322_054600.wav
3228.0,3231.0,Polioptila caerulea,Blue-gray Gnatcatcher,0.7868,D:\Bird_Anuran_ARUs\RE03\SMM2-19_20260322_054600.wav
3231.0,3234.0,Pipilo erythrophthalmus,Eastern Towhee,0.6695,D:\Bird_Anuran_ARUs\RE03\SMM2-19_20260322_054600.wav
3231.0,3234.0,Zenaida macroura,Mourning Dove,0.6420,D:\Bird_Anuran_ARUs\RE03\SMM2-19_20260322_054600.wav
3231.0,3234.0,Mniotilta varia,Black-and-white Warbler,0.3793,D:\Bird_Anuran_ARUs\RE03\SMM2-19_20260322_054600.wav
3234.0,3237.0,Pipilo erythrophthalmus,Eastern Towhee,0.9338,D:\Bird_Anuran_ARUs\RE03\SMM2-19_20260322_054600.wav
3234.0,3237.0,Zenaida macroura,Mourning Dove,0.2993,D:\Bird_Anuran_ARUs\RE03\SMM2-19_20260322_054600.wav
3237.0,3240.0,Pipilo erythrophthalmus,Eastern Towhee,0.5306,D:\Bird_Anuran_ARUs\RE03\SMM2-19_20260322_054600.wav
3240.0,3243.0,Pipilo erythrophthalmus,Eastern Towhee,0.5157,D:\Bird_Anuran_ARUs\RE03\SMM2-19_20260322_054600.wav
3243.0,3246.0,Pipilo erythrophthalmus,Eastern Towhee,0.4436,D:\Bird_Anuran_ARUs\RE03\SMM2-19_20260322_054600.wav
3246.0,3249.0,Zenaida macroura,Mourning Dove,0.8926,D:\Bird_Anuran_ARUs\RE03\SMM2-19_20260322_054600.wav
3252.0,3255.0,Geothlypis trichas,Common Yellowthroat,0.2774,D:\Bird_Anuran_ARUs\RE03\SMM2-19_20260322_054600.wav
3255.0,3258.0,Pipilo erythrophthalmus,Eastern Towhee,0.9324,D:\Bird_Anuran_ARUs\RE03\SMM2-19_20260322_054600.wav
3258.0,3261.0,Cardinalis cardinalis,Northern Cardinal,0.5124,D:\Bird_Anuran_ARUs\RE03\SMM2-19_20260322_054600.wav
3258.0,3261.0,Pipilo erythrophthalmus,Eastern Towhee,0.4177,D:\Bird_Anuran_ARUs\RE03\SMM2-19_20260322_054600.wav
3261.0,3264.0,Zenaida macroura,Mourning Dove,0.7998,D:\Bird_Anuran_ARUs\RE03\SMM2-19_20260322_054600.wav
3264.0,3267.0,Pipilo erythrophthalmus,Eastern Towhee,0.5096,D:\Bird_Anuran_ARUs\RE03\SMM2-19_20260322_054600.wav
3264.0,3267.0,Zenaida macroura,Mourning Dove,0.3551,D:\Bird_Anuran_ARUs\RE03\SMM2-19_20260322_054600.wav
3267.0,3270.0,Pipilo erythrophthalmus,Eastern Towhee,0.3003,D:\Bird_Anuran_ARUs\RE03\SMM2-19_20260322_054600.wav
3270.0,3273.0,Geothlypis trichas,Common Yellowthroat,0.4067,D:\Bird_Anuran_ARUs\RE03\SMM2-19_20260322_054600.wav
3270.0,3273.0,Pipilo erythrophthalmus,Eastern Towhee,0.3490,D:\Bird_Anuran_ARUs\RE03\SMM2-19_20260322_054600.wav
3273.0,3276.0,Pipilo erythrophthalmus,Eastern Towhee,0.9948,D:\Bird_Anuran_ARUs\RE03\SMM2-19_20260322_054600.wav
3276.0,3279.0,Pipilo erythrophthalmus,Eastern Towhee,0.6348,D:\Bird_Anuran_ARUs\RE03\SMM2-19_20260322_054600.wav
3279.0,3282.0,Pipilo erythrophthalmus,Eastern Towhee,0.7563,D:\Bird_Anuran_ARUs\RE03\SMM2-19_20260322_054600.wav
3282.0,3285.0,Pipilo erythrophthalmus,Eastern Towhee,0.8568,D:\Bird_Anuran_ARUs\RE03\SMM2-19_20260322_054600.wav
3282.0,3285.0,Corvus brachyrhynchos,American Crow,0.3285,D:\Bird_Anuran_ARUs\RE03\SMM2-19_20260322_054600.wav
3282.0,3285.0,Mniotilta varia,Black-and-white Warbler,0.2794,D:\Bird_Anuran_ARUs\RE03\SMM2-19_20260322_054600.wav
3285.0,3288.0,Pipilo erythrophthalmus,Eastern Towhee,0.9624,D:\Bird_Anuran_ARUs\RE03\SMM2-19_20260322_054600.wav
3285.0,3288.0,Corvus brachyrhynchos,American Crow,0.2757,D:\Bird_Anuran_ARUs\RE03\SMM2-19_20260322_054600.wav
3288.0,3291.0,Pipilo erythrophthalmus,Eastern Towhee,0.9901,D:\Bird_Anuran_ARUs\RE03\SMM2-19_20260322_054600.wav
3291.0,3294.0,Pipilo erythrophthalmus,Eastern Towhee,0.9642,D:\Bird_Anuran_ARUs\RE03\SMM2-19_20260322_054600.wav
3294.0,3297.0,Pipilo erythrophthalmus,Eastern Towhee,0.9803,D:\Bird_Anuran_ARUs\RE03\SMM2-19_20260322_054600.wav
3297.0,3300.0,Pipilo erythrophthalmus,Eastern Towhee,0.9951,D:\Bird_Anuran_ARUs\RE03\SMM2-19_20260322_054600.wav
3300.0,3303.0,Corvus brachyrhynchos,American Crow,0.9784,D:\Bird_Anuran_ARUs\RE03\SMM2-19_20260322_054600.wav
3303.0,3306.0,Pipilo erythrophthalmus,Eastern Towhee,0.9989,D:\Bird_Anuran_ARUs\RE03\SMM2-19_20260322_054600.wav
3303.0,3306.0,Corvus brachyrhynchos,American Crow,0.9922,D:\Bird_Anuran_ARUs\RE03\SMM2-19_20260322_054600.wav
3306.0,3309.0,Pipilo erythrophthalmus,Eastern Towhee,0.9997,D:\Bird_Anuran_ARUs\RE03\SMM2-19_20260322_054600.wav
3306.0,3309.0,Corvus brachyrhynchos,American Crow,0.9991,D:\Bird_Anuran_ARUs\RE03\SMM2-19_20260322_054600.wav
3309.0,3312.0,Pipilo erythrophthalmus,Eastern Towhee,0.9967,D:\Bird_Anuran_ARUs\RE03\SMM2-19_20260322_054600.wav
3309.0,3312.0,Corvus brachyrhynchos,American Crow,0.9931,D:\Bird_Anuran_ARUs\RE03\SMM2-19_20260322_054600.wav
3312.0,3315.0,Pipilo erythrophthalmus,Eastern Towhee,0.9994,D:\Bird_Anuran_ARUs\RE03\SMM2-19_20260322_054600.wav
3312.0,3315.0,Corvus brachyrhynchos,American Crow,0.9942,D:\Bird_Anuran_ARUs\RE03\SMM2-19_20260322_054600.wav
3312.0,3315.0,Geothlypis trichas,Common Yellowthroat,0.2992,D:\Bird_Anuran_ARUs\RE03\SMM2-19_20260322_054600.wav
3315.0,3318.0,Corvus brachyrhynchos,American Crow,0.9963,D:\Bird_Anuran_ARUs\RE03\SMM2-19_20260322_054600.wav
3315.0,3318.0,Pipilo erythrophthalmus,Eastern Towhee,0.9792,D:\Bird_Anuran_ARUs\RE03\SMM2-19_20260322_054600.wav
3318.0,3321.0,Zenaida macroura,Mourning Dove,0.6452,D:\Bird_Anuran_ARUs\RE03\SMM2-19_20260322_054600.wav
3318.0,3321.0,Pipilo erythrophthalmus,Eastern Towhee,0.5066,D:\Bird_Anuran_ARUs\RE03\SMM2-19_20260322_054600.wav
3321.0,3324.0,Pipilo erythrophthalmus,Eastern Towhee,0.9348,D:\Bird_Anuran_ARUs\RE03\SMM2-19_20260322_054600.wav
3324.0,3327.0,Pipilo erythrophthalmus,Eastern Towhee,0.8624,D:\Bird_Anuran_ARUs\RE03\SMM2-19_20260322_054600.wav
3327.0,3330.0,Pipilo erythrophthalmus,Eastern Towhee,0.9962,D:\Bird_Anuran_ARUs\RE03\SMM2-19_20260322_054600.wav
3327.0,3330.0,Corvus brachyrhynchos,American Crow,0.5117,D:\Bird_Anuran_ARUs\RE03\SMM2-19_20260322_054600.wav
3330.0,3333.0,Pipilo erythrophthalmus,Eastern Towhee,0.9455,D:\Bird_Anuran_ARUs\RE03\SMM2-19_20260322_054600.wav
3333.0,3336.0,Pipilo erythrophthalmus,Eastern Towhee,0.9916,D:\Bird_Anuran_ARUs\RE03\SMM2-19_20260322_054600.wav
3333.0,3336.0,Mniotilta varia,Black-and-white Warbler,0.7608,D:\Bird_Anuran_ARUs\RE03\SMM2-19_20260322_054600.wav
3333.0,3336.0,Corvus brachyrhynchos,American Crow,0.7537,D:\Bird_Anuran_ARUs\RE03\SMM2-19_20260322_054600.wav
3336.0,3339.0,Pipilo erythrophthalmus,Eastern Towhee,0.9990,D:\Bird_Anuran_ARUs\RE03\SMM2-19_20260322_054600.wav
3339.0,3342.0,Pipilo erythrophthalmus,Eastern Towhee,0.9145,D:\Bird_Anuran_ARUs\RE03\SMM2-19_20260322_054600.wav
3342.0,3345.0,Pipilo erythrophthalmus,Eastern Towhee,0.9789,D:\Bird_Anuran_ARUs\RE03\SMM2-19_20260322_054600.wav
3342.0,3345.0,Corvus brachyrhynchos,American Crow,0.9504,D:\Bird_Anuran_ARUs\RE03\SMM2-19_20260322_054600.wav
3345.0,3348.0,Pipilo erythrophthalmus,Eastern Towhee,0.9736,D:\Bird_Anuran_ARUs\RE03\SMM2-19_20260322_054600.wav
3345.0,3348.0,Corvus brachyrhynchos,American Crow,0.4188,D:\Bird_Anuran_ARUs\RE03\SMM2-19_20260322_054600.wav
3348.0,3351.0,Pipilo erythrophthalmus,Eastern Towhee,0.9532,D:\Bird_Anuran_ARUs\RE03\SMM2-19_20260322_054600.wav
3351.0,3354.0,Pipilo erythrophthalmus,Eastern Towhee,0.9979,D:\Bird_Anuran_ARUs\RE03\SMM2-19_20260322_054600.wav
3351.0,3354.0,Corvus brachyrhynchos,American Crow,0.9197,D:\Bird_Anuran_ARUs\RE03\SMM2-19_20260322_054600.wav
3351.0,3354.0,Zenaida macroura,Mourning Dove,0.2536,D:\Bird_Anuran_ARUs\RE03\SMM2-19_20260322_054600.wav
3354.0,3357.0,Pipilo erythrophthalmus,Eastern Towhee,0.9871,D:\Bird_Anuran_ARUs\RE03\SMM2-19_20260322_054600.wav
3354.0,3357.0,Corvus brachyrhynchos,American Crow,0.6207,D:\Bird_Anuran_ARUs\RE03\SMM2-19_20260322_054600.wav
3357.0,3360.0,Pipilo erythrophthalmus,Eastern Towhee,0.9998,D:\Bird_Anuran_ARUs\RE03\SMM2-19_20260322_054600.wav
3357.0,3360.0,Corvus brachyrhynchos,American Crow,0.9968,D:\Bird_Anuran_ARUs\RE03\SMM2-19_20260322_054600.wav
3360.0,3363.0,Pipilo erythrophthalmus,Eastern Towhee,0.9996,D:\Bird_Anuran_ARUs\RE03\SMM2-19_20260322_054600.wav
3360.0,3363.0,Corvus brachyrhynchos,American Crow,0.9703,D:\Bird_Anuran_ARUs\RE03\SMM2-19_20260322_054600.wav
3363.0,3366.0,Corvus brachyrhynchos,American Crow,0.9025,D:\Bird_Anuran_ARUs\RE03\SMM2-19_20260322_054600.wav
3363.0,3366.0,Pipilo erythrophthalmus,Eastern Towhee,0.8808,D:\Bird_Anuran_ARUs\RE03\SMM2-19_20260322_054600.wav
3363.0,3366.0,Zenaida macroura,Mourning Dove,0.2858,D:\Bird_Anuran_ARUs\RE03\SMM2-19_20260322_054600.wav
3366.0,3369.0,Pipilo erythrophthalmus,Eastern Towhee,0.9947,D:\Bird_Anuran_ARUs\RE03\SMM2-19_20260322_054600.wav
3366.0,3369.0,Corvus brachyrhynchos,American Crow,0.9833,D:\Bird_Anuran_ARUs\RE03\SMM2-19_20260322_054600.wav
3369.0,3372.0,Pipilo erythrophthalmus,Eastern Towhee,0.8585,D:\Bird_Anuran_ARUs\RE03\SMM2-19_20260322_054600.wav
3369.0,3372.0,Corvus brachyrhynchos,American Crow,0.6633,D:\Bird_Anuran_ARUs\RE03\SMM2-19_20260322_054600.wav
3369.0,3372.0,Cardinalis cardinalis,Northern Cardinal,0.4334,D:\Bird_Anuran_ARUs\RE03\SMM2-19_20260322_054600.wav
3372.0,3375.0,Pipilo erythrophthalmus,Eastern Towhee,0.9974,D:\Bird_Anuran_ARUs\RE03\SMM2-19_20260322_054600.wav
3375.0,3378.0,Zenaida macroura,Mourning Dove,0.8868,D:\Bird_Anuran_ARUs\RE03\SMM2-19_20260322_054600.wav
3378.0,3381.0,Pipilo erythrophthalmus,Eastern Towhee,0.4451,D:\Bird_Anuran_ARUs\RE03\SMM2-19_20260322_054600.wav
3381.0,3384.0,Pipilo erythrophthalmus,Eastern Towhee,0.9949,D:\Bird_Anuran_ARUs\RE03\SMM2-19_20260322_054600.wav
3381.0,3384.0,Corvus brachyrhynchos,American Crow,0.9761,D:\Bird_Anuran_ARUs\RE03\SMM2-19_20260322_054600.wav
3381.0,3384.0,Cardinalis cardinalis,Northern Cardinal,0.3969,D:\Bird_Anuran_ARUs\RE03\SMM2-19_20260322_054600.wav
3384.0,3387.0,Pipilo erythrophthalmus,Eastern Towhee,0.9655,D:\Bird_Anuran_ARUs\RE03\SMM2-19_20260322_054600.wav
3384.0,3387.0,Corvus brachyrhynchos,American Crow,0.4354,D:\Bird_Anuran_ARUs\RE03\SMM2-19_20260322_054600.wav
3384.0,3387.0,Zenaida macroura,Mourning Dove,0.2893,D:\Bird_Anuran_ARUs\RE03\SMM2-19_20260322_054600.wav
3387.0,3390.0,Pipilo erythrophthalmus,Eastern Towhee,0.9967,D:\Bird_Anuran_ARUs\RE03\SMM2-19_20260322_054600.wav
3387.0,3390.0,Corvus brachyrhynchos,American Crow,0.5343,D:\Bird_Anuran_ARUs\RE03\SMM2-19_20260322_054600.wav
3387.0,3390.0,Zenaida macroura,Mourning Dove,0.5145,D:\Bird_Anuran_ARUs\RE03\SMM2-19_20260322_054600.wav
3390.0,3393.0,Pipilo erythrophthalmus,Eastern Towhee,0.9923,D:\Bird_Anuran_ARUs\RE03\SMM2-19_20260322_054600.wav
3393.0,3396.0,Pipilo erythrophthalmus,Eastern Towhee,0.9217,D:\Bird_Anuran_ARUs\RE03\SMM2-19_20260322_054600.wav
3396.0,3399.0,Corvus brachyrhynchos,American Crow,0.9924,D:\Bird_Anuran_ARUs\RE03\SMM2-19_20260322_054600.wav
3396.0,3399.0,Pipilo erythrophthalmus,Eastern Towhee,0.9902,D:\Bird_Anuran_ARUs\RE03\SMM2-19_20260322_054600.wav
3396.0,3399.0,Baeolophus bicolor,Tufted Titmouse,0.2783,D:\Bird_Anuran_ARUs\RE03\SMM2-19_20260322_054600.wav
3399.0,3402.0,Corvus brachyrhynchos,American Crow,0.9690,D:\Bird_Anuran_ARUs\RE03\SMM2-19_20260322_054600.wav
3399.0,3402.0,Pipilo erythrophthalmus,Eastern Towhee,0.7556,D:\Bird_Anuran_ARUs\RE03\SMM2-19_20260322_054600.wav
3399.0,3402.0,Cardinalis cardinalis,Northern Cardinal,0.3161,D:\Bird_Anuran_ARUs\RE03\SMM2-19_20260322_054600.wav
3402.0,3405.0,Pipilo erythrophthalmus,Eastern Towhee,0.9985,D:\Bird_Anuran_ARUs\RE03\SMM2-19_20260322_054600.wav
3402.0,3405.0,Corvus brachyrhynchos,American Crow,0.9773,D:\Bird_Anuran_ARUs\RE03\SMM2-19_20260322_054600.wav
3402.0,3405.0,Zenaida macroura,Mourning Dove,0.2940,D:\Bird_Anuran_ARUs\RE03\SMM2-19_20260322_054600.wav
3405.0,3408.0,Corvus brachyrhynchos,American Crow,0.9934,D:\Bird_Anuran_ARUs\RE03\SMM2-19_20260322_054600.wav
3405.0,3408.0,Pipilo erythrophthalmus,Eastern Towhee,0.9856,D:\Bird_Anuran_ARUs\RE03\SMM2-19_20260322_054600.wav
3408.0,3411.0,Pipilo erythrophthalmus,Eastern Towhee,0.5633,D:\Bird_Anuran_ARUs\RE03\SMM2-19_20260322_054600.wav
3408.0,3411.0,Corvus brachyrhynchos,American Crow,0.5242,D:\Bird_Anuran_ARUs\RE03\SMM2-19_20260322_054600.wav
3408.0,3411.0,Molothrus ater,Brown-headed Cowbird,0.2623,D:\Bird_Anuran_ARUs\RE03\SMM2-19_20260322_054600.wav
3414.0,3417.0,Zenaida macroura,Mourning Dove,0.2501,D:\Bird_Anuran_ARUs\RE03\SMM2-19_20260322_054600.wav
3417.0,3420.0,Pipilo erythrophthalmus,Eastern Towhee,0.8538,D:\Bird_Anuran_ARUs\RE03\SMM2-19_20260322_054600.wav
3417.0,3420.0,Molothrus ater,Brown-headed Cowbird,0.2781,D:\Bird_Anuran_ARUs\RE03\SMM2-19_20260322_054600.wav
3420.0,3423.0,Corvus brachyrhynchos,American Crow,0.8747,D:\Bird_Anuran_ARUs\RE03\SMM2-19_20260322_054600.wav
3420.0,3423.0,Pipilo erythrophthalmus,Eastern Towhee,0.8653,D:\Bird_Anuran_ARUs\RE03\SMM2-19_20260322_054600.wav
3423.0,3426.0,Pipilo erythrophthalmus,Eastern Towhee,0.9807,D:\Bird_Anuran_ARUs\RE03\SMM2-19_20260322_054600.wav
3426.0,3429.0,Pipilo erythrophthalmus,Eastern Towhee,0.8329,D:\Bird_Anuran_ARUs\RE03\SMM2-19_20260322_054600.wav
3426.0,3429.0,Corvus brachyrhynchos,American Crow,0.2856,D:\Bird_Anuran_ARUs\RE03\SMM2-19_20260322_054600.wav
3429.0,3432.0,Pipilo erythrophthalmus,Eastern Towhee,0.8791,D:\Bird_Anuran_ARUs\RE03\SMM2-19_20260322_054600.wav
3429.0,3432.0,Zenaida macroura,Mourning Dove,0.2580,D:\Bird_Anuran_ARUs\RE03\SMM2-19_20260322_054600.wav
3432.0,3435.0,Pipilo erythrophthalmus,Eastern Towhee,0.9302,D:\Bird_Anuran_ARUs\RE03\SMM2-19_20260322_054600.wav
3435.0,3438.0,Pipilo erythrophthalmus,Eastern Towhee,0.9315,D:\Bird_Anuran_ARUs\RE03\SMM2-19_20260322_054600.wav
3438.0,3441.0,Pipilo erythrophthalmus,Eastern Towhee,0.9112,D:\Bird_Anuran_ARUs\RE03\SMM2-19_20260322_054600.wav
3441.0,3444.0,Pipilo erythrophthalmus,Eastern Towhee,0.9142,D:\Bird_Anuran_ARUs\RE03\SMM2-19_20260322_054600.wav
3441.0,3444.0,Zenaida macroura,Mourning Dove,0.3991,D:\Bird_Anuran_ARUs\RE03\SMM2-19_20260322_054600.wav
3444.0,3447.0,Pipilo erythrophthalmus,Eastern Towhee,0.4295,D:\Bird_Anuran_ARUs\RE03\SMM2-19_20260322_054600.wav
3450.0,3453.0,Pipilo erythrophthalmus,Eastern Towhee,0.9966,D:\Bird_Anuran_ARUs\RE03\SMM2-19_20260322_054600.wav
3450.0,3453.0,Corvus brachyrhynchos,American Crow,0.5187,D:\Bird_Anuran_ARUs\RE03\SMM2-19_20260322_054600.wav
3453.0,3456.0,Pipilo erythrophthalmus,Eastern Towhee,0.5158,D:\Bird_Anuran_ARUs\RE03\SMM2-19_20260322_054600.wav
3456.0,3459.0,Pipilo erythrophthalmus,Eastern Towhee,0.2742,D:\Bird_Anuran_ARUs\RE03\SMM2-19_20260322_054600.wav
3459.0,3462.0,Pipilo erythrophthalmus,Eastern Towhee,0.9914,D:\Bird_Anuran_ARUs\RE03\SMM2-19_20260322_054600.wav
3459.0,3462.0,Corvus brachyrhynchos,American Crow,0.7763,D:\Bird_Anuran_ARUs\RE03\SMM2-19_20260322_054600.wav
3462.0,3465.0,Pipilo erythrophthalmus,Eastern Towhee,0.7087,D:\Bird_Anuran_ARUs\RE03\SMM2-19_20260322_054600.wav
3465.0,3468.0,Pipilo erythrophthalmus,Eastern Towhee,0.9945,D:\Bird_Anuran_ARUs\RE03\SMM2-19_20260322_054600.wav
3465.0,3468.0,Corvus brachyrhynchos,American Crow,0.4588,D:\Bird_Anuran_ARUs\RE03\SMM2-19_20260322_054600.wav
3474.0,3477.0,Pipilo erythrophthalmus,Eastern Towhee,0.7794,D:\Bird_Anuran_ARUs\RE03\SMM2-19_20260322_054600.wav
3474.0,3477.0,Zenaida macroura,Mourning Dove,0.6132,D:\Bird_Anuran_ARUs\RE03\SMM2-19_20260322_054600.wav
3480.0,3483.0,Pipilo erythrophthalmus,Eastern Towhee,0.5906,D:\Bird_Anuran_ARUs\RE03\SMM2-19_20260322_054600.wav
3483.0,3486.0,Corvus brachyrhynchos,American Crow,0.6328,D:\Bird_Anuran_ARUs\RE03\SMM2-19_20260322_054600.wav
3483.0,3486.0,Molothrus ater,Brown-headed Cowbird,0.3426,D:\Bird_Anuran_ARUs\RE03\SMM2-19_20260322_054600.wav
3483.0,3486.0,Pipilo erythrophthalmus,Eastern Towhee,0.2974,D:\Bird_Anuran_ARUs\RE03\SMM2-19_20260322_054600.wav
3486.0,3489.0,Corvus brachyrhynchos,American Crow,0.3605,D:\Bird_Anuran_ARUs\RE03\SMM2-19_20260322_054600.wav
3492.0,3495.0,Pipilo erythrophthalmus,Eastern Towhee,0.9192,D:\Bird_Anuran_ARUs\RE03\SMM2-19_20260322_054600.wav
3498.0,3501.0,Corvus brachyrhynchos,American Crow,0.2772,D:\Bird_Anuran_ARUs\RE03\SMM2-19_20260322_054600.wav
3501.0,3504.0,Pipilo erythrophthalmus,Eastern Towhee,0.7286,D:\Bird_Anuran_ARUs\RE03\SMM2-19_20260322_054600.wav
3501.0,3504.0,Colaptes auratus,Northern Flicker,0.3915,D:\Bird_Anuran_ARUs\RE03\SMM2-19_20260322_054600.wav
3504.0,3507.0,Pipilo erythrophthalmus,Eastern Towhee,0.6686,D:\Bird_Anuran_ARUs\RE03\SMM2-19_20260322_054600.wav
3504.0,3507.0,Zenaida macroura,Mourning Dove,0.4566,D:\Bird_Anuran_ARUs\RE03\SMM2-19_20260322_054600.wav
3507.0,3510.0,Corvus brachyrhynchos,American Crow,0.8246,D:\Bird_Anuran_ARUs\RE03\SMM2-19_20260322_054600.wav
3507.0,3510.0,Mniotilta varia,Black-and-white Warbler,0.3020,D:\Bird_Anuran_ARUs\RE03\SMM2-19_20260322_054600.wav
3510.0,3513.0,Molothrus ater,Brown-headed Cowbird,0.9564,D:\Bird_Anuran_ARUs\RE03\SMM2-19_20260322_054600.wav
3513.0,3516.0,Colaptes auratus,Northern Flicker,0.3239,D:\Bird_Anuran_ARUs\RE03\SMM2-19_20260322_054600.wav
3516.0,3519.0,Pipilo erythrophthalmus,Eastern Towhee,0.9847,D:\Bird_Anuran_ARUs\RE03\SMM2-19_20260322_054600.wav
3516.0,3519.0,Corvus brachyrhynchos,American Crow,0.7988,D:\Bird_Anuran_ARUs\RE03\SMM2-19_20260322_054600.wav
3519.0,3522.0,Pipilo erythrophthalmus,Eastern Towhee,0.9977,D:\Bird_Anuran_ARUs\RE03\SMM2-19_20260322_054600.wav
3519.0,3522.0,Corvus brachyrhynchos,American Crow,0.8873,D:\Bird_Anuran_ARUs\RE03\SMM2-19_20260322_054600.wav
3522.0,3525.0,Pipilo erythrophthalmus,Eastern Towhee,0.6590,D:\Bird_Anuran_ARUs\RE03\SMM2-19_20260322_054600.wav
3522.0,3525.0,Corvus brachyrhynchos,American Crow,0.4735,D:\Bird_Anuran_ARUs\RE03\SMM2-19_20260322_054600.wav
3528.0,3531.0,Pipilo erythrophthalmus,Eastern Towhee,0.6330,D:\Bird_Anuran_ARUs\RE03\SMM2-19_20260322_054600.wav
3528.0,3531.0,Colaptes auratus,Northern Flicker,0.3192,D:\Bird_Anuran_ARUs\RE03\SMM2-19_20260322_054600.wav
3531.0,3534.0,Pipilo erythrophthalmus,Eastern Towhee,0.7063,D:\Bird_Anuran_ARUs\RE03\SMM2-19_20260322_054600.wav
3534.0,3537.0,Pipilo erythrophthalmus,Eastern Towhee,0.7958,D:\Bird_Anuran_ARUs\RE03\SMM2-19_20260322_054600.wav
3540.0,3543.0,Pipilo erythrophthalmus,Eastern Towhee,0.8587,D:\Bird_Anuran_ARUs\RE03\SMM2-19_20260322_054600.wav
3543.0,3546.0,Pipilo erythrophthalmus,Eastern Towhee,0.6973,D:\Bird_Anuran_ARUs\RE03\SMM2-19_20260322_054600.wav
3546.0,3549.0,Pipilo erythrophthalmus,Eastern Towhee,0.9303,D:\Bird_Anuran_ARUs\RE03\SMM2-19_20260322_054600.wav
3546.0,3549.0,Corvus brachyrhynchos,American Crow,0.8309,D:\Bird_Anuran_ARUs\RE03\SMM2-19_20260322_054600.wav
3555.0,3558.0,Zenaida macroura,Mourning Dove,0.3306,D:\Bird_Anuran_ARUs\RE03\SMM2-19_20260322_054600.wav
3558.0,3561.0,Zenaida macroura,Mourning Dove,0.5739,D:\Bird_Anuran_ARUs\RE03\SMM2-19_20260322_054600.wav
3561.0,3564.0,Pipilo erythrophthalmus,Eastern Towhee,0.7843,D:\Bird_Anuran_ARUs\RE03\SMM2-19_20260322_054600.wav
3570.0,3573.0,Pipilo erythrophthalmus,Eastern Towhee,0.7902,D:\Bird_Anuran_ARUs\RE03\SMM2-19_20260322_054600.wav
3570.0,3573.0,Zenaida macroura,Mourning Dove,0.2653,D:\Bird_Anuran_ARUs\RE03\SMM2-19_20260322_054600.wav
3576.0,3579.0,Pipilo erythrophthalmus,Eastern Towhee,0.9171,D:\Bird_Anuran_ARUs\RE03\SMM2-19_20260322_054600.wav
3579.0,3582.0,Pipilo erythrophthalmus,Eastern Towhee,0.7866,D:\Bird_Anuran_ARUs\RE03\SMM2-19_20260322_054600.wav
3582.0,3585.0,Pipilo erythrophthalmus,Eastern Towhee,0.8886,D:\Bird_Anuran_ARUs\RE03\SMM2-19_20260322_054600.wav
3582.0,3585.0,Zenaida macroura,Mourning Dove,0.3644,D:\Bird_Anuran_ARUs\RE03\SMM2-19_20260322_054600.wav
3591.0,3594.0,Zenaida macroura,Mourning Dove,0.6436,D:\Bird_Anuran_ARUs\RE03\SMM2-19_20260322_054600.wav
3591.0,3594.0,Pipilo erythrophthalmus,Eastern Towhee,0.3370,D:\Bird_Anuran_ARUs\RE03\SMM2-19_20260322_054600.wav
3594.0,3597.0,Zenaida macroura,Mourning Dove,0.8588,D:\Bird_Anuran_ARUs\RE03\SMM2-19_20260322_054600.wav
3597.0,3600.0,Geothlypis trichas,Common Yellowthroat,0.2834,D:\Bird_Anuran_ARUs\RE03\SMM2-19_20260322_054600.wav
