Start (s),End (s),Scientific name,Common name,Confidence,File
3.0,6.0,Pseudacris brimleyi,Brimley's Chorus Frog,0.6416,D:\Bird_Anuran_ARUs\RE03\SMM2-19_20260310_060300.wav
18.0,21.0,Meleagris gallopavo,Wild Turkey,0.9291,D:\Bird_Anuran_ARUs\RE03\SMM2-19_20260310_060300.wav
21.0,24.0,Meleagris gallopavo,Wild Turkey,0.6319,D:\Bird_Anuran_ARUs\RE03\SMM2-19_20260310_060300.wav
21.0,24.0,Zenaida macroura,Mourning Dove,0.3651,D:\Bird_Anuran_ARUs\RE03\SMM2-19_20260310_060300.wav
36.0,39.0,Zenaida macroura,Mourning Dove,0.6843,D:\Bird_Anuran_ARUs\RE03\SMM2-19_20260310_060300.wav
39.0,42.0,Meleagris gallopavo,Wild Turkey,0.9203,D:\Bird_Anuran_ARUs\RE03\SMM2-19_20260310_060300.wav
48.0,51.0,Zenaida macroura,Mourning Dove,0.2589,D:\Bird_Anuran_ARUs\RE03\SMM2-19_20260310_060300.wav
57.0,60.0,Zenaida macroura,Mourning Dove,0.3214,D:\Bird_Anuran_ARUs\RE03\SMM2-19_20260310_060300.wav
63.0,66.0,Meleagris gallopavo,Wild Turkey,0.5613,D:\Bird_Anuran_ARUs\RE03\SMM2-19_20260310_060300.wav
81.0,84.0,Meleagris gallopavo,Wild Turkey,0.5953,D:\Bird_Anuran_ARUs\RE03\SMM2-19_20260310_060300.wav
84.0,87.0,Meleagris gallopavo,Wild Turkey,0.8181,D:\Bird_Anuran_ARUs\RE03\SMM2-19_20260310_060300.wav
87.0,90.0,Meleagris gallopavo,Wild Turkey,0.7117,D:\Bird_Anuran_ARUs\RE03\SMM2-19_20260310_060300.wav
105.0,108.0,Pipilo erythrophthalmus,Eastern Towhee,0.3902,D:\Bird_Anuran_ARUs\RE03\SMM2-19_20260310_060300.wav
108.0,111.0,Meleagris gallopavo,Wild Turkey,0.7801,D:\Bird_Anuran_ARUs\RE03\SMM2-19_20260310_060300.wav
111.0,114.0,Meleagris gallopavo,Wild Turkey,0.8918,D:\Bird_Anuran_ARUs\RE03\SMM2-19_20260310_060300.wav
114.0,117.0,Meleagris gallopavo,Wild Turkey,0.5394,D:\Bird_Anuran_ARUs\RE03\SMM2-19_20260310_060300.wav
117.0,120.0,Meleagris gallopavo,Wild Turkey,0.3045,D:\Bird_Anuran_ARUs\RE03\SMM2-19_20260310_060300.wav
120.0,123.0,Meleagris gallopavo,Wild Turkey,0.7960,D:\Bird_Anuran_ARUs\RE03\SMM2-19_20260310_060300.wav
120.0,123.0,Poecile carolinensis,Carolina Chickadee,0.2604,D:\Bird_Anuran_ARUs\RE03\SMM2-19_20260310_060300.wav
135.0,138.0,Corvus brachyrhynchos,American Crow,0.6345,D:\Bird_Anuran_ARUs\RE03\SMM2-19_20260310_060300.wav
141.0,144.0,Meleagris gallopavo,Wild Turkey,0.3522,D:\Bird_Anuran_ARUs\RE03\SMM2-19_20260310_060300.wav
141.0,144.0,Corvus brachyrhynchos,American Crow,0.3469,D:\Bird_Anuran_ARUs\RE03\SMM2-19_20260310_060300.wav
150.0,153.0,Meleagris gallopavo,Wild Turkey,0.9007,D:\Bird_Anuran_ARUs\RE03\SMM2-19_20260310_060300.wav
156.0,159.0,Meleagris gallopavo,Wild Turkey,0.5647,D:\Bird_Anuran_ARUs\RE03\SMM2-19_20260310_060300.wav
159.0,162.0,Meleagris gallopavo,Wild Turkey,0.3975,D:\Bird_Anuran_ARUs\RE03\SMM2-19_20260310_060300.wav
165.0,168.0,Meleagris gallopavo,Wild Turkey,0.9644,D:\Bird_Anuran_ARUs\RE03\SMM2-19_20260310_060300.wav
168.0,171.0,Meleagris gallopavo,Wild Turkey,0.5227,D:\Bird_Anuran_ARUs\RE03\SMM2-19_20260310_060300.wav
168.0,171.0,Corvus brachyrhynchos,American Crow,0.3718,D:\Bird_Anuran_ARUs\RE03\SMM2-19_20260310_060300.wav
171.0,174.0,Corvus brachyrhynchos,American Crow,0.4225,D:\Bird_Anuran_ARUs\RE03\SMM2-19_20260310_060300.wav
174.0,177.0,Corvus brachyrhynchos,American Crow,0.4540,D:\Bird_Anuran_ARUs\RE03\SMM2-19_20260310_060300.wav
177.0,180.0,Cardinalis cardinalis,Northern Cardinal,0.5323,D:\Bird_Anuran_ARUs\RE03\SMM2-19_20260310_060300.wav
177.0,180.0,Pipilo erythrophthalmus,Eastern Towhee,0.3243,D:\Bird_Anuran_ARUs\RE03\SMM2-19_20260310_060300.wav
180.0,183.0,Corvus brachyrhynchos,American Crow,0.5594,D:\Bird_Anuran_ARUs\RE03\SMM2-19_20260310_060300.wav
183.0,186.0,Corvus brachyrhynchos,American Crow,0.6618,D:\Bird_Anuran_ARUs\RE03\SMM2-19_20260310_060300.wav
186.0,189.0,Meleagris gallopavo,Wild Turkey,0.9886,D:\Bird_Anuran_ARUs\RE03\SMM2-19_20260310_060300.wav
186.0,189.0,Corvus brachyrhynchos,American Crow,0.3095,D:\Bird_Anuran_ARUs\RE03\SMM2-19_20260310_060300.wav
189.0,192.0,Meleagris gallopavo,Wild Turkey,0.9014,D:\Bird_Anuran_ARUs\RE03\SMM2-19_20260310_060300.wav
192.0,195.0,Meleagris gallopavo,Wild Turkey,0.9722,D:\Bird_Anuran_ARUs\RE03\SMM2-19_20260310_060300.wav
195.0,198.0,Meleagris gallopavo,Wild Turkey,0.9953,D:\Bird_Anuran_ARUs\RE03\SMM2-19_20260310_060300.wav
201.0,204.0,Cardinalis cardinalis,Northern Cardinal,0.4105,D:\Bird_Anuran_ARUs\RE03\SMM2-19_20260310_060300.wav
201.0,204.0,Pipilo erythrophthalmus,Eastern Towhee,0.3022,D:\Bird_Anuran_ARUs\RE03\SMM2-19_20260310_060300.wav
201.0,204.0,Corvus brachyrhynchos,American Crow,0.2526,D:\Bird_Anuran_ARUs\RE03\SMM2-19_20260310_060300.wav
204.0,207.0,Corvus brachyrhynchos,American Crow,0.5578,D:\Bird_Anuran_ARUs\RE03\SMM2-19_20260310_060300.wav
207.0,210.0,Corvus brachyrhynchos,American Crow,0.2809,D:\Bird_Anuran_ARUs\RE03\SMM2-19_20260310_060300.wav
213.0,216.0,Corvus brachyrhynchos,American Crow,0.5185,D:\Bird_Anuran_ARUs\RE03\SMM2-19_20260310_060300.wav
213.0,216.0,Meleagris gallopavo,Wild Turkey,0.4112,D:\Bird_Anuran_ARUs\RE03\SMM2-19_20260310_060300.wav
216.0,219.0,Meleagris gallopavo,Wild Turkey,0.9869,D:\Bird_Anuran_ARUs\RE03\SMM2-19_20260310_060300.wav
222.0,225.0,Corvus brachyrhynchos,American Crow,0.5066,D:\Bird_Anuran_ARUs\RE03\SMM2-19_20260310_060300.wav
225.0,228.0,Meleagris gallopavo,Wild Turkey,0.9951,D:\Bird_Anuran_ARUs\RE03\SMM2-19_20260310_060300.wav
228.0,231.0,Cardinalis cardinalis,Northern Cardinal,0.2821,D:\Bird_Anuran_ARUs\RE03\SMM2-19_20260310_060300.wav
231.0,234.0,Meleagris gallopavo,Wild Turkey,0.8797,D:\Bird_Anuran_ARUs\RE03\SMM2-19_20260310_060300.wav
231.0,234.0,Corvus brachyrhynchos,American Crow,0.3201,D:\Bird_Anuran_ARUs\RE03\SMM2-19_20260310_060300.wav
234.0,237.0,Corvus brachyrhynchos,American Crow,0.6068,D:\Bird_Anuran_ARUs\RE03\SMM2-19_20260310_060300.wav
237.0,240.0,Corvus brachyrhynchos,American Crow,0.9154,D:\Bird_Anuran_ARUs\RE03\SMM2-19_20260310_060300.wav
237.0,240.0,Cardinalis cardinalis,Northern Cardinal,0.2960,D:\Bird_Anuran_ARUs\RE03\SMM2-19_20260310_060300.wav
240.0,243.0,Cardinalis cardinalis,Northern Cardinal,0.6055,D:\Bird_Anuran_ARUs\RE03\SMM2-19_20260310_060300.wav
240.0,243.0,Corvus brachyrhynchos,American Crow,0.3307,D:\Bird_Anuran_ARUs\RE03\SMM2-19_20260310_060300.wav
243.0,246.0,Cardinalis cardinalis,Northern Cardinal,0.8157,D:\Bird_Anuran_ARUs\RE03\SMM2-19_20260310_060300.wav
249.0,252.0,Cardinalis cardinalis,Northern Cardinal,0.3383,D:\Bird_Anuran_ARUs\RE03\SMM2-19_20260310_060300.wav
252.0,255.0,Corvus brachyrhynchos,American Crow,0.9018,D:\Bird_Anuran_ARUs\RE03\SMM2-19_20260310_060300.wav
252.0,255.0,Meleagris gallopavo,Wild Turkey,0.5367,D:\Bird_Anuran_ARUs\RE03\SMM2-19_20260310_060300.wav
252.0,255.0,Cardinalis cardinalis,Northern Cardinal,0.4893,D:\Bird_Anuran_ARUs\RE03\SMM2-19_20260310_060300.wav
255.0,258.0,Meleagris gallopavo,Wild Turkey,0.9772,D:\Bird_Anuran_ARUs\RE03\SMM2-19_20260310_060300.wav
258.0,261.0,Corvus brachyrhynchos,American Crow,0.4604,D:\Bird_Anuran_ARUs\RE03\SMM2-19_20260310_060300.wav
258.0,261.0,Meleagris gallopavo,Wild Turkey,0.2989,D:\Bird_Anuran_ARUs\RE03\SMM2-19_20260310_060300.wav
261.0,264.0,Corvus brachyrhynchos,American Crow,0.6105,D:\Bird_Anuran_ARUs\RE03\SMM2-19_20260310_060300.wav
264.0,267.0,Cardinalis cardinalis,Northern Cardinal,0.8431,D:\Bird_Anuran_ARUs\RE03\SMM2-19_20260310_060300.wav
264.0,267.0,Meleagris gallopavo,Wild Turkey,0.5709,D:\Bird_Anuran_ARUs\RE03\SMM2-19_20260310_060300.wav
264.0,267.0,Corvus brachyrhynchos,American Crow,0.3115,D:\Bird_Anuran_ARUs\RE03\SMM2-19_20260310_060300.wav
267.0,270.0,Meleagris gallopavo,Wild Turkey,0.9946,D:\Bird_Anuran_ARUs\RE03\SMM2-19_20260310_060300.wav
270.0,273.0,Corvus brachyrhynchos,American Crow,0.7272,D:\Bird_Anuran_ARUs\RE03\SMM2-19_20260310_060300.wav
270.0,273.0,Pipilo erythrophthalmus,Eastern Towhee,0.4405,D:\Bird_Anuran_ARUs\RE03\SMM2-19_20260310_060300.wav
270.0,273.0,Cardinalis cardinalis,Northern Cardinal,0.3511,D:\Bird_Anuran_ARUs\RE03\SMM2-19_20260310_060300.wav
273.0,276.0,Corvus brachyrhynchos,American Crow,0.7364,D:\Bird_Anuran_ARUs\RE03\SMM2-19_20260310_060300.wav
276.0,279.0,Cardinalis cardinalis,Northern Cardinal,0.3372,D:\Bird_Anuran_ARUs\RE03\SMM2-19_20260310_060300.wav
279.0,282.0,Corvus brachyrhynchos,American Crow,0.8555,D:\Bird_Anuran_ARUs\RE03\SMM2-19_20260310_060300.wav
279.0,282.0,Cardinalis cardinalis,Northern Cardinal,0.7792,D:\Bird_Anuran_ARUs\RE03\SMM2-19_20260310_060300.wav
282.0,285.0,Meleagris gallopavo,Wild Turkey,0.9587,D:\Bird_Anuran_ARUs\RE03\SMM2-19_20260310_060300.wav
285.0,288.0,Meleagris gallopavo,Wild Turkey,0.9269,D:\Bird_Anuran_ARUs\RE03\SMM2-19_20260310_060300.wav
285.0,288.0,Corvus brachyrhynchos,American Crow,0.8037,D:\Bird_Anuran_ARUs\RE03\SMM2-19_20260310_060300.wav
285.0,288.0,Cardinalis cardinalis,Northern Cardinal,0.4933,D:\Bird_Anuran_ARUs\RE03\SMM2-19_20260310_060300.wav
288.0,291.0,Cardinalis cardinalis,Northern Cardinal,0.9414,D:\Bird_Anuran_ARUs\RE03\SMM2-19_20260310_060300.wav
291.0,294.0,Meleagris gallopavo,Wild Turkey,0.9108,D:\Bird_Anuran_ARUs\RE03\SMM2-19_20260310_060300.wav
291.0,294.0,Coccyzus americanus,Yellow-billed Cuckoo,0.3766,D:\Bird_Anuran_ARUs\RE03\SMM2-19_20260310_060300.wav
291.0,294.0,Corvus brachyrhynchos,American Crow,0.2789,D:\Bird_Anuran_ARUs\RE03\SMM2-19_20260310_060300.wav
294.0,297.0,Corvus brachyrhynchos,American Crow,0.8760,D:\Bird_Anuran_ARUs\RE03\SMM2-19_20260310_060300.wav
294.0,297.0,Pipilo erythrophthalmus,Eastern Towhee,0.5010,D:\Bird_Anuran_ARUs\RE03\SMM2-19_20260310_060300.wav
297.0,300.0,Pipilo erythrophthalmus,Eastern Towhee,0.8418,D:\Bird_Anuran_ARUs\RE03\SMM2-19_20260310_060300.wav
297.0,300.0,Corvus brachyrhynchos,American Crow,0.8282,D:\Bird_Anuran_ARUs\RE03\SMM2-19_20260310_060300.wav
297.0,300.0,Piranga olivacea,Scarlet Tanager,0.3367,D:\Bird_Anuran_ARUs\RE03\SMM2-19_20260310_060300.wav
300.0,303.0,Meleagris gallopavo,Wild Turkey,0.7709,D:\Bird_Anuran_ARUs\RE03\SMM2-19_20260310_060300.wav
303.0,306.0,Corvus brachyrhynchos,American Crow,0.6963,D:\Bird_Anuran_ARUs\RE03\SMM2-19_20260310_060300.wav
303.0,306.0,Pipilo erythrophthalmus,Eastern Towhee,0.4221,D:\Bird_Anuran_ARUs\RE03\SMM2-19_20260310_060300.wav
309.0,312.0,Zenaida macroura,Mourning Dove,0.7681,D:\Bird_Anuran_ARUs\RE03\SMM2-19_20260310_060300.wav
312.0,315.0,Pipilo erythrophthalmus,Eastern Towhee,0.3128,D:\Bird_Anuran_ARUs\RE03\SMM2-19_20260310_060300.wav
312.0,315.0,Corvus brachyrhynchos,American Crow,0.3030,D:\Bird_Anuran_ARUs\RE03\SMM2-19_20260310_060300.wav
315.0,318.0,Corvus brachyrhynchos,American Crow,0.6050,D:\Bird_Anuran_ARUs\RE03\SMM2-19_20260310_060300.wav
318.0,321.0,Corvus brachyrhynchos,American Crow,0.9299,D:\Bird_Anuran_ARUs\RE03\SMM2-19_20260310_060300.wav
318.0,321.0,Pipilo erythrophthalmus,Eastern Towhee,0.3914,D:\Bird_Anuran_ARUs\RE03\SMM2-19_20260310_060300.wav
321.0,324.0,Meleagris gallopavo,Wild Turkey,0.2740,D:\Bird_Anuran_ARUs\RE03\SMM2-19_20260310_060300.wav
324.0,327.0,Corvus brachyrhynchos,American Crow,0.7713,D:\Bird_Anuran_ARUs\RE03\SMM2-19_20260310_060300.wav
327.0,330.0,Corvus brachyrhynchos,American Crow,0.4183,D:\Bird_Anuran_ARUs\RE03\SMM2-19_20260310_060300.wav
327.0,330.0,Zenaida macroura,Mourning Dove,0.3184,D:\Bird_Anuran_ARUs\RE03\SMM2-19_20260310_060300.wav
330.0,333.0,Meleagris gallopavo,Wild Turkey,0.5212,D:\Bird_Anuran_ARUs\RE03\SMM2-19_20260310_060300.wav
330.0,333.0,Cardinalis cardinalis,Northern Cardinal,0.3372,D:\Bird_Anuran_ARUs\RE03\SMM2-19_20260310_060300.wav
336.0,339.0,Corvus brachyrhynchos,American Crow,0.2581,D:\Bird_Anuran_ARUs\RE03\SMM2-19_20260310_060300.wav
345.0,348.0,Zenaida macroura,Mourning Dove,0.2547,D:\Bird_Anuran_ARUs\RE03\SMM2-19_20260310_060300.wav
348.0,351.0,Cardinalis cardinalis,Northern Cardinal,0.6781,D:\Bird_Anuran_ARUs\RE03\SMM2-19_20260310_060300.wav
351.0,354.0,Corvus brachyrhynchos,American Crow,0.5087,D:\Bird_Anuran_ARUs\RE03\SMM2-19_20260310_060300.wav
354.0,357.0,Corvus brachyrhynchos,American Crow,0.4327,D:\Bird_Anuran_ARUs\RE03\SMM2-19_20260310_060300.wav
357.0,360.0,Cardinalis cardinalis,Northern Cardinal,0.2970,D:\Bird_Anuran_ARUs\RE03\SMM2-19_20260310_060300.wav
360.0,363.0,Cardinalis cardinalis,Northern Cardinal,0.6905,D:\Bird_Anuran_ARUs\RE03\SMM2-19_20260310_060300.wav
360.0,363.0,Corvus brachyrhynchos,American Crow,0.6303,D:\Bird_Anuran_ARUs\RE03\SMM2-19_20260310_060300.wav
363.0,366.0,Meleagris gallopavo,Wild Turkey,0.5176,D:\Bird_Anuran_ARUs\RE03\SMM2-19_20260310_060300.wav
363.0,366.0,Corvus brachyrhynchos,American Crow,0.3074,D:\Bird_Anuran_ARUs\RE03\SMM2-19_20260310_060300.wav
366.0,369.0,Corvus brachyrhynchos,American Crow,0.6539,D:\Bird_Anuran_ARUs\RE03\SMM2-19_20260310_060300.wav
366.0,369.0,Pipilo erythrophthalmus,Eastern Towhee,0.6423,D:\Bird_Anuran_ARUs\RE03\SMM2-19_20260310_060300.wav
366.0,369.0,Meleagris gallopavo,Wild Turkey,0.2557,D:\Bird_Anuran_ARUs\RE03\SMM2-19_20260310_060300.wav
369.0,372.0,Corvus brachyrhynchos,American Crow,0.6080,D:\Bird_Anuran_ARUs\RE03\SMM2-19_20260310_060300.wav
369.0,372.0,Pipilo erythrophthalmus,Eastern Towhee,0.3666,D:\Bird_Anuran_ARUs\RE03\SMM2-19_20260310_060300.wav
372.0,375.0,Cardinalis cardinalis,Northern Cardinal,0.5237,D:\Bird_Anuran_ARUs\RE03\SMM2-19_20260310_060300.wav
375.0,378.0,Corvus brachyrhynchos,American Crow,0.5796,D:\Bird_Anuran_ARUs\RE03\SMM2-19_20260310_060300.wav
381.0,384.0,Corvus brachyrhynchos,American Crow,0.9531,D:\Bird_Anuran_ARUs\RE03\SMM2-19_20260310_060300.wav
390.0,393.0,Corvus brachyrhynchos,American Crow,0.7601,D:\Bird_Anuran_ARUs\RE03\SMM2-19_20260310_060300.wav
393.0,396.0,Corvus brachyrhynchos,American Crow,0.4598,D:\Bird_Anuran_ARUs\RE03\SMM2-19_20260310_060300.wav
393.0,396.0,Meleagris gallopavo,Wild Turkey,0.3761,D:\Bird_Anuran_ARUs\RE03\SMM2-19_20260310_060300.wav
399.0,402.0,Corvus brachyrhynchos,American Crow,0.9484,D:\Bird_Anuran_ARUs\RE03\SMM2-19_20260310_060300.wav
402.0,405.0,Cardinalis cardinalis,Northern Cardinal,0.2553,D:\Bird_Anuran_ARUs\RE03\SMM2-19_20260310_060300.wav
408.0,411.0,Corvus brachyrhynchos,American Crow,0.8490,D:\Bird_Anuran_ARUs\RE03\SMM2-19_20260310_060300.wav
414.0,417.0,Corvus brachyrhynchos,American Crow,0.5417,D:\Bird_Anuran_ARUs\RE03\SMM2-19_20260310_060300.wav
414.0,417.0,Cardinalis cardinalis,Northern Cardinal,0.4156,D:\Bird_Anuran_ARUs\RE03\SMM2-19_20260310_060300.wav
423.0,426.0,Corvus brachyrhynchos,American Crow,0.7632,D:\Bird_Anuran_ARUs\RE03\SMM2-19_20260310_060300.wav
426.0,429.0,Cardinalis cardinalis,Northern Cardinal,0.8109,D:\Bird_Anuran_ARUs\RE03\SMM2-19_20260310_060300.wav
429.0,432.0,Corvus brachyrhynchos,American Crow,0.8938,D:\Bird_Anuran_ARUs\RE03\SMM2-19_20260310_060300.wav
429.0,432.0,Cardinalis cardinalis,Northern Cardinal,0.3581,D:\Bird_Anuran_ARUs\RE03\SMM2-19_20260310_060300.wav
432.0,435.0,Corvus brachyrhynchos,American Crow,0.5895,D:\Bird_Anuran_ARUs\RE03\SMM2-19_20260310_060300.wav
438.0,441.0,Corvus brachyrhynchos,American Crow,0.9166,D:\Bird_Anuran_ARUs\RE03\SMM2-19_20260310_060300.wav
441.0,444.0,Cardinalis cardinalis,Northern Cardinal,0.8669,D:\Bird_Anuran_ARUs\RE03\SMM2-19_20260310_060300.wav
441.0,444.0,Coccyzus americanus,Yellow-billed Cuckoo,0.3103,D:\Bird_Anuran_ARUs\RE03\SMM2-19_20260310_060300.wav
447.0,450.0,Cardinalis cardinalis,Northern Cardinal,0.5753,D:\Bird_Anuran_ARUs\RE03\SMM2-19_20260310_060300.wav
447.0,450.0,Meleagris gallopavo,Wild Turkey,0.4866,D:\Bird_Anuran_ARUs\RE03\SMM2-19_20260310_060300.wav
450.0,453.0,Corvus brachyrhynchos,American Crow,0.3724,D:\Bird_Anuran_ARUs\RE03\SMM2-19_20260310_060300.wav
453.0,456.0,Corvus brachyrhynchos,American Crow,0.8769,D:\Bird_Anuran_ARUs\RE03\SMM2-19_20260310_060300.wav
453.0,456.0,Cardinalis cardinalis,Northern Cardinal,0.8606,D:\Bird_Anuran_ARUs\RE03\SMM2-19_20260310_060300.wav
456.0,459.0,Cardinalis cardinalis,Northern Cardinal,0.8906,D:\Bird_Anuran_ARUs\RE03\SMM2-19_20260310_060300.wav
456.0,459.0,Coccyzus americanus,Yellow-billed Cuckoo,0.3167,D:\Bird_Anuran_ARUs\RE03\SMM2-19_20260310_060300.wav
459.0,462.0,Corvus brachyrhynchos,American Crow,0.5924,D:\Bird_Anuran_ARUs\RE03\SMM2-19_20260310_060300.wav
462.0,465.0,Corvus brachyrhynchos,American Crow,0.9229,D:\Bird_Anuran_ARUs\RE03\SMM2-19_20260310_060300.wav
462.0,465.0,Meleagris gallopavo,Wild Turkey,0.3455,D:\Bird_Anuran_ARUs\RE03\SMM2-19_20260310_060300.wav
465.0,468.0,Corvus brachyrhynchos,American Crow,0.5254,D:\Bird_Anuran_ARUs\RE03\SMM2-19_20260310_060300.wav
465.0,468.0,Cardinalis cardinalis,Northern Cardinal,0.3573,D:\Bird_Anuran_ARUs\RE03\SMM2-19_20260310_060300.wav
468.0,471.0,Setophaga pinus,Pine Warbler,0.3662,D:\Bird_Anuran_ARUs\RE03\SMM2-19_20260310_060300.wav
468.0,471.0,Meleagris gallopavo,Wild Turkey,0.3569,D:\Bird_Anuran_ARUs\RE03\SMM2-19_20260310_060300.wav
468.0,471.0,Corvus brachyrhynchos,American Crow,0.3004,D:\Bird_Anuran_ARUs\RE03\SMM2-19_20260310_060300.wav
471.0,474.0,Corvus brachyrhynchos,American Crow,0.3432,D:\Bird_Anuran_ARUs\RE03\SMM2-19_20260310_060300.wav
471.0,474.0,Pipilo erythrophthalmus,Eastern Towhee,0.2628,D:\Bird_Anuran_ARUs\RE03\SMM2-19_20260310_060300.wav
474.0,477.0,Corvus brachyrhynchos,American Crow,0.6085,D:\Bird_Anuran_ARUs\RE03\SMM2-19_20260310_060300.wav
474.0,477.0,Meleagris gallopavo,Wild Turkey,0.4495,D:\Bird_Anuran_ARUs\RE03\SMM2-19_20260310_060300.wav
477.0,480.0,Corvus brachyrhynchos,American Crow,0.3576,D:\Bird_Anuran_ARUs\RE03\SMM2-19_20260310_060300.wav
480.0,483.0,Corvus brachyrhynchos,American Crow,0.8707,D:\Bird_Anuran_ARUs\RE03\SMM2-19_20260310_060300.wav
480.0,483.0,Pipilo erythrophthalmus,Eastern Towhee,0.3235,D:\Bird_Anuran_ARUs\RE03\SMM2-19_20260310_060300.wav
483.0,486.0,Pipilo erythrophthalmus,Eastern Towhee,0.4988,D:\Bird_Anuran_ARUs\RE03\SMM2-19_20260310_060300.wav
486.0,489.0,Setophaga pinus,Pine Warbler,0.3657,D:\Bird_Anuran_ARUs\RE03\SMM2-19_20260310_060300.wav
489.0,492.0,Corvus brachyrhynchos,American Crow,0.7033,D:\Bird_Anuran_ARUs\RE03\SMM2-19_20260310_060300.wav
492.0,495.0,Meleagris gallopavo,Wild Turkey,0.8707,D:\Bird_Anuran_ARUs\RE03\SMM2-19_20260310_060300.wav
495.0,498.0,Corvus brachyrhynchos,American Crow,0.9168,D:\Bird_Anuran_ARUs\RE03\SMM2-19_20260310_060300.wav
495.0,498.0,Baeolophus bicolor,Tufted Titmouse,0.2711,D:\Bird_Anuran_ARUs\RE03\SMM2-19_20260310_060300.wav
498.0,501.0,Corvus brachyrhynchos,American Crow,0.7960,D:\Bird_Anuran_ARUs\RE03\SMM2-19_20260310_060300.wav
501.0,504.0,Corvus brachyrhynchos,American Crow,0.8644,D:\Bird_Anuran_ARUs\RE03\SMM2-19_20260310_060300.wav
501.0,504.0,Meleagris gallopavo,Wild Turkey,0.6041,D:\Bird_Anuran_ARUs\RE03\SMM2-19_20260310_060300.wav
504.0,507.0,Corvus brachyrhynchos,American Crow,0.5316,D:\Bird_Anuran_ARUs\RE03\SMM2-19_20260310_060300.wav
504.0,507.0,Pipilo erythrophthalmus,Eastern Towhee,0.3874,D:\Bird_Anuran_ARUs\RE03\SMM2-19_20260310_060300.wav
507.0,510.0,Setophaga pinus,Pine Warbler,0.5642,D:\Bird_Anuran_ARUs\RE03\SMM2-19_20260310_060300.wav
507.0,510.0,Pipilo erythrophthalmus,Eastern Towhee,0.3960,D:\Bird_Anuran_ARUs\RE03\SMM2-19_20260310_060300.wav
510.0,513.0,Baeolophus bicolor,Tufted Titmouse,0.8177,D:\Bird_Anuran_ARUs\RE03\SMM2-19_20260310_060300.wav
510.0,513.0,Corvus brachyrhynchos,American Crow,0.4305,D:\Bird_Anuran_ARUs\RE03\SMM2-19_20260310_060300.wav
510.0,513.0,Pipilo erythrophthalmus,Eastern Towhee,0.3496,D:\Bird_Anuran_ARUs\RE03\SMM2-19_20260310_060300.wav
513.0,516.0,Corvus brachyrhynchos,American Crow,0.7459,D:\Bird_Anuran_ARUs\RE03\SMM2-19_20260310_060300.wav
516.0,519.0,Meleagris gallopavo,Wild Turkey,0.8324,D:\Bird_Anuran_ARUs\RE03\SMM2-19_20260310_060300.wav
516.0,519.0,Pipilo erythrophthalmus,Eastern Towhee,0.2876,D:\Bird_Anuran_ARUs\RE03\SMM2-19_20260310_060300.wav
519.0,522.0,Corvus brachyrhynchos,American Crow,0.9548,D:\Bird_Anuran_ARUs\RE03\SMM2-19_20260310_060300.wav
522.0,525.0,Pipilo erythrophthalmus,Eastern Towhee,0.7310,D:\Bird_Anuran_ARUs\RE03\SMM2-19_20260310_060300.wav
525.0,528.0,Corvus brachyrhynchos,American Crow,0.8988,D:\Bird_Anuran_ARUs\RE03\SMM2-19_20260310_060300.wav
528.0,531.0,Corvus brachyrhynchos,American Crow,0.8231,D:\Bird_Anuran_ARUs\RE03\SMM2-19_20260310_060300.wav
531.0,534.0,Corvus brachyrhynchos,American Crow,0.9325,D:\Bird_Anuran_ARUs\RE03\SMM2-19_20260310_060300.wav
531.0,534.0,Pipilo erythrophthalmus,Eastern Towhee,0.2501,D:\Bird_Anuran_ARUs\RE03\SMM2-19_20260310_060300.wav
534.0,537.0,Zenaida macroura,Mourning Dove,0.3773,D:\Bird_Anuran_ARUs\RE03\SMM2-19_20260310_060300.wav
534.0,537.0,Meleagris gallopavo,Wild Turkey,0.3469,D:\Bird_Anuran_ARUs\RE03\SMM2-19_20260310_060300.wav
537.0,540.0,Corvus brachyrhynchos,American Crow,0.8567,D:\Bird_Anuran_ARUs\RE03\SMM2-19_20260310_060300.wav
540.0,543.0,Corvus brachyrhynchos,American Crow,0.7885,D:\Bird_Anuran_ARUs\RE03\SMM2-19_20260310_060300.wav
543.0,546.0,Corvus brachyrhynchos,American Crow,0.9319,D:\Bird_Anuran_ARUs\RE03\SMM2-19_20260310_060300.wav
546.0,549.0,Corvus brachyrhynchos,American Crow,0.8472,D:\Bird_Anuran_ARUs\RE03\SMM2-19_20260310_060300.wav
549.0,552.0,Corvus brachyrhynchos,American Crow,0.9551,D:\Bird_Anuran_ARUs\RE03\SMM2-19_20260310_060300.wav
552.0,555.0,Corvus brachyrhynchos,American Crow,0.9971,D:\Bird_Anuran_ARUs\RE03\SMM2-19_20260310_060300.wav
552.0,555.0,Pipilo erythrophthalmus,Eastern Towhee,0.5058,D:\Bird_Anuran_ARUs\RE03\SMM2-19_20260310_060300.wav
555.0,558.0,Corvus brachyrhynchos,American Crow,0.9565,D:\Bird_Anuran_ARUs\RE03\SMM2-19_20260310_060300.wav
555.0,558.0,Pipilo erythrophthalmus,Eastern Towhee,0.4413,D:\Bird_Anuran_ARUs\RE03\SMM2-19_20260310_060300.wav
558.0,561.0,Corvus brachyrhynchos,American Crow,0.5845,D:\Bird_Anuran_ARUs\RE03\SMM2-19_20260310_060300.wav
561.0,564.0,Corvus brachyrhynchos,American Crow,0.9807,D:\Bird_Anuran_ARUs\RE03\SMM2-19_20260310_060300.wav
564.0,567.0,Pipilo erythrophthalmus,Eastern Towhee,0.6961,D:\Bird_Anuran_ARUs\RE03\SMM2-19_20260310_060300.wav
564.0,567.0,Meleagris gallopavo,Wild Turkey,0.3626,D:\Bird_Anuran_ARUs\RE03\SMM2-19_20260310_060300.wav
567.0,570.0,Corvus brachyrhynchos,American Crow,0.9322,D:\Bird_Anuran_ARUs\RE03\SMM2-19_20260310_060300.wav
570.0,573.0,Corvus brachyrhynchos,American Crow,0.8296,D:\Bird_Anuran_ARUs\RE03\SMM2-19_20260310_060300.wav
570.0,573.0,Pipilo erythrophthalmus,Eastern Towhee,0.2863,D:\Bird_Anuran_ARUs\RE03\SMM2-19_20260310_060300.wav
573.0,576.0,Pipilo erythrophthalmus,Eastern Towhee,0.8490,D:\Bird_Anuran_ARUs\RE03\SMM2-19_20260310_060300.wav
573.0,576.0,Corvus brachyrhynchos,American Crow,0.4047,D:\Bird_Anuran_ARUs\RE03\SMM2-19_20260310_060300.wav
576.0,579.0,Corvus brachyrhynchos,American Crow,0.9518,D:\Bird_Anuran_ARUs\RE03\SMM2-19_20260310_060300.wav
576.0,579.0,Pipilo erythrophthalmus,Eastern Towhee,0.4929,D:\Bird_Anuran_ARUs\RE03\SMM2-19_20260310_060300.wav
579.0,582.0,Corvus brachyrhynchos,American Crow,0.9680,D:\Bird_Anuran_ARUs\RE03\SMM2-19_20260310_060300.wav
582.0,585.0,Pipilo erythrophthalmus,Eastern Towhee,0.8723,D:\Bird_Anuran_ARUs\RE03\SMM2-19_20260310_060300.wav
585.0,588.0,Corvus brachyrhynchos,American Crow,0.9951,D:\Bird_Anuran_ARUs\RE03\SMM2-19_20260310_060300.wav
588.0,591.0,Corvus brachyrhynchos,American Crow,0.9422,D:\Bird_Anuran_ARUs\RE03\SMM2-19_20260310_060300.wav
588.0,591.0,Pipilo erythrophthalmus,Eastern Towhee,0.8950,D:\Bird_Anuran_ARUs\RE03\SMM2-19_20260310_060300.wav
597.0,600.0,Corvus brachyrhynchos,American Crow,0.9613,D:\Bird_Anuran_ARUs\RE03\SMM2-19_20260310_060300.wav
597.0,600.0,Piranga olivacea,Scarlet Tanager,0.4844,D:\Bird_Anuran_ARUs\RE03\SMM2-19_20260310_060300.wav
597.0,600.0,Pipilo erythrophthalmus,Eastern Towhee,0.2641,D:\Bird_Anuran_ARUs\RE03\SMM2-19_20260310_060300.wav
600.0,603.0,Corvus brachyrhynchos,American Crow,0.9641,D:\Bird_Anuran_ARUs\RE03\SMM2-19_20260310_060300.wav
600.0,603.0,Meleagris gallopavo,Wild Turkey,0.9415,D:\Bird_Anuran_ARUs\RE03\SMM2-19_20260310_060300.wav
603.0,606.0,Corvus brachyrhynchos,American Crow,0.7455,D:\Bird_Anuran_ARUs\RE03\SMM2-19_20260310_060300.wav
606.0,609.0,Corvus brachyrhynchos,American Crow,0.9244,D:\Bird_Anuran_ARUs\RE03\SMM2-19_20260310_060300.wav
609.0,612.0,Corvus brachyrhynchos,American Crow,0.9952,D:\Bird_Anuran_ARUs\RE03\SMM2-19_20260310_060300.wav
612.0,615.0,Corvus brachyrhynchos,American Crow,0.9852,D:\Bird_Anuran_ARUs\RE03\SMM2-19_20260310_060300.wav
615.0,618.0,Corvus brachyrhynchos,American Crow,0.9711,D:\Bird_Anuran_ARUs\RE03\SMM2-19_20260310_060300.wav
618.0,621.0,Corvus brachyrhynchos,American Crow,0.9597,D:\Bird_Anuran_ARUs\RE03\SMM2-19_20260310_060300.wav
621.0,624.0,Corvus brachyrhynchos,American Crow,0.9645,D:\Bird_Anuran_ARUs\RE03\SMM2-19_20260310_060300.wav
624.0,627.0,Corvus brachyrhynchos,American Crow,0.9666,D:\Bird_Anuran_ARUs\RE03\SMM2-19_20260310_060300.wav
627.0,630.0,Corvus brachyrhynchos,American Crow,0.9456,D:\Bird_Anuran_ARUs\RE03\SMM2-19_20260310_060300.wav
630.0,633.0,Corvus brachyrhynchos,American Crow,0.9888,D:\Bird_Anuran_ARUs\RE03\SMM2-19_20260310_060300.wav
633.0,636.0,Corvus brachyrhynchos,American Crow,0.9786,D:\Bird_Anuran_ARUs\RE03\SMM2-19_20260310_060300.wav
633.0,636.0,Piranga olivacea,Scarlet Tanager,0.6915,D:\Bird_Anuran_ARUs\RE03\SMM2-19_20260310_060300.wav
633.0,636.0,Pipilo erythrophthalmus,Eastern Towhee,0.6214,D:\Bird_Anuran_ARUs\RE03\SMM2-19_20260310_060300.wav
636.0,639.0,Corvus brachyrhynchos,American Crow,0.8685,D:\Bird_Anuran_ARUs\RE03\SMM2-19_20260310_060300.wav
639.0,642.0,Corvus brachyrhynchos,American Crow,0.3718,D:\Bird_Anuran_ARUs\RE03\SMM2-19_20260310_060300.wav
639.0,642.0,Pipilo erythrophthalmus,Eastern Towhee,0.3497,D:\Bird_Anuran_ARUs\RE03\SMM2-19_20260310_060300.wav
642.0,645.0,Corvus brachyrhynchos,American Crow,0.9433,D:\Bird_Anuran_ARUs\RE03\SMM2-19_20260310_060300.wav
642.0,645.0,Pipilo erythrophthalmus,Eastern Towhee,0.5209,D:\Bird_Anuran_ARUs\RE03\SMM2-19_20260310_060300.wav
645.0,648.0,Meleagris gallopavo,Wild Turkey,0.9720,D:\Bird_Anuran_ARUs\RE03\SMM2-19_20260310_060300.wav
645.0,648.0,Corvus brachyrhynchos,American Crow,0.6913,D:\Bird_Anuran_ARUs\RE03\SMM2-19_20260310_060300.wav
648.0,651.0,Corvus brachyrhynchos,American Crow,0.6754,D:\Bird_Anuran_ARUs\RE03\SMM2-19_20260310_060300.wav
648.0,651.0,Pipilo erythrophthalmus,Eastern Towhee,0.4550,D:\Bird_Anuran_ARUs\RE03\SMM2-19_20260310_060300.wav
651.0,654.0,Meleagris gallopavo,Wild Turkey,0.9575,D:\Bird_Anuran_ARUs\RE03\SMM2-19_20260310_060300.wav
651.0,654.0,Corvus brachyrhynchos,American Crow,0.3388,D:\Bird_Anuran_ARUs\RE03\SMM2-19_20260310_060300.wav
654.0,657.0,Corvus brachyrhynchos,American Crow,0.9010,D:\Bird_Anuran_ARUs\RE03\SMM2-19_20260310_060300.wav
657.0,660.0,Corvus brachyrhynchos,American Crow,0.9560,D:\Bird_Anuran_ARUs\RE03\SMM2-19_20260310_060300.wav
657.0,660.0,Pipilo erythrophthalmus,Eastern Towhee,0.5126,D:\Bird_Anuran_ARUs\RE03\SMM2-19_20260310_060300.wav
660.0,663.0,Pipilo erythrophthalmus,Eastern Towhee,0.5167,D:\Bird_Anuran_ARUs\RE03\SMM2-19_20260310_060300.wav
663.0,666.0,Pipilo erythrophthalmus,Eastern Towhee,0.6722,D:\Bird_Anuran_ARUs\RE03\SMM2-19_20260310_060300.wav
663.0,666.0,Corvus brachyrhynchos,American Crow,0.2947,D:\Bird_Anuran_ARUs\RE03\SMM2-19_20260310_060300.wav
666.0,669.0,Corvus brachyrhynchos,American Crow,0.9425,D:\Bird_Anuran_ARUs\RE03\SMM2-19_20260310_060300.wav
669.0,672.0,Pipilo erythrophthalmus,Eastern Towhee,0.7551,D:\Bird_Anuran_ARUs\RE03\SMM2-19_20260310_060300.wav
672.0,675.0,Corvus brachyrhynchos,American Crow,0.8432,D:\Bird_Anuran_ARUs\RE03\SMM2-19_20260310_060300.wav
675.0,678.0,Meleagris gallopavo,Wild Turkey,0.9323,D:\Bird_Anuran_ARUs\RE03\SMM2-19_20260310_060300.wav
678.0,681.0,Corvus brachyrhynchos,American Crow,0.6340,D:\Bird_Anuran_ARUs\RE03\SMM2-19_20260310_060300.wav
678.0,681.0,Meleagris gallopavo,Wild Turkey,0.5639,D:\Bird_Anuran_ARUs\RE03\SMM2-19_20260310_060300.wav
681.0,684.0,Meleagris gallopavo,Wild Turkey,0.9959,D:\Bird_Anuran_ARUs\RE03\SMM2-19_20260310_060300.wav
684.0,687.0,Corvus brachyrhynchos,American Crow,0.7201,D:\Bird_Anuran_ARUs\RE03\SMM2-19_20260310_060300.wav
684.0,687.0,Pipilo erythrophthalmus,Eastern Towhee,0.3974,D:\Bird_Anuran_ARUs\RE03\SMM2-19_20260310_060300.wav
684.0,687.0,Meleagris gallopavo,Wild Turkey,0.3810,D:\Bird_Anuran_ARUs\RE03\SMM2-19_20260310_060300.wav
687.0,690.0,Meleagris gallopavo,Wild Turkey,0.9004,D:\Bird_Anuran_ARUs\RE03\SMM2-19_20260310_060300.wav
687.0,690.0,Corvus brachyrhynchos,American Crow,0.7730,D:\Bird_Anuran_ARUs\RE03\SMM2-19_20260310_060300.wav
690.0,693.0,Meleagris gallopavo,Wild Turkey,0.8908,D:\Bird_Anuran_ARUs\RE03\SMM2-19_20260310_060300.wav
690.0,693.0,Pipilo erythrophthalmus,Eastern Towhee,0.5152,D:\Bird_Anuran_ARUs\RE03\SMM2-19_20260310_060300.wav
693.0,696.0,Meleagris gallopavo,Wild Turkey,0.9772,D:\Bird_Anuran_ARUs\RE03\SMM2-19_20260310_060300.wav
696.0,699.0,Corvus brachyrhynchos,American Crow,0.9258,D:\Bird_Anuran_ARUs\RE03\SMM2-19_20260310_060300.wav
696.0,699.0,Pipilo erythrophthalmus,Eastern Towhee,0.5345,D:\Bird_Anuran_ARUs\RE03\SMM2-19_20260310_060300.wav
699.0,702.0,Corvus brachyrhynchos,American Crow,0.9635,D:\Bird_Anuran_ARUs\RE03\SMM2-19_20260310_060300.wav
699.0,702.0,Pipilo erythrophthalmus,Eastern Towhee,0.7291,D:\Bird_Anuran_ARUs\RE03\SMM2-19_20260310_060300.wav
699.0,702.0,Piranga olivacea,Scarlet Tanager,0.2842,D:\Bird_Anuran_ARUs\RE03\SMM2-19_20260310_060300.wav
705.0,708.0,Pipilo erythrophthalmus,Eastern Towhee,0.7448,D:\Bird_Anuran_ARUs\RE03\SMM2-19_20260310_060300.wav
708.0,711.0,Pipilo erythrophthalmus,Eastern Towhee,0.7470,D:\Bird_Anuran_ARUs\RE03\SMM2-19_20260310_060300.wav
711.0,714.0,Pseudacris brimleyi,Brimley's Chorus Frog,0.5439,D:\Bird_Anuran_ARUs\RE03\SMM2-19_20260310_060300.wav
711.0,714.0,Pipilo erythrophthalmus,Eastern Towhee,0.4918,D:\Bird_Anuran_ARUs\RE03\SMM2-19_20260310_060300.wav
714.0,717.0,Corvus brachyrhynchos,American Crow,0.3567,D:\Bird_Anuran_ARUs\RE03\SMM2-19_20260310_060300.wav
714.0,717.0,Haemorhous mexicanus,House Finch,0.2588,D:\Bird_Anuran_ARUs\RE03\SMM2-19_20260310_060300.wav
717.0,720.0,Pseudacris brimleyi,Brimley's Chorus Frog,0.4782,D:\Bird_Anuran_ARUs\RE03\SMM2-19_20260310_060300.wav
717.0,720.0,Zenaida macroura,Mourning Dove,0.4469,D:\Bird_Anuran_ARUs\RE03\SMM2-19_20260310_060300.wav
717.0,720.0,Pipilo erythrophthalmus,Eastern Towhee,0.3146,D:\Bird_Anuran_ARUs\RE03\SMM2-19_20260310_060300.wav
720.0,723.0,Pipilo erythrophthalmus,Eastern Towhee,0.4148,D:\Bird_Anuran_ARUs\RE03\SMM2-19_20260310_060300.wav
723.0,726.0,Meleagris gallopavo,Wild Turkey,0.9726,D:\Bird_Anuran_ARUs\RE03\SMM2-19_20260310_060300.wav
723.0,726.0,Corvus brachyrhynchos,American Crow,0.8998,D:\Bird_Anuran_ARUs\RE03\SMM2-19_20260310_060300.wav
726.0,729.0,Pipilo erythrophthalmus,Eastern Towhee,0.4591,D:\Bird_Anuran_ARUs\RE03\SMM2-19_20260310_060300.wav
729.0,732.0,Meleagris gallopavo,Wild Turkey,0.9771,D:\Bird_Anuran_ARUs\RE03\SMM2-19_20260310_060300.wav
729.0,732.0,Pipilo erythrophthalmus,Eastern Towhee,0.2720,D:\Bird_Anuran_ARUs\RE03\SMM2-19_20260310_060300.wav
735.0,738.0,Corvus brachyrhynchos,American Crow,0.7348,D:\Bird_Anuran_ARUs\RE03\SMM2-19_20260310_060300.wav
741.0,744.0,Corvus brachyrhynchos,American Crow,0.7990,D:\Bird_Anuran_ARUs\RE03\SMM2-19_20260310_060300.wav
741.0,744.0,Pipilo erythrophthalmus,Eastern Towhee,0.6437,D:\Bird_Anuran_ARUs\RE03\SMM2-19_20260310_060300.wav
741.0,744.0,Haemorhous mexicanus,House Finch,0.2886,D:\Bird_Anuran_ARUs\RE03\SMM2-19_20260310_060300.wav
744.0,747.0,Pipilo erythrophthalmus,Eastern Towhee,0.9152,D:\Bird_Anuran_ARUs\RE03\SMM2-19_20260310_060300.wav
744.0,747.0,Corvus brachyrhynchos,American Crow,0.7821,D:\Bird_Anuran_ARUs\RE03\SMM2-19_20260310_060300.wav
744.0,747.0,Haemorhous mexicanus,House Finch,0.2864,D:\Bird_Anuran_ARUs\RE03\SMM2-19_20260310_060300.wav
747.0,750.0,Meleagris gallopavo,Wild Turkey,0.8265,D:\Bird_Anuran_ARUs\RE03\SMM2-19_20260310_060300.wav
747.0,750.0,Pipilo erythrophthalmus,Eastern Towhee,0.7582,D:\Bird_Anuran_ARUs\RE03\SMM2-19_20260310_060300.wav
750.0,753.0,Corvus brachyrhynchos,American Crow,0.8329,D:\Bird_Anuran_ARUs\RE03\SMM2-19_20260310_060300.wav
750.0,753.0,Pipilo erythrophthalmus,Eastern Towhee,0.7479,D:\Bird_Anuran_ARUs\RE03\SMM2-19_20260310_060300.wav
753.0,756.0,Meleagris gallopavo,Wild Turkey,0.9507,D:\Bird_Anuran_ARUs\RE03\SMM2-19_20260310_060300.wav
756.0,759.0,Pipilo erythrophthalmus,Eastern Towhee,0.8934,D:\Bird_Anuran_ARUs\RE03\SMM2-19_20260310_060300.wav
759.0,762.0,Pipilo erythrophthalmus,Eastern Towhee,0.8799,D:\Bird_Anuran_ARUs\RE03\SMM2-19_20260310_060300.wav
759.0,762.0,Meleagris gallopavo,Wild Turkey,0.5673,D:\Bird_Anuran_ARUs\RE03\SMM2-19_20260310_060300.wav
759.0,762.0,Corvus brachyrhynchos,American Crow,0.2829,D:\Bird_Anuran_ARUs\RE03\SMM2-19_20260310_060300.wav
762.0,765.0,Pipilo erythrophthalmus,Eastern Towhee,0.8457,D:\Bird_Anuran_ARUs\RE03\SMM2-19_20260310_060300.wav
765.0,768.0,Meleagris gallopavo,Wild Turkey,0.9846,D:\Bird_Anuran_ARUs\RE03\SMM2-19_20260310_060300.wav
768.0,771.0,Meleagris gallopavo,Wild Turkey,0.9981,D:\Bird_Anuran_ARUs\RE03\SMM2-19_20260310_060300.wav
771.0,774.0,Pipilo erythrophthalmus,Eastern Towhee,0.3692,D:\Bird_Anuran_ARUs\RE03\SMM2-19_20260310_060300.wav
774.0,777.0,Pipilo erythrophthalmus,Eastern Towhee,0.8076,D:\Bird_Anuran_ARUs\RE03\SMM2-19_20260310_060300.wav
774.0,777.0,Corvus brachyrhynchos,American Crow,0.6252,D:\Bird_Anuran_ARUs\RE03\SMM2-19_20260310_060300.wav
777.0,780.0,Poecile carolinensis,Carolina Chickadee,0.7353,D:\Bird_Anuran_ARUs\RE03\SMM2-19_20260310_060300.wav
777.0,780.0,Pipilo erythrophthalmus,Eastern Towhee,0.6305,D:\Bird_Anuran_ARUs\RE03\SMM2-19_20260310_060300.wav
780.0,783.0,Haemorhous mexicanus,House Finch,0.4848,D:\Bird_Anuran_ARUs\RE03\SMM2-19_20260310_060300.wav
783.0,786.0,Meleagris gallopavo,Wild Turkey,0.9438,D:\Bird_Anuran_ARUs\RE03\SMM2-19_20260310_060300.wav
783.0,786.0,Pipilo erythrophthalmus,Eastern Towhee,0.6360,D:\Bird_Anuran_ARUs\RE03\SMM2-19_20260310_060300.wav
786.0,789.0,Pipilo erythrophthalmus,Eastern Towhee,0.7091,D:\Bird_Anuran_ARUs\RE03\SMM2-19_20260310_060300.wav
789.0,792.0,Pipilo erythrophthalmus,Eastern Towhee,0.8637,D:\Bird_Anuran_ARUs\RE03\SMM2-19_20260310_060300.wav
792.0,795.0,Poecile carolinensis,Carolina Chickadee,0.2692,D:\Bird_Anuran_ARUs\RE03\SMM2-19_20260310_060300.wav
795.0,798.0,Corvus brachyrhynchos,American Crow,0.5588,D:\Bird_Anuran_ARUs\RE03\SMM2-19_20260310_060300.wav
798.0,801.0,Meleagris gallopavo,Wild Turkey,0.8979,D:\Bird_Anuran_ARUs\RE03\SMM2-19_20260310_060300.wav
804.0,807.0,Pipilo erythrophthalmus,Eastern Towhee,0.3453,D:\Bird_Anuran_ARUs\RE03\SMM2-19_20260310_060300.wav
807.0,810.0,Pipilo erythrophthalmus,Eastern Towhee,0.7299,D:\Bird_Anuran_ARUs\RE03\SMM2-19_20260310_060300.wav
810.0,813.0,Corvus brachyrhynchos,American Crow,0.3779,D:\Bird_Anuran_ARUs\RE03\SMM2-19_20260310_060300.wav
810.0,813.0,Pipilo erythrophthalmus,Eastern Towhee,0.3144,D:\Bird_Anuran_ARUs\RE03\SMM2-19_20260310_060300.wav
813.0,816.0,Meleagris gallopavo,Wild Turkey,0.7847,D:\Bird_Anuran_ARUs\RE03\SMM2-19_20260310_060300.wav
816.0,819.0,Pipilo erythrophthalmus,Eastern Towhee,0.4067,D:\Bird_Anuran_ARUs\RE03\SMM2-19_20260310_060300.wav
819.0,822.0,Meleagris gallopavo,Wild Turkey,0.9972,D:\Bird_Anuran_ARUs\RE03\SMM2-19_20260310_060300.wav
825.0,828.0,Pipilo erythrophthalmus,Eastern Towhee,0.3598,D:\Bird_Anuran_ARUs\RE03\SMM2-19_20260310_060300.wav
828.0,831.0,Haemorhous mexicanus,House Finch,0.6835,D:\Bird_Anuran_ARUs\RE03\SMM2-19_20260310_060300.wav
831.0,834.0,Corvus brachyrhynchos,American Crow,0.8363,D:\Bird_Anuran_ARUs\RE03\SMM2-19_20260310_060300.wav
834.0,837.0,Meleagris gallopavo,Wild Turkey,0.9681,D:\Bird_Anuran_ARUs\RE03\SMM2-19_20260310_060300.wav
843.0,846.0,Corvus brachyrhynchos,American Crow,0.6456,D:\Bird_Anuran_ARUs\RE03\SMM2-19_20260310_060300.wav
858.0,861.0,Meleagris gallopavo,Wild Turkey,0.3845,D:\Bird_Anuran_ARUs\RE03\SMM2-19_20260310_060300.wav
870.0,873.0,Corvus brachyrhynchos,American Crow,0.8784,D:\Bird_Anuran_ARUs\RE03\SMM2-19_20260310_060300.wav
873.0,876.0,Meleagris gallopavo,Wild Turkey,0.9721,D:\Bird_Anuran_ARUs\RE03\SMM2-19_20260310_060300.wav
879.0,882.0,Corvus brachyrhynchos,American Crow,0.3107,D:\Bird_Anuran_ARUs\RE03\SMM2-19_20260310_060300.wav
882.0,885.0,Meleagris gallopavo,Wild Turkey,0.8525,D:\Bird_Anuran_ARUs\RE03\SMM2-19_20260310_060300.wav
885.0,888.0,Corvus brachyrhynchos,American Crow,0.2842,D:\Bird_Anuran_ARUs\RE03\SMM2-19_20260310_060300.wav
891.0,894.0,Corvus brachyrhynchos,American Crow,0.4991,D:\Bird_Anuran_ARUs\RE03\SMM2-19_20260310_060300.wav
894.0,897.0,Corvus brachyrhynchos,American Crow,0.7547,D:\Bird_Anuran_ARUs\RE03\SMM2-19_20260310_060300.wav
894.0,897.0,Haemorhous mexicanus,House Finch,0.3096,D:\Bird_Anuran_ARUs\RE03\SMM2-19_20260310_060300.wav
897.0,900.0,Meleagris gallopavo,Wild Turkey,0.5223,D:\Bird_Anuran_ARUs\RE03\SMM2-19_20260310_060300.wav
897.0,900.0,Cardinalis cardinalis,Northern Cardinal,0.3514,D:\Bird_Anuran_ARUs\RE03\SMM2-19_20260310_060300.wav
903.0,906.0,Meleagris gallopavo,Wild Turkey,0.9206,D:\Bird_Anuran_ARUs\RE03\SMM2-19_20260310_060300.wav
903.0,906.0,Cardinalis cardinalis,Northern Cardinal,0.2925,D:\Bird_Anuran_ARUs\RE03\SMM2-19_20260310_060300.wav
912.0,915.0,Corvus brachyrhynchos,American Crow,0.3730,D:\Bird_Anuran_ARUs\RE03\SMM2-19_20260310_060300.wav
915.0,918.0,Pipilo erythrophthalmus,Eastern Towhee,0.2765,D:\Bird_Anuran_ARUs\RE03\SMM2-19_20260310_060300.wav
918.0,921.0,Pipilo erythrophthalmus,Eastern Towhee,0.6008,D:\Bird_Anuran_ARUs\RE03\SMM2-19_20260310_060300.wav
918.0,921.0,Haemorhous mexicanus,House Finch,0.2913,D:\Bird_Anuran_ARUs\RE03\SMM2-19_20260310_060300.wav
918.0,921.0,Corvus brachyrhynchos,American Crow,0.2888,D:\Bird_Anuran_ARUs\RE03\SMM2-19_20260310_060300.wav
930.0,933.0,Corvus brachyrhynchos,American Crow,0.7333,D:\Bird_Anuran_ARUs\RE03\SMM2-19_20260310_060300.wav
936.0,939.0,Corvus brachyrhynchos,American Crow,0.9255,D:\Bird_Anuran_ARUs\RE03\SMM2-19_20260310_060300.wav
936.0,939.0,Pipilo erythrophthalmus,Eastern Towhee,0.6644,D:\Bird_Anuran_ARUs\RE03\SMM2-19_20260310_060300.wav
942.0,945.0,Corvus brachyrhynchos,American Crow,0.9825,D:\Bird_Anuran_ARUs\RE03\SMM2-19_20260310_060300.wav
942.0,945.0,Pipilo erythrophthalmus,Eastern Towhee,0.9063,D:\Bird_Anuran_ARUs\RE03\SMM2-19_20260310_060300.wav
945.0,948.0,Meleagris gallopavo,Wild Turkey,0.7293,D:\Bird_Anuran_ARUs\RE03\SMM2-19_20260310_060300.wav
948.0,951.0,Corvus brachyrhynchos,American Crow,0.3139,D:\Bird_Anuran_ARUs\RE03\SMM2-19_20260310_060300.wav
951.0,954.0,Meleagris gallopavo,Wild Turkey,0.9772,D:\Bird_Anuran_ARUs\RE03\SMM2-19_20260310_060300.wav
954.0,957.0,Corvus brachyrhynchos,American Crow,0.5976,D:\Bird_Anuran_ARUs\RE03\SMM2-19_20260310_060300.wav
957.0,960.0,Pipilo erythrophthalmus,Eastern Towhee,0.7707,D:\Bird_Anuran_ARUs\RE03\SMM2-19_20260310_060300.wav
960.0,963.0,Pseudacris brimleyi,Brimley's Chorus Frog,0.7379,D:\Bird_Anuran_ARUs\RE03\SMM2-19_20260310_060300.wav
960.0,963.0,Pseudacris crucifer,Spring Peeper,0.4456,D:\Bird_Anuran_ARUs\RE03\SMM2-19_20260310_060300.wav
963.0,966.0,Meleagris gallopavo,Wild Turkey,0.5689,D:\Bird_Anuran_ARUs\RE03\SMM2-19_20260310_060300.wav
963.0,966.0,Corvus brachyrhynchos,American Crow,0.4218,D:\Bird_Anuran_ARUs\RE03\SMM2-19_20260310_060300.wav
969.0,972.0,Meleagris gallopavo,Wild Turkey,0.9924,D:\Bird_Anuran_ARUs\RE03\SMM2-19_20260310_060300.wav
975.0,978.0,Corvus brachyrhynchos,American Crow,0.7042,D:\Bird_Anuran_ARUs\RE03\SMM2-19_20260310_060300.wav
978.0,981.0,Meleagris gallopavo,Wild Turkey,0.9384,D:\Bird_Anuran_ARUs\RE03\SMM2-19_20260310_060300.wav
981.0,984.0,Setophaga pinus,Pine Warbler,0.5103,D:\Bird_Anuran_ARUs\RE03\SMM2-19_20260310_060300.wav
984.0,987.0,Meleagris gallopavo,Wild Turkey,0.7695,D:\Bird_Anuran_ARUs\RE03\SMM2-19_20260310_060300.wav
987.0,990.0,Setophaga pinus,Pine Warbler,0.7154,D:\Bird_Anuran_ARUs\RE03\SMM2-19_20260310_060300.wav
999.0,1002.0,Corvus brachyrhynchos,American Crow,0.6320,D:\Bird_Anuran_ARUs\RE03\SMM2-19_20260310_060300.wav
999.0,1002.0,Pipilo erythrophthalmus,Eastern Towhee,0.2992,D:\Bird_Anuran_ARUs\RE03\SMM2-19_20260310_060300.wav
1002.0,1005.0,Setophaga pinus,Pine Warbler,0.6434,D:\Bird_Anuran_ARUs\RE03\SMM2-19_20260310_060300.wav
1008.0,1011.0,Corvus brachyrhynchos,American Crow,0.6444,D:\Bird_Anuran_ARUs\RE03\SMM2-19_20260310_060300.wav
1011.0,1014.0,Meleagris gallopavo,Wild Turkey,0.4651,D:\Bird_Anuran_ARUs\RE03\SMM2-19_20260310_060300.wav
1014.0,1017.0,Setophaga pinus,Pine Warbler,0.6926,D:\Bird_Anuran_ARUs\RE03\SMM2-19_20260310_060300.wav
1017.0,1020.0,Meleagris gallopavo,Wild Turkey,0.8558,D:\Bird_Anuran_ARUs\RE03\SMM2-19_20260310_060300.wav
1020.0,1023.0,Meleagris gallopavo,Wild Turkey,0.3076,D:\Bird_Anuran_ARUs\RE03\SMM2-19_20260310_060300.wav
1023.0,1026.0,Corvus brachyrhynchos,American Crow,0.6359,D:\Bird_Anuran_ARUs\RE03\SMM2-19_20260310_060300.wav
1026.0,1029.0,Setophaga pinus,Pine Warbler,0.6257,D:\Bird_Anuran_ARUs\RE03\SMM2-19_20260310_060300.wav
1041.0,1044.0,Meleagris gallopavo,Wild Turkey,0.9762,D:\Bird_Anuran_ARUs\RE03\SMM2-19_20260310_060300.wav
1050.0,1053.0,Zenaida macroura,Mourning Dove,0.2625,D:\Bird_Anuran_ARUs\RE03\SMM2-19_20260310_060300.wav
1053.0,1056.0,Setophaga pinus,Pine Warbler,0.5820,D:\Bird_Anuran_ARUs\RE03\SMM2-19_20260310_060300.wav
1056.0,1059.0,Pipilo erythrophthalmus,Eastern Towhee,0.7236,D:\Bird_Anuran_ARUs\RE03\SMM2-19_20260310_060300.wav
1056.0,1059.0,Setophaga pinus,Pine Warbler,0.4822,D:\Bird_Anuran_ARUs\RE03\SMM2-19_20260310_060300.wav
1059.0,1062.0,Cardinalis cardinalis,Northern Cardinal,0.3087,D:\Bird_Anuran_ARUs\RE03\SMM2-19_20260310_060300.wav
1068.0,1071.0,Setophaga pinus,Pine Warbler,0.6118,D:\Bird_Anuran_ARUs\RE03\SMM2-19_20260310_060300.wav
1071.0,1074.0,Meleagris gallopavo,Wild Turkey,0.9796,D:\Bird_Anuran_ARUs\RE03\SMM2-19_20260310_060300.wav
1071.0,1074.0,Pipilo erythrophthalmus,Eastern Towhee,0.5749,D:\Bird_Anuran_ARUs\RE03\SMM2-19_20260310_060300.wav
1077.0,1080.0,Corvus brachyrhynchos,American Crow,0.5857,D:\Bird_Anuran_ARUs\RE03\SMM2-19_20260310_060300.wav
1077.0,1080.0,Cardinalis cardinalis,Northern Cardinal,0.2796,D:\Bird_Anuran_ARUs\RE03\SMM2-19_20260310_060300.wav
1080.0,1083.0,Pipilo erythrophthalmus,Eastern Towhee,0.9458,D:\Bird_Anuran_ARUs\RE03\SMM2-19_20260310_060300.wav
1086.0,1089.0,Pipilo erythrophthalmus,Eastern Towhee,0.7280,D:\Bird_Anuran_ARUs\RE03\SMM2-19_20260310_060300.wav
1092.0,1095.0,Meleagris gallopavo,Wild Turkey,0.9183,D:\Bird_Anuran_ARUs\RE03\SMM2-19_20260310_060300.wav
1092.0,1095.0,Pipilo erythrophthalmus,Eastern Towhee,0.4596,D:\Bird_Anuran_ARUs\RE03\SMM2-19_20260310_060300.wav
1104.0,1107.0,Corvus brachyrhynchos,American Crow,0.8984,D:\Bird_Anuran_ARUs\RE03\SMM2-19_20260310_060300.wav
1107.0,1110.0,Meleagris gallopavo,Wild Turkey,0.8883,D:\Bird_Anuran_ARUs\RE03\SMM2-19_20260310_060300.wav
1113.0,1116.0,Pipilo erythrophthalmus,Eastern Towhee,0.7836,D:\Bird_Anuran_ARUs\RE03\SMM2-19_20260310_060300.wav
1113.0,1116.0,Corvus brachyrhynchos,American Crow,0.5774,D:\Bird_Anuran_ARUs\RE03\SMM2-19_20260310_060300.wav
1122.0,1125.0,Pipilo erythrophthalmus,Eastern Towhee,0.7917,D:\Bird_Anuran_ARUs\RE03\SMM2-19_20260310_060300.wav
1122.0,1125.0,Coccyzus americanus,Yellow-billed Cuckoo,0.2750,D:\Bird_Anuran_ARUs\RE03\SMM2-19_20260310_060300.wav
1131.0,1134.0,Meleagris gallopavo,Wild Turkey,0.6504,D:\Bird_Anuran_ARUs\RE03\SMM2-19_20260310_060300.wav
1131.0,1134.0,Zenaida macroura,Mourning Dove,0.3117,D:\Bird_Anuran_ARUs\RE03\SMM2-19_20260310_060300.wav
1137.0,1140.0,Haemorhous mexicanus,House Finch,0.4897,D:\Bird_Anuran_ARUs\RE03\SMM2-19_20260310_060300.wav
1152.0,1155.0,Pipilo erythrophthalmus,Eastern Towhee,0.3406,D:\Bird_Anuran_ARUs\RE03\SMM2-19_20260310_060300.wav
1152.0,1155.0,Cardinalis cardinalis,Northern Cardinal,0.3102,D:\Bird_Anuran_ARUs\RE03\SMM2-19_20260310_060300.wav
1158.0,1161.0,Coccyzus americanus,Yellow-billed Cuckoo,0.7175,D:\Bird_Anuran_ARUs\RE03\SMM2-19_20260310_060300.wav
1161.0,1164.0,Corvus brachyrhynchos,American Crow,0.4935,D:\Bird_Anuran_ARUs\RE03\SMM2-19_20260310_060300.wav
1164.0,1167.0,Corvus brachyrhynchos,American Crow,0.2882,D:\Bird_Anuran_ARUs\RE03\SMM2-19_20260310_060300.wav
1167.0,1170.0,Pipilo erythrophthalmus,Eastern Towhee,0.6344,D:\Bird_Anuran_ARUs\RE03\SMM2-19_20260310_060300.wav
1170.0,1173.0,Corvus brachyrhynchos,American Crow,0.9342,D:\Bird_Anuran_ARUs\RE03\SMM2-19_20260310_060300.wav
1176.0,1179.0,Meleagris gallopavo,Wild Turkey,0.8003,D:\Bird_Anuran_ARUs\RE03\SMM2-19_20260310_060300.wav
1182.0,1185.0,Meleagris gallopavo,Wild Turkey,0.6985,D:\Bird_Anuran_ARUs\RE03\SMM2-19_20260310_060300.wav
1185.0,1188.0,Meleagris gallopavo,Wild Turkey,0.7345,D:\Bird_Anuran_ARUs\RE03\SMM2-19_20260310_060300.wav
1188.0,1191.0,Corvus brachyrhynchos,American Crow,0.6906,D:\Bird_Anuran_ARUs\RE03\SMM2-19_20260310_060300.wav
1188.0,1191.0,Zenaida macroura,Mourning Dove,0.2969,D:\Bird_Anuran_ARUs\RE03\SMM2-19_20260310_060300.wav
1197.0,1200.0,Haemorhous mexicanus,House Finch,0.3087,D:\Bird_Anuran_ARUs\RE03\SMM2-19_20260310_060300.wav
1209.0,1212.0,Meleagris gallopavo,Wild Turkey,0.7769,D:\Bird_Anuran_ARUs\RE03\SMM2-19_20260310_060300.wav
1215.0,1218.0,Meleagris gallopavo,Wild Turkey,0.8435,D:\Bird_Anuran_ARUs\RE03\SMM2-19_20260310_060300.wav
1218.0,1221.0,Meleagris gallopavo,Wild Turkey,0.9791,D:\Bird_Anuran_ARUs\RE03\SMM2-19_20260310_060300.wav
1224.0,1227.0,Zenaida macroura,Mourning Dove,0.6568,D:\Bird_Anuran_ARUs\RE03\SMM2-19_20260310_060300.wav
1227.0,1230.0,Meleagris gallopavo,Wild Turkey,0.9954,D:\Bird_Anuran_ARUs\RE03\SMM2-19_20260310_060300.wav
1239.0,1242.0,Haemorhous mexicanus,House Finch,0.4452,D:\Bird_Anuran_ARUs\RE03\SMM2-19_20260310_060300.wav
1245.0,1248.0,Pipilo erythrophthalmus,Eastern Towhee,0.9218,D:\Bird_Anuran_ARUs\RE03\SMM2-19_20260310_060300.wav
1245.0,1248.0,Haemorhous mexicanus,House Finch,0.3296,D:\Bird_Anuran_ARUs\RE03\SMM2-19_20260310_060300.wav
1248.0,1251.0,Corvus brachyrhynchos,American Crow,0.9796,D:\Bird_Anuran_ARUs\RE03\SMM2-19_20260310_060300.wav
1248.0,1251.0,Pipilo erythrophthalmus,Eastern Towhee,0.8014,D:\Bird_Anuran_ARUs\RE03\SMM2-19_20260310_060300.wav
1251.0,1254.0,Zenaida macroura,Mourning Dove,0.4101,D:\Bird_Anuran_ARUs\RE03\SMM2-19_20260310_060300.wav
1251.0,1254.0,Pipilo erythrophthalmus,Eastern Towhee,0.3093,D:\Bird_Anuran_ARUs\RE03\SMM2-19_20260310_060300.wav
1254.0,1257.0,Pipilo erythrophthalmus,Eastern Towhee,0.3480,D:\Bird_Anuran_ARUs\RE03\SMM2-19_20260310_060300.wav
1257.0,1260.0,Meleagris gallopavo,Wild Turkey,0.9639,D:\Bird_Anuran_ARUs\RE03\SMM2-19_20260310_060300.wav
1257.0,1260.0,Corvus brachyrhynchos,American Crow,0.3099,D:\Bird_Anuran_ARUs\RE03\SMM2-19_20260310_060300.wav
1266.0,1269.0,Pipilo erythrophthalmus,Eastern Towhee,0.9536,D:\Bird_Anuran_ARUs\RE03\SMM2-19_20260310_060300.wav
1266.0,1269.0,Corvus brachyrhynchos,American Crow,0.5658,D:\Bird_Anuran_ARUs\RE03\SMM2-19_20260310_060300.wav
1269.0,1272.0,Haemorhous mexicanus,House Finch,0.3500,D:\Bird_Anuran_ARUs\RE03\SMM2-19_20260310_060300.wav
1272.0,1275.0,Zenaida macroura,Mourning Dove,0.5353,D:\Bird_Anuran_ARUs\RE03\SMM2-19_20260310_060300.wav
1275.0,1278.0,Meleagris gallopavo,Wild Turkey,0.9331,D:\Bird_Anuran_ARUs\RE03\SMM2-19_20260310_060300.wav
1275.0,1278.0,Corvus brachyrhynchos,American Crow,0.3902,D:\Bird_Anuran_ARUs\RE03\SMM2-19_20260310_060300.wav
1278.0,1281.0,Meleagris gallopavo,Wild Turkey,0.8208,D:\Bird_Anuran_ARUs\RE03\SMM2-19_20260310_060300.wav
1290.0,1293.0,Zenaida macroura,Mourning Dove,0.4505,D:\Bird_Anuran_ARUs\RE03\SMM2-19_20260310_060300.wav
1290.0,1293.0,Pipilo erythrophthalmus,Eastern Towhee,0.3521,D:\Bird_Anuran_ARUs\RE03\SMM2-19_20260310_060300.wav
1296.0,1299.0,Corvus brachyrhynchos,American Crow,0.9069,D:\Bird_Anuran_ARUs\RE03\SMM2-19_20260310_060300.wav
1299.0,1302.0,Meleagris gallopavo,Wild Turkey,0.7948,D:\Bird_Anuran_ARUs\RE03\SMM2-19_20260310_060300.wav
1299.0,1302.0,Corvus brachyrhynchos,American Crow,0.4390,D:\Bird_Anuran_ARUs\RE03\SMM2-19_20260310_060300.wav
1302.0,1305.0,Pipilo erythrophthalmus,Eastern Towhee,0.6435,D:\Bird_Anuran_ARUs\RE03\SMM2-19_20260310_060300.wav
1302.0,1305.0,Haemorhous mexicanus,House Finch,0.2762,D:\Bird_Anuran_ARUs\RE03\SMM2-19_20260310_060300.wav
1305.0,1308.0,Corvus brachyrhynchos,American Crow,0.9838,D:\Bird_Anuran_ARUs\RE03\SMM2-19_20260310_060300.wav
1308.0,1311.0,Corvus brachyrhynchos,American Crow,0.6164,D:\Bird_Anuran_ARUs\RE03\SMM2-19_20260310_060300.wav
1308.0,1311.0,Haemorhous mexicanus,House Finch,0.4429,D:\Bird_Anuran_ARUs\RE03\SMM2-19_20260310_060300.wav
1311.0,1314.0,Corvus brachyrhynchos,American Crow,0.6222,D:\Bird_Anuran_ARUs\RE03\SMM2-19_20260310_060300.wav
1311.0,1314.0,Zenaida macroura,Mourning Dove,0.3184,D:\Bird_Anuran_ARUs\RE03\SMM2-19_20260310_060300.wav
1314.0,1317.0,Pipilo erythrophthalmus,Eastern Towhee,0.9946,D:\Bird_Anuran_ARUs\RE03\SMM2-19_20260310_060300.wav
1314.0,1317.0,Corvus brachyrhynchos,American Crow,0.9804,D:\Bird_Anuran_ARUs\RE03\SMM2-19_20260310_060300.wav
1317.0,1320.0,Corvus brachyrhynchos,American Crow,0.7596,D:\Bird_Anuran_ARUs\RE03\SMM2-19_20260310_060300.wav
1320.0,1323.0,Corvus brachyrhynchos,American Crow,0.4153,D:\Bird_Anuran_ARUs\RE03\SMM2-19_20260310_060300.wav
1323.0,1326.0,Colaptes auratus,Northern Flicker,0.4566,D:\Bird_Anuran_ARUs\RE03\SMM2-19_20260310_060300.wav
1323.0,1326.0,Dryocopus pileatus,Pileated Woodpecker,0.4131,D:\Bird_Anuran_ARUs\RE03\SMM2-19_20260310_060300.wav
1326.0,1329.0,Pipilo erythrophthalmus,Eastern Towhee,0.5821,D:\Bird_Anuran_ARUs\RE03\SMM2-19_20260310_060300.wav
1335.0,1338.0,Meleagris gallopavo,Wild Turkey,0.3217,D:\Bird_Anuran_ARUs\RE03\SMM2-19_20260310_060300.wav
1338.0,1341.0,Pipilo erythrophthalmus,Eastern Towhee,0.6969,D:\Bird_Anuran_ARUs\RE03\SMM2-19_20260310_060300.wav
1353.0,1356.0,Zenaida macroura,Mourning Dove,0.7033,D:\Bird_Anuran_ARUs\RE03\SMM2-19_20260310_060300.wav
1353.0,1356.0,Corvus brachyrhynchos,American Crow,0.3716,D:\Bird_Anuran_ARUs\RE03\SMM2-19_20260310_060300.wav
1356.0,1359.0,Corvus brachyrhynchos,American Crow,0.2644,D:\Bird_Anuran_ARUs\RE03\SMM2-19_20260310_060300.wav
1368.0,1371.0,Corvus brachyrhynchos,American Crow,0.9028,D:\Bird_Anuran_ARUs\RE03\SMM2-19_20260310_060300.wav
1377.0,1380.0,Corvus brachyrhynchos,American Crow,0.9239,D:\Bird_Anuran_ARUs\RE03\SMM2-19_20260310_060300.wav
1380.0,1383.0,Corvus brachyrhynchos,American Crow,0.9668,D:\Bird_Anuran_ARUs\RE03\SMM2-19_20260310_060300.wav
1380.0,1383.0,Pipilo erythrophthalmus,Eastern Towhee,0.6966,D:\Bird_Anuran_ARUs\RE03\SMM2-19_20260310_060300.wav
1386.0,1389.0,Meleagris gallopavo,Wild Turkey,0.9579,D:\Bird_Anuran_ARUs\RE03\SMM2-19_20260310_060300.wav
1386.0,1389.0,Corvus brachyrhynchos,American Crow,0.6982,D:\Bird_Anuran_ARUs\RE03\SMM2-19_20260310_060300.wav
1389.0,1392.0,Meleagris gallopavo,Wild Turkey,0.2698,D:\Bird_Anuran_ARUs\RE03\SMM2-19_20260310_060300.wav
1398.0,1401.0,Pseudacris brimleyi,Brimley's Chorus Frog,0.2798,D:\Bird_Anuran_ARUs\RE03\SMM2-19_20260310_060300.wav
1413.0,1416.0,Corvus brachyrhynchos,American Crow,0.5688,D:\Bird_Anuran_ARUs\RE03\SMM2-19_20260310_060300.wav
1413.0,1416.0,Pipilo erythrophthalmus,Eastern Towhee,0.3690,D:\Bird_Anuran_ARUs\RE03\SMM2-19_20260310_060300.wav
1416.0,1419.0,Colaptes auratus,Northern Flicker,0.9631,D:\Bird_Anuran_ARUs\RE03\SMM2-19_20260310_060300.wav
1419.0,1422.0,Corvus brachyrhynchos,American Crow,0.9034,D:\Bird_Anuran_ARUs\RE03\SMM2-19_20260310_060300.wav
1428.0,1431.0,Coccyzus americanus,Yellow-billed Cuckoo,0.3114,D:\Bird_Anuran_ARUs\RE03\SMM2-19_20260310_060300.wav
1443.0,1446.0,Colaptes auratus,Northern Flicker,0.9824,D:\Bird_Anuran_ARUs\RE03\SMM2-19_20260310_060300.wav
1446.0,1449.0,Colaptes auratus,Northern Flicker,0.8447,D:\Bird_Anuran_ARUs\RE03\SMM2-19_20260310_060300.wav
1446.0,1449.0,Pipilo erythrophthalmus,Eastern Towhee,0.6033,D:\Bird_Anuran_ARUs\RE03\SMM2-19_20260310_060300.wav
1452.0,1455.0,Corvus brachyrhynchos,American Crow,0.3331,D:\Bird_Anuran_ARUs\RE03\SMM2-19_20260310_060300.wav
1455.0,1458.0,Corvus brachyrhynchos,American Crow,0.9827,D:\Bird_Anuran_ARUs\RE03\SMM2-19_20260310_060300.wav
1455.0,1458.0,Pipilo erythrophthalmus,Eastern Towhee,0.3033,D:\Bird_Anuran_ARUs\RE03\SMM2-19_20260310_060300.wav
1458.0,1461.0,Meleagris gallopavo,Wild Turkey,0.9905,D:\Bird_Anuran_ARUs\RE03\SMM2-19_20260310_060300.wav
1461.0,1464.0,Pipilo erythrophthalmus,Eastern Towhee,0.3183,D:\Bird_Anuran_ARUs\RE03\SMM2-19_20260310_060300.wav
1464.0,1467.0,Corvus brachyrhynchos,American Crow,0.8851,D:\Bird_Anuran_ARUs\RE03\SMM2-19_20260310_060300.wav
1467.0,1470.0,Colaptes auratus,Northern Flicker,0.8504,D:\Bird_Anuran_ARUs\RE03\SMM2-19_20260310_060300.wav
1470.0,1473.0,Colaptes auratus,Northern Flicker,0.9031,D:\Bird_Anuran_ARUs\RE03\SMM2-19_20260310_060300.wav
1479.0,1482.0,Zenaida macroura,Mourning Dove,0.3830,D:\Bird_Anuran_ARUs\RE03\SMM2-19_20260310_060300.wav
1485.0,1488.0,Colaptes auratus,Northern Flicker,0.8019,D:\Bird_Anuran_ARUs\RE03\SMM2-19_20260310_060300.wav
1488.0,1491.0,Colaptes auratus,Northern Flicker,0.8165,D:\Bird_Anuran_ARUs\RE03\SMM2-19_20260310_060300.wav
1491.0,1494.0,Pipilo erythrophthalmus,Eastern Towhee,0.3259,D:\Bird_Anuran_ARUs\RE03\SMM2-19_20260310_060300.wav
1494.0,1497.0,Corvus brachyrhynchos,American Crow,0.7496,D:\Bird_Anuran_ARUs\RE03\SMM2-19_20260310_060300.wav
1494.0,1497.0,Haemorhous mexicanus,House Finch,0.3101,D:\Bird_Anuran_ARUs\RE03\SMM2-19_20260310_060300.wav
1497.0,1500.0,Setophaga pinus,Pine Warbler,0.2717,D:\Bird_Anuran_ARUs\RE03\SMM2-19_20260310_060300.wav
1500.0,1503.0,Setophaga pinus,Pine Warbler,0.8465,D:\Bird_Anuran_ARUs\RE03\SMM2-19_20260310_060300.wav
1503.0,1506.0,Pipilo erythrophthalmus,Eastern Towhee,0.3918,D:\Bird_Anuran_ARUs\RE03\SMM2-19_20260310_060300.wav
1506.0,1509.0,Colaptes auratus,Northern Flicker,0.8613,D:\Bird_Anuran_ARUs\RE03\SMM2-19_20260310_060300.wav
1509.0,1512.0,Colaptes auratus,Northern Flicker,0.5593,D:\Bird_Anuran_ARUs\RE03\SMM2-19_20260310_060300.wav
1515.0,1518.0,Zenaida macroura,Mourning Dove,0.3991,D:\Bird_Anuran_ARUs\RE03\SMM2-19_20260310_060300.wav
1515.0,1518.0,Pipilo erythrophthalmus,Eastern Towhee,0.3636,D:\Bird_Anuran_ARUs\RE03\SMM2-19_20260310_060300.wav
1518.0,1521.0,Zenaida macroura,Mourning Dove,0.2931,D:\Bird_Anuran_ARUs\RE03\SMM2-19_20260310_060300.wav
1518.0,1521.0,Pipilo erythrophthalmus,Eastern Towhee,0.2880,D:\Bird_Anuran_ARUs\RE03\SMM2-19_20260310_060300.wav
1524.0,1527.0,Pipilo erythrophthalmus,Eastern Towhee,0.9066,D:\Bird_Anuran_ARUs\RE03\SMM2-19_20260310_060300.wav
1527.0,1530.0,Colaptes auratus,Northern Flicker,0.8883,D:\Bird_Anuran_ARUs\RE03\SMM2-19_20260310_060300.wav
1530.0,1533.0,Colaptes auratus,Northern Flicker,0.8803,D:\Bird_Anuran_ARUs\RE03\SMM2-19_20260310_060300.wav
1536.0,1539.0,Setophaga pinus,Pine Warbler,0.5775,D:\Bird_Anuran_ARUs\RE03\SMM2-19_20260310_060300.wav
1545.0,1548.0,Zenaida macroura,Mourning Dove,0.4417,D:\Bird_Anuran_ARUs\RE03\SMM2-19_20260310_060300.wav
1551.0,1554.0,Colaptes auratus,Northern Flicker,0.8093,D:\Bird_Anuran_ARUs\RE03\SMM2-19_20260310_060300.wav
1554.0,1557.0,Colaptes auratus,Northern Flicker,0.6830,D:\Bird_Anuran_ARUs\RE03\SMM2-19_20260310_060300.wav
1557.0,1560.0,Haemorhous mexicanus,House Finch,0.2920,D:\Bird_Anuran_ARUs\RE03\SMM2-19_20260310_060300.wav
1560.0,1563.0,Zenaida macroura,Mourning Dove,0.3474,D:\Bird_Anuran_ARUs\RE03\SMM2-19_20260310_060300.wav
1563.0,1566.0,Haemorhous mexicanus,House Finch,0.4658,D:\Bird_Anuran_ARUs\RE03\SMM2-19_20260310_060300.wav
1563.0,1566.0,Corvus brachyrhynchos,American Crow,0.4655,D:\Bird_Anuran_ARUs\RE03\SMM2-19_20260310_060300.wav
1569.0,1572.0,Colaptes auratus,Northern Flicker,0.8706,D:\Bird_Anuran_ARUs\RE03\SMM2-19_20260310_060300.wav
1572.0,1575.0,Colaptes auratus,Northern Flicker,0.9088,D:\Bird_Anuran_ARUs\RE03\SMM2-19_20260310_060300.wav
1578.0,1581.0,Cardinalis cardinalis,Northern Cardinal,0.3928,D:\Bird_Anuran_ARUs\RE03\SMM2-19_20260310_060300.wav
1578.0,1581.0,Zenaida macroura,Mourning Dove,0.3831,D:\Bird_Anuran_ARUs\RE03\SMM2-19_20260310_060300.wav
1578.0,1581.0,Corvus brachyrhynchos,American Crow,0.3284,D:\Bird_Anuran_ARUs\RE03\SMM2-19_20260310_060300.wav
1581.0,1584.0,Pipilo erythrophthalmus,Eastern Towhee,0.8270,D:\Bird_Anuran_ARUs\RE03\SMM2-19_20260310_060300.wav
1584.0,1587.0,Haemorhous mexicanus,House Finch,0.3116,D:\Bird_Anuran_ARUs\RE03\SMM2-19_20260310_060300.wav
1590.0,1593.0,Pipilo erythrophthalmus,Eastern Towhee,0.7082,D:\Bird_Anuran_ARUs\RE03\SMM2-19_20260310_060300.wav
1590.0,1593.0,Corvus brachyrhynchos,American Crow,0.2823,D:\Bird_Anuran_ARUs\RE03\SMM2-19_20260310_060300.wav
1593.0,1596.0,Pipilo erythrophthalmus,Eastern Towhee,0.7133,D:\Bird_Anuran_ARUs\RE03\SMM2-19_20260310_060300.wav
1593.0,1596.0,Corvus brachyrhynchos,American Crow,0.5020,D:\Bird_Anuran_ARUs\RE03\SMM2-19_20260310_060300.wav
1596.0,1599.0,Pipilo erythrophthalmus,Eastern Towhee,0.7732,D:\Bird_Anuran_ARUs\RE03\SMM2-19_20260310_060300.wav
1602.0,1605.0,Pipilo erythrophthalmus,Eastern Towhee,0.3743,D:\Bird_Anuran_ARUs\RE03\SMM2-19_20260310_060300.wav
1605.0,1608.0,Haemorhous mexicanus,House Finch,0.3026,D:\Bird_Anuran_ARUs\RE03\SMM2-19_20260310_060300.wav
1608.0,1611.0,Colaptes auratus,Northern Flicker,0.7652,D:\Bird_Anuran_ARUs\RE03\SMM2-19_20260310_060300.wav
1608.0,1611.0,Pipilo erythrophthalmus,Eastern Towhee,0.2954,D:\Bird_Anuran_ARUs\RE03\SMM2-19_20260310_060300.wav
1611.0,1614.0,Colaptes auratus,Northern Flicker,0.8720,D:\Bird_Anuran_ARUs\RE03\SMM2-19_20260310_060300.wav
1614.0,1617.0,Zenaida macroura,Mourning Dove,0.7300,D:\Bird_Anuran_ARUs\RE03\SMM2-19_20260310_060300.wav
1620.0,1623.0,Corvus brachyrhynchos,American Crow,0.6676,D:\Bird_Anuran_ARUs\RE03\SMM2-19_20260310_060300.wav
1623.0,1626.0,Corvus brachyrhynchos,American Crow,0.5697,D:\Bird_Anuran_ARUs\RE03\SMM2-19_20260310_060300.wav
1623.0,1626.0,Pipilo erythrophthalmus,Eastern Towhee,0.2983,D:\Bird_Anuran_ARUs\RE03\SMM2-19_20260310_060300.wav
1629.0,1632.0,Corvus brachyrhynchos,American Crow,0.7053,D:\Bird_Anuran_ARUs\RE03\SMM2-19_20260310_060300.wav
1629.0,1632.0,Cardinalis cardinalis,Northern Cardinal,0.2909,D:\Bird_Anuran_ARUs\RE03\SMM2-19_20260310_060300.wav
1632.0,1635.0,Zenaida macroura,Mourning Dove,0.4188,D:\Bird_Anuran_ARUs\RE03\SMM2-19_20260310_060300.wav
1635.0,1638.0,Zenaida macroura,Mourning Dove,0.3744,D:\Bird_Anuran_ARUs\RE03\SMM2-19_20260310_060300.wav
1635.0,1638.0,Haemorhous mexicanus,House Finch,0.2592,D:\Bird_Anuran_ARUs\RE03\SMM2-19_20260310_060300.wav
1641.0,1644.0,Pipilo erythrophthalmus,Eastern Towhee,0.4657,D:\Bird_Anuran_ARUs\RE03\SMM2-19_20260310_060300.wav
1644.0,1647.0,Corvus brachyrhynchos,American Crow,0.9655,D:\Bird_Anuran_ARUs\RE03\SMM2-19_20260310_060300.wav
1647.0,1650.0,Corvus brachyrhynchos,American Crow,0.4924,D:\Bird_Anuran_ARUs\RE03\SMM2-19_20260310_060300.wav
1647.0,1650.0,Molothrus ater,Brown-headed Cowbird,0.2688,D:\Bird_Anuran_ARUs\RE03\SMM2-19_20260310_060300.wav
1650.0,1653.0,Corvus brachyrhynchos,American Crow,0.3466,D:\Bird_Anuran_ARUs\RE03\SMM2-19_20260310_060300.wav
1653.0,1656.0,Corvus brachyrhynchos,American Crow,0.7463,D:\Bird_Anuran_ARUs\RE03\SMM2-19_20260310_060300.wav
1656.0,1659.0,Corvus brachyrhynchos,American Crow,0.8928,D:\Bird_Anuran_ARUs\RE03\SMM2-19_20260310_060300.wav
1662.0,1665.0,Corvus brachyrhynchos,American Crow,0.6836,D:\Bird_Anuran_ARUs\RE03\SMM2-19_20260310_060300.wav
1662.0,1665.0,Haemorhous mexicanus,House Finch,0.2834,D:\Bird_Anuran_ARUs\RE03\SMM2-19_20260310_060300.wav
1665.0,1668.0,Corvus brachyrhynchos,American Crow,0.9795,D:\Bird_Anuran_ARUs\RE03\SMM2-19_20260310_060300.wav
1665.0,1668.0,Pipilo erythrophthalmus,Eastern Towhee,0.4346,D:\Bird_Anuran_ARUs\RE03\SMM2-19_20260310_060300.wav
1665.0,1668.0,Cardinalis cardinalis,Northern Cardinal,0.2830,D:\Bird_Anuran_ARUs\RE03\SMM2-19_20260310_060300.wav
1680.0,1683.0,Corvus brachyrhynchos,American Crow,0.7938,D:\Bird_Anuran_ARUs\RE03\SMM2-19_20260310_060300.wav
1680.0,1683.0,Pipilo erythrophthalmus,Eastern Towhee,0.4778,D:\Bird_Anuran_ARUs\RE03\SMM2-19_20260310_060300.wav
1683.0,1686.0,Colaptes auratus,Northern Flicker,0.8544,D:\Bird_Anuran_ARUs\RE03\SMM2-19_20260310_060300.wav
1686.0,1689.0,Colaptes auratus,Northern Flicker,0.9474,D:\Bird_Anuran_ARUs\RE03\SMM2-19_20260310_060300.wav
1692.0,1695.0,Corvus brachyrhynchos,American Crow,0.6718,D:\Bird_Anuran_ARUs\RE03\SMM2-19_20260310_060300.wav
1698.0,1701.0,Pipilo erythrophthalmus,Eastern Towhee,0.9313,D:\Bird_Anuran_ARUs\RE03\SMM2-19_20260310_060300.wav
1701.0,1704.0,Setophaga pinus,Pine Warbler,0.3988,D:\Bird_Anuran_ARUs\RE03\SMM2-19_20260310_060300.wav
1704.0,1707.0,Corvus brachyrhynchos,American Crow,0.8660,D:\Bird_Anuran_ARUs\RE03\SMM2-19_20260310_060300.wav
1704.0,1707.0,Pipilo erythrophthalmus,Eastern Towhee,0.6849,D:\Bird_Anuran_ARUs\RE03\SMM2-19_20260310_060300.wav
1707.0,1710.0,Corvus brachyrhynchos,American Crow,0.9338,D:\Bird_Anuran_ARUs\RE03\SMM2-19_20260310_060300.wav
1710.0,1713.0,Colaptes auratus,Northern Flicker,0.8512,D:\Bird_Anuran_ARUs\RE03\SMM2-19_20260310_060300.wav
1713.0,1716.0,Corvus brachyrhynchos,American Crow,0.3620,D:\Bird_Anuran_ARUs\RE03\SMM2-19_20260310_060300.wav
1713.0,1716.0,Cardinalis cardinalis,Northern Cardinal,0.2881,D:\Bird_Anuran_ARUs\RE03\SMM2-19_20260310_060300.wav
1716.0,1719.0,Corvus brachyrhynchos,American Crow,0.4619,D:\Bird_Anuran_ARUs\RE03\SMM2-19_20260310_060300.wav
1719.0,1722.0,Corvus brachyrhynchos,American Crow,0.4263,D:\Bird_Anuran_ARUs\RE03\SMM2-19_20260310_060300.wav
1722.0,1725.0,Colaptes auratus,Northern Flicker,0.9418,D:\Bird_Anuran_ARUs\RE03\SMM2-19_20260310_060300.wav
1725.0,1728.0,Colaptes auratus,Northern Flicker,0.8198,D:\Bird_Anuran_ARUs\RE03\SMM2-19_20260310_060300.wav
1728.0,1731.0,Pipilo erythrophthalmus,Eastern Towhee,0.3680,D:\Bird_Anuran_ARUs\RE03\SMM2-19_20260310_060300.wav
1731.0,1734.0,Setophaga pinus,Pine Warbler,0.2662,D:\Bird_Anuran_ARUs\RE03\SMM2-19_20260310_060300.wav
1743.0,1746.0,Colaptes auratus,Northern Flicker,0.9140,D:\Bird_Anuran_ARUs\RE03\SMM2-19_20260310_060300.wav
1746.0,1749.0,Colaptes auratus,Northern Flicker,0.8230,D:\Bird_Anuran_ARUs\RE03\SMM2-19_20260310_060300.wav
1749.0,1752.0,Setophaga pinus,Pine Warbler,0.5308,D:\Bird_Anuran_ARUs\RE03\SMM2-19_20260310_060300.wav
1752.0,1755.0,Pipilo erythrophthalmus,Eastern Towhee,0.3609,D:\Bird_Anuran_ARUs\RE03\SMM2-19_20260310_060300.wav
1764.0,1767.0,Colaptes auratus,Northern Flicker,0.9424,D:\Bird_Anuran_ARUs\RE03\SMM2-19_20260310_060300.wav
1767.0,1770.0,Zenaida macroura,Mourning Dove,0.2780,D:\Bird_Anuran_ARUs\RE03\SMM2-19_20260310_060300.wav
1779.0,1782.0,Colaptes auratus,Northern Flicker,0.6824,D:\Bird_Anuran_ARUs\RE03\SMM2-19_20260310_060300.wav
1782.0,1785.0,Colaptes auratus,Northern Flicker,0.4324,D:\Bird_Anuran_ARUs\RE03\SMM2-19_20260310_060300.wav
1794.0,1797.0,Zenaida macroura,Mourning Dove,0.6290,D:\Bird_Anuran_ARUs\RE03\SMM2-19_20260310_060300.wav
1794.0,1797.0,Corvus brachyrhynchos,American Crow,0.3150,D:\Bird_Anuran_ARUs\RE03\SMM2-19_20260310_060300.wav
1794.0,1797.0,Pipilo erythrophthalmus,Eastern Towhee,0.3105,D:\Bird_Anuran_ARUs\RE03\SMM2-19_20260310_060300.wav
1794.0,1797.0,Haemorhous mexicanus,House Finch,0.2990,D:\Bird_Anuran_ARUs\RE03\SMM2-19_20260310_060300.wav
1797.0,1800.0,Pipilo erythrophthalmus,Eastern Towhee,0.8477,D:\Bird_Anuran_ARUs\RE03\SMM2-19_20260310_060300.wav
1797.0,1800.0,Corvus brachyrhynchos,American Crow,0.7044,D:\Bird_Anuran_ARUs\RE03\SMM2-19_20260310_060300.wav
1803.0,1806.0,Colaptes auratus,Northern Flicker,0.6010,D:\Bird_Anuran_ARUs\RE03\SMM2-19_20260310_060300.wav
1806.0,1809.0,Colaptes auratus,Northern Flicker,0.9279,D:\Bird_Anuran_ARUs\RE03\SMM2-19_20260310_060300.wav
1809.0,1812.0,Zenaida macroura,Mourning Dove,0.4872,D:\Bird_Anuran_ARUs\RE03\SMM2-19_20260310_060300.wav
1812.0,1815.0,Setophaga pinus,Pine Warbler,0.2552,D:\Bird_Anuran_ARUs\RE03\SMM2-19_20260310_060300.wav
1824.0,1827.0,Zenaida macroura,Mourning Dove,0.4411,D:\Bird_Anuran_ARUs\RE03\SMM2-19_20260310_060300.wav
1833.0,1836.0,Colaptes auratus,Northern Flicker,0.6384,D:\Bird_Anuran_ARUs\RE03\SMM2-19_20260310_060300.wav
1842.0,1845.0,Meleagris gallopavo,Wild Turkey,0.4485,D:\Bird_Anuran_ARUs\RE03\SMM2-19_20260310_060300.wav
1848.0,1851.0,Colaptes auratus,Northern Flicker,0.7090,D:\Bird_Anuran_ARUs\RE03\SMM2-19_20260310_060300.wav
1854.0,1857.0,Zenaida macroura,Mourning Dove,0.7579,D:\Bird_Anuran_ARUs\RE03\SMM2-19_20260310_060300.wav
1863.0,1866.0,Colaptes auratus,Northern Flicker,0.3386,D:\Bird_Anuran_ARUs\RE03\SMM2-19_20260310_060300.wav
1866.0,1869.0,Colaptes auratus,Northern Flicker,0.6447,D:\Bird_Anuran_ARUs\RE03\SMM2-19_20260310_060300.wav
1875.0,1878.0,Corvus brachyrhynchos,American Crow,0.3531,D:\Bird_Anuran_ARUs\RE03\SMM2-19_20260310_060300.wav
1881.0,1884.0,Pipilo erythrophthalmus,Eastern Towhee,0.3151,D:\Bird_Anuran_ARUs\RE03\SMM2-19_20260310_060300.wav
1884.0,1887.0,Corvus brachyrhynchos,American Crow,0.7098,D:\Bird_Anuran_ARUs\RE03\SMM2-19_20260310_060300.wav
1887.0,1890.0,Pipilo erythrophthalmus,Eastern Towhee,0.6621,D:\Bird_Anuran_ARUs\RE03\SMM2-19_20260310_060300.wav
1887.0,1890.0,Corvus brachyrhynchos,American Crow,0.5941,D:\Bird_Anuran_ARUs\RE03\SMM2-19_20260310_060300.wav
1887.0,1890.0,Molothrus ater,Brown-headed Cowbird,0.4895,D:\Bird_Anuran_ARUs\RE03\SMM2-19_20260310_060300.wav
1890.0,1893.0,Colaptes auratus,Northern Flicker,0.7631,D:\Bird_Anuran_ARUs\RE03\SMM2-19_20260310_060300.wav
1893.0,1896.0,Colaptes auratus,Northern Flicker,0.3289,D:\Bird_Anuran_ARUs\RE03\SMM2-19_20260310_060300.wav
1893.0,1896.0,Molothrus ater,Brown-headed Cowbird,0.3097,D:\Bird_Anuran_ARUs\RE03\SMM2-19_20260310_060300.wav
1896.0,1899.0,Corvus brachyrhynchos,American Crow,0.2847,D:\Bird_Anuran_ARUs\RE03\SMM2-19_20260310_060300.wav
1896.0,1899.0,Meleagris gallopavo,Wild Turkey,0.2511,D:\Bird_Anuran_ARUs\RE03\SMM2-19_20260310_060300.wav
1899.0,1902.0,Molothrus ater,Brown-headed Cowbird,0.5105,D:\Bird_Anuran_ARUs\RE03\SMM2-19_20260310_060300.wav
1902.0,1905.0,Colaptes auratus,Northern Flicker,0.8188,D:\Bird_Anuran_ARUs\RE03\SMM2-19_20260310_060300.wav
1905.0,1908.0,Colaptes auratus,Northern Flicker,0.7625,D:\Bird_Anuran_ARUs\RE03\SMM2-19_20260310_060300.wav
1908.0,1911.0,Colaptes auratus,Northern Flicker,0.6531,D:\Bird_Anuran_ARUs\RE03\SMM2-19_20260310_060300.wav
1911.0,1914.0,Pipilo erythrophthalmus,Eastern Towhee,0.5935,D:\Bird_Anuran_ARUs\RE03\SMM2-19_20260310_060300.wav
1914.0,1917.0,Haemorhous mexicanus,House Finch,0.3849,D:\Bird_Anuran_ARUs\RE03\SMM2-19_20260310_060300.wav
1914.0,1917.0,Corvus brachyrhynchos,American Crow,0.2986,D:\Bird_Anuran_ARUs\RE03\SMM2-19_20260310_060300.wav
1917.0,1920.0,Pipilo erythrophthalmus,Eastern Towhee,0.5954,D:\Bird_Anuran_ARUs\RE03\SMM2-19_20260310_060300.wav
1917.0,1920.0,Corvus brachyrhynchos,American Crow,0.3876,D:\Bird_Anuran_ARUs\RE03\SMM2-19_20260310_060300.wav
1920.0,1923.0,Pipilo erythrophthalmus,Eastern Towhee,0.3486,D:\Bird_Anuran_ARUs\RE03\SMM2-19_20260310_060300.wav
1920.0,1923.0,Molothrus ater,Brown-headed Cowbird,0.2702,D:\Bird_Anuran_ARUs\RE03\SMM2-19_20260310_060300.wav
1923.0,1926.0,Colaptes auratus,Northern Flicker,0.9154,D:\Bird_Anuran_ARUs\RE03\SMM2-19_20260310_060300.wav
1926.0,1929.0,Colaptes auratus,Northern Flicker,0.8577,D:\Bird_Anuran_ARUs\RE03\SMM2-19_20260310_060300.wav
1926.0,1929.0,Pipilo erythrophthalmus,Eastern Towhee,0.4092,D:\Bird_Anuran_ARUs\RE03\SMM2-19_20260310_060300.wav
1926.0,1929.0,Corvus brachyrhynchos,American Crow,0.3262,D:\Bird_Anuran_ARUs\RE03\SMM2-19_20260310_060300.wav
1929.0,1932.0,Pipilo erythrophthalmus,Eastern Towhee,0.5607,D:\Bird_Anuran_ARUs\RE03\SMM2-19_20260310_060300.wav
1929.0,1932.0,Haemorhous mexicanus,House Finch,0.3850,D:\Bird_Anuran_ARUs\RE03\SMM2-19_20260310_060300.wav
1932.0,1935.0,Corvus brachyrhynchos,American Crow,0.9651,D:\Bird_Anuran_ARUs\RE03\SMM2-19_20260310_060300.wav
1932.0,1935.0,Pipilo erythrophthalmus,Eastern Towhee,0.9357,D:\Bird_Anuran_ARUs\RE03\SMM2-19_20260310_060300.wav
1932.0,1935.0,Molothrus ater,Brown-headed Cowbird,0.5300,D:\Bird_Anuran_ARUs\RE03\SMM2-19_20260310_060300.wav
1935.0,1938.0,Molothrus ater,Brown-headed Cowbird,0.3127,D:\Bird_Anuran_ARUs\RE03\SMM2-19_20260310_060300.wav
1938.0,1941.0,Pipilo erythrophthalmus,Eastern Towhee,0.8611,D:\Bird_Anuran_ARUs\RE03\SMM2-19_20260310_060300.wav
1938.0,1941.0,Corvus brachyrhynchos,American Crow,0.3539,D:\Bird_Anuran_ARUs\RE03\SMM2-19_20260310_060300.wav
1941.0,1944.0,Colaptes auratus,Northern Flicker,0.9166,D:\Bird_Anuran_ARUs\RE03\SMM2-19_20260310_060300.wav
1944.0,1947.0,Pipilo erythrophthalmus,Eastern Towhee,0.6567,D:\Bird_Anuran_ARUs\RE03\SMM2-19_20260310_060300.wav
1947.0,1950.0,Corvus brachyrhynchos,American Crow,0.9127,D:\Bird_Anuran_ARUs\RE03\SMM2-19_20260310_060300.wav
1947.0,1950.0,Pipilo erythrophthalmus,Eastern Towhee,0.5190,D:\Bird_Anuran_ARUs\RE03\SMM2-19_20260310_060300.wav
1947.0,1950.0,Baeolophus bicolor,Tufted Titmouse,0.4510,D:\Bird_Anuran_ARUs\RE03\SMM2-19_20260310_060300.wav
1947.0,1950.0,Haemorhous mexicanus,House Finch,0.4141,D:\Bird_Anuran_ARUs\RE03\SMM2-19_20260310_060300.wav
1950.0,1953.0,Corvus brachyrhynchos,American Crow,0.5550,D:\Bird_Anuran_ARUs\RE03\SMM2-19_20260310_060300.wav
1950.0,1953.0,Geothlypis trichas,Common Yellowthroat,0.4860,D:\Bird_Anuran_ARUs\RE03\SMM2-19_20260310_060300.wav
1950.0,1953.0,Pipilo erythrophthalmus,Eastern Towhee,0.4549,D:\Bird_Anuran_ARUs\RE03\SMM2-19_20260310_060300.wav
1953.0,1956.0,Colaptes auratus,Northern Flicker,0.2816,D:\Bird_Anuran_ARUs\RE03\SMM2-19_20260310_060300.wav
1956.0,1959.0,Colaptes auratus,Northern Flicker,0.7173,D:\Bird_Anuran_ARUs\RE03\SMM2-19_20260310_060300.wav
1956.0,1959.0,Pipilo erythrophthalmus,Eastern Towhee,0.6013,D:\Bird_Anuran_ARUs\RE03\SMM2-19_20260310_060300.wav
1959.0,1962.0,Pipilo erythrophthalmus,Eastern Towhee,0.7803,D:\Bird_Anuran_ARUs\RE03\SMM2-19_20260310_060300.wav
1965.0,1968.0,Pipilo erythrophthalmus,Eastern Towhee,0.3222,D:\Bird_Anuran_ARUs\RE03\SMM2-19_20260310_060300.wav
1977.0,1980.0,Colaptes auratus,Northern Flicker,0.6860,D:\Bird_Anuran_ARUs\RE03\SMM2-19_20260310_060300.wav
1980.0,1983.0,Pipilo erythrophthalmus,Eastern Towhee,0.5944,D:\Bird_Anuran_ARUs\RE03\SMM2-19_20260310_060300.wav
1983.0,1986.0,Pipilo erythrophthalmus,Eastern Towhee,0.8431,D:\Bird_Anuran_ARUs\RE03\SMM2-19_20260310_060300.wav
1983.0,1986.0,Haemorhous mexicanus,House Finch,0.2997,D:\Bird_Anuran_ARUs\RE03\SMM2-19_20260310_060300.wav
1989.0,1992.0,Pipilo erythrophthalmus,Eastern Towhee,0.4104,D:\Bird_Anuran_ARUs\RE03\SMM2-19_20260310_060300.wav
1992.0,1995.0,Pipilo erythrophthalmus,Eastern Towhee,0.3582,D:\Bird_Anuran_ARUs\RE03\SMM2-19_20260310_060300.wav
1995.0,1998.0,Colaptes auratus,Northern Flicker,0.8818,D:\Bird_Anuran_ARUs\RE03\SMM2-19_20260310_060300.wav
1998.0,2001.0,Baeolophus bicolor,Tufted Titmouse,0.3905,D:\Bird_Anuran_ARUs\RE03\SMM2-19_20260310_060300.wav
2001.0,2004.0,Meleagris gallopavo,Wild Turkey,0.6086,D:\Bird_Anuran_ARUs\RE03\SMM2-19_20260310_060300.wav
2001.0,2004.0,Pipilo erythrophthalmus,Eastern Towhee,0.3289,D:\Bird_Anuran_ARUs\RE03\SMM2-19_20260310_060300.wav
2004.0,2007.0,Haemorhous mexicanus,House Finch,0.3325,D:\Bird_Anuran_ARUs\RE03\SMM2-19_20260310_060300.wav
2004.0,2007.0,Pipilo erythrophthalmus,Eastern Towhee,0.3031,D:\Bird_Anuran_ARUs\RE03\SMM2-19_20260310_060300.wav
2007.0,2010.0,Pipilo erythrophthalmus,Eastern Towhee,0.6442,D:\Bird_Anuran_ARUs\RE03\SMM2-19_20260310_060300.wav
2010.0,2013.0,Colaptes auratus,Northern Flicker,0.9443,D:\Bird_Anuran_ARUs\RE03\SMM2-19_20260310_060300.wav
2013.0,2016.0,Colaptes auratus,Northern Flicker,0.9152,D:\Bird_Anuran_ARUs\RE03\SMM2-19_20260310_060300.wav
2016.0,2019.0,Pipilo erythrophthalmus,Eastern Towhee,0.5293,D:\Bird_Anuran_ARUs\RE03\SMM2-19_20260310_060300.wav
2019.0,2022.0,Pipilo erythrophthalmus,Eastern Towhee,0.9838,D:\Bird_Anuran_ARUs\RE03\SMM2-19_20260310_060300.wav
2019.0,2022.0,Corvus brachyrhynchos,American Crow,0.8128,D:\Bird_Anuran_ARUs\RE03\SMM2-19_20260310_060300.wav
2019.0,2022.0,Cardinalis cardinalis,Northern Cardinal,0.2510,D:\Bird_Anuran_ARUs\RE03\SMM2-19_20260310_060300.wav
2022.0,2025.0,Zenaida macroura,Mourning Dove,0.8223,D:\Bird_Anuran_ARUs\RE03\SMM2-19_20260310_060300.wav
2022.0,2025.0,Pipilo erythrophthalmus,Eastern Towhee,0.5674,D:\Bird_Anuran_ARUs\RE03\SMM2-19_20260310_060300.wav
2025.0,2028.0,Zenaida macroura,Mourning Dove,0.5930,D:\Bird_Anuran_ARUs\RE03\SMM2-19_20260310_060300.wav
2028.0,2031.0,Pipilo erythrophthalmus,Eastern Towhee,0.3543,D:\Bird_Anuran_ARUs\RE03\SMM2-19_20260310_060300.wav
2028.0,2031.0,Corvus brachyrhynchos,American Crow,0.3309,D:\Bird_Anuran_ARUs\RE03\SMM2-19_20260310_060300.wav
2031.0,2034.0,Pipilo erythrophthalmus,Eastern Towhee,0.3747,D:\Bird_Anuran_ARUs\RE03\SMM2-19_20260310_060300.wav
2034.0,2037.0,Pipilo erythrophthalmus,Eastern Towhee,0.6394,D:\Bird_Anuran_ARUs\RE03\SMM2-19_20260310_060300.wav
2034.0,2037.0,Corvus brachyrhynchos,American Crow,0.5102,D:\Bird_Anuran_ARUs\RE03\SMM2-19_20260310_060300.wav
2037.0,2040.0,Colaptes auratus,Northern Flicker,0.8243,D:\Bird_Anuran_ARUs\RE03\SMM2-19_20260310_060300.wav
2040.0,2043.0,Colaptes auratus,Northern Flicker,0.7540,D:\Bird_Anuran_ARUs\RE03\SMM2-19_20260310_060300.wav
2043.0,2046.0,Meleagris gallopavo,Wild Turkey,0.8192,D:\Bird_Anuran_ARUs\RE03\SMM2-19_20260310_060300.wav
2046.0,2049.0,Pipilo erythrophthalmus,Eastern Towhee,0.9574,D:\Bird_Anuran_ARUs\RE03\SMM2-19_20260310_060300.wav
2049.0,2052.0,Pipilo erythrophthalmus,Eastern Towhee,0.7953,D:\Bird_Anuran_ARUs\RE03\SMM2-19_20260310_060300.wav
2049.0,2052.0,Cardinalis cardinalis,Northern Cardinal,0.5960,D:\Bird_Anuran_ARUs\RE03\SMM2-19_20260310_060300.wav
2052.0,2055.0,Pipilo erythrophthalmus,Eastern Towhee,0.6534,D:\Bird_Anuran_ARUs\RE03\SMM2-19_20260310_060300.wav
2055.0,2058.0,Pipilo erythrophthalmus,Eastern Towhee,0.7687,D:\Bird_Anuran_ARUs\RE03\SMM2-19_20260310_060300.wav
2055.0,2058.0,Zenaida macroura,Mourning Dove,0.6596,D:\Bird_Anuran_ARUs\RE03\SMM2-19_20260310_060300.wav
2058.0,2061.0,Pipilo erythrophthalmus,Eastern Towhee,0.7328,D:\Bird_Anuran_ARUs\RE03\SMM2-19_20260310_060300.wav
2058.0,2061.0,Cardinalis cardinalis,Northern Cardinal,0.3198,D:\Bird_Anuran_ARUs\RE03\SMM2-19_20260310_060300.wav
2061.0,2064.0,Pipilo erythrophthalmus,Eastern Towhee,0.6369,D:\Bird_Anuran_ARUs\RE03\SMM2-19_20260310_060300.wav
2064.0,2067.0,Pipilo erythrophthalmus,Eastern Towhee,0.8553,D:\Bird_Anuran_ARUs\RE03\SMM2-19_20260310_060300.wav
2067.0,2070.0,Colaptes auratus,Northern Flicker,0.7536,D:\Bird_Anuran_ARUs\RE03\SMM2-19_20260310_060300.wav
2070.0,2073.0,Pipilo erythrophthalmus,Eastern Towhee,0.7747,D:\Bird_Anuran_ARUs\RE03\SMM2-19_20260310_060300.wav
2070.0,2073.0,Corvus brachyrhynchos,American Crow,0.3390,D:\Bird_Anuran_ARUs\RE03\SMM2-19_20260310_060300.wav
2070.0,2073.0,Haemorhous mexicanus,House Finch,0.2849,D:\Bird_Anuran_ARUs\RE03\SMM2-19_20260310_060300.wav
2073.0,2076.0,Pipilo erythrophthalmus,Eastern Towhee,0.7155,D:\Bird_Anuran_ARUs\RE03\SMM2-19_20260310_060300.wav
2076.0,2079.0,Pipilo erythrophthalmus,Eastern Towhee,0.4848,D:\Bird_Anuran_ARUs\RE03\SMM2-19_20260310_060300.wav
2079.0,2082.0,Molothrus ater,Brown-headed Cowbird,0.6084,D:\Bird_Anuran_ARUs\RE03\SMM2-19_20260310_060300.wav
2079.0,2082.0,Corvus brachyrhynchos,American Crow,0.3808,D:\Bird_Anuran_ARUs\RE03\SMM2-19_20260310_060300.wav
2079.0,2082.0,Cardinalis cardinalis,Northern Cardinal,0.2706,D:\Bird_Anuran_ARUs\RE03\SMM2-19_20260310_060300.wav
2085.0,2088.0,Pipilo erythrophthalmus,Eastern Towhee,0.6570,D:\Bird_Anuran_ARUs\RE03\SMM2-19_20260310_060300.wav
2088.0,2091.0,Colaptes auratus,Northern Flicker,0.3713,D:\Bird_Anuran_ARUs\RE03\SMM2-19_20260310_060300.wav
2088.0,2091.0,Pipilo erythrophthalmus,Eastern Towhee,0.3255,D:\Bird_Anuran_ARUs\RE03\SMM2-19_20260310_060300.wav
2091.0,2094.0,Colaptes auratus,Northern Flicker,0.6205,D:\Bird_Anuran_ARUs\RE03\SMM2-19_20260310_060300.wav
2094.0,2097.0,Pipilo erythrophthalmus,Eastern Towhee,0.6747,D:\Bird_Anuran_ARUs\RE03\SMM2-19_20260310_060300.wav
2097.0,2100.0,Zenaida macroura,Mourning Dove,0.6300,D:\Bird_Anuran_ARUs\RE03\SMM2-19_20260310_060300.wav
2103.0,2106.0,Colaptes auratus,Northern Flicker,0.7420,D:\Bird_Anuran_ARUs\RE03\SMM2-19_20260310_060300.wav
2106.0,2109.0,Colaptes auratus,Northern Flicker,0.8274,D:\Bird_Anuran_ARUs\RE03\SMM2-19_20260310_060300.wav
2112.0,2115.0,Corvus brachyrhynchos,American Crow,0.5391,D:\Bird_Anuran_ARUs\RE03\SMM2-19_20260310_060300.wav
2112.0,2115.0,Zenaida macroura,Mourning Dove,0.2617,D:\Bird_Anuran_ARUs\RE03\SMM2-19_20260310_060300.wav
2115.0,2118.0,Cardinalis cardinalis,Northern Cardinal,0.2587,D:\Bird_Anuran_ARUs\RE03\SMM2-19_20260310_060300.wav
2118.0,2121.0,Molothrus ater,Brown-headed Cowbird,0.3465,D:\Bird_Anuran_ARUs\RE03\SMM2-19_20260310_060300.wav
2121.0,2124.0,Colaptes auratus,Northern Flicker,0.8076,D:\Bird_Anuran_ARUs\RE03\SMM2-19_20260310_060300.wav
2124.0,2127.0,Colaptes auratus,Northern Flicker,0.9071,D:\Bird_Anuran_ARUs\RE03\SMM2-19_20260310_060300.wav
2127.0,2130.0,Pipilo erythrophthalmus,Eastern Towhee,0.5117,D:\Bird_Anuran_ARUs\RE03\SMM2-19_20260310_060300.wav
2130.0,2133.0,Pipilo erythrophthalmus,Eastern Towhee,0.3241,D:\Bird_Anuran_ARUs\RE03\SMM2-19_20260310_060300.wav
2133.0,2136.0,Pipilo erythrophthalmus,Eastern Towhee,0.6892,D:\Bird_Anuran_ARUs\RE03\SMM2-19_20260310_060300.wav
2136.0,2139.0,Pipilo erythrophthalmus,Eastern Towhee,0.8793,D:\Bird_Anuran_ARUs\RE03\SMM2-19_20260310_060300.wav
2139.0,2142.0,Pipilo erythrophthalmus,Eastern Towhee,0.6893,D:\Bird_Anuran_ARUs\RE03\SMM2-19_20260310_060300.wav
2142.0,2145.0,Colaptes auratus,Northern Flicker,0.6763,D:\Bird_Anuran_ARUs\RE03\SMM2-19_20260310_060300.wav
2145.0,2148.0,Colaptes auratus,Northern Flicker,0.9451,D:\Bird_Anuran_ARUs\RE03\SMM2-19_20260310_060300.wav
2145.0,2148.0,Pipilo erythrophthalmus,Eastern Towhee,0.4763,D:\Bird_Anuran_ARUs\RE03\SMM2-19_20260310_060300.wav
2148.0,2151.0,Pipilo erythrophthalmus,Eastern Towhee,0.9014,D:\Bird_Anuran_ARUs\RE03\SMM2-19_20260310_060300.wav
2148.0,2151.0,Meleagris gallopavo,Wild Turkey,0.2966,D:\Bird_Anuran_ARUs\RE03\SMM2-19_20260310_060300.wav
2154.0,2157.0,Pipilo erythrophthalmus,Eastern Towhee,0.4035,D:\Bird_Anuran_ARUs\RE03\SMM2-19_20260310_060300.wav
2154.0,2157.0,Molothrus ater,Brown-headed Cowbird,0.2971,D:\Bird_Anuran_ARUs\RE03\SMM2-19_20260310_060300.wav
2157.0,2160.0,Corvus brachyrhynchos,American Crow,0.9417,D:\Bird_Anuran_ARUs\RE03\SMM2-19_20260310_060300.wav
2160.0,2163.0,Pipilo erythrophthalmus,Eastern Towhee,0.6914,D:\Bird_Anuran_ARUs\RE03\SMM2-19_20260310_060300.wav
2160.0,2163.0,Meleagris gallopavo,Wild Turkey,0.6015,D:\Bird_Anuran_ARUs\RE03\SMM2-19_20260310_060300.wav
2163.0,2166.0,Pipilo erythrophthalmus,Eastern Towhee,0.4011,D:\Bird_Anuran_ARUs\RE03\SMM2-19_20260310_060300.wav
2166.0,2169.0,Pipilo erythrophthalmus,Eastern Towhee,0.9573,D:\Bird_Anuran_ARUs\RE03\SMM2-19_20260310_060300.wav
2166.0,2169.0,Haemorhous mexicanus,House Finch,0.3043,D:\Bird_Anuran_ARUs\RE03\SMM2-19_20260310_060300.wav
2169.0,2172.0,Colaptes auratus,Northern Flicker,0.8879,D:\Bird_Anuran_ARUs\RE03\SMM2-19_20260310_060300.wav
2169.0,2172.0,Pipilo erythrophthalmus,Eastern Towhee,0.4870,D:\Bird_Anuran_ARUs\RE03\SMM2-19_20260310_060300.wav
2172.0,2175.0,Colaptes auratus,Northern Flicker,0.6306,D:\Bird_Anuran_ARUs\RE03\SMM2-19_20260310_060300.wav
2175.0,2178.0,Pipilo erythrophthalmus,Eastern Towhee,0.5972,D:\Bird_Anuran_ARUs\RE03\SMM2-19_20260310_060300.wav
2178.0,2181.0,Pipilo erythrophthalmus,Eastern Towhee,0.8922,D:\Bird_Anuran_ARUs\RE03\SMM2-19_20260310_060300.wav
2181.0,2184.0,Corvus brachyrhynchos,American Crow,0.9239,D:\Bird_Anuran_ARUs\RE03\SMM2-19_20260310_060300.wav
2184.0,2187.0,Corvus brachyrhynchos,American Crow,0.7734,D:\Bird_Anuran_ARUs\RE03\SMM2-19_20260310_060300.wav
2187.0,2190.0,Colaptes auratus,Northern Flicker,0.8444,D:\Bird_Anuran_ARUs\RE03\SMM2-19_20260310_060300.wav
2190.0,2193.0,Colaptes auratus,Northern Flicker,0.5076,D:\Bird_Anuran_ARUs\RE03\SMM2-19_20260310_060300.wav
2196.0,2199.0,Pipilo erythrophthalmus,Eastern Towhee,0.9218,D:\Bird_Anuran_ARUs\RE03\SMM2-19_20260310_060300.wav
2202.0,2205.0,Colaptes auratus,Northern Flicker,0.9162,D:\Bird_Anuran_ARUs\RE03\SMM2-19_20260310_060300.wav
2205.0,2208.0,Colaptes auratus,Northern Flicker,0.8944,D:\Bird_Anuran_ARUs\RE03\SMM2-19_20260310_060300.wav
2208.0,2211.0,Zenaida macroura,Mourning Dove,0.6885,D:\Bird_Anuran_ARUs\RE03\SMM2-19_20260310_060300.wav
2214.0,2217.0,Meleagris gallopavo,Wild Turkey,0.6641,D:\Bird_Anuran_ARUs\RE03\SMM2-19_20260310_060300.wav
2220.0,2223.0,Colaptes auratus,Northern Flicker,0.8075,D:\Bird_Anuran_ARUs\RE03\SMM2-19_20260310_060300.wav
2238.0,2241.0,Zenaida macroura,Mourning Dove,0.2550,D:\Bird_Anuran_ARUs\RE03\SMM2-19_20260310_060300.wav
2241.0,2244.0,Molothrus ater,Brown-headed Cowbird,0.9137,D:\Bird_Anuran_ARUs\RE03\SMM2-19_20260310_060300.wav
2247.0,2250.0,Corvus brachyrhynchos,American Crow,0.4283,D:\Bird_Anuran_ARUs\RE03\SMM2-19_20260310_060300.wav
2247.0,2250.0,Haemorhous mexicanus,House Finch,0.3567,D:\Bird_Anuran_ARUs\RE03\SMM2-19_20260310_060300.wav
2250.0,2253.0,Pipilo erythrophthalmus,Eastern Towhee,0.9187,D:\Bird_Anuran_ARUs\RE03\SMM2-19_20260310_060300.wav
2253.0,2256.0,Colaptes auratus,Northern Flicker,0.8273,D:\Bird_Anuran_ARUs\RE03\SMM2-19_20260310_060300.wav
2256.0,2259.0,Colaptes auratus,Northern Flicker,0.8226,D:\Bird_Anuran_ARUs\RE03\SMM2-19_20260310_060300.wav
2262.0,2265.0,Zenaida macroura,Mourning Dove,0.4040,D:\Bird_Anuran_ARUs\RE03\SMM2-19_20260310_060300.wav
2265.0,2268.0,Cardinalis cardinalis,Northern Cardinal,0.9494,D:\Bird_Anuran_ARUs\RE03\SMM2-19_20260310_060300.wav
2265.0,2268.0,Pipilo erythrophthalmus,Eastern Towhee,0.3965,D:\Bird_Anuran_ARUs\RE03\SMM2-19_20260310_060300.wav
2265.0,2268.0,Corvus brachyrhynchos,American Crow,0.2568,D:\Bird_Anuran_ARUs\RE03\SMM2-19_20260310_060300.wav
2268.0,2271.0,Cardinalis cardinalis,Northern Cardinal,0.9790,D:\Bird_Anuran_ARUs\RE03\SMM2-19_20260310_060300.wav
2271.0,2274.0,Colaptes auratus,Northern Flicker,0.8333,D:\Bird_Anuran_ARUs\RE03\SMM2-19_20260310_060300.wav
2271.0,2274.0,Cardinalis cardinalis,Northern Cardinal,0.2981,D:\Bird_Anuran_ARUs\RE03\SMM2-19_20260310_060300.wav
2274.0,2277.0,Colaptes auratus,Northern Flicker,0.9412,D:\Bird_Anuran_ARUs\RE03\SMM2-19_20260310_060300.wav
2277.0,2280.0,Cardinalis cardinalis,Northern Cardinal,0.9969,D:\Bird_Anuran_ARUs\RE03\SMM2-19_20260310_060300.wav
2280.0,2283.0,Cardinalis cardinalis,Northern Cardinal,0.5390,D:\Bird_Anuran_ARUs\RE03\SMM2-19_20260310_060300.wav
2283.0,2286.0,Cardinalis cardinalis,Northern Cardinal,0.8453,D:\Bird_Anuran_ARUs\RE03\SMM2-19_20260310_060300.wav
2283.0,2286.0,Meleagris gallopavo,Wild Turkey,0.3007,D:\Bird_Anuran_ARUs\RE03\SMM2-19_20260310_060300.wav
2286.0,2289.0,Colaptes auratus,Northern Flicker,0.8703,D:\Bird_Anuran_ARUs\RE03\SMM2-19_20260310_060300.wav
2286.0,2289.0,Corvus brachyrhynchos,American Crow,0.4333,D:\Bird_Anuran_ARUs\RE03\SMM2-19_20260310_060300.wav
2286.0,2289.0,Cardinalis cardinalis,Northern Cardinal,0.2914,D:\Bird_Anuran_ARUs\RE03\SMM2-19_20260310_060300.wav
2289.0,2292.0,Colaptes auratus,Northern Flicker,0.4090,D:\Bird_Anuran_ARUs\RE03\SMM2-19_20260310_060300.wav
2292.0,2295.0,Cardinalis cardinalis,Northern Cardinal,0.9891,D:\Bird_Anuran_ARUs\RE03\SMM2-19_20260310_060300.wav
2295.0,2298.0,Cardinalis cardinalis,Northern Cardinal,0.9675,D:\Bird_Anuran_ARUs\RE03\SMM2-19_20260310_060300.wav
2298.0,2301.0,Zenaida macroura,Mourning Dove,0.2833,D:\Bird_Anuran_ARUs\RE03\SMM2-19_20260310_060300.wav
2301.0,2304.0,Colaptes auratus,Northern Flicker,0.5788,D:\Bird_Anuran_ARUs\RE03\SMM2-19_20260310_060300.wav
2304.0,2307.0,Colaptes auratus,Northern Flicker,0.4512,D:\Bird_Anuran_ARUs\RE03\SMM2-19_20260310_060300.wav
2307.0,2310.0,Cardinalis cardinalis,Northern Cardinal,0.8243,D:\Bird_Anuran_ARUs\RE03\SMM2-19_20260310_060300.wav
2310.0,2313.0,Cardinalis cardinalis,Northern Cardinal,0.8996,D:\Bird_Anuran_ARUs\RE03\SMM2-19_20260310_060300.wav
2313.0,2316.0,Cardinalis cardinalis,Northern Cardinal,0.4711,D:\Bird_Anuran_ARUs\RE03\SMM2-19_20260310_060300.wav
2316.0,2319.0,Cardinalis cardinalis,Northern Cardinal,0.6591,D:\Bird_Anuran_ARUs\RE03\SMM2-19_20260310_060300.wav
2319.0,2322.0,Colaptes auratus,Northern Flicker,0.6907,D:\Bird_Anuran_ARUs\RE03\SMM2-19_20260310_060300.wav
2322.0,2325.0,Colaptes auratus,Northern Flicker,0.8114,D:\Bird_Anuran_ARUs\RE03\SMM2-19_20260310_060300.wav
2322.0,2325.0,Cardinalis cardinalis,Northern Cardinal,0.4352,D:\Bird_Anuran_ARUs\RE03\SMM2-19_20260310_060300.wav
2325.0,2328.0,Cardinalis cardinalis,Northern Cardinal,0.8465,D:\Bird_Anuran_ARUs\RE03\SMM2-19_20260310_060300.wav
2328.0,2331.0,Cardinalis cardinalis,Northern Cardinal,0.7373,D:\Bird_Anuran_ARUs\RE03\SMM2-19_20260310_060300.wav
2331.0,2334.0,Haemorhous mexicanus,House Finch,0.2788,D:\Bird_Anuran_ARUs\RE03\SMM2-19_20260310_060300.wav
2334.0,2337.0,Cardinalis cardinalis,Northern Cardinal,0.9271,D:\Bird_Anuran_ARUs\RE03\SMM2-19_20260310_060300.wav
2337.0,2340.0,Colaptes auratus,Northern Flicker,0.8014,D:\Bird_Anuran_ARUs\RE03\SMM2-19_20260310_060300.wav
2337.0,2340.0,Cardinalis cardinalis,Northern Cardinal,0.5936,D:\Bird_Anuran_ARUs\RE03\SMM2-19_20260310_060300.wav
2340.0,2343.0,Colaptes auratus,Northern Flicker,0.5812,D:\Bird_Anuran_ARUs\RE03\SMM2-19_20260310_060300.wav
2343.0,2346.0,Haemorhous mexicanus,House Finch,0.2512,D:\Bird_Anuran_ARUs\RE03\SMM2-19_20260310_060300.wav
2349.0,2352.0,Corvus brachyrhynchos,American Crow,0.9420,D:\Bird_Anuran_ARUs\RE03\SMM2-19_20260310_060300.wav
2349.0,2352.0,Cardinalis cardinalis,Northern Cardinal,0.9098,D:\Bird_Anuran_ARUs\RE03\SMM2-19_20260310_060300.wav
2352.0,2355.0,Colaptes auratus,Northern Flicker,0.8388,D:\Bird_Anuran_ARUs\RE03\SMM2-19_20260310_060300.wav
2355.0,2358.0,Zenaida macroura,Mourning Dove,0.4501,D:\Bird_Anuran_ARUs\RE03\SMM2-19_20260310_060300.wav
2358.0,2361.0,Cardinalis cardinalis,Northern Cardinal,0.8601,D:\Bird_Anuran_ARUs\RE03\SMM2-19_20260310_060300.wav
2358.0,2361.0,Corvus brachyrhynchos,American Crow,0.6562,D:\Bird_Anuran_ARUs\RE03\SMM2-19_20260310_060300.wav
2361.0,2364.0,Cardinalis cardinalis,Northern Cardinal,0.8435,D:\Bird_Anuran_ARUs\RE03\SMM2-19_20260310_060300.wav
2364.0,2367.0,Pipilo erythrophthalmus,Eastern Towhee,0.6938,D:\Bird_Anuran_ARUs\RE03\SMM2-19_20260310_060300.wav
2364.0,2367.0,Corvus brachyrhynchos,American Crow,0.4142,D:\Bird_Anuran_ARUs\RE03\SMM2-19_20260310_060300.wav
2367.0,2370.0,Sialia sialis,Eastern Bluebird,0.7773,D:\Bird_Anuran_ARUs\RE03\SMM2-19_20260310_060300.wav
2370.0,2373.0,Meleagris gallopavo,Wild Turkey,0.9429,D:\Bird_Anuran_ARUs\RE03\SMM2-19_20260310_060300.wav
2373.0,2376.0,Colaptes auratus,Northern Flicker,0.6226,D:\Bird_Anuran_ARUs\RE03\SMM2-19_20260310_060300.wav
2376.0,2379.0,Sialia sialis,Eastern Bluebird,0.2554,D:\Bird_Anuran_ARUs\RE03\SMM2-19_20260310_060300.wav
2379.0,2382.0,Sialia sialis,Eastern Bluebird,0.8075,D:\Bird_Anuran_ARUs\RE03\SMM2-19_20260310_060300.wav
2382.0,2385.0,Cardinalis cardinalis,Northern Cardinal,0.6589,D:\Bird_Anuran_ARUs\RE03\SMM2-19_20260310_060300.wav
2385.0,2388.0,Sialia sialis,Eastern Bluebird,0.9876,D:\Bird_Anuran_ARUs\RE03\SMM2-19_20260310_060300.wav
2388.0,2391.0,Sialia sialis,Eastern Bluebird,0.9101,D:\Bird_Anuran_ARUs\RE03\SMM2-19_20260310_060300.wav
2391.0,2394.0,Corvus brachyrhynchos,American Crow,0.5131,D:\Bird_Anuran_ARUs\RE03\SMM2-19_20260310_060300.wav
2391.0,2394.0,Cardinalis cardinalis,Northern Cardinal,0.3647,D:\Bird_Anuran_ARUs\RE03\SMM2-19_20260310_060300.wav
2397.0,2400.0,Cardinalis cardinalis,Northern Cardinal,0.6954,D:\Bird_Anuran_ARUs\RE03\SMM2-19_20260310_060300.wav
2400.0,2403.0,Colaptes auratus,Northern Flicker,0.7576,D:\Bird_Anuran_ARUs\RE03\SMM2-19_20260310_060300.wav
2403.0,2406.0,Colaptes auratus,Northern Flicker,0.9396,D:\Bird_Anuran_ARUs\RE03\SMM2-19_20260310_060300.wav
2406.0,2409.0,Colaptes auratus,Northern Flicker,0.7146,D:\Bird_Anuran_ARUs\RE03\SMM2-19_20260310_060300.wav
2406.0,2409.0,Corvus brachyrhynchos,American Crow,0.4718,D:\Bird_Anuran_ARUs\RE03\SMM2-19_20260310_060300.wav
2409.0,2412.0,Colaptes auratus,Northern Flicker,0.7953,D:\Bird_Anuran_ARUs\RE03\SMM2-19_20260310_060300.wav
2412.0,2415.0,Cardinalis cardinalis,Northern Cardinal,0.7203,D:\Bird_Anuran_ARUs\RE03\SMM2-19_20260310_060300.wav
2415.0,2418.0,Cardinalis cardinalis,Northern Cardinal,0.8296,D:\Bird_Anuran_ARUs\RE03\SMM2-19_20260310_060300.wav
2418.0,2421.0,Zenaida macroura,Mourning Dove,0.5126,D:\Bird_Anuran_ARUs\RE03\SMM2-19_20260310_060300.wav
2418.0,2421.0,Corvus brachyrhynchos,American Crow,0.3827,D:\Bird_Anuran_ARUs\RE03\SMM2-19_20260310_060300.wav
2421.0,2424.0,Zenaida macroura,Mourning Dove,0.2594,D:\Bird_Anuran_ARUs\RE03\SMM2-19_20260310_060300.wav
2427.0,2430.0,Dryobates pubescens,Downy Woodpecker,0.3042,D:\Bird_Anuran_ARUs\RE03\SMM2-19_20260310_060300.wav
2433.0,2436.0,Dryobates pubescens,Downy Woodpecker,0.2845,D:\Bird_Anuran_ARUs\RE03\SMM2-19_20260310_060300.wav
2436.0,2439.0,Zenaida macroura,Mourning Dove,0.3253,D:\Bird_Anuran_ARUs\RE03\SMM2-19_20260310_060300.wav
2445.0,2448.0,Meleagris gallopavo,Wild Turkey,0.5095,D:\Bird_Anuran_ARUs\RE03\SMM2-19_20260310_060300.wav
2448.0,2451.0,Melanerpes carolinus,Red-bellied Woodpecker,0.3231,D:\Bird_Anuran_ARUs\RE03\SMM2-19_20260310_060300.wav
2451.0,2454.0,Zenaida macroura,Mourning Dove,0.7010,D:\Bird_Anuran_ARUs\RE03\SMM2-19_20260310_060300.wav
2451.0,2454.0,Cardinalis cardinalis,Northern Cardinal,0.2785,D:\Bird_Anuran_ARUs\RE03\SMM2-19_20260310_060300.wav
2457.0,2460.0,Melanerpes carolinus,Red-bellied Woodpecker,0.3300,D:\Bird_Anuran_ARUs\RE03\SMM2-19_20260310_060300.wav
2460.0,2463.0,Pipilo erythrophthalmus,Eastern Towhee,0.3078,D:\Bird_Anuran_ARUs\RE03\SMM2-19_20260310_060300.wav
2460.0,2463.0,Cardinalis cardinalis,Northern Cardinal,0.2880,D:\Bird_Anuran_ARUs\RE03\SMM2-19_20260310_060300.wav
2463.0,2466.0,Cardinalis cardinalis,Northern Cardinal,0.5628,D:\Bird_Anuran_ARUs\RE03\SMM2-19_20260310_060300.wav
2466.0,2469.0,Corvus brachyrhynchos,American Crow,0.5574,D:\Bird_Anuran_ARUs\RE03\SMM2-19_20260310_060300.wav
2466.0,2469.0,Cardinalis cardinalis,Northern Cardinal,0.4646,D:\Bird_Anuran_ARUs\RE03\SMM2-19_20260310_060300.wav
2466.0,2469.0,Zenaida macroura,Mourning Dove,0.4340,D:\Bird_Anuran_ARUs\RE03\SMM2-19_20260310_060300.wav
2469.0,2472.0,Melanerpes carolinus,Red-bellied Woodpecker,0.6874,D:\Bird_Anuran_ARUs\RE03\SMM2-19_20260310_060300.wav
2469.0,2472.0,Cardinalis cardinalis,Northern Cardinal,0.5245,D:\Bird_Anuran_ARUs\RE03\SMM2-19_20260310_060300.wav
2469.0,2472.0,Dryobates pubescens,Downy Woodpecker,0.3243,D:\Bird_Anuran_ARUs\RE03\SMM2-19_20260310_060300.wav
2472.0,2475.0,Cardinalis cardinalis,Northern Cardinal,0.6996,D:\Bird_Anuran_ARUs\RE03\SMM2-19_20260310_060300.wav
2475.0,2478.0,Cardinalis cardinalis,Northern Cardinal,0.5847,D:\Bird_Anuran_ARUs\RE03\SMM2-19_20260310_060300.wav
2475.0,2478.0,Pipilo erythrophthalmus,Eastern Towhee,0.2714,D:\Bird_Anuran_ARUs\RE03\SMM2-19_20260310_060300.wav
2478.0,2481.0,Zenaida macroura,Mourning Dove,0.4242,D:\Bird_Anuran_ARUs\RE03\SMM2-19_20260310_060300.wav
2484.0,2487.0,Cardinalis cardinalis,Northern Cardinal,0.3132,D:\Bird_Anuran_ARUs\RE03\SMM2-19_20260310_060300.wav
2487.0,2490.0,Cardinalis cardinalis,Northern Cardinal,0.7597,D:\Bird_Anuran_ARUs\RE03\SMM2-19_20260310_060300.wav
2493.0,2496.0,Sialia sialis,Eastern Bluebird,0.9359,D:\Bird_Anuran_ARUs\RE03\SMM2-19_20260310_060300.wav
2496.0,2499.0,Sialia sialis,Eastern Bluebird,0.9171,D:\Bird_Anuran_ARUs\RE03\SMM2-19_20260310_060300.wav
2499.0,2502.0,Sialia sialis,Eastern Bluebird,0.7417,D:\Bird_Anuran_ARUs\RE03\SMM2-19_20260310_060300.wav
2502.0,2505.0,Corvus brachyrhynchos,American Crow,0.2978,D:\Bird_Anuran_ARUs\RE03\SMM2-19_20260310_060300.wav
2505.0,2508.0,Sialia sialis,Eastern Bluebird,0.8903,D:\Bird_Anuran_ARUs\RE03\SMM2-19_20260310_060300.wav
2511.0,2514.0,Zenaida macroura,Mourning Dove,0.3223,D:\Bird_Anuran_ARUs\RE03\SMM2-19_20260310_060300.wav
2514.0,2517.0,Setophaga pinus,Pine Warbler,0.3973,D:\Bird_Anuran_ARUs\RE03\SMM2-19_20260310_060300.wav
2523.0,2526.0,Setophaga pinus,Pine Warbler,0.3830,D:\Bird_Anuran_ARUs\RE03\SMM2-19_20260310_060300.wav
2526.0,2529.0,Meleagris gallopavo,Wild Turkey,0.6378,D:\Bird_Anuran_ARUs\RE03\SMM2-19_20260310_060300.wav
2529.0,2532.0,Setophaga pinus,Pine Warbler,0.6520,D:\Bird_Anuran_ARUs\RE03\SMM2-19_20260310_060300.wav
2538.0,2541.0,Dryobates villosus,Hairy Woodpecker,0.3817,D:\Bird_Anuran_ARUs\RE03\SMM2-19_20260310_060300.wav
2541.0,2544.0,Setophaga pinus,Pine Warbler,0.4962,D:\Bird_Anuran_ARUs\RE03\SMM2-19_20260310_060300.wav
2547.0,2550.0,Pipilo erythrophthalmus,Eastern Towhee,0.4883,D:\Bird_Anuran_ARUs\RE03\SMM2-19_20260310_060300.wav
2553.0,2556.0,Setophaga pinus,Pine Warbler,0.8952,D:\Bird_Anuran_ARUs\RE03\SMM2-19_20260310_060300.wav
2562.0,2565.0,Setophaga pinus,Pine Warbler,0.5516,D:\Bird_Anuran_ARUs\RE03\SMM2-19_20260310_060300.wav
2565.0,2568.0,Setophaga pinus,Pine Warbler,0.3569,D:\Bird_Anuran_ARUs\RE03\SMM2-19_20260310_060300.wav
2568.0,2571.0,Haemorhous mexicanus,House Finch,0.2696,D:\Bird_Anuran_ARUs\RE03\SMM2-19_20260310_060300.wav
2574.0,2577.0,Setophaga pinus,Pine Warbler,0.2560,D:\Bird_Anuran_ARUs\RE03\SMM2-19_20260310_060300.wav
2580.0,2583.0,Dryobates pubescens,Downy Woodpecker,0.5286,D:\Bird_Anuran_ARUs\RE03\SMM2-19_20260310_060300.wav
2580.0,2583.0,Melanerpes carolinus,Red-bellied Woodpecker,0.2571,D:\Bird_Anuran_ARUs\RE03\SMM2-19_20260310_060300.wav
2583.0,2586.0,Setophaga pinus,Pine Warbler,0.8533,D:\Bird_Anuran_ARUs\RE03\SMM2-19_20260310_060300.wav
2586.0,2589.0,Setophaga pinus,Pine Warbler,0.2578,D:\Bird_Anuran_ARUs\RE03\SMM2-19_20260310_060300.wav
2592.0,2595.0,Dryobates villosus,Hairy Woodpecker,0.2819,D:\Bird_Anuran_ARUs\RE03\SMM2-19_20260310_060300.wav
2607.0,2610.0,Zenaida macroura,Mourning Dove,0.2893,D:\Bird_Anuran_ARUs\RE03\SMM2-19_20260310_060300.wav
2610.0,2613.0,Zenaida macroura,Mourning Dove,0.4521,D:\Bird_Anuran_ARUs\RE03\SMM2-19_20260310_060300.wav
2616.0,2619.0,Pipilo erythrophthalmus,Eastern Towhee,0.7450,D:\Bird_Anuran_ARUs\RE03\SMM2-19_20260310_060300.wav
2625.0,2628.0,Zenaida macroura,Mourning Dove,0.6859,D:\Bird_Anuran_ARUs\RE03\SMM2-19_20260310_060300.wav
2637.0,2640.0,Dryobates pubescens,Downy Woodpecker,0.3981,D:\Bird_Anuran_ARUs\RE03\SMM2-19_20260310_060300.wav
2640.0,2643.0,Zenaida macroura,Mourning Dove,0.7868,D:\Bird_Anuran_ARUs\RE03\SMM2-19_20260310_060300.wav
2640.0,2643.0,Haemorhous mexicanus,House Finch,0.2788,D:\Bird_Anuran_ARUs\RE03\SMM2-19_20260310_060300.wav
2643.0,2646.0,Pipilo erythrophthalmus,Eastern Towhee,0.4230,D:\Bird_Anuran_ARUs\RE03\SMM2-19_20260310_060300.wav
2646.0,2649.0,Haemorhous mexicanus,House Finch,0.3369,D:\Bird_Anuran_ARUs\RE03\SMM2-19_20260310_060300.wav
2652.0,2655.0,Pipilo erythrophthalmus,Eastern Towhee,0.6536,D:\Bird_Anuran_ARUs\RE03\SMM2-19_20260310_060300.wav
2655.0,2658.0,Pipilo erythrophthalmus,Eastern Towhee,0.2834,D:\Bird_Anuran_ARUs\RE03\SMM2-19_20260310_060300.wav
2658.0,2661.0,Melanerpes carolinus,Red-bellied Woodpecker,0.2617,D:\Bird_Anuran_ARUs\RE03\SMM2-19_20260310_060300.wav
2667.0,2670.0,Pipilo erythrophthalmus,Eastern Towhee,0.5827,D:\Bird_Anuran_ARUs\RE03\SMM2-19_20260310_060300.wav
2670.0,2673.0,Haemorhous mexicanus,House Finch,0.5539,D:\Bird_Anuran_ARUs\RE03\SMM2-19_20260310_060300.wav
2673.0,2676.0,Pipilo erythrophthalmus,Eastern Towhee,0.9075,D:\Bird_Anuran_ARUs\RE03\SMM2-19_20260310_060300.wav
2676.0,2679.0,Haemorhous mexicanus,House Finch,0.5641,D:\Bird_Anuran_ARUs\RE03\SMM2-19_20260310_060300.wav
2679.0,2682.0,Pipilo erythrophthalmus,Eastern Towhee,0.4974,D:\Bird_Anuran_ARUs\RE03\SMM2-19_20260310_060300.wav
2682.0,2685.0,Pipilo erythrophthalmus,Eastern Towhee,0.5054,D:\Bird_Anuran_ARUs\RE03\SMM2-19_20260310_060300.wav
2688.0,2691.0,Pipilo erythrophthalmus,Eastern Towhee,0.9480,D:\Bird_Anuran_ARUs\RE03\SMM2-19_20260310_060300.wav
2697.0,2700.0,Pipilo erythrophthalmus,Eastern Towhee,0.9838,D:\Bird_Anuran_ARUs\RE03\SMM2-19_20260310_060300.wav
2703.0,2706.0,Pipilo erythrophthalmus,Eastern Towhee,0.5467,D:\Bird_Anuran_ARUs\RE03\SMM2-19_20260310_060300.wav
2706.0,2709.0,Dryobates pubescens,Downy Woodpecker,0.3502,D:\Bird_Anuran_ARUs\RE03\SMM2-19_20260310_060300.wav
2706.0,2709.0,Melanerpes carolinus,Red-bellied Woodpecker,0.2948,D:\Bird_Anuran_ARUs\RE03\SMM2-19_20260310_060300.wav
2712.0,2715.0,Pipilo erythrophthalmus,Eastern Towhee,0.9036,D:\Bird_Anuran_ARUs\RE03\SMM2-19_20260310_060300.wav
2715.0,2718.0,Dryobates pubescens,Downy Woodpecker,0.2813,D:\Bird_Anuran_ARUs\RE03\SMM2-19_20260310_060300.wav
2724.0,2727.0,Zenaida macroura,Mourning Dove,0.2936,D:\Bird_Anuran_ARUs\RE03\SMM2-19_20260310_060300.wav
2748.0,2751.0,Melanerpes carolinus,Red-bellied Woodpecker,0.3108,D:\Bird_Anuran_ARUs\RE03\SMM2-19_20260310_060300.wav
2748.0,2751.0,Pipilo erythrophthalmus,Eastern Towhee,0.2911,D:\Bird_Anuran_ARUs\RE03\SMM2-19_20260310_060300.wav
2757.0,2760.0,Pipilo erythrophthalmus,Eastern Towhee,0.5581,D:\Bird_Anuran_ARUs\RE03\SMM2-19_20260310_060300.wav
2769.0,2772.0,Setophaga pinus,Pine Warbler,0.5726,D:\Bird_Anuran_ARUs\RE03\SMM2-19_20260310_060300.wav
2772.0,2775.0,Pipilo erythrophthalmus,Eastern Towhee,0.2935,D:\Bird_Anuran_ARUs\RE03\SMM2-19_20260310_060300.wav
2778.0,2781.0,Setophaga pinus,Pine Warbler,0.3426,D:\Bird_Anuran_ARUs\RE03\SMM2-19_20260310_060300.wav
2790.0,2793.0,Melanerpes carolinus,Red-bellied Woodpecker,0.2857,D:\Bird_Anuran_ARUs\RE03\SMM2-19_20260310_060300.wav
2796.0,2799.0,Pipilo erythrophthalmus,Eastern Towhee,0.9013,D:\Bird_Anuran_ARUs\RE03\SMM2-19_20260310_060300.wav
2805.0,2808.0,Pipilo erythrophthalmus,Eastern Towhee,0.3892,D:\Bird_Anuran_ARUs\RE03\SMM2-19_20260310_060300.wav
2805.0,2808.0,Cardinalis cardinalis,Northern Cardinal,0.2867,D:\Bird_Anuran_ARUs\RE03\SMM2-19_20260310_060300.wav
2808.0,2811.0,Zenaida macroura,Mourning Dove,0.4863,D:\Bird_Anuran_ARUs\RE03\SMM2-19_20260310_060300.wav
2817.0,2820.0,Pipilo erythrophthalmus,Eastern Towhee,0.7047,D:\Bird_Anuran_ARUs\RE03\SMM2-19_20260310_060300.wav
2820.0,2823.0,Zenaida macroura,Mourning Dove,0.6866,D:\Bird_Anuran_ARUs\RE03\SMM2-19_20260310_060300.wav
2823.0,2826.0,Zenaida macroura,Mourning Dove,0.5288,D:\Bird_Anuran_ARUs\RE03\SMM2-19_20260310_060300.wav
2826.0,2829.0,Pipilo erythrophthalmus,Eastern Towhee,0.2900,D:\Bird_Anuran_ARUs\RE03\SMM2-19_20260310_060300.wav
2832.0,2835.0,Pipilo erythrophthalmus,Eastern Towhee,0.2889,D:\Bird_Anuran_ARUs\RE03\SMM2-19_20260310_060300.wav
2835.0,2838.0,Pipilo erythrophthalmus,Eastern Towhee,0.3809,D:\Bird_Anuran_ARUs\RE03\SMM2-19_20260310_060300.wav
2838.0,2841.0,Zenaida macroura,Mourning Dove,0.7611,D:\Bird_Anuran_ARUs\RE03\SMM2-19_20260310_060300.wav
2838.0,2841.0,Pipilo erythrophthalmus,Eastern Towhee,0.2959,D:\Bird_Anuran_ARUs\RE03\SMM2-19_20260310_060300.wav
2841.0,2844.0,Pipilo erythrophthalmus,Eastern Towhee,0.6607,D:\Bird_Anuran_ARUs\RE03\SMM2-19_20260310_060300.wav
2847.0,2850.0,Pipilo erythrophthalmus,Eastern Towhee,0.3473,D:\Bird_Anuran_ARUs\RE03\SMM2-19_20260310_060300.wav
2850.0,2853.0,Pipilo erythrophthalmus,Eastern Towhee,0.7998,D:\Bird_Anuran_ARUs\RE03\SMM2-19_20260310_060300.wav
2850.0,2853.0,Cardinalis cardinalis,Northern Cardinal,0.4332,D:\Bird_Anuran_ARUs\RE03\SMM2-19_20260310_060300.wav
2853.0,2856.0,Zenaida macroura,Mourning Dove,0.3121,D:\Bird_Anuran_ARUs\RE03\SMM2-19_20260310_060300.wav
2856.0,2859.0,Pipilo erythrophthalmus,Eastern Towhee,0.2769,D:\Bird_Anuran_ARUs\RE03\SMM2-19_20260310_060300.wav
2859.0,2862.0,Dryobates pubescens,Downy Woodpecker,0.2590,D:\Bird_Anuran_ARUs\RE03\SMM2-19_20260310_060300.wav
2865.0,2868.0,Pipilo erythrophthalmus,Eastern Towhee,0.4241,D:\Bird_Anuran_ARUs\RE03\SMM2-19_20260310_060300.wav
2868.0,2871.0,Zenaida macroura,Mourning Dove,0.7181,D:\Bird_Anuran_ARUs\RE03\SMM2-19_20260310_060300.wav
2868.0,2871.0,Haemorhous mexicanus,House Finch,0.2835,D:\Bird_Anuran_ARUs\RE03\SMM2-19_20260310_060300.wav
2871.0,2874.0,Setophaga pinus,Pine Warbler,0.4170,D:\Bird_Anuran_ARUs\RE03\SMM2-19_20260310_060300.wav
2874.0,2877.0,Cardinalis cardinalis,Northern Cardinal,0.2639,D:\Bird_Anuran_ARUs\RE03\SMM2-19_20260310_060300.wav
2877.0,2880.0,Cardinalis cardinalis,Northern Cardinal,0.7782,D:\Bird_Anuran_ARUs\RE03\SMM2-19_20260310_060300.wav
2880.0,2883.0,Pipilo erythrophthalmus,Eastern Towhee,0.8409,D:\Bird_Anuran_ARUs\RE03\SMM2-19_20260310_060300.wav
2883.0,2886.0,Pipilo erythrophthalmus,Eastern Towhee,0.8692,D:\Bird_Anuran_ARUs\RE03\SMM2-19_20260310_060300.wav
2886.0,2889.0,Pipilo erythrophthalmus,Eastern Towhee,0.3623,D:\Bird_Anuran_ARUs\RE03\SMM2-19_20260310_060300.wav
2889.0,2892.0,Pipilo erythrophthalmus,Eastern Towhee,0.3734,D:\Bird_Anuran_ARUs\RE03\SMM2-19_20260310_060300.wav
2892.0,2895.0,Pipilo erythrophthalmus,Eastern Towhee,0.9364,D:\Bird_Anuran_ARUs\RE03\SMM2-19_20260310_060300.wav
2895.0,2898.0,Pipilo erythrophthalmus,Eastern Towhee,0.6205,D:\Bird_Anuran_ARUs\RE03\SMM2-19_20260310_060300.wav
2898.0,2901.0,Pipilo erythrophthalmus,Eastern Towhee,0.9183,D:\Bird_Anuran_ARUs\RE03\SMM2-19_20260310_060300.wav
2901.0,2904.0,Pipilo erythrophthalmus,Eastern Towhee,0.7959,D:\Bird_Anuran_ARUs\RE03\SMM2-19_20260310_060300.wav
2901.0,2904.0,Cardinalis cardinalis,Northern Cardinal,0.4131,D:\Bird_Anuran_ARUs\RE03\SMM2-19_20260310_060300.wav
2901.0,2904.0,Melanerpes carolinus,Red-bellied Woodpecker,0.3811,D:\Bird_Anuran_ARUs\RE03\SMM2-19_20260310_060300.wav
2904.0,2907.0,Pipilo erythrophthalmus,Eastern Towhee,0.8589,D:\Bird_Anuran_ARUs\RE03\SMM2-19_20260310_060300.wav
2907.0,2910.0,Pipilo erythrophthalmus,Eastern Towhee,0.5247,D:\Bird_Anuran_ARUs\RE03\SMM2-19_20260310_060300.wav
2907.0,2910.0,Setophaga pinus,Pine Warbler,0.3469,D:\Bird_Anuran_ARUs\RE03\SMM2-19_20260310_060300.wav
2910.0,2913.0,Pipilo erythrophthalmus,Eastern Towhee,0.9356,D:\Bird_Anuran_ARUs\RE03\SMM2-19_20260310_060300.wav
2913.0,2916.0,Pipilo erythrophthalmus,Eastern Towhee,0.8169,D:\Bird_Anuran_ARUs\RE03\SMM2-19_20260310_060300.wav
2913.0,2916.0,Cardinalis cardinalis,Northern Cardinal,0.2793,D:\Bird_Anuran_ARUs\RE03\SMM2-19_20260310_060300.wav
2916.0,2919.0,Pipilo erythrophthalmus,Eastern Towhee,0.9588,D:\Bird_Anuran_ARUs\RE03\SMM2-19_20260310_060300.wav
2919.0,2922.0,Pipilo erythrophthalmus,Eastern Towhee,0.4606,D:\Bird_Anuran_ARUs\RE03\SMM2-19_20260310_060300.wav
2922.0,2925.0,Pipilo erythrophthalmus,Eastern Towhee,0.6761,D:\Bird_Anuran_ARUs\RE03\SMM2-19_20260310_060300.wav
2925.0,2928.0,Pipilo erythrophthalmus,Eastern Towhee,0.5466,D:\Bird_Anuran_ARUs\RE03\SMM2-19_20260310_060300.wav
2928.0,2931.0,Pipilo erythrophthalmus,Eastern Towhee,0.8521,D:\Bird_Anuran_ARUs\RE03\SMM2-19_20260310_060300.wav
2931.0,2934.0,Pipilo erythrophthalmus,Eastern Towhee,0.8010,D:\Bird_Anuran_ARUs\RE03\SMM2-19_20260310_060300.wav
2931.0,2934.0,Cardinalis cardinalis,Northern Cardinal,0.3518,D:\Bird_Anuran_ARUs\RE03\SMM2-19_20260310_060300.wav
2934.0,2937.0,Pipilo erythrophthalmus,Eastern Towhee,0.9673,D:\Bird_Anuran_ARUs\RE03\SMM2-19_20260310_060300.wav
2934.0,2937.0,Cardinalis cardinalis,Northern Cardinal,0.3070,D:\Bird_Anuran_ARUs\RE03\SMM2-19_20260310_060300.wav
2937.0,2940.0,Pipilo erythrophthalmus,Eastern Towhee,0.7680,D:\Bird_Anuran_ARUs\RE03\SMM2-19_20260310_060300.wav
2940.0,2943.0,Pipilo erythrophthalmus,Eastern Towhee,0.3827,D:\Bird_Anuran_ARUs\RE03\SMM2-19_20260310_060300.wav
2943.0,2946.0,Corvus brachyrhynchos,American Crow,0.5311,D:\Bird_Anuran_ARUs\RE03\SMM2-19_20260310_060300.wav
2943.0,2946.0,Pipilo erythrophthalmus,Eastern Towhee,0.4726,D:\Bird_Anuran_ARUs\RE03\SMM2-19_20260310_060300.wav
2943.0,2946.0,Zenaida macroura,Mourning Dove,0.2643,D:\Bird_Anuran_ARUs\RE03\SMM2-19_20260310_060300.wav
2946.0,2949.0,Pipilo erythrophthalmus,Eastern Towhee,0.9260,D:\Bird_Anuran_ARUs\RE03\SMM2-19_20260310_060300.wav
2946.0,2949.0,Corvus brachyrhynchos,American Crow,0.3910,D:\Bird_Anuran_ARUs\RE03\SMM2-19_20260310_060300.wav
2949.0,2952.0,Pipilo erythrophthalmus,Eastern Towhee,0.9809,D:\Bird_Anuran_ARUs\RE03\SMM2-19_20260310_060300.wav
2952.0,2955.0,Cardinalis cardinalis,Northern Cardinal,0.3617,D:\Bird_Anuran_ARUs\RE03\SMM2-19_20260310_060300.wav
2955.0,2958.0,Cardinalis cardinalis,Northern Cardinal,0.4091,D:\Bird_Anuran_ARUs\RE03\SMM2-19_20260310_060300.wav
2958.0,2961.0,Pipilo erythrophthalmus,Eastern Towhee,0.9675,D:\Bird_Anuran_ARUs\RE03\SMM2-19_20260310_060300.wav
2958.0,2961.0,Corvus brachyrhynchos,American Crow,0.5725,D:\Bird_Anuran_ARUs\RE03\SMM2-19_20260310_060300.wav
2958.0,2961.0,Cardinalis cardinalis,Northern Cardinal,0.5080,D:\Bird_Anuran_ARUs\RE03\SMM2-19_20260310_060300.wav
2961.0,2964.0,Pipilo erythrophthalmus,Eastern Towhee,0.5991,D:\Bird_Anuran_ARUs\RE03\SMM2-19_20260310_060300.wav
2961.0,2964.0,Cardinalis cardinalis,Northern Cardinal,0.2937,D:\Bird_Anuran_ARUs\RE03\SMM2-19_20260310_060300.wav
2964.0,2967.0,Setophaga pinus,Pine Warbler,0.4051,D:\Bird_Anuran_ARUs\RE03\SMM2-19_20260310_060300.wav
2967.0,2970.0,Pipilo erythrophthalmus,Eastern Towhee,0.4223,D:\Bird_Anuran_ARUs\RE03\SMM2-19_20260310_060300.wav
2967.0,2970.0,Melanerpes carolinus,Red-bellied Woodpecker,0.4195,D:\Bird_Anuran_ARUs\RE03\SMM2-19_20260310_060300.wav
2967.0,2970.0,Cardinalis cardinalis,Northern Cardinal,0.2529,D:\Bird_Anuran_ARUs\RE03\SMM2-19_20260310_060300.wav
2970.0,2973.0,Pipilo erythrophthalmus,Eastern Towhee,0.9562,D:\Bird_Anuran_ARUs\RE03\SMM2-19_20260310_060300.wav
2970.0,2973.0,Corvus brachyrhynchos,American Crow,0.5469,D:\Bird_Anuran_ARUs\RE03\SMM2-19_20260310_060300.wav
2970.0,2973.0,Piranga olivacea,Scarlet Tanager,0.3614,D:\Bird_Anuran_ARUs\RE03\SMM2-19_20260310_060300.wav
2979.0,2982.0,Cardinalis cardinalis,Northern Cardinal,0.4352,D:\Bird_Anuran_ARUs\RE03\SMM2-19_20260310_060300.wav
2982.0,2985.0,Meleagris gallopavo,Wild Turkey,0.6187,D:\Bird_Anuran_ARUs\RE03\SMM2-19_20260310_060300.wav
2991.0,2994.0,Pipilo erythrophthalmus,Eastern Towhee,0.9674,D:\Bird_Anuran_ARUs\RE03\SMM2-19_20260310_060300.wav
2994.0,2997.0,Pipilo erythrophthalmus,Eastern Towhee,0.4058,D:\Bird_Anuran_ARUs\RE03\SMM2-19_20260310_060300.wav
3000.0,3003.0,Pipilo erythrophthalmus,Eastern Towhee,0.8960,D:\Bird_Anuran_ARUs\RE03\SMM2-19_20260310_060300.wav
3000.0,3003.0,Colaptes auratus,Northern Flicker,0.3885,D:\Bird_Anuran_ARUs\RE03\SMM2-19_20260310_060300.wav
3003.0,3006.0,Pipilo erythrophthalmus,Eastern Towhee,0.9635,D:\Bird_Anuran_ARUs\RE03\SMM2-19_20260310_060300.wav
3006.0,3009.0,Meleagris gallopavo,Wild Turkey,0.7756,D:\Bird_Anuran_ARUs\RE03\SMM2-19_20260310_060300.wav
3006.0,3009.0,Pipilo erythrophthalmus,Eastern Towhee,0.6767,D:\Bird_Anuran_ARUs\RE03\SMM2-19_20260310_060300.wav
3009.0,3012.0,Dryobates pubescens,Downy Woodpecker,0.4989,D:\Bird_Anuran_ARUs\RE03\SMM2-19_20260310_060300.wav
3009.0,3012.0,Zenaida macroura,Mourning Dove,0.2945,D:\Bird_Anuran_ARUs\RE03\SMM2-19_20260310_060300.wav
3009.0,3012.0,Melanerpes carolinus,Red-bellied Woodpecker,0.2539,D:\Bird_Anuran_ARUs\RE03\SMM2-19_20260310_060300.wav
3015.0,3018.0,Pipilo erythrophthalmus,Eastern Towhee,0.5658,D:\Bird_Anuran_ARUs\RE03\SMM2-19_20260310_060300.wav
3018.0,3021.0,Pipilo erythrophthalmus,Eastern Towhee,0.9762,D:\Bird_Anuran_ARUs\RE03\SMM2-19_20260310_060300.wav
3021.0,3024.0,Pipilo erythrophthalmus,Eastern Towhee,0.5634,D:\Bird_Anuran_ARUs\RE03\SMM2-19_20260310_060300.wav
3021.0,3024.0,Cardinalis cardinalis,Northern Cardinal,0.4031,D:\Bird_Anuran_ARUs\RE03\SMM2-19_20260310_060300.wav
3024.0,3027.0,Pipilo erythrophthalmus,Eastern Towhee,0.5525,D:\Bird_Anuran_ARUs\RE03\SMM2-19_20260310_060300.wav
3030.0,3033.0,Pipilo erythrophthalmus,Eastern Towhee,0.6806,D:\Bird_Anuran_ARUs\RE03\SMM2-19_20260310_060300.wav
3033.0,3036.0,Cardinalis cardinalis,Northern Cardinal,0.4539,D:\Bird_Anuran_ARUs\RE03\SMM2-19_20260310_060300.wav
3033.0,3036.0,Corvus brachyrhynchos,American Crow,0.3049,D:\Bird_Anuran_ARUs\RE03\SMM2-19_20260310_060300.wav
3036.0,3039.0,Corvus brachyrhynchos,American Crow,0.9128,D:\Bird_Anuran_ARUs\RE03\SMM2-19_20260310_060300.wav
3036.0,3039.0,Pipilo erythrophthalmus,Eastern Towhee,0.8967,D:\Bird_Anuran_ARUs\RE03\SMM2-19_20260310_060300.wav
3039.0,3042.0,Pipilo erythrophthalmus,Eastern Towhee,0.9940,D:\Bird_Anuran_ARUs\RE03\SMM2-19_20260310_060300.wav
3039.0,3042.0,Corvus brachyrhynchos,American Crow,0.8409,D:\Bird_Anuran_ARUs\RE03\SMM2-19_20260310_060300.wav
3042.0,3045.0,Pipilo erythrophthalmus,Eastern Towhee,0.8484,D:\Bird_Anuran_ARUs\RE03\SMM2-19_20260310_060300.wav
3048.0,3051.0,Zenaida macroura,Mourning Dove,0.4190,D:\Bird_Anuran_ARUs\RE03\SMM2-19_20260310_060300.wav
3048.0,3051.0,Pipilo erythrophthalmus,Eastern Towhee,0.4166,D:\Bird_Anuran_ARUs\RE03\SMM2-19_20260310_060300.wav
3054.0,3057.0,Pipilo erythrophthalmus,Eastern Towhee,0.9671,D:\Bird_Anuran_ARUs\RE03\SMM2-19_20260310_060300.wav
3054.0,3057.0,Corvus brachyrhynchos,American Crow,0.4537,D:\Bird_Anuran_ARUs\RE03\SMM2-19_20260310_060300.wav
3060.0,3063.0,Pipilo erythrophthalmus,Eastern Towhee,0.8972,D:\Bird_Anuran_ARUs\RE03\SMM2-19_20260310_060300.wav
3063.0,3066.0,Pipilo erythrophthalmus,Eastern Towhee,0.4218,D:\Bird_Anuran_ARUs\RE03\SMM2-19_20260310_060300.wav
3066.0,3069.0,Corvus brachyrhynchos,American Crow,0.8304,D:\Bird_Anuran_ARUs\RE03\SMM2-19_20260310_060300.wav
3066.0,3069.0,Pipilo erythrophthalmus,Eastern Towhee,0.6763,D:\Bird_Anuran_ARUs\RE03\SMM2-19_20260310_060300.wav
3069.0,3072.0,Pipilo erythrophthalmus,Eastern Towhee,0.9512,D:\Bird_Anuran_ARUs\RE03\SMM2-19_20260310_060300.wav
3072.0,3075.0,Pipilo erythrophthalmus,Eastern Towhee,0.3961,D:\Bird_Anuran_ARUs\RE03\SMM2-19_20260310_060300.wav
3075.0,3078.0,Pipilo erythrophthalmus,Eastern Towhee,0.9788,D:\Bird_Anuran_ARUs\RE03\SMM2-19_20260310_060300.wav
3075.0,3078.0,Corvus brachyrhynchos,American Crow,0.4268,D:\Bird_Anuran_ARUs\RE03\SMM2-19_20260310_060300.wav
3078.0,3081.0,Pipilo erythrophthalmus,Eastern Towhee,0.6517,D:\Bird_Anuran_ARUs\RE03\SMM2-19_20260310_060300.wav
3081.0,3084.0,Pipilo erythrophthalmus,Eastern Towhee,0.8272,D:\Bird_Anuran_ARUs\RE03\SMM2-19_20260310_060300.wav
3084.0,3087.0,Pipilo erythrophthalmus,Eastern Towhee,0.9965,D:\Bird_Anuran_ARUs\RE03\SMM2-19_20260310_060300.wav
3087.0,3090.0,Pipilo erythrophthalmus,Eastern Towhee,0.9509,D:\Bird_Anuran_ARUs\RE03\SMM2-19_20260310_060300.wav
3090.0,3093.0,Pipilo erythrophthalmus,Eastern Towhee,0.9830,D:\Bird_Anuran_ARUs\RE03\SMM2-19_20260310_060300.wav
3090.0,3093.0,Corvus brachyrhynchos,American Crow,0.4569,D:\Bird_Anuran_ARUs\RE03\SMM2-19_20260310_060300.wav
3093.0,3096.0,Pipilo erythrophthalmus,Eastern Towhee,0.7479,D:\Bird_Anuran_ARUs\RE03\SMM2-19_20260310_060300.wav
3093.0,3096.0,Meleagris gallopavo,Wild Turkey,0.5716,D:\Bird_Anuran_ARUs\RE03\SMM2-19_20260310_060300.wav
3096.0,3099.0,Pipilo erythrophthalmus,Eastern Towhee,0.9650,D:\Bird_Anuran_ARUs\RE03\SMM2-19_20260310_060300.wav
3102.0,3105.0,Pipilo erythrophthalmus,Eastern Towhee,0.8591,D:\Bird_Anuran_ARUs\RE03\SMM2-19_20260310_060300.wav
3102.0,3105.0,Zenaida macroura,Mourning Dove,0.5704,D:\Bird_Anuran_ARUs\RE03\SMM2-19_20260310_060300.wav
3105.0,3108.0,Pipilo erythrophthalmus,Eastern Towhee,0.9500,D:\Bird_Anuran_ARUs\RE03\SMM2-19_20260310_060300.wav
3108.0,3111.0,Pipilo erythrophthalmus,Eastern Towhee,0.9543,D:\Bird_Anuran_ARUs\RE03\SMM2-19_20260310_060300.wav
3111.0,3114.0,Pipilo erythrophthalmus,Eastern Towhee,0.9869,D:\Bird_Anuran_ARUs\RE03\SMM2-19_20260310_060300.wav
3114.0,3117.0,Pipilo erythrophthalmus,Eastern Towhee,0.8728,D:\Bird_Anuran_ARUs\RE03\SMM2-19_20260310_060300.wav
3117.0,3120.0,Pipilo erythrophthalmus,Eastern Towhee,0.9220,D:\Bird_Anuran_ARUs\RE03\SMM2-19_20260310_060300.wav
3120.0,3123.0,Pipilo erythrophthalmus,Eastern Towhee,0.8831,D:\Bird_Anuran_ARUs\RE03\SMM2-19_20260310_060300.wav
3123.0,3126.0,Pipilo erythrophthalmus,Eastern Towhee,0.9556,D:\Bird_Anuran_ARUs\RE03\SMM2-19_20260310_060300.wav
3126.0,3129.0,Pipilo erythrophthalmus,Eastern Towhee,0.9783,D:\Bird_Anuran_ARUs\RE03\SMM2-19_20260310_060300.wav
3129.0,3132.0,Pipilo erythrophthalmus,Eastern Towhee,0.9655,D:\Bird_Anuran_ARUs\RE03\SMM2-19_20260310_060300.wav
3132.0,3135.0,Pipilo erythrophthalmus,Eastern Towhee,0.9897,D:\Bird_Anuran_ARUs\RE03\SMM2-19_20260310_060300.wav
3135.0,3138.0,Pipilo erythrophthalmus,Eastern Towhee,0.9086,D:\Bird_Anuran_ARUs\RE03\SMM2-19_20260310_060300.wav
3135.0,3138.0,Meleagris gallopavo,Wild Turkey,0.5902,D:\Bird_Anuran_ARUs\RE03\SMM2-19_20260310_060300.wav
3138.0,3141.0,Pipilo erythrophthalmus,Eastern Towhee,0.9958,D:\Bird_Anuran_ARUs\RE03\SMM2-19_20260310_060300.wav
3141.0,3144.0,Pipilo erythrophthalmus,Eastern Towhee,0.7938,D:\Bird_Anuran_ARUs\RE03\SMM2-19_20260310_060300.wav
3144.0,3147.0,Pipilo erythrophthalmus,Eastern Towhee,0.5655,D:\Bird_Anuran_ARUs\RE03\SMM2-19_20260310_060300.wav
3147.0,3150.0,Pipilo erythrophthalmus,Eastern Towhee,0.8441,D:\Bird_Anuran_ARUs\RE03\SMM2-19_20260310_060300.wav
3147.0,3150.0,Meleagris gallopavo,Wild Turkey,0.5578,D:\Bird_Anuran_ARUs\RE03\SMM2-19_20260310_060300.wav
3150.0,3153.0,Pipilo erythrophthalmus,Eastern Towhee,0.8781,D:\Bird_Anuran_ARUs\RE03\SMM2-19_20260310_060300.wav
3153.0,3156.0,Pipilo erythrophthalmus,Eastern Towhee,0.3479,D:\Bird_Anuran_ARUs\RE03\SMM2-19_20260310_060300.wav
3156.0,3159.0,Pipilo erythrophthalmus,Eastern Towhee,0.8428,D:\Bird_Anuran_ARUs\RE03\SMM2-19_20260310_060300.wav
3159.0,3162.0,Pipilo erythrophthalmus,Eastern Towhee,0.9046,D:\Bird_Anuran_ARUs\RE03\SMM2-19_20260310_060300.wav
3162.0,3165.0,Pipilo erythrophthalmus,Eastern Towhee,0.9379,D:\Bird_Anuran_ARUs\RE03\SMM2-19_20260310_060300.wav
3177.0,3180.0,Pipilo erythrophthalmus,Eastern Towhee,0.9196,D:\Bird_Anuran_ARUs\RE03\SMM2-19_20260310_060300.wav
3183.0,3186.0,Pipilo erythrophthalmus,Eastern Towhee,0.8851,D:\Bird_Anuran_ARUs\RE03\SMM2-19_20260310_060300.wav
3189.0,3192.0,Pipilo erythrophthalmus,Eastern Towhee,0.8421,D:\Bird_Anuran_ARUs\RE03\SMM2-19_20260310_060300.wav
3192.0,3195.0,Pipilo erythrophthalmus,Eastern Towhee,0.9967,D:\Bird_Anuran_ARUs\RE03\SMM2-19_20260310_060300.wav
3192.0,3195.0,Corvus brachyrhynchos,American Crow,0.8927,D:\Bird_Anuran_ARUs\RE03\SMM2-19_20260310_060300.wav
3195.0,3198.0,Pipilo erythrophthalmus,Eastern Towhee,0.9184,D:\Bird_Anuran_ARUs\RE03\SMM2-19_20260310_060300.wav
3198.0,3201.0,Pipilo erythrophthalmus,Eastern Towhee,0.9900,D:\Bird_Anuran_ARUs\RE03\SMM2-19_20260310_060300.wav
3201.0,3204.0,Pipilo erythrophthalmus,Eastern Towhee,0.4771,D:\Bird_Anuran_ARUs\RE03\SMM2-19_20260310_060300.wav
3204.0,3207.0,Pipilo erythrophthalmus,Eastern Towhee,0.7888,D:\Bird_Anuran_ARUs\RE03\SMM2-19_20260310_060300.wav
3207.0,3210.0,Pipilo erythrophthalmus,Eastern Towhee,0.5812,D:\Bird_Anuran_ARUs\RE03\SMM2-19_20260310_060300.wav
3210.0,3213.0,Pipilo erythrophthalmus,Eastern Towhee,0.9763,D:\Bird_Anuran_ARUs\RE03\SMM2-19_20260310_060300.wav
3213.0,3216.0,Pipilo erythrophthalmus,Eastern Towhee,0.7469,D:\Bird_Anuran_ARUs\RE03\SMM2-19_20260310_060300.wav
3216.0,3219.0,Pipilo erythrophthalmus,Eastern Towhee,0.8071,D:\Bird_Anuran_ARUs\RE03\SMM2-19_20260310_060300.wav
3216.0,3219.0,Haemorhous mexicanus,House Finch,0.3197,D:\Bird_Anuran_ARUs\RE03\SMM2-19_20260310_060300.wav
3216.0,3219.0,Corvus brachyrhynchos,American Crow,0.2953,D:\Bird_Anuran_ARUs\RE03\SMM2-19_20260310_060300.wav
3222.0,3225.0,Pipilo erythrophthalmus,Eastern Towhee,0.6940,D:\Bird_Anuran_ARUs\RE03\SMM2-19_20260310_060300.wav
3228.0,3231.0,Pseudacris brimleyi,Brimley's Chorus Frog,0.2625,D:\Bird_Anuran_ARUs\RE03\SMM2-19_20260310_060300.wav
3231.0,3234.0,Pseudacris brimleyi,Brimley's Chorus Frog,0.7771,D:\Bird_Anuran_ARUs\RE03\SMM2-19_20260310_060300.wav
3234.0,3237.0,Meleagris gallopavo,Wild Turkey,0.4939,D:\Bird_Anuran_ARUs\RE03\SMM2-19_20260310_060300.wav
3237.0,3240.0,Corvus brachyrhynchos,American Crow,0.4599,D:\Bird_Anuran_ARUs\RE03\SMM2-19_20260310_060300.wav
3237.0,3240.0,Pseudacris brimleyi,Brimley's Chorus Frog,0.3125,D:\Bird_Anuran_ARUs\RE03\SMM2-19_20260310_060300.wav
3246.0,3249.0,Meleagris gallopavo,Wild Turkey,0.3944,D:\Bird_Anuran_ARUs\RE03\SMM2-19_20260310_060300.wav
3252.0,3255.0,Corvus brachyrhynchos,American Crow,0.4076,D:\Bird_Anuran_ARUs\RE03\SMM2-19_20260310_060300.wav
3255.0,3258.0,Corvus brachyrhynchos,American Crow,0.9061,D:\Bird_Anuran_ARUs\RE03\SMM2-19_20260310_060300.wav
3255.0,3258.0,Haemorhous mexicanus,House Finch,0.3665,D:\Bird_Anuran_ARUs\RE03\SMM2-19_20260310_060300.wav
3255.0,3258.0,Pipilo erythrophthalmus,Eastern Towhee,0.3583,D:\Bird_Anuran_ARUs\RE03\SMM2-19_20260310_060300.wav
3258.0,3261.0,Corvus brachyrhynchos,American Crow,0.5758,D:\Bird_Anuran_ARUs\RE03\SMM2-19_20260310_060300.wav
3261.0,3264.0,Haemorhous mexicanus,House Finch,0.3350,D:\Bird_Anuran_ARUs\RE03\SMM2-19_20260310_060300.wav
3264.0,3267.0,Haemorhous mexicanus,House Finch,0.2918,D:\Bird_Anuran_ARUs\RE03\SMM2-19_20260310_060300.wav
3267.0,3270.0,Pipilo erythrophthalmus,Eastern Towhee,0.7403,D:\Bird_Anuran_ARUs\RE03\SMM2-19_20260310_060300.wav
3267.0,3270.0,Corvus brachyrhynchos,American Crow,0.6381,D:\Bird_Anuran_ARUs\RE03\SMM2-19_20260310_060300.wav
3270.0,3273.0,Corvus brachyrhynchos,American Crow,0.8598,D:\Bird_Anuran_ARUs\RE03\SMM2-19_20260310_060300.wav
3273.0,3276.0,Pipilo erythrophthalmus,Eastern Towhee,0.8168,D:\Bird_Anuran_ARUs\RE03\SMM2-19_20260310_060300.wav
3273.0,3276.0,Corvus brachyrhynchos,American Crow,0.5468,D:\Bird_Anuran_ARUs\RE03\SMM2-19_20260310_060300.wav
3276.0,3279.0,Pipilo erythrophthalmus,Eastern Towhee,0.9151,D:\Bird_Anuran_ARUs\RE03\SMM2-19_20260310_060300.wav
3279.0,3282.0,Pipilo erythrophthalmus,Eastern Towhee,0.9761,D:\Bird_Anuran_ARUs\RE03\SMM2-19_20260310_060300.wav
3279.0,3282.0,Corvus brachyrhynchos,American Crow,0.9166,D:\Bird_Anuran_ARUs\RE03\SMM2-19_20260310_060300.wav
3282.0,3285.0,Pipilo erythrophthalmus,Eastern Towhee,0.9487,D:\Bird_Anuran_ARUs\RE03\SMM2-19_20260310_060300.wav
3285.0,3288.0,Pipilo erythrophthalmus,Eastern Towhee,0.8361,D:\Bird_Anuran_ARUs\RE03\SMM2-19_20260310_060300.wav
3285.0,3288.0,Haemorhous mexicanus,House Finch,0.3443,D:\Bird_Anuran_ARUs\RE03\SMM2-19_20260310_060300.wav
3285.0,3288.0,Corvus brachyrhynchos,American Crow,0.2632,D:\Bird_Anuran_ARUs\RE03\SMM2-19_20260310_060300.wav
3288.0,3291.0,Pipilo erythrophthalmus,Eastern Towhee,0.9366,D:\Bird_Anuran_ARUs\RE03\SMM2-19_20260310_060300.wav
3291.0,3294.0,Corvus brachyrhynchos,American Crow,0.6629,D:\Bird_Anuran_ARUs\RE03\SMM2-19_20260310_060300.wav
3291.0,3294.0,Pipilo erythrophthalmus,Eastern Towhee,0.5263,D:\Bird_Anuran_ARUs\RE03\SMM2-19_20260310_060300.wav
3291.0,3294.0,Colaptes auratus,Northern Flicker,0.2698,D:\Bird_Anuran_ARUs\RE03\SMM2-19_20260310_060300.wav
3294.0,3297.0,Dryobates villosus,Hairy Woodpecker,0.2610,D:\Bird_Anuran_ARUs\RE03\SMM2-19_20260310_060300.wav
3297.0,3300.0,Pipilo erythrophthalmus,Eastern Towhee,0.9323,D:\Bird_Anuran_ARUs\RE03\SMM2-19_20260310_060300.wav
3300.0,3303.0,Pipilo erythrophthalmus,Eastern Towhee,0.9221,D:\Bird_Anuran_ARUs\RE03\SMM2-19_20260310_060300.wav
3303.0,3306.0,Corvus brachyrhynchos,American Crow,0.6205,D:\Bird_Anuran_ARUs\RE03\SMM2-19_20260310_060300.wav
3303.0,3306.0,Pipilo erythrophthalmus,Eastern Towhee,0.3075,D:\Bird_Anuran_ARUs\RE03\SMM2-19_20260310_060300.wav
3306.0,3309.0,Pipilo erythrophthalmus,Eastern Towhee,0.3625,D:\Bird_Anuran_ARUs\RE03\SMM2-19_20260310_060300.wav
3315.0,3318.0,Corvus brachyrhynchos,American Crow,0.7104,D:\Bird_Anuran_ARUs\RE03\SMM2-19_20260310_060300.wav
3315.0,3318.0,Haemorhous mexicanus,House Finch,0.4117,D:\Bird_Anuran_ARUs\RE03\SMM2-19_20260310_060300.wav
3315.0,3318.0,Pipilo erythrophthalmus,Eastern Towhee,0.3374,D:\Bird_Anuran_ARUs\RE03\SMM2-19_20260310_060300.wav
3318.0,3321.0,Pipilo erythrophthalmus,Eastern Towhee,0.9071,D:\Bird_Anuran_ARUs\RE03\SMM2-19_20260310_060300.wav
3321.0,3324.0,Haemorhous mexicanus,House Finch,0.4932,D:\Bird_Anuran_ARUs\RE03\SMM2-19_20260310_060300.wav
3321.0,3324.0,Corvus brachyrhynchos,American Crow,0.3742,D:\Bird_Anuran_ARUs\RE03\SMM2-19_20260310_060300.wav
3327.0,3330.0,Corvus brachyrhynchos,American Crow,0.8405,D:\Bird_Anuran_ARUs\RE03\SMM2-19_20260310_060300.wav
3327.0,3330.0,Pipilo erythrophthalmus,Eastern Towhee,0.3810,D:\Bird_Anuran_ARUs\RE03\SMM2-19_20260310_060300.wav
3330.0,3333.0,Pipilo erythrophthalmus,Eastern Towhee,0.2539,D:\Bird_Anuran_ARUs\RE03\SMM2-19_20260310_060300.wav
3333.0,3336.0,Pipilo erythrophthalmus,Eastern Towhee,0.4819,D:\Bird_Anuran_ARUs\RE03\SMM2-19_20260310_060300.wav
3336.0,3339.0,Pipilo erythrophthalmus,Eastern Towhee,0.9488,D:\Bird_Anuran_ARUs\RE03\SMM2-19_20260310_060300.wav
3336.0,3339.0,Corvus brachyrhynchos,American Crow,0.8829,D:\Bird_Anuran_ARUs\RE03\SMM2-19_20260310_060300.wav
3336.0,3339.0,Haemorhous mexicanus,House Finch,0.3476,D:\Bird_Anuran_ARUs\RE03\SMM2-19_20260310_060300.wav
3339.0,3342.0,Pipilo erythrophthalmus,Eastern Towhee,0.4242,D:\Bird_Anuran_ARUs\RE03\SMM2-19_20260310_060300.wav
3339.0,3342.0,Haemorhous mexicanus,House Finch,0.2693,D:\Bird_Anuran_ARUs\RE03\SMM2-19_20260310_060300.wav
3342.0,3345.0,Pipilo erythrophthalmus,Eastern Towhee,0.8881,D:\Bird_Anuran_ARUs\RE03\SMM2-19_20260310_060300.wav
3342.0,3345.0,Corvus brachyrhynchos,American Crow,0.8697,D:\Bird_Anuran_ARUs\RE03\SMM2-19_20260310_060300.wav
3345.0,3348.0,Pipilo erythrophthalmus,Eastern Towhee,0.7175,D:\Bird_Anuran_ARUs\RE03\SMM2-19_20260310_060300.wav
3354.0,3357.0,Pipilo erythrophthalmus,Eastern Towhee,0.6227,D:\Bird_Anuran_ARUs\RE03\SMM2-19_20260310_060300.wav
3357.0,3360.0,Dryocopus pileatus,Pileated Woodpecker,0.4606,D:\Bird_Anuran_ARUs\RE03\SMM2-19_20260310_060300.wav
3357.0,3360.0,Zenaida macroura,Mourning Dove,0.4006,D:\Bird_Anuran_ARUs\RE03\SMM2-19_20260310_060300.wav
3357.0,3360.0,Cardinalis cardinalis,Northern Cardinal,0.2777,D:\Bird_Anuran_ARUs\RE03\SMM2-19_20260310_060300.wav
3360.0,3363.0,Corvus brachyrhynchos,American Crow,0.7043,D:\Bird_Anuran_ARUs\RE03\SMM2-19_20260310_060300.wav
3360.0,3363.0,Cardinalis cardinalis,Northern Cardinal,0.5861,D:\Bird_Anuran_ARUs\RE03\SMM2-19_20260310_060300.wav
3363.0,3366.0,Corvus brachyrhynchos,American Crow,0.8572,D:\Bird_Anuran_ARUs\RE03\SMM2-19_20260310_060300.wav
3363.0,3366.0,Haemorhous mexicanus,House Finch,0.2810,D:\Bird_Anuran_ARUs\RE03\SMM2-19_20260310_060300.wav
3366.0,3369.0,Corvus brachyrhynchos,American Crow,0.3384,D:\Bird_Anuran_ARUs\RE03\SMM2-19_20260310_060300.wav
3366.0,3369.0,Cardinalis cardinalis,Northern Cardinal,0.2941,D:\Bird_Anuran_ARUs\RE03\SMM2-19_20260310_060300.wav
3369.0,3372.0,Pipilo erythrophthalmus,Eastern Towhee,0.7066,D:\Bird_Anuran_ARUs\RE03\SMM2-19_20260310_060300.wav
3372.0,3375.0,Sialia sialis,Eastern Bluebird,0.8744,D:\Bird_Anuran_ARUs\RE03\SMM2-19_20260310_060300.wav
3375.0,3378.0,Sialia sialis,Eastern Bluebird,0.9724,D:\Bird_Anuran_ARUs\RE03\SMM2-19_20260310_060300.wav
3378.0,3381.0,Cardinalis cardinalis,Northern Cardinal,0.7540,D:\Bird_Anuran_ARUs\RE03\SMM2-19_20260310_060300.wav
3378.0,3381.0,Corvus brachyrhynchos,American Crow,0.4817,D:\Bird_Anuran_ARUs\RE03\SMM2-19_20260310_060300.wav
3378.0,3381.0,Pipilo erythrophthalmus,Eastern Towhee,0.3366,D:\Bird_Anuran_ARUs\RE03\SMM2-19_20260310_060300.wav
3381.0,3384.0,Corvus brachyrhynchos,American Crow,0.8781,D:\Bird_Anuran_ARUs\RE03\SMM2-19_20260310_060300.wav
3381.0,3384.0,Pipilo erythrophthalmus,Eastern Towhee,0.4495,D:\Bird_Anuran_ARUs\RE03\SMM2-19_20260310_060300.wav
3381.0,3384.0,Cardinalis cardinalis,Northern Cardinal,0.3384,D:\Bird_Anuran_ARUs\RE03\SMM2-19_20260310_060300.wav
3384.0,3387.0,Corvus brachyrhynchos,American Crow,0.9261,D:\Bird_Anuran_ARUs\RE03\SMM2-19_20260310_060300.wav
3384.0,3387.0,Pipilo erythrophthalmus,Eastern Towhee,0.6828,D:\Bird_Anuran_ARUs\RE03\SMM2-19_20260310_060300.wav
3387.0,3390.0,Cardinalis cardinalis,Northern Cardinal,0.3676,D:\Bird_Anuran_ARUs\RE03\SMM2-19_20260310_060300.wav
3390.0,3393.0,Corvus brachyrhynchos,American Crow,0.4020,D:\Bird_Anuran_ARUs\RE03\SMM2-19_20260310_060300.wav
3393.0,3396.0,Pipilo erythrophthalmus,Eastern Towhee,0.5061,D:\Bird_Anuran_ARUs\RE03\SMM2-19_20260310_060300.wav
3393.0,3396.0,Corvus brachyrhynchos,American Crow,0.3936,D:\Bird_Anuran_ARUs\RE03\SMM2-19_20260310_060300.wav
3402.0,3405.0,Pipilo erythrophthalmus,Eastern Towhee,0.2544,D:\Bird_Anuran_ARUs\RE03\SMM2-19_20260310_060300.wav
3405.0,3408.0,Corvus brachyrhynchos,American Crow,0.9295,D:\Bird_Anuran_ARUs\RE03\SMM2-19_20260310_060300.wav
3405.0,3408.0,Pipilo erythrophthalmus,Eastern Towhee,0.7575,D:\Bird_Anuran_ARUs\RE03\SMM2-19_20260310_060300.wav
3405.0,3408.0,Piranga olivacea,Scarlet Tanager,0.3622,D:\Bird_Anuran_ARUs\RE03\SMM2-19_20260310_060300.wav
3408.0,3411.0,Pipilo erythrophthalmus,Eastern Towhee,0.8973,D:\Bird_Anuran_ARUs\RE03\SMM2-19_20260310_060300.wav
3408.0,3411.0,Piranga olivacea,Scarlet Tanager,0.4328,D:\Bird_Anuran_ARUs\RE03\SMM2-19_20260310_060300.wav
3408.0,3411.0,Corvus brachyrhynchos,American Crow,0.3622,D:\Bird_Anuran_ARUs\RE03\SMM2-19_20260310_060300.wav
3414.0,3417.0,Pipilo erythrophthalmus,Eastern Towhee,0.3988,D:\Bird_Anuran_ARUs\RE03\SMM2-19_20260310_060300.wav
3417.0,3420.0,Meleagris gallopavo,Wild Turkey,0.5114,D:\Bird_Anuran_ARUs\RE03\SMM2-19_20260310_060300.wav
3417.0,3420.0,Pipilo erythrophthalmus,Eastern Towhee,0.3974,D:\Bird_Anuran_ARUs\RE03\SMM2-19_20260310_060300.wav
3423.0,3426.0,Meleagris gallopavo,Wild Turkey,0.8475,D:\Bird_Anuran_ARUs\RE03\SMM2-19_20260310_060300.wav
3426.0,3429.0,Pipilo erythrophthalmus,Eastern Towhee,0.9347,D:\Bird_Anuran_ARUs\RE03\SMM2-19_20260310_060300.wav
3426.0,3429.0,Corvus brachyrhynchos,American Crow,0.8176,D:\Bird_Anuran_ARUs\RE03\SMM2-19_20260310_060300.wav
3429.0,3432.0,Pipilo erythrophthalmus,Eastern Towhee,0.7041,D:\Bird_Anuran_ARUs\RE03\SMM2-19_20260310_060300.wav
3429.0,3432.0,Corvus brachyrhynchos,American Crow,0.2753,D:\Bird_Anuran_ARUs\RE03\SMM2-19_20260310_060300.wav
3432.0,3435.0,Pipilo erythrophthalmus,Eastern Towhee,0.9674,D:\Bird_Anuran_ARUs\RE03\SMM2-19_20260310_060300.wav
3432.0,3435.0,Cardinalis cardinalis,Northern Cardinal,0.3411,D:\Bird_Anuran_ARUs\RE03\SMM2-19_20260310_060300.wav
3435.0,3438.0,Pipilo erythrophthalmus,Eastern Towhee,0.8124,D:\Bird_Anuran_ARUs\RE03\SMM2-19_20260310_060300.wav
3438.0,3441.0,Pipilo erythrophthalmus,Eastern Towhee,0.3184,D:\Bird_Anuran_ARUs\RE03\SMM2-19_20260310_060300.wav
3441.0,3444.0,Corvus brachyrhynchos,American Crow,0.6326,D:\Bird_Anuran_ARUs\RE03\SMM2-19_20260310_060300.wav
3441.0,3444.0,Pipilo erythrophthalmus,Eastern Towhee,0.4879,D:\Bird_Anuran_ARUs\RE03\SMM2-19_20260310_060300.wav
3444.0,3447.0,Molothrus ater,Brown-headed Cowbird,0.3740,D:\Bird_Anuran_ARUs\RE03\SMM2-19_20260310_060300.wav
3444.0,3447.0,Pipilo erythrophthalmus,Eastern Towhee,0.2777,D:\Bird_Anuran_ARUs\RE03\SMM2-19_20260310_060300.wav
3447.0,3450.0,Pipilo erythrophthalmus,Eastern Towhee,0.9361,D:\Bird_Anuran_ARUs\RE03\SMM2-19_20260310_060300.wav
3450.0,3453.0,Molothrus ater,Brown-headed Cowbird,0.4486,D:\Bird_Anuran_ARUs\RE03\SMM2-19_20260310_060300.wav
3453.0,3456.0,Dryobates villosus,Hairy Woodpecker,0.5488,D:\Bird_Anuran_ARUs\RE03\SMM2-19_20260310_060300.wav
3456.0,3459.0,Molothrus ater,Brown-headed Cowbird,0.5557,D:\Bird_Anuran_ARUs\RE03\SMM2-19_20260310_060300.wav
3456.0,3459.0,Pipilo erythrophthalmus,Eastern Towhee,0.4251,D:\Bird_Anuran_ARUs\RE03\SMM2-19_20260310_060300.wav
3459.0,3462.0,Corvus brachyrhynchos,American Crow,0.9580,D:\Bird_Anuran_ARUs\RE03\SMM2-19_20260310_060300.wav
3459.0,3462.0,Molothrus ater,Brown-headed Cowbird,0.2923,D:\Bird_Anuran_ARUs\RE03\SMM2-19_20260310_060300.wav
3462.0,3465.0,Pipilo erythrophthalmus,Eastern Towhee,0.8221,D:\Bird_Anuran_ARUs\RE03\SMM2-19_20260310_060300.wav
3468.0,3471.0,Pipilo erythrophthalmus,Eastern Towhee,0.4297,D:\Bird_Anuran_ARUs\RE03\SMM2-19_20260310_060300.wav
3474.0,3477.0,Pipilo erythrophthalmus,Eastern Towhee,0.9127,D:\Bird_Anuran_ARUs\RE03\SMM2-19_20260310_060300.wav
3474.0,3477.0,Corvus brachyrhynchos,American Crow,0.3527,D:\Bird_Anuran_ARUs\RE03\SMM2-19_20260310_060300.wav
3477.0,3480.0,Pipilo erythrophthalmus,Eastern Towhee,0.9088,D:\Bird_Anuran_ARUs\RE03\SMM2-19_20260310_060300.wav
3480.0,3483.0,Pipilo erythrophthalmus,Eastern Towhee,0.7989,D:\Bird_Anuran_ARUs\RE03\SMM2-19_20260310_060300.wav
3480.0,3483.0,Corvus brachyrhynchos,American Crow,0.3517,D:\Bird_Anuran_ARUs\RE03\SMM2-19_20260310_060300.wav
3483.0,3486.0,Pipilo erythrophthalmus,Eastern Towhee,0.6181,D:\Bird_Anuran_ARUs\RE03\SMM2-19_20260310_060300.wav
3483.0,3486.0,Meleagris gallopavo,Wild Turkey,0.4560,D:\Bird_Anuran_ARUs\RE03\SMM2-19_20260310_060300.wav
3483.0,3486.0,Cardinalis cardinalis,Northern Cardinal,0.2999,D:\Bird_Anuran_ARUs\RE03\SMM2-19_20260310_060300.wav
3489.0,3492.0,Haemorhous mexicanus,House Finch,0.5988,D:\Bird_Anuran_ARUs\RE03\SMM2-19_20260310_060300.wav
3492.0,3495.0,Corvus brachyrhynchos,American Crow,0.2963,D:\Bird_Anuran_ARUs\RE03\SMM2-19_20260310_060300.wav
3495.0,3498.0,Cardinalis cardinalis,Northern Cardinal,0.3732,D:\Bird_Anuran_ARUs\RE03\SMM2-19_20260310_060300.wav
3498.0,3501.0,Pipilo erythrophthalmus,Eastern Towhee,0.3189,D:\Bird_Anuran_ARUs\RE03\SMM2-19_20260310_060300.wav
3498.0,3501.0,Haemorhous mexicanus,House Finch,0.2901,D:\Bird_Anuran_ARUs\RE03\SMM2-19_20260310_060300.wav
3504.0,3507.0,Colaptes auratus,Northern Flicker,0.2652,D:\Bird_Anuran_ARUs\RE03\SMM2-19_20260310_060300.wav
3507.0,3510.0,Pipilo erythrophthalmus,Eastern Towhee,0.2895,D:\Bird_Anuran_ARUs\RE03\SMM2-19_20260310_060300.wav
3519.0,3522.0,Pipilo erythrophthalmus,Eastern Towhee,0.3138,D:\Bird_Anuran_ARUs\RE03\SMM2-19_20260310_060300.wav
3522.0,3525.0,Pipilo erythrophthalmus,Eastern Towhee,0.5428,D:\Bird_Anuran_ARUs\RE03\SMM2-19_20260310_060300.wav
3522.0,3525.0,Corvus brachyrhynchos,American Crow,0.4329,D:\Bird_Anuran_ARUs\RE03\SMM2-19_20260310_060300.wav
3528.0,3531.0,Corvus brachyrhynchos,American Crow,0.4496,D:\Bird_Anuran_ARUs\RE03\SMM2-19_20260310_060300.wav
3528.0,3531.0,Cardinalis cardinalis,Northern Cardinal,0.4413,D:\Bird_Anuran_ARUs\RE03\SMM2-19_20260310_060300.wav
3534.0,3537.0,Pipilo erythrophthalmus,Eastern Towhee,0.2855,D:\Bird_Anuran_ARUs\RE03\SMM2-19_20260310_060300.wav
3537.0,3540.0,Melanerpes carolinus,Red-bellied Woodpecker,0.2935,D:\Bird_Anuran_ARUs\RE03\SMM2-19_20260310_060300.wav
3540.0,3543.0,Corvus brachyrhynchos,American Crow,0.3472,D:\Bird_Anuran_ARUs\RE03\SMM2-19_20260310_060300.wav
3543.0,3546.0,Pipilo erythrophthalmus,Eastern Towhee,0.7505,D:\Bird_Anuran_ARUs\RE03\SMM2-19_20260310_060300.wav
3546.0,3549.0,Pipilo erythrophthalmus,Eastern Towhee,0.3967,D:\Bird_Anuran_ARUs\RE03\SMM2-19_20260310_060300.wav
3546.0,3549.0,Cardinalis cardinalis,Northern Cardinal,0.3399,D:\Bird_Anuran_ARUs\RE03\SMM2-19_20260310_060300.wav
3549.0,3552.0,Corvus brachyrhynchos,American Crow,0.6505,D:\Bird_Anuran_ARUs\RE03\SMM2-19_20260310_060300.wav
3555.0,3558.0,Setophaga pinus,Pine Warbler,0.7862,D:\Bird_Anuran_ARUs\RE03\SMM2-19_20260310_060300.wav
3555.0,3558.0,Corvus brachyrhynchos,American Crow,0.3919,D:\Bird_Anuran_ARUs\RE03\SMM2-19_20260310_060300.wav
3558.0,3561.0,Pipilo erythrophthalmus,Eastern Towhee,0.5707,D:\Bird_Anuran_ARUs\RE03\SMM2-19_20260310_060300.wav
3564.0,3567.0,Setophaga pinus,Pine Warbler,0.3583,D:\Bird_Anuran_ARUs\RE03\SMM2-19_20260310_060300.wav
3570.0,3573.0,Haemorhous mexicanus,House Finch,0.2607,D:\Bird_Anuran_ARUs\RE03\SMM2-19_20260310_060300.wav
3573.0,3576.0,Haemorhous mexicanus,House Finch,0.2651,D:\Bird_Anuran_ARUs\RE03\SMM2-19_20260310_060300.wav
3576.0,3579.0,Pipilo erythrophthalmus,Eastern Towhee,0.9543,D:\Bird_Anuran_ARUs\RE03\SMM2-19_20260310_060300.wav
3576.0,3579.0,Corvus brachyrhynchos,American Crow,0.7273,D:\Bird_Anuran_ARUs\RE03\SMM2-19_20260310_060300.wav
3579.0,3582.0,Haemorhous mexicanus,House Finch,0.4625,D:\Bird_Anuran_ARUs\RE03\SMM2-19_20260310_060300.wav
3582.0,3585.0,Pipilo erythrophthalmus,Eastern Towhee,0.6680,D:\Bird_Anuran_ARUs\RE03\SMM2-19_20260310_060300.wav
3585.0,3588.0,Corvus brachyrhynchos,American Crow,0.3804,D:\Bird_Anuran_ARUs\RE03\SMM2-19_20260310_060300.wav
3585.0,3588.0,Haemorhous mexicanus,House Finch,0.2800,D:\Bird_Anuran_ARUs\RE03\SMM2-19_20260310_060300.wav
3591.0,3594.0,Haemorhous mexicanus,House Finch,0.2627,D:\Bird_Anuran_ARUs\RE03\SMM2-19_20260310_060300.wav
3594.0,3597.0,Pipilo erythrophthalmus,Eastern Towhee,0.8390,D:\Bird_Anuran_ARUs\RE03\SMM2-19_20260310_060300.wav
3594.0,3597.0,Zenaida macroura,Mourning Dove,0.2831,D:\Bird_Anuran_ARUs\RE03\SMM2-19_20260310_060300.wav
