Start (s),End (s),Scientific name,Common name,Confidence,File
0.0,3.0,Corvus brachyrhynchos,American Crow,0.8142,D:\Bird_Anuran_ARUs\RE03\SMM2-19_20260310_070302.wav
0.0,3.0,Cardinalis cardinalis,Northern Cardinal,0.5608,D:\Bird_Anuran_ARUs\RE03\SMM2-19_20260310_070302.wav
3.0,6.0,Pipilo erythrophthalmus,Eastern Towhee,0.7891,D:\Bird_Anuran_ARUs\RE03\SMM2-19_20260310_070302.wav
9.0,12.0,Pipilo erythrophthalmus,Eastern Towhee,0.8037,D:\Bird_Anuran_ARUs\RE03\SMM2-19_20260310_070302.wav
12.0,15.0,Corvus brachyrhynchos,American Crow,0.3895,D:\Bird_Anuran_ARUs\RE03\SMM2-19_20260310_070302.wav
15.0,18.0,Zenaida macroura,Mourning Dove,0.5766,D:\Bird_Anuran_ARUs\RE03\SMM2-19_20260310_070302.wav
18.0,21.0,Pipilo erythrophthalmus,Eastern Towhee,0.2636,D:\Bird_Anuran_ARUs\RE03\SMM2-19_20260310_070302.wav
27.0,30.0,Zenaida macroura,Mourning Dove,0.3494,D:\Bird_Anuran_ARUs\RE03\SMM2-19_20260310_070302.wav
30.0,33.0,Zenaida macroura,Mourning Dove,0.7317,D:\Bird_Anuran_ARUs\RE03\SMM2-19_20260310_070302.wav
33.0,36.0,Corvus brachyrhynchos,American Crow,0.2927,D:\Bird_Anuran_ARUs\RE03\SMM2-19_20260310_070302.wav
36.0,39.0,Corvus brachyrhynchos,American Crow,0.5400,D:\Bird_Anuran_ARUs\RE03\SMM2-19_20260310_070302.wav
36.0,39.0,Pipilo erythrophthalmus,Eastern Towhee,0.3826,D:\Bird_Anuran_ARUs\RE03\SMM2-19_20260310_070302.wav
42.0,45.0,Setophaga pinus,Pine Warbler,0.5401,D:\Bird_Anuran_ARUs\RE03\SMM2-19_20260310_070302.wav
45.0,48.0,Pipilo erythrophthalmus,Eastern Towhee,0.3096,D:\Bird_Anuran_ARUs\RE03\SMM2-19_20260310_070302.wav
45.0,48.0,Setophaga pinus,Pine Warbler,0.2715,D:\Bird_Anuran_ARUs\RE03\SMM2-19_20260310_070302.wav
48.0,51.0,Zenaida macroura,Mourning Dove,0.7087,D:\Bird_Anuran_ARUs\RE03\SMM2-19_20260310_070302.wav
54.0,57.0,Pipilo erythrophthalmus,Eastern Towhee,0.9104,D:\Bird_Anuran_ARUs\RE03\SMM2-19_20260310_070302.wav
54.0,57.0,Corvus brachyrhynchos,American Crow,0.8825,D:\Bird_Anuran_ARUs\RE03\SMM2-19_20260310_070302.wav
57.0,60.0,Corvus brachyrhynchos,American Crow,0.7880,D:\Bird_Anuran_ARUs\RE03\SMM2-19_20260310_070302.wav
57.0,60.0,Pipilo erythrophthalmus,Eastern Towhee,0.5903,D:\Bird_Anuran_ARUs\RE03\SMM2-19_20260310_070302.wav
60.0,63.0,Pipilo erythrophthalmus,Eastern Towhee,0.3787,D:\Bird_Anuran_ARUs\RE03\SMM2-19_20260310_070302.wav
63.0,66.0,Setophaga pinus,Pine Warbler,0.9488,D:\Bird_Anuran_ARUs\RE03\SMM2-19_20260310_070302.wav
66.0,69.0,Corvus brachyrhynchos,American Crow,0.3943,D:\Bird_Anuran_ARUs\RE03\SMM2-19_20260310_070302.wav
72.0,75.0,Pipilo erythrophthalmus,Eastern Towhee,0.3336,D:\Bird_Anuran_ARUs\RE03\SMM2-19_20260310_070302.wav
78.0,81.0,Pipilo erythrophthalmus,Eastern Towhee,0.3107,D:\Bird_Anuran_ARUs\RE03\SMM2-19_20260310_070302.wav
84.0,87.0,Cardinalis cardinalis,Northern Cardinal,0.2607,D:\Bird_Anuran_ARUs\RE03\SMM2-19_20260310_070302.wav
87.0,90.0,Colaptes auratus,Northern Flicker,0.2831,D:\Bird_Anuran_ARUs\RE03\SMM2-19_20260310_070302.wav
93.0,96.0,Zenaida macroura,Mourning Dove,0.6552,D:\Bird_Anuran_ARUs\RE03\SMM2-19_20260310_070302.wav
99.0,102.0,Pipilo erythrophthalmus,Eastern Towhee,0.8703,D:\Bird_Anuran_ARUs\RE03\SMM2-19_20260310_070302.wav
99.0,102.0,Corvus brachyrhynchos,American Crow,0.8459,D:\Bird_Anuran_ARUs\RE03\SMM2-19_20260310_070302.wav
108.0,111.0,Corvus brachyrhynchos,American Crow,0.8217,D:\Bird_Anuran_ARUs\RE03\SMM2-19_20260310_070302.wav
108.0,111.0,Pipilo erythrophthalmus,Eastern Towhee,0.7762,D:\Bird_Anuran_ARUs\RE03\SMM2-19_20260310_070302.wav
108.0,111.0,Cardinalis cardinalis,Northern Cardinal,0.4423,D:\Bird_Anuran_ARUs\RE03\SMM2-19_20260310_070302.wav
120.0,123.0,Molothrus ater,Brown-headed Cowbird,0.7312,D:\Bird_Anuran_ARUs\RE03\SMM2-19_20260310_070302.wav
120.0,123.0,Corvus brachyrhynchos,American Crow,0.2741,D:\Bird_Anuran_ARUs\RE03\SMM2-19_20260310_070302.wav
126.0,129.0,Pipilo erythrophthalmus,Eastern Towhee,0.8142,D:\Bird_Anuran_ARUs\RE03\SMM2-19_20260310_070302.wav
126.0,129.0,Corvus brachyrhynchos,American Crow,0.7887,D:\Bird_Anuran_ARUs\RE03\SMM2-19_20260310_070302.wav
135.0,138.0,Sialia sialis,Eastern Bluebird,0.9687,D:\Bird_Anuran_ARUs\RE03\SMM2-19_20260310_070302.wav
147.0,150.0,Corvus brachyrhynchos,American Crow,0.9033,D:\Bird_Anuran_ARUs\RE03\SMM2-19_20260310_070302.wav
150.0,153.0,Molothrus ater,Brown-headed Cowbird,0.2728,D:\Bird_Anuran_ARUs\RE03\SMM2-19_20260310_070302.wav
156.0,159.0,Pipilo erythrophthalmus,Eastern Towhee,0.2629,D:\Bird_Anuran_ARUs\RE03\SMM2-19_20260310_070302.wav
168.0,171.0,Setophaga pinus,Pine Warbler,0.7454,D:\Bird_Anuran_ARUs\RE03\SMM2-19_20260310_070302.wav
174.0,177.0,Sialia sialis,Eastern Bluebird,0.8498,D:\Bird_Anuran_ARUs\RE03\SMM2-19_20260310_070302.wav
177.0,180.0,Zenaida macroura,Mourning Dove,0.3041,D:\Bird_Anuran_ARUs\RE03\SMM2-19_20260310_070302.wav
180.0,183.0,Molothrus ater,Brown-headed Cowbird,0.5035,D:\Bird_Anuran_ARUs\RE03\SMM2-19_20260310_070302.wav
180.0,183.0,Haemorhous mexicanus,House Finch,0.2946,D:\Bird_Anuran_ARUs\RE03\SMM2-19_20260310_070302.wav
183.0,186.0,Pipilo erythrophthalmus,Eastern Towhee,0.8563,D:\Bird_Anuran_ARUs\RE03\SMM2-19_20260310_070302.wav
183.0,186.0,Corvus brachyrhynchos,American Crow,0.7309,D:\Bird_Anuran_ARUs\RE03\SMM2-19_20260310_070302.wav
186.0,189.0,Sialia sialis,Eastern Bluebird,0.3705,D:\Bird_Anuran_ARUs\RE03\SMM2-19_20260310_070302.wav
192.0,195.0,Setophaga pinus,Pine Warbler,0.6933,D:\Bird_Anuran_ARUs\RE03\SMM2-19_20260310_070302.wav
195.0,198.0,Setophaga pinus,Pine Warbler,0.6444,D:\Bird_Anuran_ARUs\RE03\SMM2-19_20260310_070302.wav
201.0,204.0,Corvus brachyrhynchos,American Crow,0.8866,D:\Bird_Anuran_ARUs\RE03\SMM2-19_20260310_070302.wav
201.0,204.0,Sialia sialis,Eastern Bluebird,0.2934,D:\Bird_Anuran_ARUs\RE03\SMM2-19_20260310_070302.wav
204.0,207.0,Sialia sialis,Eastern Bluebird,0.4997,D:\Bird_Anuran_ARUs\RE03\SMM2-19_20260310_070302.wav
210.0,213.0,Pipilo erythrophthalmus,Eastern Towhee,0.3707,D:\Bird_Anuran_ARUs\RE03\SMM2-19_20260310_070302.wav
213.0,216.0,Sialia sialis,Eastern Bluebird,0.6004,D:\Bird_Anuran_ARUs\RE03\SMM2-19_20260310_070302.wav
213.0,216.0,Corvus brachyrhynchos,American Crow,0.4259,D:\Bird_Anuran_ARUs\RE03\SMM2-19_20260310_070302.wav
219.0,222.0,Sialia sialis,Eastern Bluebird,0.8682,D:\Bird_Anuran_ARUs\RE03\SMM2-19_20260310_070302.wav
222.0,225.0,Corvus brachyrhynchos,American Crow,0.8173,D:\Bird_Anuran_ARUs\RE03\SMM2-19_20260310_070302.wav
225.0,228.0,Molothrus ater,Brown-headed Cowbird,0.4643,D:\Bird_Anuran_ARUs\RE03\SMM2-19_20260310_070302.wav
225.0,228.0,Pipilo erythrophthalmus,Eastern Towhee,0.2779,D:\Bird_Anuran_ARUs\RE03\SMM2-19_20260310_070302.wav
228.0,231.0,Sialia sialis,Eastern Bluebird,0.8423,D:\Bird_Anuran_ARUs\RE03\SMM2-19_20260310_070302.wav
234.0,237.0,Sialia sialis,Eastern Bluebird,0.8602,D:\Bird_Anuran_ARUs\RE03\SMM2-19_20260310_070302.wav
234.0,237.0,Pipilo erythrophthalmus,Eastern Towhee,0.8175,D:\Bird_Anuran_ARUs\RE03\SMM2-19_20260310_070302.wav
237.0,240.0,Setophaga pinus,Pine Warbler,0.5747,D:\Bird_Anuran_ARUs\RE03\SMM2-19_20260310_070302.wav
237.0,240.0,Corvus brachyrhynchos,American Crow,0.4246,D:\Bird_Anuran_ARUs\RE03\SMM2-19_20260310_070302.wav
240.0,243.0,Sialia sialis,Eastern Bluebird,0.9368,D:\Bird_Anuran_ARUs\RE03\SMM2-19_20260310_070302.wav
243.0,246.0,Pipilo erythrophthalmus,Eastern Towhee,0.9156,D:\Bird_Anuran_ARUs\RE03\SMM2-19_20260310_070302.wav
243.0,246.0,Cardinalis cardinalis,Northern Cardinal,0.4590,D:\Bird_Anuran_ARUs\RE03\SMM2-19_20260310_070302.wav
246.0,249.0,Sialia sialis,Eastern Bluebird,0.7041,D:\Bird_Anuran_ARUs\RE03\SMM2-19_20260310_070302.wav
249.0,252.0,Corvus brachyrhynchos,American Crow,0.5472,D:\Bird_Anuran_ARUs\RE03\SMM2-19_20260310_070302.wav
252.0,255.0,Pipilo erythrophthalmus,Eastern Towhee,0.4729,D:\Bird_Anuran_ARUs\RE03\SMM2-19_20260310_070302.wav
252.0,255.0,Setophaga pinus,Pine Warbler,0.4646,D:\Bird_Anuran_ARUs\RE03\SMM2-19_20260310_070302.wav
252.0,255.0,Corvus brachyrhynchos,American Crow,0.2584,D:\Bird_Anuran_ARUs\RE03\SMM2-19_20260310_070302.wav
255.0,258.0,Sialia sialis,Eastern Bluebird,0.7321,D:\Bird_Anuran_ARUs\RE03\SMM2-19_20260310_070302.wav
255.0,258.0,Setophaga pinus,Pine Warbler,0.6617,D:\Bird_Anuran_ARUs\RE03\SMM2-19_20260310_070302.wav
258.0,261.0,Pipilo erythrophthalmus,Eastern Towhee,0.9416,D:\Bird_Anuran_ARUs\RE03\SMM2-19_20260310_070302.wav
261.0,264.0,Sialia sialis,Eastern Bluebird,0.8930,D:\Bird_Anuran_ARUs\RE03\SMM2-19_20260310_070302.wav
261.0,264.0,Pipilo erythrophthalmus,Eastern Towhee,0.4403,D:\Bird_Anuran_ARUs\RE03\SMM2-19_20260310_070302.wav
267.0,270.0,Pipilo erythrophthalmus,Eastern Towhee,0.7326,D:\Bird_Anuran_ARUs\RE03\SMM2-19_20260310_070302.wav
267.0,270.0,Zenaida macroura,Mourning Dove,0.2524,D:\Bird_Anuran_ARUs\RE03\SMM2-19_20260310_070302.wav
270.0,273.0,Sialia sialis,Eastern Bluebird,0.9852,D:\Bird_Anuran_ARUs\RE03\SMM2-19_20260310_070302.wav
273.0,276.0,Pipilo erythrophthalmus,Eastern Towhee,0.4989,D:\Bird_Anuran_ARUs\RE03\SMM2-19_20260310_070302.wav
276.0,279.0,Setophaga pinus,Pine Warbler,0.3069,D:\Bird_Anuran_ARUs\RE03\SMM2-19_20260310_070302.wav
276.0,279.0,Sialia sialis,Eastern Bluebird,0.2728,D:\Bird_Anuran_ARUs\RE03\SMM2-19_20260310_070302.wav
279.0,282.0,Sialia sialis,Eastern Bluebird,0.4458,D:\Bird_Anuran_ARUs\RE03\SMM2-19_20260310_070302.wav
282.0,285.0,Sialia sialis,Eastern Bluebird,0.7320,D:\Bird_Anuran_ARUs\RE03\SMM2-19_20260310_070302.wav
282.0,285.0,Corvus brachyrhynchos,American Crow,0.6044,D:\Bird_Anuran_ARUs\RE03\SMM2-19_20260310_070302.wav
282.0,285.0,Pipilo erythrophthalmus,Eastern Towhee,0.3382,D:\Bird_Anuran_ARUs\RE03\SMM2-19_20260310_070302.wav
285.0,288.0,Sialia sialis,Eastern Bluebird,0.9807,D:\Bird_Anuran_ARUs\RE03\SMM2-19_20260310_070302.wav
288.0,291.0,Zenaida macroura,Mourning Dove,0.6589,D:\Bird_Anuran_ARUs\RE03\SMM2-19_20260310_070302.wav
291.0,294.0,Pipilo erythrophthalmus,Eastern Towhee,0.2697,D:\Bird_Anuran_ARUs\RE03\SMM2-19_20260310_070302.wav
294.0,297.0,Sialia sialis,Eastern Bluebird,0.9413,D:\Bird_Anuran_ARUs\RE03\SMM2-19_20260310_070302.wav
297.0,300.0,Sialia sialis,Eastern Bluebird,0.9665,D:\Bird_Anuran_ARUs\RE03\SMM2-19_20260310_070302.wav
300.0,303.0,Sialia sialis,Eastern Bluebird,0.9622,D:\Bird_Anuran_ARUs\RE03\SMM2-19_20260310_070302.wav
303.0,306.0,Sialia sialis,Eastern Bluebird,0.7279,D:\Bird_Anuran_ARUs\RE03\SMM2-19_20260310_070302.wav
306.0,309.0,Setophaga pinus,Pine Warbler,0.7256,D:\Bird_Anuran_ARUs\RE03\SMM2-19_20260310_070302.wav
306.0,309.0,Sialia sialis,Eastern Bluebird,0.7097,D:\Bird_Anuran_ARUs\RE03\SMM2-19_20260310_070302.wav
309.0,312.0,Pipilo erythrophthalmus,Eastern Towhee,0.4596,D:\Bird_Anuran_ARUs\RE03\SMM2-19_20260310_070302.wav
312.0,315.0,Sialia sialis,Eastern Bluebird,0.9742,D:\Bird_Anuran_ARUs\RE03\SMM2-19_20260310_070302.wav
315.0,318.0,Pipilo erythrophthalmus,Eastern Towhee,0.7380,D:\Bird_Anuran_ARUs\RE03\SMM2-19_20260310_070302.wav
318.0,321.0,Sialia sialis,Eastern Bluebird,0.9879,D:\Bird_Anuran_ARUs\RE03\SMM2-19_20260310_070302.wav
321.0,324.0,Sialia sialis,Eastern Bluebird,0.9176,D:\Bird_Anuran_ARUs\RE03\SMM2-19_20260310_070302.wav
321.0,324.0,Setophaga pinus,Pine Warbler,0.3271,D:\Bird_Anuran_ARUs\RE03\SMM2-19_20260310_070302.wav
324.0,327.0,Sialia sialis,Eastern Bluebird,0.8184,D:\Bird_Anuran_ARUs\RE03\SMM2-19_20260310_070302.wav
324.0,327.0,Pipilo erythrophthalmus,Eastern Towhee,0.5493,D:\Bird_Anuran_ARUs\RE03\SMM2-19_20260310_070302.wav
327.0,330.0,Sialia sialis,Eastern Bluebird,0.9827,D:\Bird_Anuran_ARUs\RE03\SMM2-19_20260310_070302.wav
330.0,333.0,Sialia sialis,Eastern Bluebird,0.9981,D:\Bird_Anuran_ARUs\RE03\SMM2-19_20260310_070302.wav
333.0,336.0,Sialia sialis,Eastern Bluebird,0.8410,D:\Bird_Anuran_ARUs\RE03\SMM2-19_20260310_070302.wav
336.0,339.0,Sialia sialis,Eastern Bluebird,0.9088,D:\Bird_Anuran_ARUs\RE03\SMM2-19_20260310_070302.wav
336.0,339.0,Corvus brachyrhynchos,American Crow,0.4069,D:\Bird_Anuran_ARUs\RE03\SMM2-19_20260310_070302.wav
339.0,342.0,Corvus brachyrhynchos,American Crow,0.6210,D:\Bird_Anuran_ARUs\RE03\SMM2-19_20260310_070302.wav
342.0,345.0,Corvus brachyrhynchos,American Crow,0.3096,D:\Bird_Anuran_ARUs\RE03\SMM2-19_20260310_070302.wav
345.0,348.0,Sialia sialis,Eastern Bluebird,0.9210,D:\Bird_Anuran_ARUs\RE03\SMM2-19_20260310_070302.wav
345.0,348.0,Pipilo erythrophthalmus,Eastern Towhee,0.4652,D:\Bird_Anuran_ARUs\RE03\SMM2-19_20260310_070302.wav
348.0,351.0,Sialia sialis,Eastern Bluebird,0.7870,D:\Bird_Anuran_ARUs\RE03\SMM2-19_20260310_070302.wav
351.0,354.0,Sialia sialis,Eastern Bluebird,0.9250,D:\Bird_Anuran_ARUs\RE03\SMM2-19_20260310_070302.wav
354.0,357.0,Sialia sialis,Eastern Bluebird,0.9524,D:\Bird_Anuran_ARUs\RE03\SMM2-19_20260310_070302.wav
357.0,360.0,Sialia sialis,Eastern Bluebird,0.5730,D:\Bird_Anuran_ARUs\RE03\SMM2-19_20260310_070302.wav
360.0,363.0,Sialia sialis,Eastern Bluebird,0.9986,D:\Bird_Anuran_ARUs\RE03\SMM2-19_20260310_070302.wav
363.0,366.0,Sialia sialis,Eastern Bluebird,0.7780,D:\Bird_Anuran_ARUs\RE03\SMM2-19_20260310_070302.wav
366.0,369.0,Sialia sialis,Eastern Bluebird,0.9426,D:\Bird_Anuran_ARUs\RE03\SMM2-19_20260310_070302.wav
369.0,372.0,Sialia sialis,Eastern Bluebird,0.9895,D:\Bird_Anuran_ARUs\RE03\SMM2-19_20260310_070302.wav
372.0,375.0,Sialia sialis,Eastern Bluebird,0.9535,D:\Bird_Anuran_ARUs\RE03\SMM2-19_20260310_070302.wav
375.0,378.0,Sialia sialis,Eastern Bluebird,0.6949,D:\Bird_Anuran_ARUs\RE03\SMM2-19_20260310_070302.wav
378.0,381.0,Sialia sialis,Eastern Bluebird,0.7666,D:\Bird_Anuran_ARUs\RE03\SMM2-19_20260310_070302.wav
384.0,387.0,Sialia sialis,Eastern Bluebird,0.9917,D:\Bird_Anuran_ARUs\RE03\SMM2-19_20260310_070302.wav
387.0,390.0,Zenaida macroura,Mourning Dove,0.4941,D:\Bird_Anuran_ARUs\RE03\SMM2-19_20260310_070302.wav
393.0,396.0,Sialia sialis,Eastern Bluebird,0.5069,D:\Bird_Anuran_ARUs\RE03\SMM2-19_20260310_070302.wav
396.0,399.0,Sialia sialis,Eastern Bluebird,0.9647,D:\Bird_Anuran_ARUs\RE03\SMM2-19_20260310_070302.wav
399.0,402.0,Sialia sialis,Eastern Bluebird,0.9255,D:\Bird_Anuran_ARUs\RE03\SMM2-19_20260310_070302.wav
402.0,405.0,Zenaida macroura,Mourning Dove,0.7022,D:\Bird_Anuran_ARUs\RE03\SMM2-19_20260310_070302.wav
405.0,408.0,Sialia sialis,Eastern Bluebird,0.9492,D:\Bird_Anuran_ARUs\RE03\SMM2-19_20260310_070302.wav
408.0,411.0,Sialia sialis,Eastern Bluebird,0.9459,D:\Bird_Anuran_ARUs\RE03\SMM2-19_20260310_070302.wav
411.0,414.0,Sialia sialis,Eastern Bluebird,0.7302,D:\Bird_Anuran_ARUs\RE03\SMM2-19_20260310_070302.wav
411.0,414.0,Pipilo erythrophthalmus,Eastern Towhee,0.6055,D:\Bird_Anuran_ARUs\RE03\SMM2-19_20260310_070302.wav
411.0,414.0,Corvus brachyrhynchos,American Crow,0.2810,D:\Bird_Anuran_ARUs\RE03\SMM2-19_20260310_070302.wav
414.0,417.0,Sialia sialis,Eastern Bluebird,0.6895,D:\Bird_Anuran_ARUs\RE03\SMM2-19_20260310_070302.wav
414.0,417.0,Zenaida macroura,Mourning Dove,0.3801,D:\Bird_Anuran_ARUs\RE03\SMM2-19_20260310_070302.wav
417.0,420.0,Sialia sialis,Eastern Bluebird,0.8668,D:\Bird_Anuran_ARUs\RE03\SMM2-19_20260310_070302.wav
420.0,423.0,Pipilo erythrophthalmus,Eastern Towhee,0.8342,D:\Bird_Anuran_ARUs\RE03\SMM2-19_20260310_070302.wav
423.0,426.0,Sialia sialis,Eastern Bluebird,0.9790,D:\Bird_Anuran_ARUs\RE03\SMM2-19_20260310_070302.wav
426.0,429.0,Sialia sialis,Eastern Bluebird,0.9976,D:\Bird_Anuran_ARUs\RE03\SMM2-19_20260310_070302.wav
429.0,432.0,Sialia sialis,Eastern Bluebird,0.5676,D:\Bird_Anuran_ARUs\RE03\SMM2-19_20260310_070302.wav
432.0,435.0,Zenaida macroura,Mourning Dove,0.3897,D:\Bird_Anuran_ARUs\RE03\SMM2-19_20260310_070302.wav
435.0,438.0,Sialia sialis,Eastern Bluebird,0.9937,D:\Bird_Anuran_ARUs\RE03\SMM2-19_20260310_070302.wav
438.0,441.0,Sialia sialis,Eastern Bluebird,0.9928,D:\Bird_Anuran_ARUs\RE03\SMM2-19_20260310_070302.wav
441.0,444.0,Sialia sialis,Eastern Bluebird,0.9748,D:\Bird_Anuran_ARUs\RE03\SMM2-19_20260310_070302.wav
444.0,447.0,Zenaida macroura,Mourning Dove,0.6234,D:\Bird_Anuran_ARUs\RE03\SMM2-19_20260310_070302.wav
447.0,450.0,Sialia sialis,Eastern Bluebird,0.9391,D:\Bird_Anuran_ARUs\RE03\SMM2-19_20260310_070302.wav
450.0,453.0,Sialia sialis,Eastern Bluebird,0.8916,D:\Bird_Anuran_ARUs\RE03\SMM2-19_20260310_070302.wav
453.0,456.0,Sialia sialis,Eastern Bluebird,0.9363,D:\Bird_Anuran_ARUs\RE03\SMM2-19_20260310_070302.wav
453.0,456.0,Pipilo erythrophthalmus,Eastern Towhee,0.4121,D:\Bird_Anuran_ARUs\RE03\SMM2-19_20260310_070302.wav
456.0,459.0,Sialia sialis,Eastern Bluebird,0.9828,D:\Bird_Anuran_ARUs\RE03\SMM2-19_20260310_070302.wav
459.0,462.0,Sialia sialis,Eastern Bluebird,0.9478,D:\Bird_Anuran_ARUs\RE03\SMM2-19_20260310_070302.wav
462.0,465.0,Sialia sialis,Eastern Bluebird,0.5142,D:\Bird_Anuran_ARUs\RE03\SMM2-19_20260310_070302.wav
465.0,468.0,Sialia sialis,Eastern Bluebird,0.6258,D:\Bird_Anuran_ARUs\RE03\SMM2-19_20260310_070302.wav
468.0,471.0,Sialia sialis,Eastern Bluebird,0.9306,D:\Bird_Anuran_ARUs\RE03\SMM2-19_20260310_070302.wav
471.0,474.0,Sialia sialis,Eastern Bluebird,0.5258,D:\Bird_Anuran_ARUs\RE03\SMM2-19_20260310_070302.wav
474.0,477.0,Sialia sialis,Eastern Bluebird,0.9810,D:\Bird_Anuran_ARUs\RE03\SMM2-19_20260310_070302.wav
477.0,480.0,Sialia sialis,Eastern Bluebird,0.9949,D:\Bird_Anuran_ARUs\RE03\SMM2-19_20260310_070302.wav
480.0,483.0,Sialia sialis,Eastern Bluebird,0.7900,D:\Bird_Anuran_ARUs\RE03\SMM2-19_20260310_070302.wav
483.0,486.0,Sialia sialis,Eastern Bluebird,0.9713,D:\Bird_Anuran_ARUs\RE03\SMM2-19_20260310_070302.wav
486.0,489.0,Sialia sialis,Eastern Bluebird,0.9812,D:\Bird_Anuran_ARUs\RE03\SMM2-19_20260310_070302.wav
492.0,495.0,Pipilo erythrophthalmus,Eastern Towhee,0.5494,D:\Bird_Anuran_ARUs\RE03\SMM2-19_20260310_070302.wav
492.0,495.0,Sialia sialis,Eastern Bluebird,0.4632,D:\Bird_Anuran_ARUs\RE03\SMM2-19_20260310_070302.wav
495.0,498.0,Sialia sialis,Eastern Bluebird,0.8443,D:\Bird_Anuran_ARUs\RE03\SMM2-19_20260310_070302.wav
498.0,501.0,Sialia sialis,Eastern Bluebird,0.7221,D:\Bird_Anuran_ARUs\RE03\SMM2-19_20260310_070302.wav
501.0,504.0,Pipilo erythrophthalmus,Eastern Towhee,0.6369,D:\Bird_Anuran_ARUs\RE03\SMM2-19_20260310_070302.wav
501.0,504.0,Sialia sialis,Eastern Bluebird,0.4414,D:\Bird_Anuran_ARUs\RE03\SMM2-19_20260310_070302.wav
501.0,504.0,Corvus brachyrhynchos,American Crow,0.3182,D:\Bird_Anuran_ARUs\RE03\SMM2-19_20260310_070302.wav
504.0,507.0,Corvus brachyrhynchos,American Crow,0.9491,D:\Bird_Anuran_ARUs\RE03\SMM2-19_20260310_070302.wav
516.0,519.0,Sialia sialis,Eastern Bluebird,0.9795,D:\Bird_Anuran_ARUs\RE03\SMM2-19_20260310_070302.wav
516.0,519.0,Pipilo erythrophthalmus,Eastern Towhee,0.3730,D:\Bird_Anuran_ARUs\RE03\SMM2-19_20260310_070302.wav
519.0,522.0,Pipilo erythrophthalmus,Eastern Towhee,0.9140,D:\Bird_Anuran_ARUs\RE03\SMM2-19_20260310_070302.wav
525.0,528.0,Pipilo erythrophthalmus,Eastern Towhee,0.8740,D:\Bird_Anuran_ARUs\RE03\SMM2-19_20260310_070302.wav
528.0,531.0,Zenaida macroura,Mourning Dove,0.6565,D:\Bird_Anuran_ARUs\RE03\SMM2-19_20260310_070302.wav
528.0,531.0,Pipilo erythrophthalmus,Eastern Towhee,0.2633,D:\Bird_Anuran_ARUs\RE03\SMM2-19_20260310_070302.wav
531.0,534.0,Zenaida macroura,Mourning Dove,0.5834,D:\Bird_Anuran_ARUs\RE03\SMM2-19_20260310_070302.wav
534.0,537.0,Pipilo erythrophthalmus,Eastern Towhee,0.6902,D:\Bird_Anuran_ARUs\RE03\SMM2-19_20260310_070302.wav
537.0,540.0,Setophaga pinus,Pine Warbler,0.3728,D:\Bird_Anuran_ARUs\RE03\SMM2-19_20260310_070302.wav
537.0,540.0,Corvus brachyrhynchos,American Crow,0.3440,D:\Bird_Anuran_ARUs\RE03\SMM2-19_20260310_070302.wav
540.0,543.0,Corvus brachyrhynchos,American Crow,0.9876,D:\Bird_Anuran_ARUs\RE03\SMM2-19_20260310_070302.wav
540.0,543.0,Pipilo erythrophthalmus,Eastern Towhee,0.9350,D:\Bird_Anuran_ARUs\RE03\SMM2-19_20260310_070302.wav
543.0,546.0,Zenaida macroura,Mourning Dove,0.6567,D:\Bird_Anuran_ARUs\RE03\SMM2-19_20260310_070302.wav
546.0,549.0,Meleagris gallopavo,Wild Turkey,0.3211,D:\Bird_Anuran_ARUs\RE03\SMM2-19_20260310_070302.wav
555.0,558.0,Pipilo erythrophthalmus,Eastern Towhee,0.4970,D:\Bird_Anuran_ARUs\RE03\SMM2-19_20260310_070302.wav
558.0,561.0,Zenaida macroura,Mourning Dove,0.5513,D:\Bird_Anuran_ARUs\RE03\SMM2-19_20260310_070302.wav
561.0,564.0,Zenaida macroura,Mourning Dove,0.5153,D:\Bird_Anuran_ARUs\RE03\SMM2-19_20260310_070302.wav
564.0,567.0,Pipilo erythrophthalmus,Eastern Towhee,0.6314,D:\Bird_Anuran_ARUs\RE03\SMM2-19_20260310_070302.wav
570.0,573.0,Pipilo erythrophthalmus,Eastern Towhee,0.7234,D:\Bird_Anuran_ARUs\RE03\SMM2-19_20260310_070302.wav
591.0,594.0,Pipilo erythrophthalmus,Eastern Towhee,0.8932,D:\Bird_Anuran_ARUs\RE03\SMM2-19_20260310_070302.wav
591.0,594.0,Corvus brachyrhynchos,American Crow,0.3662,D:\Bird_Anuran_ARUs\RE03\SMM2-19_20260310_070302.wav
594.0,597.0,Pipilo erythrophthalmus,Eastern Towhee,0.4368,D:\Bird_Anuran_ARUs\RE03\SMM2-19_20260310_070302.wav
594.0,597.0,Zenaida macroura,Mourning Dove,0.3174,D:\Bird_Anuran_ARUs\RE03\SMM2-19_20260310_070302.wav
597.0,600.0,Corvus brachyrhynchos,American Crow,0.9370,D:\Bird_Anuran_ARUs\RE03\SMM2-19_20260310_070302.wav
597.0,600.0,Zenaida macroura,Mourning Dove,0.3305,D:\Bird_Anuran_ARUs\RE03\SMM2-19_20260310_070302.wav
609.0,612.0,Corvus brachyrhynchos,American Crow,0.8398,D:\Bird_Anuran_ARUs\RE03\SMM2-19_20260310_070302.wav
609.0,612.0,Pipilo erythrophthalmus,Eastern Towhee,0.6480,D:\Bird_Anuran_ARUs\RE03\SMM2-19_20260310_070302.wav
612.0,615.0,Corvus brachyrhynchos,American Crow,0.3354,D:\Bird_Anuran_ARUs\RE03\SMM2-19_20260310_070302.wav
612.0,615.0,Melanerpes carolinus,Red-bellied Woodpecker,0.2526,D:\Bird_Anuran_ARUs\RE03\SMM2-19_20260310_070302.wav
615.0,618.0,Pipilo erythrophthalmus,Eastern Towhee,0.2791,D:\Bird_Anuran_ARUs\RE03\SMM2-19_20260310_070302.wav
618.0,621.0,Sialia sialis,Eastern Bluebird,0.9869,D:\Bird_Anuran_ARUs\RE03\SMM2-19_20260310_070302.wav
621.0,624.0,Pipilo erythrophthalmus,Eastern Towhee,0.5736,D:\Bird_Anuran_ARUs\RE03\SMM2-19_20260310_070302.wav
630.0,633.0,Corvus brachyrhynchos,American Crow,0.5758,D:\Bird_Anuran_ARUs\RE03\SMM2-19_20260310_070302.wav
630.0,633.0,Colaptes auratus,Northern Flicker,0.3790,D:\Bird_Anuran_ARUs\RE03\SMM2-19_20260310_070302.wav
639.0,642.0,Pipilo erythrophthalmus,Eastern Towhee,0.8472,D:\Bird_Anuran_ARUs\RE03\SMM2-19_20260310_070302.wav
639.0,642.0,Corvus brachyrhynchos,American Crow,0.3946,D:\Bird_Anuran_ARUs\RE03\SMM2-19_20260310_070302.wav
642.0,645.0,Corvus brachyrhynchos,American Crow,0.4709,D:\Bird_Anuran_ARUs\RE03\SMM2-19_20260310_070302.wav
645.0,648.0,Pipilo erythrophthalmus,Eastern Towhee,0.4933,D:\Bird_Anuran_ARUs\RE03\SMM2-19_20260310_070302.wav
648.0,651.0,Corvus brachyrhynchos,American Crow,0.9181,D:\Bird_Anuran_ARUs\RE03\SMM2-19_20260310_070302.wav
648.0,651.0,Pipilo erythrophthalmus,Eastern Towhee,0.6573,D:\Bird_Anuran_ARUs\RE03\SMM2-19_20260310_070302.wav
651.0,654.0,Pipilo erythrophthalmus,Eastern Towhee,0.3434,D:\Bird_Anuran_ARUs\RE03\SMM2-19_20260310_070302.wav
657.0,660.0,Sialia sialis,Eastern Bluebird,0.9618,D:\Bird_Anuran_ARUs\RE03\SMM2-19_20260310_070302.wav
660.0,663.0,Pipilo erythrophthalmus,Eastern Towhee,0.6760,D:\Bird_Anuran_ARUs\RE03\SMM2-19_20260310_070302.wav
666.0,669.0,Pipilo erythrophthalmus,Eastern Towhee,0.5780,D:\Bird_Anuran_ARUs\RE03\SMM2-19_20260310_070302.wav
669.0,672.0,Pipilo erythrophthalmus,Eastern Towhee,0.4185,D:\Bird_Anuran_ARUs\RE03\SMM2-19_20260310_070302.wav
672.0,675.0,Zenaida macroura,Mourning Dove,0.4188,D:\Bird_Anuran_ARUs\RE03\SMM2-19_20260310_070302.wav
675.0,678.0,Piranga olivacea,Scarlet Tanager,0.3134,D:\Bird_Anuran_ARUs\RE03\SMM2-19_20260310_070302.wav
678.0,681.0,Pipilo erythrophthalmus,Eastern Towhee,0.8836,D:\Bird_Anuran_ARUs\RE03\SMM2-19_20260310_070302.wav
684.0,687.0,Sialia sialis,Eastern Bluebird,0.8220,D:\Bird_Anuran_ARUs\RE03\SMM2-19_20260310_070302.wav
687.0,690.0,Zenaida macroura,Mourning Dove,0.3355,D:\Bird_Anuran_ARUs\RE03\SMM2-19_20260310_070302.wav
699.0,702.0,Corvus brachyrhynchos,American Crow,0.7764,D:\Bird_Anuran_ARUs\RE03\SMM2-19_20260310_070302.wav
699.0,702.0,Pipilo erythrophthalmus,Eastern Towhee,0.6230,D:\Bird_Anuran_ARUs\RE03\SMM2-19_20260310_070302.wav
705.0,708.0,Pipilo erythrophthalmus,Eastern Towhee,0.3054,D:\Bird_Anuran_ARUs\RE03\SMM2-19_20260310_070302.wav
708.0,711.0,Pipilo erythrophthalmus,Eastern Towhee,0.6500,D:\Bird_Anuran_ARUs\RE03\SMM2-19_20260310_070302.wav
714.0,717.0,Dryocopus pileatus,Pileated Woodpecker,0.6047,D:\Bird_Anuran_ARUs\RE03\SMM2-19_20260310_070302.wav
723.0,726.0,Pipilo erythrophthalmus,Eastern Towhee,0.7681,D:\Bird_Anuran_ARUs\RE03\SMM2-19_20260310_070302.wav
723.0,726.0,Corvus brachyrhynchos,American Crow,0.3938,D:\Bird_Anuran_ARUs\RE03\SMM2-19_20260310_070302.wav
726.0,729.0,Zenaida macroura,Mourning Dove,0.3006,D:\Bird_Anuran_ARUs\RE03\SMM2-19_20260310_070302.wav
729.0,732.0,Pipilo erythrophthalmus,Eastern Towhee,0.7329,D:\Bird_Anuran_ARUs\RE03\SMM2-19_20260310_070302.wav
735.0,738.0,Corvus brachyrhynchos,American Crow,0.8990,D:\Bird_Anuran_ARUs\RE03\SMM2-19_20260310_070302.wav
735.0,738.0,Pipilo erythrophthalmus,Eastern Towhee,0.7497,D:\Bird_Anuran_ARUs\RE03\SMM2-19_20260310_070302.wav
738.0,741.0,Pipilo erythrophthalmus,Eastern Towhee,0.4844,D:\Bird_Anuran_ARUs\RE03\SMM2-19_20260310_070302.wav
738.0,741.0,Piranga olivacea,Scarlet Tanager,0.2743,D:\Bird_Anuran_ARUs\RE03\SMM2-19_20260310_070302.wav
741.0,744.0,Corvus brachyrhynchos,American Crow,0.3165,D:\Bird_Anuran_ARUs\RE03\SMM2-19_20260310_070302.wav
741.0,744.0,Pipilo erythrophthalmus,Eastern Towhee,0.2659,D:\Bird_Anuran_ARUs\RE03\SMM2-19_20260310_070302.wav
744.0,747.0,Zenaida macroura,Mourning Dove,0.6771,D:\Bird_Anuran_ARUs\RE03\SMM2-19_20260310_070302.wav
744.0,747.0,Corvus brachyrhynchos,American Crow,0.3335,D:\Bird_Anuran_ARUs\RE03\SMM2-19_20260310_070302.wav
753.0,756.0,Pipilo erythrophthalmus,Eastern Towhee,0.7505,D:\Bird_Anuran_ARUs\RE03\SMM2-19_20260310_070302.wav
753.0,756.0,Corvus brachyrhynchos,American Crow,0.4501,D:\Bird_Anuran_ARUs\RE03\SMM2-19_20260310_070302.wav
756.0,759.0,Corvus brachyrhynchos,American Crow,0.4399,D:\Bird_Anuran_ARUs\RE03\SMM2-19_20260310_070302.wav
756.0,759.0,Colaptes auratus,Northern Flicker,0.4125,D:\Bird_Anuran_ARUs\RE03\SMM2-19_20260310_070302.wav
756.0,759.0,Pipilo erythrophthalmus,Eastern Towhee,0.4094,D:\Bird_Anuran_ARUs\RE03\SMM2-19_20260310_070302.wav
759.0,762.0,Zenaida macroura,Mourning Dove,0.4248,D:\Bird_Anuran_ARUs\RE03\SMM2-19_20260310_070302.wav
762.0,765.0,Pipilo erythrophthalmus,Eastern Towhee,0.4944,D:\Bird_Anuran_ARUs\RE03\SMM2-19_20260310_070302.wav
765.0,768.0,Sialia sialis,Eastern Bluebird,0.9352,D:\Bird_Anuran_ARUs\RE03\SMM2-19_20260310_070302.wav
768.0,771.0,Pipilo erythrophthalmus,Eastern Towhee,0.8548,D:\Bird_Anuran_ARUs\RE03\SMM2-19_20260310_070302.wav
768.0,771.0,Corvus brachyrhynchos,American Crow,0.8310,D:\Bird_Anuran_ARUs\RE03\SMM2-19_20260310_070302.wav
771.0,774.0,Pipilo erythrophthalmus,Eastern Towhee,0.7107,D:\Bird_Anuran_ARUs\RE03\SMM2-19_20260310_070302.wav
774.0,777.0,Pipilo erythrophthalmus,Eastern Towhee,0.7577,D:\Bird_Anuran_ARUs\RE03\SMM2-19_20260310_070302.wav
783.0,786.0,Corvus brachyrhynchos,American Crow,0.8392,D:\Bird_Anuran_ARUs\RE03\SMM2-19_20260310_070302.wav
783.0,786.0,Pipilo erythrophthalmus,Eastern Towhee,0.3289,D:\Bird_Anuran_ARUs\RE03\SMM2-19_20260310_070302.wav
789.0,792.0,Corvus brachyrhynchos,American Crow,0.5343,D:\Bird_Anuran_ARUs\RE03\SMM2-19_20260310_070302.wav
789.0,792.0,Pipilo erythrophthalmus,Eastern Towhee,0.3808,D:\Bird_Anuran_ARUs\RE03\SMM2-19_20260310_070302.wav
795.0,798.0,Corvus brachyrhynchos,American Crow,0.5195,D:\Bird_Anuran_ARUs\RE03\SMM2-19_20260310_070302.wav
795.0,798.0,Zenaida macroura,Mourning Dove,0.4438,D:\Bird_Anuran_ARUs\RE03\SMM2-19_20260310_070302.wav
795.0,798.0,Pipilo erythrophthalmus,Eastern Towhee,0.4057,D:\Bird_Anuran_ARUs\RE03\SMM2-19_20260310_070302.wav
798.0,801.0,Corvus brachyrhynchos,American Crow,0.2979,D:\Bird_Anuran_ARUs\RE03\SMM2-19_20260310_070302.wav
801.0,804.0,Pipilo erythrophthalmus,Eastern Towhee,0.9684,D:\Bird_Anuran_ARUs\RE03\SMM2-19_20260310_070302.wav
804.0,807.0,Pipilo erythrophthalmus,Eastern Towhee,0.9472,D:\Bird_Anuran_ARUs\RE03\SMM2-19_20260310_070302.wav
804.0,807.0,Corvus brachyrhynchos,American Crow,0.8431,D:\Bird_Anuran_ARUs\RE03\SMM2-19_20260310_070302.wav
807.0,810.0,Zenaida macroura,Mourning Dove,0.4564,D:\Bird_Anuran_ARUs\RE03\SMM2-19_20260310_070302.wav
807.0,810.0,Corvus brachyrhynchos,American Crow,0.3967,D:\Bird_Anuran_ARUs\RE03\SMM2-19_20260310_070302.wav
810.0,813.0,Zenaida macroura,Mourning Dove,0.4353,D:\Bird_Anuran_ARUs\RE03\SMM2-19_20260310_070302.wav
813.0,816.0,Corvus brachyrhynchos,American Crow,0.6631,D:\Bird_Anuran_ARUs\RE03\SMM2-19_20260310_070302.wav
813.0,816.0,Pipilo erythrophthalmus,Eastern Towhee,0.5114,D:\Bird_Anuran_ARUs\RE03\SMM2-19_20260310_070302.wav
813.0,816.0,Colaptes auratus,Northern Flicker,0.2563,D:\Bird_Anuran_ARUs\RE03\SMM2-19_20260310_070302.wav
816.0,819.0,Pipilo erythrophthalmus,Eastern Towhee,0.3848,D:\Bird_Anuran_ARUs\RE03\SMM2-19_20260310_070302.wav
819.0,822.0,Pipilo erythrophthalmus,Eastern Towhee,0.8238,D:\Bird_Anuran_ARUs\RE03\SMM2-19_20260310_070302.wav
822.0,825.0,Corvus brachyrhynchos,American Crow,0.5368,D:\Bird_Anuran_ARUs\RE03\SMM2-19_20260310_070302.wav
825.0,828.0,Zenaida macroura,Mourning Dove,0.3482,D:\Bird_Anuran_ARUs\RE03\SMM2-19_20260310_070302.wav
828.0,831.0,Pipilo erythrophthalmus,Eastern Towhee,0.4589,D:\Bird_Anuran_ARUs\RE03\SMM2-19_20260310_070302.wav
828.0,831.0,Corvus brachyrhynchos,American Crow,0.2524,D:\Bird_Anuran_ARUs\RE03\SMM2-19_20260310_070302.wav
831.0,834.0,Corvus brachyrhynchos,American Crow,0.8738,D:\Bird_Anuran_ARUs\RE03\SMM2-19_20260310_070302.wav
831.0,834.0,Pipilo erythrophthalmus,Eastern Towhee,0.5722,D:\Bird_Anuran_ARUs\RE03\SMM2-19_20260310_070302.wav
834.0,837.0,Pipilo erythrophthalmus,Eastern Towhee,0.5768,D:\Bird_Anuran_ARUs\RE03\SMM2-19_20260310_070302.wav
840.0,843.0,Pipilo erythrophthalmus,Eastern Towhee,0.5048,D:\Bird_Anuran_ARUs\RE03\SMM2-19_20260310_070302.wav
843.0,846.0,Zenaida macroura,Mourning Dove,0.5795,D:\Bird_Anuran_ARUs\RE03\SMM2-19_20260310_070302.wav
843.0,846.0,Pipilo erythrophthalmus,Eastern Towhee,0.3555,D:\Bird_Anuran_ARUs\RE03\SMM2-19_20260310_070302.wav
846.0,849.0,Corvus brachyrhynchos,American Crow,0.4396,D:\Bird_Anuran_ARUs\RE03\SMM2-19_20260310_070302.wav
849.0,852.0,Pipilo erythrophthalmus,Eastern Towhee,0.9540,D:\Bird_Anuran_ARUs\RE03\SMM2-19_20260310_070302.wav
849.0,852.0,Corvus brachyrhynchos,American Crow,0.9186,D:\Bird_Anuran_ARUs\RE03\SMM2-19_20260310_070302.wav
852.0,855.0,Corvus brachyrhynchos,American Crow,0.4871,D:\Bird_Anuran_ARUs\RE03\SMM2-19_20260310_070302.wav
855.0,858.0,Pipilo erythrophthalmus,Eastern Towhee,0.9099,D:\Bird_Anuran_ARUs\RE03\SMM2-19_20260310_070302.wav
858.0,861.0,Pipilo erythrophthalmus,Eastern Towhee,0.6850,D:\Bird_Anuran_ARUs\RE03\SMM2-19_20260310_070302.wav
864.0,867.0,Pipilo erythrophthalmus,Eastern Towhee,0.7919,D:\Bird_Anuran_ARUs\RE03\SMM2-19_20260310_070302.wav
864.0,867.0,Corvus brachyrhynchos,American Crow,0.6025,D:\Bird_Anuran_ARUs\RE03\SMM2-19_20260310_070302.wav
867.0,870.0,Zenaida macroura,Mourning Dove,0.4370,D:\Bird_Anuran_ARUs\RE03\SMM2-19_20260310_070302.wav
867.0,870.0,Pipilo erythrophthalmus,Eastern Towhee,0.2938,D:\Bird_Anuran_ARUs\RE03\SMM2-19_20260310_070302.wav
873.0,876.0,Pipilo erythrophthalmus,Eastern Towhee,0.3442,D:\Bird_Anuran_ARUs\RE03\SMM2-19_20260310_070302.wav
876.0,879.0,Pipilo erythrophthalmus,Eastern Towhee,0.4780,D:\Bird_Anuran_ARUs\RE03\SMM2-19_20260310_070302.wav
879.0,882.0,Pipilo erythrophthalmus,Eastern Towhee,0.4638,D:\Bird_Anuran_ARUs\RE03\SMM2-19_20260310_070302.wav
882.0,885.0,Pipilo erythrophthalmus,Eastern Towhee,0.5963,D:\Bird_Anuran_ARUs\RE03\SMM2-19_20260310_070302.wav
882.0,885.0,Corvus brachyrhynchos,American Crow,0.3469,D:\Bird_Anuran_ARUs\RE03\SMM2-19_20260310_070302.wav
882.0,885.0,Zenaida macroura,Mourning Dove,0.3356,D:\Bird_Anuran_ARUs\RE03\SMM2-19_20260310_070302.wav
885.0,888.0,Pipilo erythrophthalmus,Eastern Towhee,0.2912,D:\Bird_Anuran_ARUs\RE03\SMM2-19_20260310_070302.wav
888.0,891.0,Pipilo erythrophthalmus,Eastern Towhee,0.9241,D:\Bird_Anuran_ARUs\RE03\SMM2-19_20260310_070302.wav
891.0,894.0,Corvus brachyrhynchos,American Crow,0.5586,D:\Bird_Anuran_ARUs\RE03\SMM2-19_20260310_070302.wav
894.0,897.0,Pipilo erythrophthalmus,Eastern Towhee,0.3211,D:\Bird_Anuran_ARUs\RE03\SMM2-19_20260310_070302.wav
897.0,900.0,Pipilo erythrophthalmus,Eastern Towhee,0.8472,D:\Bird_Anuran_ARUs\RE03\SMM2-19_20260310_070302.wav
900.0,903.0,Corvus brachyrhynchos,American Crow,0.7401,D:\Bird_Anuran_ARUs\RE03\SMM2-19_20260310_070302.wav
903.0,906.0,Pipilo erythrophthalmus,Eastern Towhee,0.5214,D:\Bird_Anuran_ARUs\RE03\SMM2-19_20260310_070302.wav
903.0,906.0,Colaptes auratus,Northern Flicker,0.4132,D:\Bird_Anuran_ARUs\RE03\SMM2-19_20260310_070302.wav
909.0,912.0,Corvus brachyrhynchos,American Crow,0.7825,D:\Bird_Anuran_ARUs\RE03\SMM2-19_20260310_070302.wav
912.0,915.0,Pipilo erythrophthalmus,Eastern Towhee,0.8423,D:\Bird_Anuran_ARUs\RE03\SMM2-19_20260310_070302.wav
915.0,918.0,Corvus brachyrhynchos,American Crow,0.6385,D:\Bird_Anuran_ARUs\RE03\SMM2-19_20260310_070302.wav
915.0,918.0,Cardinalis cardinalis,Northern Cardinal,0.4789,D:\Bird_Anuran_ARUs\RE03\SMM2-19_20260310_070302.wav
918.0,921.0,Corvus brachyrhynchos,American Crow,0.8037,D:\Bird_Anuran_ARUs\RE03\SMM2-19_20260310_070302.wav
918.0,921.0,Setophaga pinus,Pine Warbler,0.3762,D:\Bird_Anuran_ARUs\RE03\SMM2-19_20260310_070302.wav
921.0,924.0,Zenaida macroura,Mourning Dove,0.5048,D:\Bird_Anuran_ARUs\RE03\SMM2-19_20260310_070302.wav
924.0,927.0,Colaptes auratus,Northern Flicker,0.2643,D:\Bird_Anuran_ARUs\RE03\SMM2-19_20260310_070302.wav
927.0,930.0,Corvus brachyrhynchos,American Crow,0.4453,D:\Bird_Anuran_ARUs\RE03\SMM2-19_20260310_070302.wav
927.0,930.0,Pipilo erythrophthalmus,Eastern Towhee,0.3878,D:\Bird_Anuran_ARUs\RE03\SMM2-19_20260310_070302.wav
930.0,933.0,Pipilo erythrophthalmus,Eastern Towhee,0.3305,D:\Bird_Anuran_ARUs\RE03\SMM2-19_20260310_070302.wav
933.0,936.0,Setophaga pinus,Pine Warbler,0.4484,D:\Bird_Anuran_ARUs\RE03\SMM2-19_20260310_070302.wav
936.0,939.0,Pipilo erythrophthalmus,Eastern Towhee,0.4745,D:\Bird_Anuran_ARUs\RE03\SMM2-19_20260310_070302.wav
936.0,939.0,Zenaida macroura,Mourning Dove,0.2610,D:\Bird_Anuran_ARUs\RE03\SMM2-19_20260310_070302.wav
939.0,942.0,Pipilo erythrophthalmus,Eastern Towhee,0.4086,D:\Bird_Anuran_ARUs\RE03\SMM2-19_20260310_070302.wav
942.0,945.0,Corvus brachyrhynchos,American Crow,0.9859,D:\Bird_Anuran_ARUs\RE03\SMM2-19_20260310_070302.wav
945.0,948.0,Pipilo erythrophthalmus,Eastern Towhee,0.7492,D:\Bird_Anuran_ARUs\RE03\SMM2-19_20260310_070302.wav
948.0,951.0,Corvus brachyrhynchos,American Crow,0.8957,D:\Bird_Anuran_ARUs\RE03\SMM2-19_20260310_070302.wav
951.0,954.0,Pipilo erythrophthalmus,Eastern Towhee,0.7957,D:\Bird_Anuran_ARUs\RE03\SMM2-19_20260310_070302.wav
951.0,954.0,Corvus brachyrhynchos,American Crow,0.5589,D:\Bird_Anuran_ARUs\RE03\SMM2-19_20260310_070302.wav
954.0,957.0,Corvus brachyrhynchos,American Crow,0.5543,D:\Bird_Anuran_ARUs\RE03\SMM2-19_20260310_070302.wav
957.0,960.0,Pipilo erythrophthalmus,Eastern Towhee,0.8741,D:\Bird_Anuran_ARUs\RE03\SMM2-19_20260310_070302.wav
957.0,960.0,Corvus brachyrhynchos,American Crow,0.5347,D:\Bird_Anuran_ARUs\RE03\SMM2-19_20260310_070302.wav
966.0,969.0,Corvus brachyrhynchos,American Crow,0.5084,D:\Bird_Anuran_ARUs\RE03\SMM2-19_20260310_070302.wav
966.0,969.0,Pipilo erythrophthalmus,Eastern Towhee,0.4933,D:\Bird_Anuran_ARUs\RE03\SMM2-19_20260310_070302.wav
966.0,969.0,Cardinalis cardinalis,Northern Cardinal,0.3519,D:\Bird_Anuran_ARUs\RE03\SMM2-19_20260310_070302.wav
969.0,972.0,Zenaida macroura,Mourning Dove,0.3683,D:\Bird_Anuran_ARUs\RE03\SMM2-19_20260310_070302.wav
972.0,975.0,Corvus brachyrhynchos,American Crow,0.6888,D:\Bird_Anuran_ARUs\RE03\SMM2-19_20260310_070302.wav
972.0,975.0,Pipilo erythrophthalmus,Eastern Towhee,0.6479,D:\Bird_Anuran_ARUs\RE03\SMM2-19_20260310_070302.wav
975.0,978.0,Pipilo erythrophthalmus,Eastern Towhee,0.5826,D:\Bird_Anuran_ARUs\RE03\SMM2-19_20260310_070302.wav
978.0,981.0,Pipilo erythrophthalmus,Eastern Towhee,0.8297,D:\Bird_Anuran_ARUs\RE03\SMM2-19_20260310_070302.wav
981.0,984.0,Meleagris gallopavo,Wild Turkey,0.7947,D:\Bird_Anuran_ARUs\RE03\SMM2-19_20260310_070302.wav
984.0,987.0,Corvus brachyrhynchos,American Crow,0.7768,D:\Bird_Anuran_ARUs\RE03\SMM2-19_20260310_070302.wav
987.0,990.0,Zenaida macroura,Mourning Dove,0.3663,D:\Bird_Anuran_ARUs\RE03\SMM2-19_20260310_070302.wav
990.0,993.0,Corvus brachyrhynchos,American Crow,0.8665,D:\Bird_Anuran_ARUs\RE03\SMM2-19_20260310_070302.wav
990.0,993.0,Pipilo erythrophthalmus,Eastern Towhee,0.6220,D:\Bird_Anuran_ARUs\RE03\SMM2-19_20260310_070302.wav
996.0,999.0,Corvus brachyrhynchos,American Crow,0.4497,D:\Bird_Anuran_ARUs\RE03\SMM2-19_20260310_070302.wav
1002.0,1005.0,Corvus brachyrhynchos,American Crow,0.5487,D:\Bird_Anuran_ARUs\RE03\SMM2-19_20260310_070302.wav
1002.0,1005.0,Pipilo erythrophthalmus,Eastern Towhee,0.4530,D:\Bird_Anuran_ARUs\RE03\SMM2-19_20260310_070302.wav
1005.0,1008.0,Pipilo erythrophthalmus,Eastern Towhee,0.5309,D:\Bird_Anuran_ARUs\RE03\SMM2-19_20260310_070302.wav
1005.0,1008.0,Zenaida macroura,Mourning Dove,0.5018,D:\Bird_Anuran_ARUs\RE03\SMM2-19_20260310_070302.wav
1005.0,1008.0,Corvus brachyrhynchos,American Crow,0.3137,D:\Bird_Anuran_ARUs\RE03\SMM2-19_20260310_070302.wav
1008.0,1011.0,Colaptes auratus,Northern Flicker,0.4002,D:\Bird_Anuran_ARUs\RE03\SMM2-19_20260310_070302.wav
1008.0,1011.0,Corvus brachyrhynchos,American Crow,0.3338,D:\Bird_Anuran_ARUs\RE03\SMM2-19_20260310_070302.wav
1008.0,1011.0,Dryobates villosus,Hairy Woodpecker,0.2516,D:\Bird_Anuran_ARUs\RE03\SMM2-19_20260310_070302.wav
1017.0,1020.0,Pipilo erythrophthalmus,Eastern Towhee,0.7906,D:\Bird_Anuran_ARUs\RE03\SMM2-19_20260310_070302.wav
1020.0,1023.0,Zenaida macroura,Mourning Dove,0.5378,D:\Bird_Anuran_ARUs\RE03\SMM2-19_20260310_070302.wav
1020.0,1023.0,Meleagris gallopavo,Wild Turkey,0.2535,D:\Bird_Anuran_ARUs\RE03\SMM2-19_20260310_070302.wav
1023.0,1026.0,Zenaida macroura,Mourning Dove,0.3370,D:\Bird_Anuran_ARUs\RE03\SMM2-19_20260310_070302.wav
1023.0,1026.0,Pipilo erythrophthalmus,Eastern Towhee,0.3199,D:\Bird_Anuran_ARUs\RE03\SMM2-19_20260310_070302.wav
1026.0,1029.0,Pipilo erythrophthalmus,Eastern Towhee,0.3621,D:\Bird_Anuran_ARUs\RE03\SMM2-19_20260310_070302.wav
1029.0,1032.0,Pipilo erythrophthalmus,Eastern Towhee,0.4277,D:\Bird_Anuran_ARUs\RE03\SMM2-19_20260310_070302.wav
1032.0,1035.0,Sialia sialis,Eastern Bluebird,0.8667,D:\Bird_Anuran_ARUs\RE03\SMM2-19_20260310_070302.wav
1035.0,1038.0,Sialia sialis,Eastern Bluebird,0.8441,D:\Bird_Anuran_ARUs\RE03\SMM2-19_20260310_070302.wav
1038.0,1041.0,Pipilo erythrophthalmus,Eastern Towhee,0.9567,D:\Bird_Anuran_ARUs\RE03\SMM2-19_20260310_070302.wav
1038.0,1041.0,Corvus brachyrhynchos,American Crow,0.9513,D:\Bird_Anuran_ARUs\RE03\SMM2-19_20260310_070302.wav
1041.0,1044.0,Corvus brachyrhynchos,American Crow,0.6808,D:\Bird_Anuran_ARUs\RE03\SMM2-19_20260310_070302.wav
1044.0,1047.0,Sialia sialis,Eastern Bluebird,0.9513,D:\Bird_Anuran_ARUs\RE03\SMM2-19_20260310_070302.wav
1044.0,1047.0,Corvus brachyrhynchos,American Crow,0.4669,D:\Bird_Anuran_ARUs\RE03\SMM2-19_20260310_070302.wav
1047.0,1050.0,Sialia sialis,Eastern Bluebird,0.3270,D:\Bird_Anuran_ARUs\RE03\SMM2-19_20260310_070302.wav
1050.0,1053.0,Sialia sialis,Eastern Bluebird,0.9646,D:\Bird_Anuran_ARUs\RE03\SMM2-19_20260310_070302.wav
1053.0,1056.0,Sialia sialis,Eastern Bluebird,0.5295,D:\Bird_Anuran_ARUs\RE03\SMM2-19_20260310_070302.wav
1053.0,1056.0,Pipilo erythrophthalmus,Eastern Towhee,0.4012,D:\Bird_Anuran_ARUs\RE03\SMM2-19_20260310_070302.wav
1056.0,1059.0,Corvus brachyrhynchos,American Crow,0.6099,D:\Bird_Anuran_ARUs\RE03\SMM2-19_20260310_070302.wav
1056.0,1059.0,Sialia sialis,Eastern Bluebird,0.2958,D:\Bird_Anuran_ARUs\RE03\SMM2-19_20260310_070302.wav
1059.0,1062.0,Sialia sialis,Eastern Bluebird,0.6909,D:\Bird_Anuran_ARUs\RE03\SMM2-19_20260310_070302.wav
1059.0,1062.0,Pipilo erythrophthalmus,Eastern Towhee,0.6477,D:\Bird_Anuran_ARUs\RE03\SMM2-19_20260310_070302.wav
1062.0,1065.0,Corvus brachyrhynchos,American Crow,0.6947,D:\Bird_Anuran_ARUs\RE03\SMM2-19_20260310_070302.wav
1065.0,1068.0,Corvus brachyrhynchos,American Crow,0.7571,D:\Bird_Anuran_ARUs\RE03\SMM2-19_20260310_070302.wav
1065.0,1068.0,Pipilo erythrophthalmus,Eastern Towhee,0.6548,D:\Bird_Anuran_ARUs\RE03\SMM2-19_20260310_070302.wav
1068.0,1071.0,Pipilo erythrophthalmus,Eastern Towhee,0.4995,D:\Bird_Anuran_ARUs\RE03\SMM2-19_20260310_070302.wav
1071.0,1074.0,Corvus brachyrhynchos,American Crow,0.8917,D:\Bird_Anuran_ARUs\RE03\SMM2-19_20260310_070302.wav
1071.0,1074.0,Setophaga pinus,Pine Warbler,0.5122,D:\Bird_Anuran_ARUs\RE03\SMM2-19_20260310_070302.wav
1074.0,1077.0,Pipilo erythrophthalmus,Eastern Towhee,0.5719,D:\Bird_Anuran_ARUs\RE03\SMM2-19_20260310_070302.wav
1077.0,1080.0,Pipilo erythrophthalmus,Eastern Towhee,0.7307,D:\Bird_Anuran_ARUs\RE03\SMM2-19_20260310_070302.wav
1077.0,1080.0,Corvus brachyrhynchos,American Crow,0.6632,D:\Bird_Anuran_ARUs\RE03\SMM2-19_20260310_070302.wav
1080.0,1083.0,Setophaga pinus,Pine Warbler,0.6284,D:\Bird_Anuran_ARUs\RE03\SMM2-19_20260310_070302.wav
1083.0,1086.0,Pipilo erythrophthalmus,Eastern Towhee,0.8928,D:\Bird_Anuran_ARUs\RE03\SMM2-19_20260310_070302.wav
1086.0,1089.0,Corvus brachyrhynchos,American Crow,0.9340,D:\Bird_Anuran_ARUs\RE03\SMM2-19_20260310_070302.wav
1089.0,1092.0,Pipilo erythrophthalmus,Eastern Towhee,0.4999,D:\Bird_Anuran_ARUs\RE03\SMM2-19_20260310_070302.wav
1095.0,1098.0,Corvus brachyrhynchos,American Crow,0.7213,D:\Bird_Anuran_ARUs\RE03\SMM2-19_20260310_070302.wav
1095.0,1098.0,Setophaga pinus,Pine Warbler,0.5143,D:\Bird_Anuran_ARUs\RE03\SMM2-19_20260310_070302.wav
1101.0,1104.0,Pipilo erythrophthalmus,Eastern Towhee,0.4239,D:\Bird_Anuran_ARUs\RE03\SMM2-19_20260310_070302.wav
1104.0,1107.0,Corvus brachyrhynchos,American Crow,0.7479,D:\Bird_Anuran_ARUs\RE03\SMM2-19_20260310_070302.wav
1104.0,1107.0,Pipilo erythrophthalmus,Eastern Towhee,0.4410,D:\Bird_Anuran_ARUs\RE03\SMM2-19_20260310_070302.wav
1104.0,1107.0,Cardinalis cardinalis,Northern Cardinal,0.2933,D:\Bird_Anuran_ARUs\RE03\SMM2-19_20260310_070302.wav
1107.0,1110.0,Pipilo erythrophthalmus,Eastern Towhee,0.6669,D:\Bird_Anuran_ARUs\RE03\SMM2-19_20260310_070302.wav
1110.0,1113.0,Pipilo erythrophthalmus,Eastern Towhee,0.5286,D:\Bird_Anuran_ARUs\RE03\SMM2-19_20260310_070302.wav
1113.0,1116.0,Pipilo erythrophthalmus,Eastern Towhee,0.7317,D:\Bird_Anuran_ARUs\RE03\SMM2-19_20260310_070302.wav
1116.0,1119.0,Pipilo erythrophthalmus,Eastern Towhee,0.8900,D:\Bird_Anuran_ARUs\RE03\SMM2-19_20260310_070302.wav
1119.0,1122.0,Cardinalis cardinalis,Northern Cardinal,0.3629,D:\Bird_Anuran_ARUs\RE03\SMM2-19_20260310_070302.wav
1122.0,1125.0,Pipilo erythrophthalmus,Eastern Towhee,0.7231,D:\Bird_Anuran_ARUs\RE03\SMM2-19_20260310_070302.wav
1125.0,1128.0,Pipilo erythrophthalmus,Eastern Towhee,0.4377,D:\Bird_Anuran_ARUs\RE03\SMM2-19_20260310_070302.wav
1128.0,1131.0,Pipilo erythrophthalmus,Eastern Towhee,0.6500,D:\Bird_Anuran_ARUs\RE03\SMM2-19_20260310_070302.wav
1131.0,1134.0,Pipilo erythrophthalmus,Eastern Towhee,0.7493,D:\Bird_Anuran_ARUs\RE03\SMM2-19_20260310_070302.wav
1131.0,1134.0,Haemorhous mexicanus,House Finch,0.3413,D:\Bird_Anuran_ARUs\RE03\SMM2-19_20260310_070302.wav
1134.0,1137.0,Pipilo erythrophthalmus,Eastern Towhee,0.5913,D:\Bird_Anuran_ARUs\RE03\SMM2-19_20260310_070302.wav
1137.0,1140.0,Pipilo erythrophthalmus,Eastern Towhee,0.2519,D:\Bird_Anuran_ARUs\RE03\SMM2-19_20260310_070302.wav
1140.0,1143.0,Pipilo erythrophthalmus,Eastern Towhee,0.4631,D:\Bird_Anuran_ARUs\RE03\SMM2-19_20260310_070302.wav
1143.0,1146.0,Meleagris gallopavo,Wild Turkey,0.2979,D:\Bird_Anuran_ARUs\RE03\SMM2-19_20260310_070302.wav
1146.0,1149.0,Pipilo erythrophthalmus,Eastern Towhee,0.7760,D:\Bird_Anuran_ARUs\RE03\SMM2-19_20260310_070302.wav
1149.0,1152.0,Pipilo erythrophthalmus,Eastern Towhee,0.7115,D:\Bird_Anuran_ARUs\RE03\SMM2-19_20260310_070302.wav
1149.0,1152.0,Zenaida macroura,Mourning Dove,0.3031,D:\Bird_Anuran_ARUs\RE03\SMM2-19_20260310_070302.wav
1152.0,1155.0,Meleagris gallopavo,Wild Turkey,0.9009,D:\Bird_Anuran_ARUs\RE03\SMM2-19_20260310_070302.wav
1152.0,1155.0,Pipilo erythrophthalmus,Eastern Towhee,0.5197,D:\Bird_Anuran_ARUs\RE03\SMM2-19_20260310_070302.wav
1155.0,1158.0,Pipilo erythrophthalmus,Eastern Towhee,0.5780,D:\Bird_Anuran_ARUs\RE03\SMM2-19_20260310_070302.wav
1155.0,1158.0,Meleagris gallopavo,Wild Turkey,0.3931,D:\Bird_Anuran_ARUs\RE03\SMM2-19_20260310_070302.wav
1155.0,1158.0,Cardinalis cardinalis,Northern Cardinal,0.2610,D:\Bird_Anuran_ARUs\RE03\SMM2-19_20260310_070302.wav
1158.0,1161.0,Pipilo erythrophthalmus,Eastern Towhee,0.9470,D:\Bird_Anuran_ARUs\RE03\SMM2-19_20260310_070302.wav
1161.0,1164.0,Pipilo erythrophthalmus,Eastern Towhee,0.8820,D:\Bird_Anuran_ARUs\RE03\SMM2-19_20260310_070302.wav
1161.0,1164.0,Zenaida macroura,Mourning Dove,0.3723,D:\Bird_Anuran_ARUs\RE03\SMM2-19_20260310_070302.wav
1164.0,1167.0,Pipilo erythrophthalmus,Eastern Towhee,0.9550,D:\Bird_Anuran_ARUs\RE03\SMM2-19_20260310_070302.wav
1164.0,1167.0,Haemorhous mexicanus,House Finch,0.2678,D:\Bird_Anuran_ARUs\RE03\SMM2-19_20260310_070302.wav
1167.0,1170.0,Pipilo erythrophthalmus,Eastern Towhee,0.7590,D:\Bird_Anuran_ARUs\RE03\SMM2-19_20260310_070302.wav
1167.0,1170.0,Meleagris gallopavo,Wild Turkey,0.4236,D:\Bird_Anuran_ARUs\RE03\SMM2-19_20260310_070302.wav
1170.0,1173.0,Pipilo erythrophthalmus,Eastern Towhee,0.4743,D:\Bird_Anuran_ARUs\RE03\SMM2-19_20260310_070302.wav
1173.0,1176.0,Sialia sialis,Eastern Bluebird,0.8198,D:\Bird_Anuran_ARUs\RE03\SMM2-19_20260310_070302.wav
1176.0,1179.0,Corvus brachyrhynchos,American Crow,0.3800,D:\Bird_Anuran_ARUs\RE03\SMM2-19_20260310_070302.wav
1179.0,1182.0,Pipilo erythrophthalmus,Eastern Towhee,0.6416,D:\Bird_Anuran_ARUs\RE03\SMM2-19_20260310_070302.wav
1185.0,1188.0,Pipilo erythrophthalmus,Eastern Towhee,0.9680,D:\Bird_Anuran_ARUs\RE03\SMM2-19_20260310_070302.wav
1188.0,1191.0,Setophaga pinus,Pine Warbler,0.6336,D:\Bird_Anuran_ARUs\RE03\SMM2-19_20260310_070302.wav
1191.0,1194.0,Pipilo erythrophthalmus,Eastern Towhee,0.8930,D:\Bird_Anuran_ARUs\RE03\SMM2-19_20260310_070302.wav
1191.0,1194.0,Corvus brachyrhynchos,American Crow,0.3940,D:\Bird_Anuran_ARUs\RE03\SMM2-19_20260310_070302.wav
1194.0,1197.0,Pipilo erythrophthalmus,Eastern Towhee,0.9661,D:\Bird_Anuran_ARUs\RE03\SMM2-19_20260310_070302.wav
1197.0,1200.0,Pipilo erythrophthalmus,Eastern Towhee,0.4813,D:\Bird_Anuran_ARUs\RE03\SMM2-19_20260310_070302.wav
1200.0,1203.0,Pipilo erythrophthalmus,Eastern Towhee,0.6791,D:\Bird_Anuran_ARUs\RE03\SMM2-19_20260310_070302.wav
1203.0,1206.0,Pipilo erythrophthalmus,Eastern Towhee,0.7508,D:\Bird_Anuran_ARUs\RE03\SMM2-19_20260310_070302.wav
1206.0,1209.0,Setophaga pinus,Pine Warbler,0.6692,D:\Bird_Anuran_ARUs\RE03\SMM2-19_20260310_070302.wav
1206.0,1209.0,Pipilo erythrophthalmus,Eastern Towhee,0.2509,D:\Bird_Anuran_ARUs\RE03\SMM2-19_20260310_070302.wav
1209.0,1212.0,Zenaida macroura,Mourning Dove,0.7646,D:\Bird_Anuran_ARUs\RE03\SMM2-19_20260310_070302.wav
1212.0,1215.0,Pipilo erythrophthalmus,Eastern Towhee,0.5565,D:\Bird_Anuran_ARUs\RE03\SMM2-19_20260310_070302.wav
1215.0,1218.0,Setophaga pinus,Pine Warbler,0.8415,D:\Bird_Anuran_ARUs\RE03\SMM2-19_20260310_070302.wav
1218.0,1221.0,Setophaga pinus,Pine Warbler,0.7218,D:\Bird_Anuran_ARUs\RE03\SMM2-19_20260310_070302.wav
1218.0,1221.0,Pipilo erythrophthalmus,Eastern Towhee,0.6851,D:\Bird_Anuran_ARUs\RE03\SMM2-19_20260310_070302.wav
1221.0,1224.0,Pipilo erythrophthalmus,Eastern Towhee,0.6069,D:\Bird_Anuran_ARUs\RE03\SMM2-19_20260310_070302.wav
1224.0,1227.0,Pipilo erythrophthalmus,Eastern Towhee,0.7931,D:\Bird_Anuran_ARUs\RE03\SMM2-19_20260310_070302.wav
1224.0,1227.0,Zenaida macroura,Mourning Dove,0.3117,D:\Bird_Anuran_ARUs\RE03\SMM2-19_20260310_070302.wav
1227.0,1230.0,Zenaida macroura,Mourning Dove,0.4839,D:\Bird_Anuran_ARUs\RE03\SMM2-19_20260310_070302.wav
1227.0,1230.0,Pipilo erythrophthalmus,Eastern Towhee,0.2570,D:\Bird_Anuran_ARUs\RE03\SMM2-19_20260310_070302.wav
1233.0,1236.0,Pipilo erythrophthalmus,Eastern Towhee,0.7009,D:\Bird_Anuran_ARUs\RE03\SMM2-19_20260310_070302.wav
1233.0,1236.0,Meleagris gallopavo,Wild Turkey,0.6740,D:\Bird_Anuran_ARUs\RE03\SMM2-19_20260310_070302.wav
1239.0,1242.0,Zenaida macroura,Mourning Dove,0.5628,D:\Bird_Anuran_ARUs\RE03\SMM2-19_20260310_070302.wav
1242.0,1245.0,Pipilo erythrophthalmus,Eastern Towhee,0.6723,D:\Bird_Anuran_ARUs\RE03\SMM2-19_20260310_070302.wav
1248.0,1251.0,Pipilo erythrophthalmus,Eastern Towhee,0.2812,D:\Bird_Anuran_ARUs\RE03\SMM2-19_20260310_070302.wav
1251.0,1254.0,Pipilo erythrophthalmus,Eastern Towhee,0.8868,D:\Bird_Anuran_ARUs\RE03\SMM2-19_20260310_070302.wav
1254.0,1257.0,Pipilo erythrophthalmus,Eastern Towhee,0.8313,D:\Bird_Anuran_ARUs\RE03\SMM2-19_20260310_070302.wav
1254.0,1257.0,Zenaida macroura,Mourning Dove,0.4446,D:\Bird_Anuran_ARUs\RE03\SMM2-19_20260310_070302.wav
1257.0,1260.0,Pipilo erythrophthalmus,Eastern Towhee,0.7474,D:\Bird_Anuran_ARUs\RE03\SMM2-19_20260310_070302.wav
1257.0,1260.0,Corvus brachyrhynchos,American Crow,0.3029,D:\Bird_Anuran_ARUs\RE03\SMM2-19_20260310_070302.wav
1260.0,1263.0,Pipilo erythrophthalmus,Eastern Towhee,0.4961,D:\Bird_Anuran_ARUs\RE03\SMM2-19_20260310_070302.wav
1263.0,1266.0,Pipilo erythrophthalmus,Eastern Towhee,0.8228,D:\Bird_Anuran_ARUs\RE03\SMM2-19_20260310_070302.wav
1266.0,1269.0,Pipilo erythrophthalmus,Eastern Towhee,0.6134,D:\Bird_Anuran_ARUs\RE03\SMM2-19_20260310_070302.wav
1266.0,1269.0,Zenaida macroura,Mourning Dove,0.3139,D:\Bird_Anuran_ARUs\RE03\SMM2-19_20260310_070302.wav
1266.0,1269.0,Corvus brachyrhynchos,American Crow,0.2924,D:\Bird_Anuran_ARUs\RE03\SMM2-19_20260310_070302.wav
1269.0,1272.0,Corvus brachyrhynchos,American Crow,0.2882,D:\Bird_Anuran_ARUs\RE03\SMM2-19_20260310_070302.wav
1269.0,1272.0,Cardinalis cardinalis,Northern Cardinal,0.2615,D:\Bird_Anuran_ARUs\RE03\SMM2-19_20260310_070302.wav
1272.0,1275.0,Pipilo erythrophthalmus,Eastern Towhee,0.8491,D:\Bird_Anuran_ARUs\RE03\SMM2-19_20260310_070302.wav
1275.0,1278.0,Pipilo erythrophthalmus,Eastern Towhee,0.9761,D:\Bird_Anuran_ARUs\RE03\SMM2-19_20260310_070302.wav
1275.0,1278.0,Corvus brachyrhynchos,American Crow,0.5251,D:\Bird_Anuran_ARUs\RE03\SMM2-19_20260310_070302.wav
1278.0,1281.0,Pipilo erythrophthalmus,Eastern Towhee,0.3758,D:\Bird_Anuran_ARUs\RE03\SMM2-19_20260310_070302.wav
1281.0,1284.0,Pipilo erythrophthalmus,Eastern Towhee,0.7858,D:\Bird_Anuran_ARUs\RE03\SMM2-19_20260310_070302.wav
1281.0,1284.0,Corvus brachyrhynchos,American Crow,0.7325,D:\Bird_Anuran_ARUs\RE03\SMM2-19_20260310_070302.wav
1281.0,1284.0,Cardinalis cardinalis,Northern Cardinal,0.2717,D:\Bird_Anuran_ARUs\RE03\SMM2-19_20260310_070302.wav
1284.0,1287.0,Pipilo erythrophthalmus,Eastern Towhee,0.9269,D:\Bird_Anuran_ARUs\RE03\SMM2-19_20260310_070302.wav
1287.0,1290.0,Pipilo erythrophthalmus,Eastern Towhee,0.6123,D:\Bird_Anuran_ARUs\RE03\SMM2-19_20260310_070302.wav
1293.0,1296.0,Meleagris gallopavo,Wild Turkey,0.6170,D:\Bird_Anuran_ARUs\RE03\SMM2-19_20260310_070302.wav
1296.0,1299.0,Pipilo erythrophthalmus,Eastern Towhee,0.3789,D:\Bird_Anuran_ARUs\RE03\SMM2-19_20260310_070302.wav
1299.0,1302.0,Pipilo erythrophthalmus,Eastern Towhee,0.3867,D:\Bird_Anuran_ARUs\RE03\SMM2-19_20260310_070302.wav
1320.0,1323.0,Pipilo erythrophthalmus,Eastern Towhee,0.4433,D:\Bird_Anuran_ARUs\RE03\SMM2-19_20260310_070302.wav
1320.0,1323.0,Corvus brachyrhynchos,American Crow,0.3433,D:\Bird_Anuran_ARUs\RE03\SMM2-19_20260310_070302.wav
1320.0,1323.0,Meleagris gallopavo,Wild Turkey,0.2664,D:\Bird_Anuran_ARUs\RE03\SMM2-19_20260310_070302.wav
1326.0,1329.0,Pipilo erythrophthalmus,Eastern Towhee,0.3714,D:\Bird_Anuran_ARUs\RE03\SMM2-19_20260310_070302.wav
1332.0,1335.0,Pipilo erythrophthalmus,Eastern Towhee,0.3958,D:\Bird_Anuran_ARUs\RE03\SMM2-19_20260310_070302.wav
1338.0,1341.0,Pipilo erythrophthalmus,Eastern Towhee,0.5278,D:\Bird_Anuran_ARUs\RE03\SMM2-19_20260310_070302.wav
1341.0,1344.0,Zenaida macroura,Mourning Dove,0.4837,D:\Bird_Anuran_ARUs\RE03\SMM2-19_20260310_070302.wav
1347.0,1350.0,Pipilo erythrophthalmus,Eastern Towhee,0.6924,D:\Bird_Anuran_ARUs\RE03\SMM2-19_20260310_070302.wav
1347.0,1350.0,Corvus brachyrhynchos,American Crow,0.4956,D:\Bird_Anuran_ARUs\RE03\SMM2-19_20260310_070302.wav
1350.0,1353.0,Corvus brachyrhynchos,American Crow,0.7549,D:\Bird_Anuran_ARUs\RE03\SMM2-19_20260310_070302.wav
1350.0,1353.0,Meleagris gallopavo,Wild Turkey,0.3482,D:\Bird_Anuran_ARUs\RE03\SMM2-19_20260310_070302.wav
1353.0,1356.0,Pipilo erythrophthalmus,Eastern Towhee,0.4969,D:\Bird_Anuran_ARUs\RE03\SMM2-19_20260310_070302.wav
1359.0,1362.0,Pipilo erythrophthalmus,Eastern Towhee,0.4128,D:\Bird_Anuran_ARUs\RE03\SMM2-19_20260310_070302.wav
1368.0,1371.0,Zenaida macroura,Mourning Dove,0.3552,D:\Bird_Anuran_ARUs\RE03\SMM2-19_20260310_070302.wav
1368.0,1371.0,Pipilo erythrophthalmus,Eastern Towhee,0.3530,D:\Bird_Anuran_ARUs\RE03\SMM2-19_20260310_070302.wav
1371.0,1374.0,Pseudacris brimleyi,Brimley's Chorus Frog,0.3030,D:\Bird_Anuran_ARUs\RE03\SMM2-19_20260310_070302.wav
1383.0,1386.0,Pipilo erythrophthalmus,Eastern Towhee,0.4841,D:\Bird_Anuran_ARUs\RE03\SMM2-19_20260310_070302.wav
1389.0,1392.0,Pipilo erythrophthalmus,Eastern Towhee,0.8253,D:\Bird_Anuran_ARUs\RE03\SMM2-19_20260310_070302.wav
1392.0,1395.0,Vireo flavifrons,Yellow-throated Vireo,0.4289,D:\Bird_Anuran_ARUs\RE03\SMM2-19_20260310_070302.wav
1395.0,1398.0,Zenaida macroura,Mourning Dove,0.4180,D:\Bird_Anuran_ARUs\RE03\SMM2-19_20260310_070302.wav
1404.0,1407.0,Pipilo erythrophthalmus,Eastern Towhee,0.5122,D:\Bird_Anuran_ARUs\RE03\SMM2-19_20260310_070302.wav
1407.0,1410.0,Pipilo erythrophthalmus,Eastern Towhee,0.8953,D:\Bird_Anuran_ARUs\RE03\SMM2-19_20260310_070302.wav
1407.0,1410.0,Corvus brachyrhynchos,American Crow,0.7529,D:\Bird_Anuran_ARUs\RE03\SMM2-19_20260310_070302.wav
1410.0,1413.0,Zenaida macroura,Mourning Dove,0.3960,D:\Bird_Anuran_ARUs\RE03\SMM2-19_20260310_070302.wav
1416.0,1419.0,Pipilo erythrophthalmus,Eastern Towhee,0.2674,D:\Bird_Anuran_ARUs\RE03\SMM2-19_20260310_070302.wav
1425.0,1428.0,Piranga olivacea,Scarlet Tanager,0.4665,D:\Bird_Anuran_ARUs\RE03\SMM2-19_20260310_070302.wav
1431.0,1434.0,Setophaga pinus,Pine Warbler,0.8732,D:\Bird_Anuran_ARUs\RE03\SMM2-19_20260310_070302.wav
1434.0,1437.0,Corvus brachyrhynchos,American Crow,0.3149,D:\Bird_Anuran_ARUs\RE03\SMM2-19_20260310_070302.wav
1440.0,1443.0,Zenaida macroura,Mourning Dove,0.6563,D:\Bird_Anuran_ARUs\RE03\SMM2-19_20260310_070302.wav
1443.0,1446.0,Piranga olivacea,Scarlet Tanager,0.3148,D:\Bird_Anuran_ARUs\RE03\SMM2-19_20260310_070302.wav
1449.0,1452.0,Pipilo erythrophthalmus,Eastern Towhee,0.6947,D:\Bird_Anuran_ARUs\RE03\SMM2-19_20260310_070302.wav
1452.0,1455.0,Corvus brachyrhynchos,American Crow,0.7165,D:\Bird_Anuran_ARUs\RE03\SMM2-19_20260310_070302.wav
1455.0,1458.0,Corvus brachyrhynchos,American Crow,0.6468,D:\Bird_Anuran_ARUs\RE03\SMM2-19_20260310_070302.wav
1458.0,1461.0,Pipilo erythrophthalmus,Eastern Towhee,0.7155,D:\Bird_Anuran_ARUs\RE03\SMM2-19_20260310_070302.wav
1461.0,1464.0,Pipilo erythrophthalmus,Eastern Towhee,0.5715,D:\Bird_Anuran_ARUs\RE03\SMM2-19_20260310_070302.wav
1464.0,1467.0,Setophaga pinus,Pine Warbler,0.7976,D:\Bird_Anuran_ARUs\RE03\SMM2-19_20260310_070302.wav
1467.0,1470.0,Pipilo erythrophthalmus,Eastern Towhee,0.5682,D:\Bird_Anuran_ARUs\RE03\SMM2-19_20260310_070302.wav
1470.0,1473.0,Corvus brachyrhynchos,American Crow,0.8689,D:\Bird_Anuran_ARUs\RE03\SMM2-19_20260310_070302.wav
1470.0,1473.0,Zenaida macroura,Mourning Dove,0.5888,D:\Bird_Anuran_ARUs\RE03\SMM2-19_20260310_070302.wav
1473.0,1476.0,Setophaga pinus,Pine Warbler,0.5936,D:\Bird_Anuran_ARUs\RE03\SMM2-19_20260310_070302.wav
1476.0,1479.0,Corvus brachyrhynchos,American Crow,0.8430,D:\Bird_Anuran_ARUs\RE03\SMM2-19_20260310_070302.wav
1479.0,1482.0,Meleagris gallopavo,Wild Turkey,0.9275,D:\Bird_Anuran_ARUs\RE03\SMM2-19_20260310_070302.wav
1479.0,1482.0,Pipilo erythrophthalmus,Eastern Towhee,0.6149,D:\Bird_Anuran_ARUs\RE03\SMM2-19_20260310_070302.wav
1482.0,1485.0,Spizella pusilla,Field Sparrow,0.2582,D:\Bird_Anuran_ARUs\RE03\SMM2-19_20260310_070302.wav
1488.0,1491.0,Pipilo erythrophthalmus,Eastern Towhee,0.5301,D:\Bird_Anuran_ARUs\RE03\SMM2-19_20260310_070302.wav
1491.0,1494.0,Corvus brachyrhynchos,American Crow,0.9898,D:\Bird_Anuran_ARUs\RE03\SMM2-19_20260310_070302.wav
1494.0,1497.0,Pipilo erythrophthalmus,Eastern Towhee,0.7164,D:\Bird_Anuran_ARUs\RE03\SMM2-19_20260310_070302.wav
1494.0,1497.0,Zenaida macroura,Mourning Dove,0.5992,D:\Bird_Anuran_ARUs\RE03\SMM2-19_20260310_070302.wav
1500.0,1503.0,Corvus brachyrhynchos,American Crow,0.4712,D:\Bird_Anuran_ARUs\RE03\SMM2-19_20260310_070302.wav
1500.0,1503.0,Pipilo erythrophthalmus,Eastern Towhee,0.2824,D:\Bird_Anuran_ARUs\RE03\SMM2-19_20260310_070302.wav
1503.0,1506.0,Corvus brachyrhynchos,American Crow,0.7609,D:\Bird_Anuran_ARUs\RE03\SMM2-19_20260310_070302.wav
1506.0,1509.0,Corvus brachyrhynchos,American Crow,0.8178,D:\Bird_Anuran_ARUs\RE03\SMM2-19_20260310_070302.wav
1506.0,1509.0,Pipilo erythrophthalmus,Eastern Towhee,0.6972,D:\Bird_Anuran_ARUs\RE03\SMM2-19_20260310_070302.wav
1509.0,1512.0,Zenaida macroura,Mourning Dove,0.5915,D:\Bird_Anuran_ARUs\RE03\SMM2-19_20260310_070302.wav
1509.0,1512.0,Pipilo erythrophthalmus,Eastern Towhee,0.2925,D:\Bird_Anuran_ARUs\RE03\SMM2-19_20260310_070302.wav
1512.0,1515.0,Pipilo erythrophthalmus,Eastern Towhee,0.7887,D:\Bird_Anuran_ARUs\RE03\SMM2-19_20260310_070302.wav
1515.0,1518.0,Pipilo erythrophthalmus,Eastern Towhee,0.8701,D:\Bird_Anuran_ARUs\RE03\SMM2-19_20260310_070302.wav
1518.0,1521.0,Corvus brachyrhynchos,American Crow,0.5682,D:\Bird_Anuran_ARUs\RE03\SMM2-19_20260310_070302.wav
1521.0,1524.0,Pipilo erythrophthalmus,Eastern Towhee,0.7890,D:\Bird_Anuran_ARUs\RE03\SMM2-19_20260310_070302.wav
1521.0,1524.0,Strix varia,Barred Owl,0.6468,D:\Bird_Anuran_ARUs\RE03\SMM2-19_20260310_070302.wav
1524.0,1527.0,Zenaida macroura,Mourning Dove,0.6033,D:\Bird_Anuran_ARUs\RE03\SMM2-19_20260310_070302.wav
1524.0,1527.0,Pipilo erythrophthalmus,Eastern Towhee,0.5516,D:\Bird_Anuran_ARUs\RE03\SMM2-19_20260310_070302.wav
1530.0,1533.0,Corvus brachyrhynchos,American Crow,0.5605,D:\Bird_Anuran_ARUs\RE03\SMM2-19_20260310_070302.wav
1530.0,1533.0,Pipilo erythrophthalmus,Eastern Towhee,0.2532,D:\Bird_Anuran_ARUs\RE03\SMM2-19_20260310_070302.wav
1533.0,1536.0,Corvus brachyrhynchos,American Crow,0.9803,D:\Bird_Anuran_ARUs\RE03\SMM2-19_20260310_070302.wav
1533.0,1536.0,Pipilo erythrophthalmus,Eastern Towhee,0.8478,D:\Bird_Anuran_ARUs\RE03\SMM2-19_20260310_070302.wav
1536.0,1539.0,Pipilo erythrophthalmus,Eastern Towhee,0.5977,D:\Bird_Anuran_ARUs\RE03\SMM2-19_20260310_070302.wav
1539.0,1542.0,Pipilo erythrophthalmus,Eastern Towhee,0.7552,D:\Bird_Anuran_ARUs\RE03\SMM2-19_20260310_070302.wav
1539.0,1542.0,Zenaida macroura,Mourning Dove,0.6271,D:\Bird_Anuran_ARUs\RE03\SMM2-19_20260310_070302.wav
1542.0,1545.0,Pipilo erythrophthalmus,Eastern Towhee,0.7288,D:\Bird_Anuran_ARUs\RE03\SMM2-19_20260310_070302.wav
1545.0,1548.0,Corvus brachyrhynchos,American Crow,0.9232,D:\Bird_Anuran_ARUs\RE03\SMM2-19_20260310_070302.wav
1551.0,1554.0,Pipilo erythrophthalmus,Eastern Towhee,0.9287,D:\Bird_Anuran_ARUs\RE03\SMM2-19_20260310_070302.wav
1554.0,1557.0,Pipilo erythrophthalmus,Eastern Towhee,0.9415,D:\Bird_Anuran_ARUs\RE03\SMM2-19_20260310_070302.wav
1557.0,1560.0,Meleagris gallopavo,Wild Turkey,0.9528,D:\Bird_Anuran_ARUs\RE03\SMM2-19_20260310_070302.wav
1560.0,1563.0,Pipilo erythrophthalmus,Eastern Towhee,0.6764,D:\Bird_Anuran_ARUs\RE03\SMM2-19_20260310_070302.wav
1563.0,1566.0,Pipilo erythrophthalmus,Eastern Towhee,0.8672,D:\Bird_Anuran_ARUs\RE03\SMM2-19_20260310_070302.wav
1569.0,1572.0,Pipilo erythrophthalmus,Eastern Towhee,0.5973,D:\Bird_Anuran_ARUs\RE03\SMM2-19_20260310_070302.wav
1572.0,1575.0,Spizella pusilla,Field Sparrow,0.5535,D:\Bird_Anuran_ARUs\RE03\SMM2-19_20260310_070302.wav
1575.0,1578.0,Pipilo erythrophthalmus,Eastern Towhee,0.6374,D:\Bird_Anuran_ARUs\RE03\SMM2-19_20260310_070302.wav
1578.0,1581.0,Corvus brachyrhynchos,American Crow,0.9746,D:\Bird_Anuran_ARUs\RE03\SMM2-19_20260310_070302.wav
1578.0,1581.0,Pipilo erythrophthalmus,Eastern Towhee,0.5038,D:\Bird_Anuran_ARUs\RE03\SMM2-19_20260310_070302.wav
1581.0,1584.0,Pipilo erythrophthalmus,Eastern Towhee,0.9399,D:\Bird_Anuran_ARUs\RE03\SMM2-19_20260310_070302.wav
1584.0,1587.0,Pipilo erythrophthalmus,Eastern Towhee,0.8138,D:\Bird_Anuran_ARUs\RE03\SMM2-19_20260310_070302.wav
1587.0,1590.0,Pipilo erythrophthalmus,Eastern Towhee,0.7371,D:\Bird_Anuran_ARUs\RE03\SMM2-19_20260310_070302.wav
1590.0,1593.0,Pipilo erythrophthalmus,Eastern Towhee,0.9416,D:\Bird_Anuran_ARUs\RE03\SMM2-19_20260310_070302.wav
1593.0,1596.0,Pipilo erythrophthalmus,Eastern Towhee,0.4133,D:\Bird_Anuran_ARUs\RE03\SMM2-19_20260310_070302.wav
1596.0,1599.0,Pipilo erythrophthalmus,Eastern Towhee,0.7111,D:\Bird_Anuran_ARUs\RE03\SMM2-19_20260310_070302.wav
1596.0,1599.0,Meleagris gallopavo,Wild Turkey,0.3835,D:\Bird_Anuran_ARUs\RE03\SMM2-19_20260310_070302.wav
1599.0,1602.0,Pipilo erythrophthalmus,Eastern Towhee,0.9772,D:\Bird_Anuran_ARUs\RE03\SMM2-19_20260310_070302.wav
1599.0,1602.0,Zenaida macroura,Mourning Dove,0.4076,D:\Bird_Anuran_ARUs\RE03\SMM2-19_20260310_070302.wav
1602.0,1605.0,Pipilo erythrophthalmus,Eastern Towhee,0.8957,D:\Bird_Anuran_ARUs\RE03\SMM2-19_20260310_070302.wav
1605.0,1608.0,Pipilo erythrophthalmus,Eastern Towhee,0.9557,D:\Bird_Anuran_ARUs\RE03\SMM2-19_20260310_070302.wav
1608.0,1611.0,Pipilo erythrophthalmus,Eastern Towhee,0.6343,D:\Bird_Anuran_ARUs\RE03\SMM2-19_20260310_070302.wav
1608.0,1611.0,Zenaida macroura,Mourning Dove,0.5299,D:\Bird_Anuran_ARUs\RE03\SMM2-19_20260310_070302.wav
1611.0,1614.0,Zenaida macroura,Mourning Dove,0.9069,D:\Bird_Anuran_ARUs\RE03\SMM2-19_20260310_070302.wav
1614.0,1617.0,Pipilo erythrophthalmus,Eastern Towhee,0.8264,D:\Bird_Anuran_ARUs\RE03\SMM2-19_20260310_070302.wav
1617.0,1620.0,Pipilo erythrophthalmus,Eastern Towhee,0.8935,D:\Bird_Anuran_ARUs\RE03\SMM2-19_20260310_070302.wav
1620.0,1623.0,Zenaida macroura,Mourning Dove,0.5525,D:\Bird_Anuran_ARUs\RE03\SMM2-19_20260310_070302.wav
1620.0,1623.0,Pipilo erythrophthalmus,Eastern Towhee,0.3538,D:\Bird_Anuran_ARUs\RE03\SMM2-19_20260310_070302.wav
1623.0,1626.0,Pipilo erythrophthalmus,Eastern Towhee,0.7204,D:\Bird_Anuran_ARUs\RE03\SMM2-19_20260310_070302.wav
1626.0,1629.0,Corvus brachyrhynchos,American Crow,0.6839,D:\Bird_Anuran_ARUs\RE03\SMM2-19_20260310_070302.wav
1626.0,1629.0,Pipilo erythrophthalmus,Eastern Towhee,0.2695,D:\Bird_Anuran_ARUs\RE03\SMM2-19_20260310_070302.wav
1629.0,1632.0,Meleagris gallopavo,Wild Turkey,0.3623,D:\Bird_Anuran_ARUs\RE03\SMM2-19_20260310_070302.wav
1629.0,1632.0,Pipilo erythrophthalmus,Eastern Towhee,0.2721,D:\Bird_Anuran_ARUs\RE03\SMM2-19_20260310_070302.wav
1632.0,1635.0,Zenaida macroura,Mourning Dove,0.6808,D:\Bird_Anuran_ARUs\RE03\SMM2-19_20260310_070302.wav
1635.0,1638.0,Pipilo erythrophthalmus,Eastern Towhee,0.8429,D:\Bird_Anuran_ARUs\RE03\SMM2-19_20260310_070302.wav
1638.0,1641.0,Pipilo erythrophthalmus,Eastern Towhee,0.7759,D:\Bird_Anuran_ARUs\RE03\SMM2-19_20260310_070302.wav
1641.0,1644.0,Pipilo erythrophthalmus,Eastern Towhee,0.3180,D:\Bird_Anuran_ARUs\RE03\SMM2-19_20260310_070302.wav
1641.0,1644.0,Corvus brachyrhynchos,American Crow,0.2628,D:\Bird_Anuran_ARUs\RE03\SMM2-19_20260310_070302.wav
1644.0,1647.0,Corvus brachyrhynchos,American Crow,0.9207,D:\Bird_Anuran_ARUs\RE03\SMM2-19_20260310_070302.wav
1647.0,1650.0,Pipilo erythrophthalmus,Eastern Towhee,0.9534,D:\Bird_Anuran_ARUs\RE03\SMM2-19_20260310_070302.wav
1650.0,1653.0,Corvus brachyrhynchos,American Crow,0.8742,D:\Bird_Anuran_ARUs\RE03\SMM2-19_20260310_070302.wav
1650.0,1653.0,Pipilo erythrophthalmus,Eastern Towhee,0.5337,D:\Bird_Anuran_ARUs\RE03\SMM2-19_20260310_070302.wav
1653.0,1656.0,Pipilo erythrophthalmus,Eastern Towhee,0.7757,D:\Bird_Anuran_ARUs\RE03\SMM2-19_20260310_070302.wav
1656.0,1659.0,Pipilo erythrophthalmus,Eastern Towhee,0.6906,D:\Bird_Anuran_ARUs\RE03\SMM2-19_20260310_070302.wav
1656.0,1659.0,Zenaida macroura,Mourning Dove,0.4403,D:\Bird_Anuran_ARUs\RE03\SMM2-19_20260310_070302.wav
1659.0,1662.0,Pipilo erythrophthalmus,Eastern Towhee,0.7012,D:\Bird_Anuran_ARUs\RE03\SMM2-19_20260310_070302.wav
1659.0,1662.0,Zenaida macroura,Mourning Dove,0.4490,D:\Bird_Anuran_ARUs\RE03\SMM2-19_20260310_070302.wav
1662.0,1665.0,Pipilo erythrophthalmus,Eastern Towhee,0.9354,D:\Bird_Anuran_ARUs\RE03\SMM2-19_20260310_070302.wav
1665.0,1668.0,Pipilo erythrophthalmus,Eastern Towhee,0.8546,D:\Bird_Anuran_ARUs\RE03\SMM2-19_20260310_070302.wav
1665.0,1668.0,Meleagris gallopavo,Wild Turkey,0.5001,D:\Bird_Anuran_ARUs\RE03\SMM2-19_20260310_070302.wav
1668.0,1671.0,Pipilo erythrophthalmus,Eastern Towhee,0.5090,D:\Bird_Anuran_ARUs\RE03\SMM2-19_20260310_070302.wav
1671.0,1674.0,Pipilo erythrophthalmus,Eastern Towhee,0.8619,D:\Bird_Anuran_ARUs\RE03\SMM2-19_20260310_070302.wav
1674.0,1677.0,Pipilo erythrophthalmus,Eastern Towhee,0.8253,D:\Bird_Anuran_ARUs\RE03\SMM2-19_20260310_070302.wav
1674.0,1677.0,Corvus brachyrhynchos,American Crow,0.5215,D:\Bird_Anuran_ARUs\RE03\SMM2-19_20260310_070302.wav
1677.0,1680.0,Corvus brachyrhynchos,American Crow,0.8368,D:\Bird_Anuran_ARUs\RE03\SMM2-19_20260310_070302.wav
1677.0,1680.0,Pipilo erythrophthalmus,Eastern Towhee,0.4301,D:\Bird_Anuran_ARUs\RE03\SMM2-19_20260310_070302.wav
1680.0,1683.0,Pipilo erythrophthalmus,Eastern Towhee,0.4189,D:\Bird_Anuran_ARUs\RE03\SMM2-19_20260310_070302.wav
1683.0,1686.0,Haemorhous mexicanus,House Finch,0.2526,D:\Bird_Anuran_ARUs\RE03\SMM2-19_20260310_070302.wav
1686.0,1689.0,Pipilo erythrophthalmus,Eastern Towhee,0.8043,D:\Bird_Anuran_ARUs\RE03\SMM2-19_20260310_070302.wav
1689.0,1692.0,Pipilo erythrophthalmus,Eastern Towhee,0.7418,D:\Bird_Anuran_ARUs\RE03\SMM2-19_20260310_070302.wav
1692.0,1695.0,Pipilo erythrophthalmus,Eastern Towhee,0.6149,D:\Bird_Anuran_ARUs\RE03\SMM2-19_20260310_070302.wav
1695.0,1698.0,Pipilo erythrophthalmus,Eastern Towhee,0.6702,D:\Bird_Anuran_ARUs\RE03\SMM2-19_20260310_070302.wav
1701.0,1704.0,Pipilo erythrophthalmus,Eastern Towhee,0.6105,D:\Bird_Anuran_ARUs\RE03\SMM2-19_20260310_070302.wav
1704.0,1707.0,Pipilo erythrophthalmus,Eastern Towhee,0.7070,D:\Bird_Anuran_ARUs\RE03\SMM2-19_20260310_070302.wav
1710.0,1713.0,Zenaida macroura,Mourning Dove,0.6648,D:\Bird_Anuran_ARUs\RE03\SMM2-19_20260310_070302.wav
1719.0,1722.0,Pipilo erythrophthalmus,Eastern Towhee,0.9928,D:\Bird_Anuran_ARUs\RE03\SMM2-19_20260310_070302.wav
1719.0,1722.0,Corvus brachyrhynchos,American Crow,0.2601,D:\Bird_Anuran_ARUs\RE03\SMM2-19_20260310_070302.wav
1728.0,1731.0,Pipilo erythrophthalmus,Eastern Towhee,0.3853,D:\Bird_Anuran_ARUs\RE03\SMM2-19_20260310_070302.wav
1728.0,1731.0,Zenaida macroura,Mourning Dove,0.2697,D:\Bird_Anuran_ARUs\RE03\SMM2-19_20260310_070302.wav
1731.0,1734.0,Corvus brachyrhynchos,American Crow,0.9722,D:\Bird_Anuran_ARUs\RE03\SMM2-19_20260310_070302.wav
1734.0,1737.0,Pipilo erythrophthalmus,Eastern Towhee,0.4942,D:\Bird_Anuran_ARUs\RE03\SMM2-19_20260310_070302.wav
1737.0,1740.0,Pipilo erythrophthalmus,Eastern Towhee,0.8246,D:\Bird_Anuran_ARUs\RE03\SMM2-19_20260310_070302.wav
1740.0,1743.0,Corvus brachyrhynchos,American Crow,0.2696,D:\Bird_Anuran_ARUs\RE03\SMM2-19_20260310_070302.wav
1743.0,1746.0,Pipilo erythrophthalmus,Eastern Towhee,0.9104,D:\Bird_Anuran_ARUs\RE03\SMM2-19_20260310_070302.wav
1749.0,1752.0,Corvus brachyrhynchos,American Crow,0.5040,D:\Bird_Anuran_ARUs\RE03\SMM2-19_20260310_070302.wav
1749.0,1752.0,Pipilo erythrophthalmus,Eastern Towhee,0.4317,D:\Bird_Anuran_ARUs\RE03\SMM2-19_20260310_070302.wav
1752.0,1755.0,Pipilo erythrophthalmus,Eastern Towhee,0.8911,D:\Bird_Anuran_ARUs\RE03\SMM2-19_20260310_070302.wav
1755.0,1758.0,Pipilo erythrophthalmus,Eastern Towhee,0.5330,D:\Bird_Anuran_ARUs\RE03\SMM2-19_20260310_070302.wav
1755.0,1758.0,Zenaida macroura,Mourning Dove,0.2806,D:\Bird_Anuran_ARUs\RE03\SMM2-19_20260310_070302.wav
1758.0,1761.0,Pipilo erythrophthalmus,Eastern Towhee,0.5876,D:\Bird_Anuran_ARUs\RE03\SMM2-19_20260310_070302.wav
1764.0,1767.0,Setophaga pinus,Pine Warbler,0.7073,D:\Bird_Anuran_ARUs\RE03\SMM2-19_20260310_070302.wav
1767.0,1770.0,Zenaida macroura,Mourning Dove,0.5449,D:\Bird_Anuran_ARUs\RE03\SMM2-19_20260310_070302.wav
1767.0,1770.0,Pipilo erythrophthalmus,Eastern Towhee,0.3480,D:\Bird_Anuran_ARUs\RE03\SMM2-19_20260310_070302.wav
1770.0,1773.0,Pipilo erythrophthalmus,Eastern Towhee,0.7372,D:\Bird_Anuran_ARUs\RE03\SMM2-19_20260310_070302.wav
1770.0,1773.0,Zenaida macroura,Mourning Dove,0.4174,D:\Bird_Anuran_ARUs\RE03\SMM2-19_20260310_070302.wav
1773.0,1776.0,Pipilo erythrophthalmus,Eastern Towhee,0.5058,D:\Bird_Anuran_ARUs\RE03\SMM2-19_20260310_070302.wav
1773.0,1776.0,Corvus brachyrhynchos,American Crow,0.2692,D:\Bird_Anuran_ARUs\RE03\SMM2-19_20260310_070302.wav
1776.0,1779.0,Pipilo erythrophthalmus,Eastern Towhee,0.6320,D:\Bird_Anuran_ARUs\RE03\SMM2-19_20260310_070302.wav
1776.0,1779.0,Corvus brachyrhynchos,American Crow,0.2525,D:\Bird_Anuran_ARUs\RE03\SMM2-19_20260310_070302.wav
1779.0,1782.0,Pipilo erythrophthalmus,Eastern Towhee,0.4064,D:\Bird_Anuran_ARUs\RE03\SMM2-19_20260310_070302.wav
1782.0,1785.0,Pipilo erythrophthalmus,Eastern Towhee,0.6099,D:\Bird_Anuran_ARUs\RE03\SMM2-19_20260310_070302.wav
1785.0,1788.0,Spizella pusilla,Field Sparrow,0.5162,D:\Bird_Anuran_ARUs\RE03\SMM2-19_20260310_070302.wav
1785.0,1788.0,Setophaga discolor,Prairie Warbler,0.3490,D:\Bird_Anuran_ARUs\RE03\SMM2-19_20260310_070302.wav
1788.0,1791.0,Pipilo erythrophthalmus,Eastern Towhee,0.2732,D:\Bird_Anuran_ARUs\RE03\SMM2-19_20260310_070302.wav
1794.0,1797.0,Corvus brachyrhynchos,American Crow,0.3155,D:\Bird_Anuran_ARUs\RE03\SMM2-19_20260310_070302.wav
1794.0,1797.0,Pipilo erythrophthalmus,Eastern Towhee,0.2717,D:\Bird_Anuran_ARUs\RE03\SMM2-19_20260310_070302.wav
1797.0,1800.0,Zenaida macroura,Mourning Dove,0.3078,D:\Bird_Anuran_ARUs\RE03\SMM2-19_20260310_070302.wav
1803.0,1806.0,Pipilo erythrophthalmus,Eastern Towhee,0.2969,D:\Bird_Anuran_ARUs\RE03\SMM2-19_20260310_070302.wav
1806.0,1809.0,Corvus brachyrhynchos,American Crow,0.5603,D:\Bird_Anuran_ARUs\RE03\SMM2-19_20260310_070302.wav
1809.0,1812.0,Pipilo erythrophthalmus,Eastern Towhee,0.5272,D:\Bird_Anuran_ARUs\RE03\SMM2-19_20260310_070302.wav
1809.0,1812.0,Corvus brachyrhynchos,American Crow,0.4239,D:\Bird_Anuran_ARUs\RE03\SMM2-19_20260310_070302.wav
1809.0,1812.0,Zenaida macroura,Mourning Dove,0.3380,D:\Bird_Anuran_ARUs\RE03\SMM2-19_20260310_070302.wav
1812.0,1815.0,Pipilo erythrophthalmus,Eastern Towhee,0.9817,D:\Bird_Anuran_ARUs\RE03\SMM2-19_20260310_070302.wav
1812.0,1815.0,Corvus brachyrhynchos,American Crow,0.8627,D:\Bird_Anuran_ARUs\RE03\SMM2-19_20260310_070302.wav
1815.0,1818.0,Pipilo erythrophthalmus,Eastern Towhee,0.3385,D:\Bird_Anuran_ARUs\RE03\SMM2-19_20260310_070302.wav
1821.0,1824.0,Corvus brachyrhynchos,American Crow,0.6149,D:\Bird_Anuran_ARUs\RE03\SMM2-19_20260310_070302.wav
1821.0,1824.0,Pipilo erythrophthalmus,Eastern Towhee,0.3871,D:\Bird_Anuran_ARUs\RE03\SMM2-19_20260310_070302.wav
1824.0,1827.0,Pipilo erythrophthalmus,Eastern Towhee,0.8678,D:\Bird_Anuran_ARUs\RE03\SMM2-19_20260310_070302.wav
1824.0,1827.0,Zenaida macroura,Mourning Dove,0.4169,D:\Bird_Anuran_ARUs\RE03\SMM2-19_20260310_070302.wav
1827.0,1830.0,Pipilo erythrophthalmus,Eastern Towhee,0.4546,D:\Bird_Anuran_ARUs\RE03\SMM2-19_20260310_070302.wav
1830.0,1833.0,Pipilo erythrophthalmus,Eastern Towhee,0.9932,D:\Bird_Anuran_ARUs\RE03\SMM2-19_20260310_070302.wav
1830.0,1833.0,Corvus brachyrhynchos,American Crow,0.7108,D:\Bird_Anuran_ARUs\RE03\SMM2-19_20260310_070302.wav
1833.0,1836.0,Pipilo erythrophthalmus,Eastern Towhee,0.9304,D:\Bird_Anuran_ARUs\RE03\SMM2-19_20260310_070302.wav
1833.0,1836.0,Corvus brachyrhynchos,American Crow,0.5908,D:\Bird_Anuran_ARUs\RE03\SMM2-19_20260310_070302.wav
1833.0,1836.0,Coccyzus americanus,Yellow-billed Cuckoo,0.4444,D:\Bird_Anuran_ARUs\RE03\SMM2-19_20260310_070302.wav
1836.0,1839.0,Pipilo erythrophthalmus,Eastern Towhee,0.5788,D:\Bird_Anuran_ARUs\RE03\SMM2-19_20260310_070302.wav
1839.0,1842.0,Corvus brachyrhynchos,American Crow,0.3253,D:\Bird_Anuran_ARUs\RE03\SMM2-19_20260310_070302.wav
1842.0,1845.0,Corvus brachyrhynchos,American Crow,0.4905,D:\Bird_Anuran_ARUs\RE03\SMM2-19_20260310_070302.wav
1845.0,1848.0,Pipilo erythrophthalmus,Eastern Towhee,0.8141,D:\Bird_Anuran_ARUs\RE03\SMM2-19_20260310_070302.wav
1845.0,1848.0,Coccyzus americanus,Yellow-billed Cuckoo,0.3421,D:\Bird_Anuran_ARUs\RE03\SMM2-19_20260310_070302.wav
1854.0,1857.0,Dryobates pubescens,Downy Woodpecker,0.5310,D:\Bird_Anuran_ARUs\RE03\SMM2-19_20260310_070302.wav
1857.0,1860.0,Corvus brachyrhynchos,American Crow,0.9314,D:\Bird_Anuran_ARUs\RE03\SMM2-19_20260310_070302.wav
1857.0,1860.0,Pipilo erythrophthalmus,Eastern Towhee,0.8770,D:\Bird_Anuran_ARUs\RE03\SMM2-19_20260310_070302.wav
1860.0,1863.0,Corvus brachyrhynchos,American Crow,0.7597,D:\Bird_Anuran_ARUs\RE03\SMM2-19_20260310_070302.wav
1860.0,1863.0,Pipilo erythrophthalmus,Eastern Towhee,0.3343,D:\Bird_Anuran_ARUs\RE03\SMM2-19_20260310_070302.wav
1866.0,1869.0,Corvus brachyrhynchos,American Crow,0.4704,D:\Bird_Anuran_ARUs\RE03\SMM2-19_20260310_070302.wav
1869.0,1872.0,Dryobates pubescens,Downy Woodpecker,0.4966,D:\Bird_Anuran_ARUs\RE03\SMM2-19_20260310_070302.wav
1875.0,1878.0,Pipilo erythrophthalmus,Eastern Towhee,0.2905,D:\Bird_Anuran_ARUs\RE03\SMM2-19_20260310_070302.wav
1878.0,1881.0,Pipilo erythrophthalmus,Eastern Towhee,0.5537,D:\Bird_Anuran_ARUs\RE03\SMM2-19_20260310_070302.wav
1878.0,1881.0,Baeolophus bicolor,Tufted Titmouse,0.2614,D:\Bird_Anuran_ARUs\RE03\SMM2-19_20260310_070302.wav
1881.0,1884.0,Baeolophus bicolor,Tufted Titmouse,0.8124,D:\Bird_Anuran_ARUs\RE03\SMM2-19_20260310_070302.wav
1884.0,1887.0,Pipilo erythrophthalmus,Eastern Towhee,0.7671,D:\Bird_Anuran_ARUs\RE03\SMM2-19_20260310_070302.wav
1884.0,1887.0,Meleagris gallopavo,Wild Turkey,0.4179,D:\Bird_Anuran_ARUs\RE03\SMM2-19_20260310_070302.wav
1887.0,1890.0,Corvus brachyrhynchos,American Crow,0.3612,D:\Bird_Anuran_ARUs\RE03\SMM2-19_20260310_070302.wav
1893.0,1896.0,Pipilo erythrophthalmus,Eastern Towhee,0.2867,D:\Bird_Anuran_ARUs\RE03\SMM2-19_20260310_070302.wav
1896.0,1899.0,Pipilo erythrophthalmus,Eastern Towhee,0.6077,D:\Bird_Anuran_ARUs\RE03\SMM2-19_20260310_070302.wav
1899.0,1902.0,Pipilo erythrophthalmus,Eastern Towhee,0.7401,D:\Bird_Anuran_ARUs\RE03\SMM2-19_20260310_070302.wav
1902.0,1905.0,Dryobates pubescens,Downy Woodpecker,0.6499,D:\Bird_Anuran_ARUs\RE03\SMM2-19_20260310_070302.wav
1905.0,1908.0,Dryobates pubescens,Downy Woodpecker,0.5345,D:\Bird_Anuran_ARUs\RE03\SMM2-19_20260310_070302.wav
1908.0,1911.0,Pipilo erythrophthalmus,Eastern Towhee,0.8952,D:\Bird_Anuran_ARUs\RE03\SMM2-19_20260310_070302.wav
1911.0,1914.0,Dryobates pubescens,Downy Woodpecker,0.4975,D:\Bird_Anuran_ARUs\RE03\SMM2-19_20260310_070302.wav
1914.0,1917.0,Pipilo erythrophthalmus,Eastern Towhee,0.5367,D:\Bird_Anuran_ARUs\RE03\SMM2-19_20260310_070302.wav
1917.0,1920.0,Dryobates pubescens,Downy Woodpecker,0.3558,D:\Bird_Anuran_ARUs\RE03\SMM2-19_20260310_070302.wav
1920.0,1923.0,Pipilo erythrophthalmus,Eastern Towhee,0.6414,D:\Bird_Anuran_ARUs\RE03\SMM2-19_20260310_070302.wav
1923.0,1926.0,Dryobates pubescens,Downy Woodpecker,0.4372,D:\Bird_Anuran_ARUs\RE03\SMM2-19_20260310_070302.wav
1926.0,1929.0,Pipilo erythrophthalmus,Eastern Towhee,0.5378,D:\Bird_Anuran_ARUs\RE03\SMM2-19_20260310_070302.wav
1929.0,1932.0,Pipilo erythrophthalmus,Eastern Towhee,0.8374,D:\Bird_Anuran_ARUs\RE03\SMM2-19_20260310_070302.wav
1932.0,1935.0,Pipilo erythrophthalmus,Eastern Towhee,0.8046,D:\Bird_Anuran_ARUs\RE03\SMM2-19_20260310_070302.wav
1935.0,1938.0,Pipilo erythrophthalmus,Eastern Towhee,0.3975,D:\Bird_Anuran_ARUs\RE03\SMM2-19_20260310_070302.wav
1935.0,1938.0,Baeolophus bicolor,Tufted Titmouse,0.3250,D:\Bird_Anuran_ARUs\RE03\SMM2-19_20260310_070302.wav
1935.0,1938.0,Zenaida macroura,Mourning Dove,0.2943,D:\Bird_Anuran_ARUs\RE03\SMM2-19_20260310_070302.wav
1941.0,1944.0,Baeolophus bicolor,Tufted Titmouse,0.5140,D:\Bird_Anuran_ARUs\RE03\SMM2-19_20260310_070302.wav
1944.0,1947.0,Meleagris gallopavo,Wild Turkey,0.5811,D:\Bird_Anuran_ARUs\RE03\SMM2-19_20260310_070302.wav
1950.0,1953.0,Zenaida macroura,Mourning Dove,0.2896,D:\Bird_Anuran_ARUs\RE03\SMM2-19_20260310_070302.wav
1953.0,1956.0,Corvus brachyrhynchos,American Crow,0.4035,D:\Bird_Anuran_ARUs\RE03\SMM2-19_20260310_070302.wav
1956.0,1959.0,Dryobates pubescens,Downy Woodpecker,0.5896,D:\Bird_Anuran_ARUs\RE03\SMM2-19_20260310_070302.wav
1959.0,1962.0,Baeolophus bicolor,Tufted Titmouse,0.5011,D:\Bird_Anuran_ARUs\RE03\SMM2-19_20260310_070302.wav
1959.0,1962.0,Meleagris gallopavo,Wild Turkey,0.3962,D:\Bird_Anuran_ARUs\RE03\SMM2-19_20260310_070302.wav
1959.0,1962.0,Pipilo erythrophthalmus,Eastern Towhee,0.3145,D:\Bird_Anuran_ARUs\RE03\SMM2-19_20260310_070302.wav
1962.0,1965.0,Zenaida macroura,Mourning Dove,0.2575,D:\Bird_Anuran_ARUs\RE03\SMM2-19_20260310_070302.wav
1962.0,1965.0,Pipilo erythrophthalmus,Eastern Towhee,0.2555,D:\Bird_Anuran_ARUs\RE03\SMM2-19_20260310_070302.wav
1971.0,1974.0,Corvus brachyrhynchos,American Crow,0.6861,D:\Bird_Anuran_ARUs\RE03\SMM2-19_20260310_070302.wav
1974.0,1977.0,Corvus brachyrhynchos,American Crow,0.8493,D:\Bird_Anuran_ARUs\RE03\SMM2-19_20260310_070302.wav
1980.0,1983.0,Setophaga pinus,Pine Warbler,0.8243,D:\Bird_Anuran_ARUs\RE03\SMM2-19_20260310_070302.wav
1983.0,1986.0,Pipilo erythrophthalmus,Eastern Towhee,0.5484,D:\Bird_Anuran_ARUs\RE03\SMM2-19_20260310_070302.wav
1983.0,1986.0,Meleagris gallopavo,Wild Turkey,0.3263,D:\Bird_Anuran_ARUs\RE03\SMM2-19_20260310_070302.wav
1986.0,1989.0,Melanerpes carolinus,Red-bellied Woodpecker,0.3206,D:\Bird_Anuran_ARUs\RE03\SMM2-19_20260310_070302.wav
1989.0,1992.0,Corvus brachyrhynchos,American Crow,0.4956,D:\Bird_Anuran_ARUs\RE03\SMM2-19_20260310_070302.wav
1989.0,1992.0,Pipilo erythrophthalmus,Eastern Towhee,0.3304,D:\Bird_Anuran_ARUs\RE03\SMM2-19_20260310_070302.wav
1992.0,1995.0,Baeolophus bicolor,Tufted Titmouse,0.8273,D:\Bird_Anuran_ARUs\RE03\SMM2-19_20260310_070302.wav
1992.0,1995.0,Cardinalis cardinalis,Northern Cardinal,0.3720,D:\Bird_Anuran_ARUs\RE03\SMM2-19_20260310_070302.wav
1992.0,1995.0,Pipilo erythrophthalmus,Eastern Towhee,0.2929,D:\Bird_Anuran_ARUs\RE03\SMM2-19_20260310_070302.wav
1995.0,1998.0,Molothrus ater,Brown-headed Cowbird,0.3792,D:\Bird_Anuran_ARUs\RE03\SMM2-19_20260310_070302.wav
2001.0,2004.0,Pipilo erythrophthalmus,Eastern Towhee,0.3206,D:\Bird_Anuran_ARUs\RE03\SMM2-19_20260310_070302.wav
2001.0,2004.0,Corvus brachyrhynchos,American Crow,0.2969,D:\Bird_Anuran_ARUs\RE03\SMM2-19_20260310_070302.wav
2004.0,2007.0,Molothrus ater,Brown-headed Cowbird,0.5815,D:\Bird_Anuran_ARUs\RE03\SMM2-19_20260310_070302.wav
2010.0,2013.0,Molothrus ater,Brown-headed Cowbird,0.5693,D:\Bird_Anuran_ARUs\RE03\SMM2-19_20260310_070302.wav
2010.0,2013.0,Corvus brachyrhynchos,American Crow,0.4499,D:\Bird_Anuran_ARUs\RE03\SMM2-19_20260310_070302.wav
2013.0,2016.0,Dryobates pubescens,Downy Woodpecker,0.2781,D:\Bird_Anuran_ARUs\RE03\SMM2-19_20260310_070302.wav
2016.0,2019.0,Molothrus ater,Brown-headed Cowbird,0.5816,D:\Bird_Anuran_ARUs\RE03\SMM2-19_20260310_070302.wav
2019.0,2022.0,Corvus brachyrhynchos,American Crow,0.5979,D:\Bird_Anuran_ARUs\RE03\SMM2-19_20260310_070302.wav
2019.0,2022.0,Pipilo erythrophthalmus,Eastern Towhee,0.5073,D:\Bird_Anuran_ARUs\RE03\SMM2-19_20260310_070302.wav
2025.0,2028.0,Corvus brachyrhynchos,American Crow,0.7147,D:\Bird_Anuran_ARUs\RE03\SMM2-19_20260310_070302.wav
2025.0,2028.0,Pipilo erythrophthalmus,Eastern Towhee,0.5596,D:\Bird_Anuran_ARUs\RE03\SMM2-19_20260310_070302.wav
2025.0,2028.0,Cardinalis cardinalis,Northern Cardinal,0.3478,D:\Bird_Anuran_ARUs\RE03\SMM2-19_20260310_070302.wav
2028.0,2031.0,Zenaida macroura,Mourning Dove,0.3528,D:\Bird_Anuran_ARUs\RE03\SMM2-19_20260310_070302.wav
2031.0,2034.0,Corvus brachyrhynchos,American Crow,0.4477,D:\Bird_Anuran_ARUs\RE03\SMM2-19_20260310_070302.wav
2037.0,2040.0,Meleagris gallopavo,Wild Turkey,0.6076,D:\Bird_Anuran_ARUs\RE03\SMM2-19_20260310_070302.wav
2040.0,2043.0,Molothrus ater,Brown-headed Cowbird,0.6707,D:\Bird_Anuran_ARUs\RE03\SMM2-19_20260310_070302.wav
2040.0,2043.0,Corvus brachyrhynchos,American Crow,0.3885,D:\Bird_Anuran_ARUs\RE03\SMM2-19_20260310_070302.wav
2043.0,2046.0,Pipilo erythrophthalmus,Eastern Towhee,0.7187,D:\Bird_Anuran_ARUs\RE03\SMM2-19_20260310_070302.wav
2043.0,2046.0,Melanerpes carolinus,Red-bellied Woodpecker,0.5557,D:\Bird_Anuran_ARUs\RE03\SMM2-19_20260310_070302.wav
2046.0,2049.0,Pipilo erythrophthalmus,Eastern Towhee,0.8141,D:\Bird_Anuran_ARUs\RE03\SMM2-19_20260310_070302.wav
2049.0,2052.0,Zenaida macroura,Mourning Dove,0.3836,D:\Bird_Anuran_ARUs\RE03\SMM2-19_20260310_070302.wav
2052.0,2055.0,Pipilo erythrophthalmus,Eastern Towhee,0.7252,D:\Bird_Anuran_ARUs\RE03\SMM2-19_20260310_070302.wav
2055.0,2058.0,Pipilo erythrophthalmus,Eastern Towhee,0.2595,D:\Bird_Anuran_ARUs\RE03\SMM2-19_20260310_070302.wav
2058.0,2061.0,Pipilo erythrophthalmus,Eastern Towhee,0.6345,D:\Bird_Anuran_ARUs\RE03\SMM2-19_20260310_070302.wav
2061.0,2064.0,Meleagris gallopavo,Wild Turkey,0.4362,D:\Bird_Anuran_ARUs\RE03\SMM2-19_20260310_070302.wav
2064.0,2067.0,Molothrus ater,Brown-headed Cowbird,0.6027,D:\Bird_Anuran_ARUs\RE03\SMM2-19_20260310_070302.wav
2064.0,2067.0,Pipilo erythrophthalmus,Eastern Towhee,0.2696,D:\Bird_Anuran_ARUs\RE03\SMM2-19_20260310_070302.wav
2067.0,2070.0,Pipilo erythrophthalmus,Eastern Towhee,0.9182,D:\Bird_Anuran_ARUs\RE03\SMM2-19_20260310_070302.wav
2067.0,2070.0,Corvus brachyrhynchos,American Crow,0.8271,D:\Bird_Anuran_ARUs\RE03\SMM2-19_20260310_070302.wav
2070.0,2073.0,Pipilo erythrophthalmus,Eastern Towhee,0.6876,D:\Bird_Anuran_ARUs\RE03\SMM2-19_20260310_070302.wav
2073.0,2076.0,Pipilo erythrophthalmus,Eastern Towhee,0.7482,D:\Bird_Anuran_ARUs\RE03\SMM2-19_20260310_070302.wav
2076.0,2079.0,Pipilo erythrophthalmus,Eastern Towhee,0.9723,D:\Bird_Anuran_ARUs\RE03\SMM2-19_20260310_070302.wav
2076.0,2079.0,Corvus brachyrhynchos,American Crow,0.6139,D:\Bird_Anuran_ARUs\RE03\SMM2-19_20260310_070302.wav
2079.0,2082.0,Pipilo erythrophthalmus,Eastern Towhee,0.4012,D:\Bird_Anuran_ARUs\RE03\SMM2-19_20260310_070302.wav
2082.0,2085.0,Zenaida macroura,Mourning Dove,0.4938,D:\Bird_Anuran_ARUs\RE03\SMM2-19_20260310_070302.wav
2082.0,2085.0,Pipilo erythrophthalmus,Eastern Towhee,0.3343,D:\Bird_Anuran_ARUs\RE03\SMM2-19_20260310_070302.wav
2085.0,2088.0,Pipilo erythrophthalmus,Eastern Towhee,0.9221,D:\Bird_Anuran_ARUs\RE03\SMM2-19_20260310_070302.wav
2085.0,2088.0,Corvus brachyrhynchos,American Crow,0.6004,D:\Bird_Anuran_ARUs\RE03\SMM2-19_20260310_070302.wav
2088.0,2091.0,Pipilo erythrophthalmus,Eastern Towhee,0.6264,D:\Bird_Anuran_ARUs\RE03\SMM2-19_20260310_070302.wav
2088.0,2091.0,Corvus brachyrhynchos,American Crow,0.4378,D:\Bird_Anuran_ARUs\RE03\SMM2-19_20260310_070302.wav
2091.0,2094.0,Molothrus ater,Brown-headed Cowbird,0.5019,D:\Bird_Anuran_ARUs\RE03\SMM2-19_20260310_070302.wav
2094.0,2097.0,Zenaida macroura,Mourning Dove,0.5703,D:\Bird_Anuran_ARUs\RE03\SMM2-19_20260310_070302.wav
2094.0,2097.0,Pipilo erythrophthalmus,Eastern Towhee,0.5204,D:\Bird_Anuran_ARUs\RE03\SMM2-19_20260310_070302.wav
2094.0,2097.0,Haemorhous mexicanus,House Finch,0.3105,D:\Bird_Anuran_ARUs\RE03\SMM2-19_20260310_070302.wav
2097.0,2100.0,Setophaga pinus,Pine Warbler,0.2554,D:\Bird_Anuran_ARUs\RE03\SMM2-19_20260310_070302.wav
2103.0,2106.0,Zenaida macroura,Mourning Dove,0.3415,D:\Bird_Anuran_ARUs\RE03\SMM2-19_20260310_070302.wav
2106.0,2109.0,Pipilo erythrophthalmus,Eastern Towhee,0.7593,D:\Bird_Anuran_ARUs\RE03\SMM2-19_20260310_070302.wav
2106.0,2109.0,Zenaida macroura,Mourning Dove,0.4157,D:\Bird_Anuran_ARUs\RE03\SMM2-19_20260310_070302.wav
2109.0,2112.0,Pipilo erythrophthalmus,Eastern Towhee,0.6538,D:\Bird_Anuran_ARUs\RE03\SMM2-19_20260310_070302.wav
2127.0,2130.0,Corvus brachyrhynchos,American Crow,0.2806,D:\Bird_Anuran_ARUs\RE03\SMM2-19_20260310_070302.wav
2133.0,2136.0,Corvus brachyrhynchos,American Crow,0.9096,D:\Bird_Anuran_ARUs\RE03\SMM2-19_20260310_070302.wav
2133.0,2136.0,Setophaga pinus,Pine Warbler,0.4650,D:\Bird_Anuran_ARUs\RE03\SMM2-19_20260310_070302.wav
2133.0,2136.0,Pipilo erythrophthalmus,Eastern Towhee,0.2622,D:\Bird_Anuran_ARUs\RE03\SMM2-19_20260310_070302.wav
2136.0,2139.0,Cardinalis cardinalis,Northern Cardinal,0.2864,D:\Bird_Anuran_ARUs\RE03\SMM2-19_20260310_070302.wav
2142.0,2145.0,Zenaida macroura,Mourning Dove,0.2787,D:\Bird_Anuran_ARUs\RE03\SMM2-19_20260310_070302.wav
2148.0,2151.0,Setophaga pinus,Pine Warbler,0.7973,D:\Bird_Anuran_ARUs\RE03\SMM2-19_20260310_070302.wav
2154.0,2157.0,Zenaida macroura,Mourning Dove,0.3999,D:\Bird_Anuran_ARUs\RE03\SMM2-19_20260310_070302.wav
2157.0,2160.0,Zenaida macroura,Mourning Dove,0.6792,D:\Bird_Anuran_ARUs\RE03\SMM2-19_20260310_070302.wav
2160.0,2163.0,Molothrus ater,Brown-headed Cowbird,0.7863,D:\Bird_Anuran_ARUs\RE03\SMM2-19_20260310_070302.wav
2163.0,2166.0,Molothrus ater,Brown-headed Cowbird,0.3512,D:\Bird_Anuran_ARUs\RE03\SMM2-19_20260310_070302.wav
2166.0,2169.0,Setophaga pinus,Pine Warbler,0.7580,D:\Bird_Anuran_ARUs\RE03\SMM2-19_20260310_070302.wav
2169.0,2172.0,Zenaida macroura,Mourning Dove,0.5441,D:\Bird_Anuran_ARUs\RE03\SMM2-19_20260310_070302.wav
2169.0,2172.0,Pipilo erythrophthalmus,Eastern Towhee,0.5380,D:\Bird_Anuran_ARUs\RE03\SMM2-19_20260310_070302.wav
2172.0,2175.0,Pipilo erythrophthalmus,Eastern Towhee,0.4407,D:\Bird_Anuran_ARUs\RE03\SMM2-19_20260310_070302.wav
2172.0,2175.0,Cardinalis cardinalis,Northern Cardinal,0.3791,D:\Bird_Anuran_ARUs\RE03\SMM2-19_20260310_070302.wav
2175.0,2178.0,Molothrus ater,Brown-headed Cowbird,0.3690,D:\Bird_Anuran_ARUs\RE03\SMM2-19_20260310_070302.wav
2181.0,2184.0,Zenaida macroura,Mourning Dove,0.4633,D:\Bird_Anuran_ARUs\RE03\SMM2-19_20260310_070302.wav
2184.0,2187.0,Dryobates pubescens,Downy Woodpecker,0.5046,D:\Bird_Anuran_ARUs\RE03\SMM2-19_20260310_070302.wav
2184.0,2187.0,Melanerpes carolinus,Red-bellied Woodpecker,0.3130,D:\Bird_Anuran_ARUs\RE03\SMM2-19_20260310_070302.wav
2187.0,2190.0,Setophaga pinus,Pine Warbler,0.5205,D:\Bird_Anuran_ARUs\RE03\SMM2-19_20260310_070302.wav
2190.0,2193.0,Setophaga pinus,Pine Warbler,0.5285,D:\Bird_Anuran_ARUs\RE03\SMM2-19_20260310_070302.wav
2193.0,2196.0,Dryobates pubescens,Downy Woodpecker,0.6363,D:\Bird_Anuran_ARUs\RE03\SMM2-19_20260310_070302.wav
2199.0,2202.0,Zenaida macroura,Mourning Dove,0.5033,D:\Bird_Anuran_ARUs\RE03\SMM2-19_20260310_070302.wav
2202.0,2205.0,Setophaga pinus,Pine Warbler,0.2608,D:\Bird_Anuran_ARUs\RE03\SMM2-19_20260310_070302.wav
2205.0,2208.0,Setophaga pinus,Pine Warbler,0.3804,D:\Bird_Anuran_ARUs\RE03\SMM2-19_20260310_070302.wav
2205.0,2208.0,Pipilo erythrophthalmus,Eastern Towhee,0.3514,D:\Bird_Anuran_ARUs\RE03\SMM2-19_20260310_070302.wav
2211.0,2214.0,Zenaida macroura,Mourning Dove,0.6643,D:\Bird_Anuran_ARUs\RE03\SMM2-19_20260310_070302.wav
2211.0,2214.0,Cardinalis cardinalis,Northern Cardinal,0.2773,D:\Bird_Anuran_ARUs\RE03\SMM2-19_20260310_070302.wav
2220.0,2223.0,Pipilo erythrophthalmus,Eastern Towhee,0.8550,D:\Bird_Anuran_ARUs\RE03\SMM2-19_20260310_070302.wav
2220.0,2223.0,Corvus brachyrhynchos,American Crow,0.5875,D:\Bird_Anuran_ARUs\RE03\SMM2-19_20260310_070302.wav
2220.0,2223.0,Setophaga pinus,Pine Warbler,0.3425,D:\Bird_Anuran_ARUs\RE03\SMM2-19_20260310_070302.wav
2223.0,2226.0,Cardinalis cardinalis,Northern Cardinal,0.3569,D:\Bird_Anuran_ARUs\RE03\SMM2-19_20260310_070302.wav
2223.0,2226.0,Pipilo erythrophthalmus,Eastern Towhee,0.2687,D:\Bird_Anuran_ARUs\RE03\SMM2-19_20260310_070302.wav
2229.0,2232.0,Pipilo erythrophthalmus,Eastern Towhee,0.3297,D:\Bird_Anuran_ARUs\RE03\SMM2-19_20260310_070302.wav
2235.0,2238.0,Molothrus ater,Brown-headed Cowbird,0.4399,D:\Bird_Anuran_ARUs\RE03\SMM2-19_20260310_070302.wav
2238.0,2241.0,Pipilo erythrophthalmus,Eastern Towhee,0.8083,D:\Bird_Anuran_ARUs\RE03\SMM2-19_20260310_070302.wav
2238.0,2241.0,Cardinalis cardinalis,Northern Cardinal,0.6023,D:\Bird_Anuran_ARUs\RE03\SMM2-19_20260310_070302.wav
2244.0,2247.0,Setophaga pinus,Pine Warbler,0.4293,D:\Bird_Anuran_ARUs\RE03\SMM2-19_20260310_070302.wav
2247.0,2250.0,Pipilo erythrophthalmus,Eastern Towhee,0.7654,D:\Bird_Anuran_ARUs\RE03\SMM2-19_20260310_070302.wav
2247.0,2250.0,Zenaida macroura,Mourning Dove,0.3105,D:\Bird_Anuran_ARUs\RE03\SMM2-19_20260310_070302.wav
2247.0,2250.0,Cardinalis cardinalis,Northern Cardinal,0.2803,D:\Bird_Anuran_ARUs\RE03\SMM2-19_20260310_070302.wav
2250.0,2253.0,Pipilo erythrophthalmus,Eastern Towhee,0.4611,D:\Bird_Anuran_ARUs\RE03\SMM2-19_20260310_070302.wav
2253.0,2256.0,Pipilo erythrophthalmus,Eastern Towhee,0.5869,D:\Bird_Anuran_ARUs\RE03\SMM2-19_20260310_070302.wav
2256.0,2259.0,Setophaga pinus,Pine Warbler,0.8506,D:\Bird_Anuran_ARUs\RE03\SMM2-19_20260310_070302.wav
2262.0,2265.0,Pipilo erythrophthalmus,Eastern Towhee,0.8360,D:\Bird_Anuran_ARUs\RE03\SMM2-19_20260310_070302.wav
2262.0,2265.0,Corvus brachyrhynchos,American Crow,0.7098,D:\Bird_Anuran_ARUs\RE03\SMM2-19_20260310_070302.wav
2262.0,2265.0,Cardinalis cardinalis,Northern Cardinal,0.5185,D:\Bird_Anuran_ARUs\RE03\SMM2-19_20260310_070302.wav
2265.0,2268.0,Zenaida macroura,Mourning Dove,0.5460,D:\Bird_Anuran_ARUs\RE03\SMM2-19_20260310_070302.wav
2268.0,2271.0,Setophaga pinus,Pine Warbler,0.5518,D:\Bird_Anuran_ARUs\RE03\SMM2-19_20260310_070302.wav
2268.0,2271.0,Pipilo erythrophthalmus,Eastern Towhee,0.2530,D:\Bird_Anuran_ARUs\RE03\SMM2-19_20260310_070302.wav
2271.0,2274.0,Setophaga pinus,Pine Warbler,0.5833,D:\Bird_Anuran_ARUs\RE03\SMM2-19_20260310_070302.wav
2271.0,2274.0,Pipilo erythrophthalmus,Eastern Towhee,0.4980,D:\Bird_Anuran_ARUs\RE03\SMM2-19_20260310_070302.wav
2274.0,2277.0,Pipilo erythrophthalmus,Eastern Towhee,0.7156,D:\Bird_Anuran_ARUs\RE03\SMM2-19_20260310_070302.wav
2274.0,2277.0,Strix varia,Barred Owl,0.4147,D:\Bird_Anuran_ARUs\RE03\SMM2-19_20260310_070302.wav
2274.0,2277.0,Cardinalis cardinalis,Northern Cardinal,0.2517,D:\Bird_Anuran_ARUs\RE03\SMM2-19_20260310_070302.wav
2289.0,2292.0,Zenaida macroura,Mourning Dove,0.3487,D:\Bird_Anuran_ARUs\RE03\SMM2-19_20260310_070302.wav
2292.0,2295.0,Pipilo erythrophthalmus,Eastern Towhee,0.7518,D:\Bird_Anuran_ARUs\RE03\SMM2-19_20260310_070302.wav
2295.0,2298.0,Pipilo erythrophthalmus,Eastern Towhee,0.9936,D:\Bird_Anuran_ARUs\RE03\SMM2-19_20260310_070302.wav
2298.0,2301.0,Corvus brachyrhynchos,American Crow,0.8607,D:\Bird_Anuran_ARUs\RE03\SMM2-19_20260310_070302.wav
2298.0,2301.0,Pipilo erythrophthalmus,Eastern Towhee,0.8182,D:\Bird_Anuran_ARUs\RE03\SMM2-19_20260310_070302.wav
2304.0,2307.0,Dryobates pubescens,Downy Woodpecker,0.4626,D:\Bird_Anuran_ARUs\RE03\SMM2-19_20260310_070302.wav
2307.0,2310.0,Pipilo erythrophthalmus,Eastern Towhee,0.2796,D:\Bird_Anuran_ARUs\RE03\SMM2-19_20260310_070302.wav
2310.0,2313.0,Setophaga pinus,Pine Warbler,0.7290,D:\Bird_Anuran_ARUs\RE03\SMM2-19_20260310_070302.wav
2313.0,2316.0,Pipilo erythrophthalmus,Eastern Towhee,0.5803,D:\Bird_Anuran_ARUs\RE03\SMM2-19_20260310_070302.wav
2313.0,2316.0,Corvus brachyrhynchos,American Crow,0.2810,D:\Bird_Anuran_ARUs\RE03\SMM2-19_20260310_070302.wav
2316.0,2319.0,Setophaga pinus,Pine Warbler,0.8423,D:\Bird_Anuran_ARUs\RE03\SMM2-19_20260310_070302.wav
2319.0,2322.0,Pipilo erythrophthalmus,Eastern Towhee,0.7990,D:\Bird_Anuran_ARUs\RE03\SMM2-19_20260310_070302.wav
2319.0,2322.0,Corvus brachyrhynchos,American Crow,0.2834,D:\Bird_Anuran_ARUs\RE03\SMM2-19_20260310_070302.wav
2322.0,2325.0,Setophaga pinus,Pine Warbler,0.5280,D:\Bird_Anuran_ARUs\RE03\SMM2-19_20260310_070302.wav
2325.0,2328.0,Setophaga pinus,Pine Warbler,0.6498,D:\Bird_Anuran_ARUs\RE03\SMM2-19_20260310_070302.wav
2325.0,2328.0,Corvus brachyrhynchos,American Crow,0.3255,D:\Bird_Anuran_ARUs\RE03\SMM2-19_20260310_070302.wav
2328.0,2331.0,Pipilo erythrophthalmus,Eastern Towhee,0.9174,D:\Bird_Anuran_ARUs\RE03\SMM2-19_20260310_070302.wav
2328.0,2331.0,Corvus brachyrhynchos,American Crow,0.3484,D:\Bird_Anuran_ARUs\RE03\SMM2-19_20260310_070302.wav
2331.0,2334.0,Setophaga pinus,Pine Warbler,0.7500,D:\Bird_Anuran_ARUs\RE03\SMM2-19_20260310_070302.wav
2334.0,2337.0,Pipilo erythrophthalmus,Eastern Towhee,0.8012,D:\Bird_Anuran_ARUs\RE03\SMM2-19_20260310_070302.wav
2337.0,2340.0,Pipilo erythrophthalmus,Eastern Towhee,0.4124,D:\Bird_Anuran_ARUs\RE03\SMM2-19_20260310_070302.wav
2340.0,2343.0,Setophaga pinus,Pine Warbler,0.7726,D:\Bird_Anuran_ARUs\RE03\SMM2-19_20260310_070302.wav
2343.0,2346.0,Pipilo erythrophthalmus,Eastern Towhee,0.8940,D:\Bird_Anuran_ARUs\RE03\SMM2-19_20260310_070302.wav
2343.0,2346.0,Cardinalis cardinalis,Northern Cardinal,0.5232,D:\Bird_Anuran_ARUs\RE03\SMM2-19_20260310_070302.wav
2346.0,2349.0,Pipilo erythrophthalmus,Eastern Towhee,0.9550,D:\Bird_Anuran_ARUs\RE03\SMM2-19_20260310_070302.wav
2349.0,2352.0,Pipilo erythrophthalmus,Eastern Towhee,0.4846,D:\Bird_Anuran_ARUs\RE03\SMM2-19_20260310_070302.wav
2352.0,2355.0,Pipilo erythrophthalmus,Eastern Towhee,0.3858,D:\Bird_Anuran_ARUs\RE03\SMM2-19_20260310_070302.wav
2355.0,2358.0,Pipilo erythrophthalmus,Eastern Towhee,0.5102,D:\Bird_Anuran_ARUs\RE03\SMM2-19_20260310_070302.wav
2355.0,2358.0,Zenaida macroura,Mourning Dove,0.4837,D:\Bird_Anuran_ARUs\RE03\SMM2-19_20260310_070302.wav
2358.0,2361.0,Cardinalis cardinalis,Northern Cardinal,0.4695,D:\Bird_Anuran_ARUs\RE03\SMM2-19_20260310_070302.wav
2361.0,2364.0,Pipilo erythrophthalmus,Eastern Towhee,0.4137,D:\Bird_Anuran_ARUs\RE03\SMM2-19_20260310_070302.wav
2364.0,2367.0,Pipilo erythrophthalmus,Eastern Towhee,0.6083,D:\Bird_Anuran_ARUs\RE03\SMM2-19_20260310_070302.wav
2367.0,2370.0,Cardinalis cardinalis,Northern Cardinal,0.3581,D:\Bird_Anuran_ARUs\RE03\SMM2-19_20260310_070302.wav
2370.0,2373.0,Pipilo erythrophthalmus,Eastern Towhee,0.3557,D:\Bird_Anuran_ARUs\RE03\SMM2-19_20260310_070302.wav
2373.0,2376.0,Pipilo erythrophthalmus,Eastern Towhee,0.6993,D:\Bird_Anuran_ARUs\RE03\SMM2-19_20260310_070302.wav
2373.0,2376.0,Corvus brachyrhynchos,American Crow,0.3935,D:\Bird_Anuran_ARUs\RE03\SMM2-19_20260310_070302.wav
2376.0,2379.0,Pipilo erythrophthalmus,Eastern Towhee,0.9936,D:\Bird_Anuran_ARUs\RE03\SMM2-19_20260310_070302.wav
2376.0,2379.0,Corvus brachyrhynchos,American Crow,0.8168,D:\Bird_Anuran_ARUs\RE03\SMM2-19_20260310_070302.wav
2382.0,2385.0,Cardinalis cardinalis,Northern Cardinal,0.6234,D:\Bird_Anuran_ARUs\RE03\SMM2-19_20260310_070302.wav
2385.0,2388.0,Cardinalis cardinalis,Northern Cardinal,0.3862,D:\Bird_Anuran_ARUs\RE03\SMM2-19_20260310_070302.wav
2388.0,2391.0,Setophaga pinus,Pine Warbler,0.8039,D:\Bird_Anuran_ARUs\RE03\SMM2-19_20260310_070302.wav
2391.0,2394.0,Cardinalis cardinalis,Northern Cardinal,0.3594,D:\Bird_Anuran_ARUs\RE03\SMM2-19_20260310_070302.wav
2394.0,2397.0,Zenaida macroura,Mourning Dove,0.3587,D:\Bird_Anuran_ARUs\RE03\SMM2-19_20260310_070302.wav
2394.0,2397.0,Cardinalis cardinalis,Northern Cardinal,0.2676,D:\Bird_Anuran_ARUs\RE03\SMM2-19_20260310_070302.wav
2397.0,2400.0,Cardinalis cardinalis,Northern Cardinal,0.9084,D:\Bird_Anuran_ARUs\RE03\SMM2-19_20260310_070302.wav
2397.0,2400.0,Pipilo erythrophthalmus,Eastern Towhee,0.2922,D:\Bird_Anuran_ARUs\RE03\SMM2-19_20260310_070302.wav
2400.0,2403.0,Corvus brachyrhynchos,American Crow,0.3116,D:\Bird_Anuran_ARUs\RE03\SMM2-19_20260310_070302.wav
2403.0,2406.0,Pipilo erythrophthalmus,Eastern Towhee,0.6936,D:\Bird_Anuran_ARUs\RE03\SMM2-19_20260310_070302.wav
2406.0,2409.0,Cardinalis cardinalis,Northern Cardinal,0.2796,D:\Bird_Anuran_ARUs\RE03\SMM2-19_20260310_070302.wav
2409.0,2412.0,Corvus brachyrhynchos,American Crow,0.3075,D:\Bird_Anuran_ARUs\RE03\SMM2-19_20260310_070302.wav
2409.0,2412.0,Zenaida macroura,Mourning Dove,0.2725,D:\Bird_Anuran_ARUs\RE03\SMM2-19_20260310_070302.wav
2415.0,2418.0,Pipilo erythrophthalmus,Eastern Towhee,0.2743,D:\Bird_Anuran_ARUs\RE03\SMM2-19_20260310_070302.wav
2424.0,2427.0,Zenaida macroura,Mourning Dove,0.5355,D:\Bird_Anuran_ARUs\RE03\SMM2-19_20260310_070302.wav
2430.0,2433.0,Pipilo erythrophthalmus,Eastern Towhee,0.5935,D:\Bird_Anuran_ARUs\RE03\SMM2-19_20260310_070302.wav
2433.0,2436.0,Zenaida macroura,Mourning Dove,0.6343,D:\Bird_Anuran_ARUs\RE03\SMM2-19_20260310_070302.wav
2436.0,2439.0,Pipilo erythrophthalmus,Eastern Towhee,0.5395,D:\Bird_Anuran_ARUs\RE03\SMM2-19_20260310_070302.wav
2436.0,2439.0,Zenaida macroura,Mourning Dove,0.4848,D:\Bird_Anuran_ARUs\RE03\SMM2-19_20260310_070302.wav
2436.0,2439.0,Corvus brachyrhynchos,American Crow,0.4255,D:\Bird_Anuran_ARUs\RE03\SMM2-19_20260310_070302.wav
2442.0,2445.0,Pipilo erythrophthalmus,Eastern Towhee,0.3258,D:\Bird_Anuran_ARUs\RE03\SMM2-19_20260310_070302.wav
2445.0,2448.0,Pipilo erythrophthalmus,Eastern Towhee,0.7934,D:\Bird_Anuran_ARUs\RE03\SMM2-19_20260310_070302.wav
2448.0,2451.0,Pipilo erythrophthalmus,Eastern Towhee,0.7575,D:\Bird_Anuran_ARUs\RE03\SMM2-19_20260310_070302.wav
2448.0,2451.0,Zenaida macroura,Mourning Dove,0.5262,D:\Bird_Anuran_ARUs\RE03\SMM2-19_20260310_070302.wav
2451.0,2454.0,Pipilo erythrophthalmus,Eastern Towhee,0.8488,D:\Bird_Anuran_ARUs\RE03\SMM2-19_20260310_070302.wav
2454.0,2457.0,Pipilo erythrophthalmus,Eastern Towhee,0.9740,D:\Bird_Anuran_ARUs\RE03\SMM2-19_20260310_070302.wav
2457.0,2460.0,Cardinalis cardinalis,Northern Cardinal,0.3667,D:\Bird_Anuran_ARUs\RE03\SMM2-19_20260310_070302.wav
2460.0,2463.0,Pipilo erythrophthalmus,Eastern Towhee,0.3537,D:\Bird_Anuran_ARUs\RE03\SMM2-19_20260310_070302.wav
2463.0,2466.0,Corvus brachyrhynchos,American Crow,0.5854,D:\Bird_Anuran_ARUs\RE03\SMM2-19_20260310_070302.wav
2463.0,2466.0,Pipilo erythrophthalmus,Eastern Towhee,0.3595,D:\Bird_Anuran_ARUs\RE03\SMM2-19_20260310_070302.wav
2466.0,2469.0,Pipilo erythrophthalmus,Eastern Towhee,0.5441,D:\Bird_Anuran_ARUs\RE03\SMM2-19_20260310_070302.wav
2466.0,2469.0,Zenaida macroura,Mourning Dove,0.3019,D:\Bird_Anuran_ARUs\RE03\SMM2-19_20260310_070302.wav
2469.0,2472.0,Dryobates pubescens,Downy Woodpecker,0.4488,D:\Bird_Anuran_ARUs\RE03\SMM2-19_20260310_070302.wav
2472.0,2475.0,Pipilo erythrophthalmus,Eastern Towhee,0.9644,D:\Bird_Anuran_ARUs\RE03\SMM2-19_20260310_070302.wav
2475.0,2478.0,Pipilo erythrophthalmus,Eastern Towhee,0.8499,D:\Bird_Anuran_ARUs\RE03\SMM2-19_20260310_070302.wav
2478.0,2481.0,Pipilo erythrophthalmus,Eastern Towhee,0.9339,D:\Bird_Anuran_ARUs\RE03\SMM2-19_20260310_070302.wav
2481.0,2484.0,Pipilo erythrophthalmus,Eastern Towhee,0.4038,D:\Bird_Anuran_ARUs\RE03\SMM2-19_20260310_070302.wav
2484.0,2487.0,Pipilo erythrophthalmus,Eastern Towhee,0.8772,D:\Bird_Anuran_ARUs\RE03\SMM2-19_20260310_070302.wav
2487.0,2490.0,Pipilo erythrophthalmus,Eastern Towhee,0.9968,D:\Bird_Anuran_ARUs\RE03\SMM2-19_20260310_070302.wav
2487.0,2490.0,Corvus brachyrhynchos,American Crow,0.5753,D:\Bird_Anuran_ARUs\RE03\SMM2-19_20260310_070302.wav
2490.0,2493.0,Poecile carolinensis,Carolina Chickadee,0.6718,D:\Bird_Anuran_ARUs\RE03\SMM2-19_20260310_070302.wav
2493.0,2496.0,Pipilo erythrophthalmus,Eastern Towhee,0.7812,D:\Bird_Anuran_ARUs\RE03\SMM2-19_20260310_070302.wav
2496.0,2499.0,Pipilo erythrophthalmus,Eastern Towhee,0.9133,D:\Bird_Anuran_ARUs\RE03\SMM2-19_20260310_070302.wav
2499.0,2502.0,Pipilo erythrophthalmus,Eastern Towhee,0.4812,D:\Bird_Anuran_ARUs\RE03\SMM2-19_20260310_070302.wav
2502.0,2505.0,Pipilo erythrophthalmus,Eastern Towhee,0.6939,D:\Bird_Anuran_ARUs\RE03\SMM2-19_20260310_070302.wav
2505.0,2508.0,Pipilo erythrophthalmus,Eastern Towhee,0.9975,D:\Bird_Anuran_ARUs\RE03\SMM2-19_20260310_070302.wav
2505.0,2508.0,Corvus brachyrhynchos,American Crow,0.4274,D:\Bird_Anuran_ARUs\RE03\SMM2-19_20260310_070302.wav
2508.0,2511.0,Poecile carolinensis,Carolina Chickadee,0.8005,D:\Bird_Anuran_ARUs\RE03\SMM2-19_20260310_070302.wav
2508.0,2511.0,Pipilo erythrophthalmus,Eastern Towhee,0.2696,D:\Bird_Anuran_ARUs\RE03\SMM2-19_20260310_070302.wav
2511.0,2514.0,Pipilo erythrophthalmus,Eastern Towhee,0.7511,D:\Bird_Anuran_ARUs\RE03\SMM2-19_20260310_070302.wav
2514.0,2517.0,Corvus brachyrhynchos,American Crow,0.8204,D:\Bird_Anuran_ARUs\RE03\SMM2-19_20260310_070302.wav
2514.0,2517.0,Pipilo erythrophthalmus,Eastern Towhee,0.6430,D:\Bird_Anuran_ARUs\RE03\SMM2-19_20260310_070302.wav
2514.0,2517.0,Poecile carolinensis,Carolina Chickadee,0.4812,D:\Bird_Anuran_ARUs\RE03\SMM2-19_20260310_070302.wav
2517.0,2520.0,Pipilo erythrophthalmus,Eastern Towhee,0.7549,D:\Bird_Anuran_ARUs\RE03\SMM2-19_20260310_070302.wav
2520.0,2523.0,Pipilo erythrophthalmus,Eastern Towhee,0.9834,D:\Bird_Anuran_ARUs\RE03\SMM2-19_20260310_070302.wav
2523.0,2526.0,Pipilo erythrophthalmus,Eastern Towhee,0.8664,D:\Bird_Anuran_ARUs\RE03\SMM2-19_20260310_070302.wav
2523.0,2526.0,Poecile carolinensis,Carolina Chickadee,0.2856,D:\Bird_Anuran_ARUs\RE03\SMM2-19_20260310_070302.wav
2526.0,2529.0,Pipilo erythrophthalmus,Eastern Towhee,0.2662,D:\Bird_Anuran_ARUs\RE03\SMM2-19_20260310_070302.wav
2529.0,2532.0,Pipilo erythrophthalmus,Eastern Towhee,0.9964,D:\Bird_Anuran_ARUs\RE03\SMM2-19_20260310_070302.wav
2529.0,2532.0,Corvus brachyrhynchos,American Crow,0.5832,D:\Bird_Anuran_ARUs\RE03\SMM2-19_20260310_070302.wav
2532.0,2535.0,Poecile carolinensis,Carolina Chickadee,0.5141,D:\Bird_Anuran_ARUs\RE03\SMM2-19_20260310_070302.wav
2532.0,2535.0,Pipilo erythrophthalmus,Eastern Towhee,0.4284,D:\Bird_Anuran_ARUs\RE03\SMM2-19_20260310_070302.wav
2535.0,2538.0,Pipilo erythrophthalmus,Eastern Towhee,0.3362,D:\Bird_Anuran_ARUs\RE03\SMM2-19_20260310_070302.wav
2538.0,2541.0,Corvus brachyrhynchos,American Crow,0.8047,D:\Bird_Anuran_ARUs\RE03\SMM2-19_20260310_070302.wav
2538.0,2541.0,Pipilo erythrophthalmus,Eastern Towhee,0.7709,D:\Bird_Anuran_ARUs\RE03\SMM2-19_20260310_070302.wav
2541.0,2544.0,Pipilo erythrophthalmus,Eastern Towhee,0.9043,D:\Bird_Anuran_ARUs\RE03\SMM2-19_20260310_070302.wav
2544.0,2547.0,Pipilo erythrophthalmus,Eastern Towhee,0.5658,D:\Bird_Anuran_ARUs\RE03\SMM2-19_20260310_070302.wav
2547.0,2550.0,Pipilo erythrophthalmus,Eastern Towhee,0.9963,D:\Bird_Anuran_ARUs\RE03\SMM2-19_20260310_070302.wav
2550.0,2553.0,Pipilo erythrophthalmus,Eastern Towhee,0.8986,D:\Bird_Anuran_ARUs\RE03\SMM2-19_20260310_070302.wav
2553.0,2556.0,Pipilo erythrophthalmus,Eastern Towhee,0.3709,D:\Bird_Anuran_ARUs\RE03\SMM2-19_20260310_070302.wav
2556.0,2559.0,Pipilo erythrophthalmus,Eastern Towhee,0.9885,D:\Bird_Anuran_ARUs\RE03\SMM2-19_20260310_070302.wav
2559.0,2562.0,Pipilo erythrophthalmus,Eastern Towhee,0.5411,D:\Bird_Anuran_ARUs\RE03\SMM2-19_20260310_070302.wav
2562.0,2565.0,Pipilo erythrophthalmus,Eastern Towhee,0.9947,D:\Bird_Anuran_ARUs\RE03\SMM2-19_20260310_070302.wav
2562.0,2565.0,Corvus brachyrhynchos,American Crow,0.8187,D:\Bird_Anuran_ARUs\RE03\SMM2-19_20260310_070302.wav
2565.0,2568.0,Pipilo erythrophthalmus,Eastern Towhee,0.9314,D:\Bird_Anuran_ARUs\RE03\SMM2-19_20260310_070302.wav
2565.0,2568.0,Corvus brachyrhynchos,American Crow,0.4150,D:\Bird_Anuran_ARUs\RE03\SMM2-19_20260310_070302.wav
2571.0,2574.0,Corvus brachyrhynchos,American Crow,0.8637,D:\Bird_Anuran_ARUs\RE03\SMM2-19_20260310_070302.wav
2574.0,2577.0,Pipilo erythrophthalmus,Eastern Towhee,0.8114,D:\Bird_Anuran_ARUs\RE03\SMM2-19_20260310_070302.wav
2577.0,2580.0,Pipilo erythrophthalmus,Eastern Towhee,0.9302,D:\Bird_Anuran_ARUs\RE03\SMM2-19_20260310_070302.wav
2577.0,2580.0,Corvus brachyrhynchos,American Crow,0.2734,D:\Bird_Anuran_ARUs\RE03\SMM2-19_20260310_070302.wav
2580.0,2583.0,Pipilo erythrophthalmus,Eastern Towhee,0.9704,D:\Bird_Anuran_ARUs\RE03\SMM2-19_20260310_070302.wav
2583.0,2586.0,Pipilo erythrophthalmus,Eastern Towhee,0.6165,D:\Bird_Anuran_ARUs\RE03\SMM2-19_20260310_070302.wav
2586.0,2589.0,Pipilo erythrophthalmus,Eastern Towhee,0.9462,D:\Bird_Anuran_ARUs\RE03\SMM2-19_20260310_070302.wav
2589.0,2592.0,Pipilo erythrophthalmus,Eastern Towhee,0.9511,D:\Bird_Anuran_ARUs\RE03\SMM2-19_20260310_070302.wav
2592.0,2595.0,Pipilo erythrophthalmus,Eastern Towhee,0.9974,D:\Bird_Anuran_ARUs\RE03\SMM2-19_20260310_070302.wav
2592.0,2595.0,Corvus brachyrhynchos,American Crow,0.9624,D:\Bird_Anuran_ARUs\RE03\SMM2-19_20260310_070302.wav
2595.0,2598.0,Pipilo erythrophthalmus,Eastern Towhee,0.9471,D:\Bird_Anuran_ARUs\RE03\SMM2-19_20260310_070302.wav
2598.0,2601.0,Pipilo erythrophthalmus,Eastern Towhee,0.8040,D:\Bird_Anuran_ARUs\RE03\SMM2-19_20260310_070302.wav
2601.0,2604.0,Pipilo erythrophthalmus,Eastern Towhee,0.9985,D:\Bird_Anuran_ARUs\RE03\SMM2-19_20260310_070302.wav
2601.0,2604.0,Corvus brachyrhynchos,American Crow,0.9555,D:\Bird_Anuran_ARUs\RE03\SMM2-19_20260310_070302.wav
2604.0,2607.0,Pipilo erythrophthalmus,Eastern Towhee,0.9281,D:\Bird_Anuran_ARUs\RE03\SMM2-19_20260310_070302.wav
2607.0,2610.0,Pipilo erythrophthalmus,Eastern Towhee,0.9855,D:\Bird_Anuran_ARUs\RE03\SMM2-19_20260310_070302.wav
2610.0,2613.0,Pipilo erythrophthalmus,Eastern Towhee,0.9953,D:\Bird_Anuran_ARUs\RE03\SMM2-19_20260310_070302.wav
2610.0,2613.0,Corvus brachyrhynchos,American Crow,0.8953,D:\Bird_Anuran_ARUs\RE03\SMM2-19_20260310_070302.wav
2613.0,2616.0,Pipilo erythrophthalmus,Eastern Towhee,0.9494,D:\Bird_Anuran_ARUs\RE03\SMM2-19_20260310_070302.wav
2616.0,2619.0,Pipilo erythrophthalmus,Eastern Towhee,0.8293,D:\Bird_Anuran_ARUs\RE03\SMM2-19_20260310_070302.wav
2619.0,2622.0,Pipilo erythrophthalmus,Eastern Towhee,0.3053,D:\Bird_Anuran_ARUs\RE03\SMM2-19_20260310_070302.wav
2622.0,2625.0,Pipilo erythrophthalmus,Eastern Towhee,0.9484,D:\Bird_Anuran_ARUs\RE03\SMM2-19_20260310_070302.wav
2622.0,2625.0,Corvus brachyrhynchos,American Crow,0.6043,D:\Bird_Anuran_ARUs\RE03\SMM2-19_20260310_070302.wav
2625.0,2628.0,Pipilo erythrophthalmus,Eastern Towhee,0.9370,D:\Bird_Anuran_ARUs\RE03\SMM2-19_20260310_070302.wav
2628.0,2631.0,Pipilo erythrophthalmus,Eastern Towhee,0.8792,D:\Bird_Anuran_ARUs\RE03\SMM2-19_20260310_070302.wav
2628.0,2631.0,Corvus brachyrhynchos,American Crow,0.4258,D:\Bird_Anuran_ARUs\RE03\SMM2-19_20260310_070302.wav
2628.0,2631.0,Poecile carolinensis,Carolina Chickadee,0.2843,D:\Bird_Anuran_ARUs\RE03\SMM2-19_20260310_070302.wav
2631.0,2634.0,Pipilo erythrophthalmus,Eastern Towhee,0.7040,D:\Bird_Anuran_ARUs\RE03\SMM2-19_20260310_070302.wav
2634.0,2637.0,Pipilo erythrophthalmus,Eastern Towhee,0.9948,D:\Bird_Anuran_ARUs\RE03\SMM2-19_20260310_070302.wav
2634.0,2637.0,Corvus brachyrhynchos,American Crow,0.9326,D:\Bird_Anuran_ARUs\RE03\SMM2-19_20260310_070302.wav
2637.0,2640.0,Dryobates pubescens,Downy Woodpecker,0.3045,D:\Bird_Anuran_ARUs\RE03\SMM2-19_20260310_070302.wav
2637.0,2640.0,Pipilo erythrophthalmus,Eastern Towhee,0.2845,D:\Bird_Anuran_ARUs\RE03\SMM2-19_20260310_070302.wav
2640.0,2643.0,Pipilo erythrophthalmus,Eastern Towhee,0.9723,D:\Bird_Anuran_ARUs\RE03\SMM2-19_20260310_070302.wav
2643.0,2646.0,Pipilo erythrophthalmus,Eastern Towhee,0.5690,D:\Bird_Anuran_ARUs\RE03\SMM2-19_20260310_070302.wav
2646.0,2649.0,Pipilo erythrophthalmus,Eastern Towhee,0.9773,D:\Bird_Anuran_ARUs\RE03\SMM2-19_20260310_070302.wav
2646.0,2649.0,Corvus brachyrhynchos,American Crow,0.8032,D:\Bird_Anuran_ARUs\RE03\SMM2-19_20260310_070302.wav
2649.0,2652.0,Pipilo erythrophthalmus,Eastern Towhee,0.9397,D:\Bird_Anuran_ARUs\RE03\SMM2-19_20260310_070302.wav
2652.0,2655.0,Corvus brachyrhynchos,American Crow,0.6138,D:\Bird_Anuran_ARUs\RE03\SMM2-19_20260310_070302.wav
2652.0,2655.0,Dryobates pubescens,Downy Woodpecker,0.2935,D:\Bird_Anuran_ARUs\RE03\SMM2-19_20260310_070302.wav
2652.0,2655.0,Pipilo erythrophthalmus,Eastern Towhee,0.2580,D:\Bird_Anuran_ARUs\RE03\SMM2-19_20260310_070302.wav
2655.0,2658.0,Pipilo erythrophthalmus,Eastern Towhee,0.9924,D:\Bird_Anuran_ARUs\RE03\SMM2-19_20260310_070302.wav
2655.0,2658.0,Corvus brachyrhynchos,American Crow,0.4791,D:\Bird_Anuran_ARUs\RE03\SMM2-19_20260310_070302.wav
2658.0,2661.0,Corvus brachyrhynchos,American Crow,0.8612,D:\Bird_Anuran_ARUs\RE03\SMM2-19_20260310_070302.wav
2658.0,2661.0,Pipilo erythrophthalmus,Eastern Towhee,0.8599,D:\Bird_Anuran_ARUs\RE03\SMM2-19_20260310_070302.wav
2661.0,2664.0,Pipilo erythrophthalmus,Eastern Towhee,0.9279,D:\Bird_Anuran_ARUs\RE03\SMM2-19_20260310_070302.wav
2664.0,2667.0,Corvus brachyrhynchos,American Crow,0.8170,D:\Bird_Anuran_ARUs\RE03\SMM2-19_20260310_070302.wav
2664.0,2667.0,Pipilo erythrophthalmus,Eastern Towhee,0.6856,D:\Bird_Anuran_ARUs\RE03\SMM2-19_20260310_070302.wav
2667.0,2670.0,Corvus brachyrhynchos,American Crow,0.8428,D:\Bird_Anuran_ARUs\RE03\SMM2-19_20260310_070302.wav
2667.0,2670.0,Cardinalis cardinalis,Northern Cardinal,0.3282,D:\Bird_Anuran_ARUs\RE03\SMM2-19_20260310_070302.wav
2670.0,2673.0,Pipilo erythrophthalmus,Eastern Towhee,0.9775,D:\Bird_Anuran_ARUs\RE03\SMM2-19_20260310_070302.wav
2673.0,2676.0,Pipilo erythrophthalmus,Eastern Towhee,0.6995,D:\Bird_Anuran_ARUs\RE03\SMM2-19_20260310_070302.wav
2676.0,2679.0,Pipilo erythrophthalmus,Eastern Towhee,0.5164,D:\Bird_Anuran_ARUs\RE03\SMM2-19_20260310_070302.wav
2676.0,2679.0,Corvus brachyrhynchos,American Crow,0.4318,D:\Bird_Anuran_ARUs\RE03\SMM2-19_20260310_070302.wav
2679.0,2682.0,Corvus brachyrhynchos,American Crow,0.9477,D:\Bird_Anuran_ARUs\RE03\SMM2-19_20260310_070302.wav
2679.0,2682.0,Pipilo erythrophthalmus,Eastern Towhee,0.5662,D:\Bird_Anuran_ARUs\RE03\SMM2-19_20260310_070302.wav
2682.0,2685.0,Pipilo erythrophthalmus,Eastern Towhee,0.9733,D:\Bird_Anuran_ARUs\RE03\SMM2-19_20260310_070302.wav
2685.0,2688.0,Pipilo erythrophthalmus,Eastern Towhee,0.9628,D:\Bird_Anuran_ARUs\RE03\SMM2-19_20260310_070302.wav
2685.0,2688.0,Corvus brachyrhynchos,American Crow,0.2622,D:\Bird_Anuran_ARUs\RE03\SMM2-19_20260310_070302.wav
2688.0,2691.0,Pipilo erythrophthalmus,Eastern Towhee,0.9715,D:\Bird_Anuran_ARUs\RE03\SMM2-19_20260310_070302.wav
2688.0,2691.0,Corvus brachyrhynchos,American Crow,0.5320,D:\Bird_Anuran_ARUs\RE03\SMM2-19_20260310_070302.wav
2691.0,2694.0,Pipilo erythrophthalmus,Eastern Towhee,0.9847,D:\Bird_Anuran_ARUs\RE03\SMM2-19_20260310_070302.wav
2691.0,2694.0,Corvus brachyrhynchos,American Crow,0.6338,D:\Bird_Anuran_ARUs\RE03\SMM2-19_20260310_070302.wav
2694.0,2697.0,Pipilo erythrophthalmus,Eastern Towhee,0.9958,D:\Bird_Anuran_ARUs\RE03\SMM2-19_20260310_070302.wav
2697.0,2700.0,Corvus brachyrhynchos,American Crow,0.7741,D:\Bird_Anuran_ARUs\RE03\SMM2-19_20260310_070302.wav
2697.0,2700.0,Pipilo erythrophthalmus,Eastern Towhee,0.7386,D:\Bird_Anuran_ARUs\RE03\SMM2-19_20260310_070302.wav
2700.0,2703.0,Pipilo erythrophthalmus,Eastern Towhee,0.9657,D:\Bird_Anuran_ARUs\RE03\SMM2-19_20260310_070302.wav
2703.0,2706.0,Pipilo erythrophthalmus,Eastern Towhee,0.9115,D:\Bird_Anuran_ARUs\RE03\SMM2-19_20260310_070302.wav
2706.0,2709.0,Pipilo erythrophthalmus,Eastern Towhee,0.6797,D:\Bird_Anuran_ARUs\RE03\SMM2-19_20260310_070302.wav
2712.0,2715.0,Pipilo erythrophthalmus,Eastern Towhee,0.7517,D:\Bird_Anuran_ARUs\RE03\SMM2-19_20260310_070302.wav
2712.0,2715.0,Corvus brachyrhynchos,American Crow,0.2764,D:\Bird_Anuran_ARUs\RE03\SMM2-19_20260310_070302.wav
2715.0,2718.0,Corvus brachyrhynchos,American Crow,0.9093,D:\Bird_Anuran_ARUs\RE03\SMM2-19_20260310_070302.wav
2715.0,2718.0,Cardinalis cardinalis,Northern Cardinal,0.4038,D:\Bird_Anuran_ARUs\RE03\SMM2-19_20260310_070302.wav
2715.0,2718.0,Pipilo erythrophthalmus,Eastern Towhee,0.2621,D:\Bird_Anuran_ARUs\RE03\SMM2-19_20260310_070302.wav
2718.0,2721.0,Pipilo erythrophthalmus,Eastern Towhee,0.8834,D:\Bird_Anuran_ARUs\RE03\SMM2-19_20260310_070302.wav
2721.0,2724.0,Pipilo erythrophthalmus,Eastern Towhee,0.5226,D:\Bird_Anuran_ARUs\RE03\SMM2-19_20260310_070302.wav
2724.0,2727.0,Pipilo erythrophthalmus,Eastern Towhee,0.9840,D:\Bird_Anuran_ARUs\RE03\SMM2-19_20260310_070302.wav
2727.0,2730.0,Pipilo erythrophthalmus,Eastern Towhee,0.3947,D:\Bird_Anuran_ARUs\RE03\SMM2-19_20260310_070302.wav
2730.0,2733.0,Pipilo erythrophthalmus,Eastern Towhee,0.9977,D:\Bird_Anuran_ARUs\RE03\SMM2-19_20260310_070302.wav
2730.0,2733.0,Corvus brachyrhynchos,American Crow,0.5877,D:\Bird_Anuran_ARUs\RE03\SMM2-19_20260310_070302.wav
2733.0,2736.0,Pipilo erythrophthalmus,Eastern Towhee,0.7061,D:\Bird_Anuran_ARUs\RE03\SMM2-19_20260310_070302.wav
2739.0,2742.0,Pipilo erythrophthalmus,Eastern Towhee,0.9767,D:\Bird_Anuran_ARUs\RE03\SMM2-19_20260310_070302.wav
2742.0,2745.0,Pipilo erythrophthalmus,Eastern Towhee,0.9887,D:\Bird_Anuran_ARUs\RE03\SMM2-19_20260310_070302.wav
2745.0,2748.0,Pipilo erythrophthalmus,Eastern Towhee,0.6071,D:\Bird_Anuran_ARUs\RE03\SMM2-19_20260310_070302.wav
2748.0,2751.0,Pipilo erythrophthalmus,Eastern Towhee,0.6806,D:\Bird_Anuran_ARUs\RE03\SMM2-19_20260310_070302.wav
2751.0,2754.0,Pipilo erythrophthalmus,Eastern Towhee,0.3779,D:\Bird_Anuran_ARUs\RE03\SMM2-19_20260310_070302.wav
2754.0,2757.0,Pipilo erythrophthalmus,Eastern Towhee,0.3273,D:\Bird_Anuran_ARUs\RE03\SMM2-19_20260310_070302.wav
2757.0,2760.0,Pipilo erythrophthalmus,Eastern Towhee,0.3824,D:\Bird_Anuran_ARUs\RE03\SMM2-19_20260310_070302.wav
2760.0,2763.0,Pipilo erythrophthalmus,Eastern Towhee,0.5367,D:\Bird_Anuran_ARUs\RE03\SMM2-19_20260310_070302.wav
2763.0,2766.0,Pipilo erythrophthalmus,Eastern Towhee,0.4266,D:\Bird_Anuran_ARUs\RE03\SMM2-19_20260310_070302.wav
2763.0,2766.0,Corvus brachyrhynchos,American Crow,0.3289,D:\Bird_Anuran_ARUs\RE03\SMM2-19_20260310_070302.wav
2766.0,2769.0,Pipilo erythrophthalmus,Eastern Towhee,0.8803,D:\Bird_Anuran_ARUs\RE03\SMM2-19_20260310_070302.wav
2769.0,2772.0,Zenaida macroura,Mourning Dove,0.7440,D:\Bird_Anuran_ARUs\RE03\SMM2-19_20260310_070302.wav
2769.0,2772.0,Pipilo erythrophthalmus,Eastern Towhee,0.3651,D:\Bird_Anuran_ARUs\RE03\SMM2-19_20260310_070302.wav
2775.0,2778.0,Pipilo erythrophthalmus,Eastern Towhee,0.8188,D:\Bird_Anuran_ARUs\RE03\SMM2-19_20260310_070302.wav
2781.0,2784.0,Pipilo erythrophthalmus,Eastern Towhee,0.6489,D:\Bird_Anuran_ARUs\RE03\SMM2-19_20260310_070302.wav
2784.0,2787.0,Pipilo erythrophthalmus,Eastern Towhee,0.8246,D:\Bird_Anuran_ARUs\RE03\SMM2-19_20260310_070302.wav
2790.0,2793.0,Pipilo erythrophthalmus,Eastern Towhee,0.7543,D:\Bird_Anuran_ARUs\RE03\SMM2-19_20260310_070302.wav
2793.0,2796.0,Poecile carolinensis,Carolina Chickadee,0.8381,D:\Bird_Anuran_ARUs\RE03\SMM2-19_20260310_070302.wav
2796.0,2799.0,Pipilo erythrophthalmus,Eastern Towhee,0.3029,D:\Bird_Anuran_ARUs\RE03\SMM2-19_20260310_070302.wav
2799.0,2802.0,Pipilo erythrophthalmus,Eastern Towhee,0.7643,D:\Bird_Anuran_ARUs\RE03\SMM2-19_20260310_070302.wav
2802.0,2805.0,Zenaida macroura,Mourning Dove,0.5785,D:\Bird_Anuran_ARUs\RE03\SMM2-19_20260310_070302.wav
2805.0,2808.0,Poecile carolinensis,Carolina Chickadee,0.6749,D:\Bird_Anuran_ARUs\RE03\SMM2-19_20260310_070302.wav
2808.0,2811.0,Pipilo erythrophthalmus,Eastern Towhee,0.8090,D:\Bird_Anuran_ARUs\RE03\SMM2-19_20260310_070302.wav
2808.0,2811.0,Zenaida macroura,Mourning Dove,0.2635,D:\Bird_Anuran_ARUs\RE03\SMM2-19_20260310_070302.wav
2811.0,2814.0,Pipilo erythrophthalmus,Eastern Towhee,0.5078,D:\Bird_Anuran_ARUs\RE03\SMM2-19_20260310_070302.wav
2817.0,2820.0,Pipilo erythrophthalmus,Eastern Towhee,0.6779,D:\Bird_Anuran_ARUs\RE03\SMM2-19_20260310_070302.wav
2820.0,2823.0,Corvus brachyrhynchos,American Crow,0.6858,D:\Bird_Anuran_ARUs\RE03\SMM2-19_20260310_070302.wav
2820.0,2823.0,Pipilo erythrophthalmus,Eastern Towhee,0.5503,D:\Bird_Anuran_ARUs\RE03\SMM2-19_20260310_070302.wav
2820.0,2823.0,Cardinalis cardinalis,Northern Cardinal,0.3694,D:\Bird_Anuran_ARUs\RE03\SMM2-19_20260310_070302.wav
2823.0,2826.0,Poecile carolinensis,Carolina Chickadee,0.7534,D:\Bird_Anuran_ARUs\RE03\SMM2-19_20260310_070302.wav
2823.0,2826.0,Pipilo erythrophthalmus,Eastern Towhee,0.5059,D:\Bird_Anuran_ARUs\RE03\SMM2-19_20260310_070302.wav
2826.0,2829.0,Pipilo erythrophthalmus,Eastern Towhee,0.4324,D:\Bird_Anuran_ARUs\RE03\SMM2-19_20260310_070302.wav
2829.0,2832.0,Poecile carolinensis,Carolina Chickadee,0.6492,D:\Bird_Anuran_ARUs\RE03\SMM2-19_20260310_070302.wav
2829.0,2832.0,Pipilo erythrophthalmus,Eastern Towhee,0.3735,D:\Bird_Anuran_ARUs\RE03\SMM2-19_20260310_070302.wav
2835.0,2838.0,Zenaida macroura,Mourning Dove,0.2792,D:\Bird_Anuran_ARUs\RE03\SMM2-19_20260310_070302.wav
2841.0,2844.0,Pipilo erythrophthalmus,Eastern Towhee,0.4426,D:\Bird_Anuran_ARUs\RE03\SMM2-19_20260310_070302.wav
2841.0,2844.0,Cardinalis cardinalis,Northern Cardinal,0.3028,D:\Bird_Anuran_ARUs\RE03\SMM2-19_20260310_070302.wav
2844.0,2847.0,Poecile carolinensis,Carolina Chickadee,0.7387,D:\Bird_Anuran_ARUs\RE03\SMM2-19_20260310_070302.wav
2847.0,2850.0,Pipilo erythrophthalmus,Eastern Towhee,0.3574,D:\Bird_Anuran_ARUs\RE03\SMM2-19_20260310_070302.wav
2847.0,2850.0,Cardinalis cardinalis,Northern Cardinal,0.3255,D:\Bird_Anuran_ARUs\RE03\SMM2-19_20260310_070302.wav
2847.0,2850.0,Melanerpes carolinus,Red-bellied Woodpecker,0.2852,D:\Bird_Anuran_ARUs\RE03\SMM2-19_20260310_070302.wav
2850.0,2853.0,Pipilo erythrophthalmus,Eastern Towhee,0.6759,D:\Bird_Anuran_ARUs\RE03\SMM2-19_20260310_070302.wav
2853.0,2856.0,Pipilo erythrophthalmus,Eastern Towhee,0.8381,D:\Bird_Anuran_ARUs\RE03\SMM2-19_20260310_070302.wav
2853.0,2856.0,Poecile carolinensis,Carolina Chickadee,0.2758,D:\Bird_Anuran_ARUs\RE03\SMM2-19_20260310_070302.wav
2859.0,2862.0,Pipilo erythrophthalmus,Eastern Towhee,0.4305,D:\Bird_Anuran_ARUs\RE03\SMM2-19_20260310_070302.wav
2859.0,2862.0,Cardinalis cardinalis,Northern Cardinal,0.2917,D:\Bird_Anuran_ARUs\RE03\SMM2-19_20260310_070302.wav
2862.0,2865.0,Poecile carolinensis,Carolina Chickadee,0.7778,D:\Bird_Anuran_ARUs\RE03\SMM2-19_20260310_070302.wav
2868.0,2871.0,Pipilo erythrophthalmus,Eastern Towhee,0.8184,D:\Bird_Anuran_ARUs\RE03\SMM2-19_20260310_070302.wav
2871.0,2874.0,Pipilo erythrophthalmus,Eastern Towhee,0.4809,D:\Bird_Anuran_ARUs\RE03\SMM2-19_20260310_070302.wav
2874.0,2877.0,Corvus brachyrhynchos,American Crow,0.7023,D:\Bird_Anuran_ARUs\RE03\SMM2-19_20260310_070302.wav
2874.0,2877.0,Poecile carolinensis,Carolina Chickadee,0.6695,D:\Bird_Anuran_ARUs\RE03\SMM2-19_20260310_070302.wav
2877.0,2880.0,Poecile carolinensis,Carolina Chickadee,0.3829,D:\Bird_Anuran_ARUs\RE03\SMM2-19_20260310_070302.wav
2880.0,2883.0,Zenaida macroura,Mourning Dove,0.3080,D:\Bird_Anuran_ARUs\RE03\SMM2-19_20260310_070302.wav
2886.0,2889.0,Pipilo erythrophthalmus,Eastern Towhee,0.3918,D:\Bird_Anuran_ARUs\RE03\SMM2-19_20260310_070302.wav
2886.0,2889.0,Corvus brachyrhynchos,American Crow,0.2756,D:\Bird_Anuran_ARUs\RE03\SMM2-19_20260310_070302.wav
2889.0,2892.0,Pipilo erythrophthalmus,Eastern Towhee,0.9176,D:\Bird_Anuran_ARUs\RE03\SMM2-19_20260310_070302.wav
2892.0,2895.0,Pseudacris brimleyi,Brimley's Chorus Frog,0.3278,D:\Bird_Anuran_ARUs\RE03\SMM2-19_20260310_070302.wav
2895.0,2898.0,Piranga olivacea,Scarlet Tanager,0.5270,D:\Bird_Anuran_ARUs\RE03\SMM2-19_20260310_070302.wav
2898.0,2901.0,Poecile carolinensis,Carolina Chickadee,0.6353,D:\Bird_Anuran_ARUs\RE03\SMM2-19_20260310_070302.wav
2898.0,2901.0,Pipilo erythrophthalmus,Eastern Towhee,0.6011,D:\Bird_Anuran_ARUs\RE03\SMM2-19_20260310_070302.wav
2901.0,2904.0,Pipilo erythrophthalmus,Eastern Towhee,0.6417,D:\Bird_Anuran_ARUs\RE03\SMM2-19_20260310_070302.wav
2901.0,2904.0,Piranga olivacea,Scarlet Tanager,0.2577,D:\Bird_Anuran_ARUs\RE03\SMM2-19_20260310_070302.wav
2904.0,2907.0,Pipilo erythrophthalmus,Eastern Towhee,0.9740,D:\Bird_Anuran_ARUs\RE03\SMM2-19_20260310_070302.wav
2907.0,2910.0,Pipilo erythrophthalmus,Eastern Towhee,0.7299,D:\Bird_Anuran_ARUs\RE03\SMM2-19_20260310_070302.wav
2907.0,2910.0,Zenaida macroura,Mourning Dove,0.2542,D:\Bird_Anuran_ARUs\RE03\SMM2-19_20260310_070302.wav
2910.0,2913.0,Pipilo erythrophthalmus,Eastern Towhee,0.9247,D:\Bird_Anuran_ARUs\RE03\SMM2-19_20260310_070302.wav
2925.0,2928.0,Pipilo erythrophthalmus,Eastern Towhee,0.3183,D:\Bird_Anuran_ARUs\RE03\SMM2-19_20260310_070302.wav
2928.0,2931.0,Zenaida macroura,Mourning Dove,0.2898,D:\Bird_Anuran_ARUs\RE03\SMM2-19_20260310_070302.wav
2937.0,2940.0,Setophaga pinus,Pine Warbler,0.8651,D:\Bird_Anuran_ARUs\RE03\SMM2-19_20260310_070302.wav
2946.0,2949.0,Zenaida macroura,Mourning Dove,0.3211,D:\Bird_Anuran_ARUs\RE03\SMM2-19_20260310_070302.wav
2955.0,2958.0,Setophaga pinus,Pine Warbler,0.5833,D:\Bird_Anuran_ARUs\RE03\SMM2-19_20260310_070302.wav
2961.0,2964.0,Pipilo erythrophthalmus,Eastern Towhee,0.8124,D:\Bird_Anuran_ARUs\RE03\SMM2-19_20260310_070302.wav
2964.0,2967.0,Setophaga pinus,Pine Warbler,0.6643,D:\Bird_Anuran_ARUs\RE03\SMM2-19_20260310_070302.wav
2970.0,2973.0,Pipilo erythrophthalmus,Eastern Towhee,0.7359,D:\Bird_Anuran_ARUs\RE03\SMM2-19_20260310_070302.wav
2970.0,2973.0,Corvus brachyrhynchos,American Crow,0.3019,D:\Bird_Anuran_ARUs\RE03\SMM2-19_20260310_070302.wav
2973.0,2976.0,Setophaga pinus,Pine Warbler,0.7205,D:\Bird_Anuran_ARUs\RE03\SMM2-19_20260310_070302.wav
2973.0,2976.0,Corvus brachyrhynchos,American Crow,0.5464,D:\Bird_Anuran_ARUs\RE03\SMM2-19_20260310_070302.wav
2982.0,2985.0,Corvus brachyrhynchos,American Crow,0.3424,D:\Bird_Anuran_ARUs\RE03\SMM2-19_20260310_070302.wav
2985.0,2988.0,Pipilo erythrophthalmus,Eastern Towhee,0.4246,D:\Bird_Anuran_ARUs\RE03\SMM2-19_20260310_070302.wav
2988.0,2991.0,Pipilo erythrophthalmus,Eastern Towhee,0.5017,D:\Bird_Anuran_ARUs\RE03\SMM2-19_20260310_070302.wav
2988.0,2991.0,Corvus brachyrhynchos,American Crow,0.2880,D:\Bird_Anuran_ARUs\RE03\SMM2-19_20260310_070302.wav
2991.0,2994.0,Corvus brachyrhynchos,American Crow,0.8781,D:\Bird_Anuran_ARUs\RE03\SMM2-19_20260310_070302.wav
2991.0,2994.0,Pipilo erythrophthalmus,Eastern Towhee,0.6633,D:\Bird_Anuran_ARUs\RE03\SMM2-19_20260310_070302.wav
2994.0,2997.0,Melanerpes carolinus,Red-bellied Woodpecker,0.5104,D:\Bird_Anuran_ARUs\RE03\SMM2-19_20260310_070302.wav
2994.0,2997.0,Pipilo erythrophthalmus,Eastern Towhee,0.4256,D:\Bird_Anuran_ARUs\RE03\SMM2-19_20260310_070302.wav
2994.0,2997.0,Cardinalis cardinalis,Northern Cardinal,0.2581,D:\Bird_Anuran_ARUs\RE03\SMM2-19_20260310_070302.wav
2997.0,3000.0,Pipilo erythrophthalmus,Eastern Towhee,0.6615,D:\Bird_Anuran_ARUs\RE03\SMM2-19_20260310_070302.wav
3000.0,3003.0,Pipilo erythrophthalmus,Eastern Towhee,0.7139,D:\Bird_Anuran_ARUs\RE03\SMM2-19_20260310_070302.wav
3003.0,3006.0,Corvus brachyrhynchos,American Crow,0.4407,D:\Bird_Anuran_ARUs\RE03\SMM2-19_20260310_070302.wav
3009.0,3012.0,Zenaida macroura,Mourning Dove,0.5770,D:\Bird_Anuran_ARUs\RE03\SMM2-19_20260310_070302.wav
3012.0,3015.0,Pipilo erythrophthalmus,Eastern Towhee,0.3009,D:\Bird_Anuran_ARUs\RE03\SMM2-19_20260310_070302.wav
3015.0,3018.0,Cardinalis cardinalis,Northern Cardinal,0.2642,D:\Bird_Anuran_ARUs\RE03\SMM2-19_20260310_070302.wav
3018.0,3021.0,Pipilo erythrophthalmus,Eastern Towhee,0.5438,D:\Bird_Anuran_ARUs\RE03\SMM2-19_20260310_070302.wav
3018.0,3021.0,Zenaida macroura,Mourning Dove,0.2729,D:\Bird_Anuran_ARUs\RE03\SMM2-19_20260310_070302.wav
3021.0,3024.0,Pipilo erythrophthalmus,Eastern Towhee,0.9143,D:\Bird_Anuran_ARUs\RE03\SMM2-19_20260310_070302.wav
3024.0,3027.0,Pipilo erythrophthalmus,Eastern Towhee,0.3617,D:\Bird_Anuran_ARUs\RE03\SMM2-19_20260310_070302.wav
3027.0,3030.0,Pipilo erythrophthalmus,Eastern Towhee,0.3356,D:\Bird_Anuran_ARUs\RE03\SMM2-19_20260310_070302.wav
3030.0,3033.0,Pipilo erythrophthalmus,Eastern Towhee,0.7542,D:\Bird_Anuran_ARUs\RE03\SMM2-19_20260310_070302.wav
3033.0,3036.0,Corvus brachyrhynchos,American Crow,0.4784,D:\Bird_Anuran_ARUs\RE03\SMM2-19_20260310_070302.wav
3036.0,3039.0,Pipilo erythrophthalmus,Eastern Towhee,0.8406,D:\Bird_Anuran_ARUs\RE03\SMM2-19_20260310_070302.wav
3039.0,3042.0,Pipilo erythrophthalmus,Eastern Towhee,0.5341,D:\Bird_Anuran_ARUs\RE03\SMM2-19_20260310_070302.wav
3039.0,3042.0,Corvus brachyrhynchos,American Crow,0.2852,D:\Bird_Anuran_ARUs\RE03\SMM2-19_20260310_070302.wav
3042.0,3045.0,Pipilo erythrophthalmus,Eastern Towhee,0.2825,D:\Bird_Anuran_ARUs\RE03\SMM2-19_20260310_070302.wav
3045.0,3048.0,Pipilo erythrophthalmus,Eastern Towhee,0.8833,D:\Bird_Anuran_ARUs\RE03\SMM2-19_20260310_070302.wav
3048.0,3051.0,Pipilo erythrophthalmus,Eastern Towhee,0.4579,D:\Bird_Anuran_ARUs\RE03\SMM2-19_20260310_070302.wav
3048.0,3051.0,Baeolophus bicolor,Tufted Titmouse,0.4198,D:\Bird_Anuran_ARUs\RE03\SMM2-19_20260310_070302.wav
3051.0,3054.0,Corvus brachyrhynchos,American Crow,0.6658,D:\Bird_Anuran_ARUs\RE03\SMM2-19_20260310_070302.wav
3051.0,3054.0,Pipilo erythrophthalmus,Eastern Towhee,0.6249,D:\Bird_Anuran_ARUs\RE03\SMM2-19_20260310_070302.wav
3057.0,3060.0,Pipilo erythrophthalmus,Eastern Towhee,0.7641,D:\Bird_Anuran_ARUs\RE03\SMM2-19_20260310_070302.wav
3057.0,3060.0,Baeolophus bicolor,Tufted Titmouse,0.5391,D:\Bird_Anuran_ARUs\RE03\SMM2-19_20260310_070302.wav
3057.0,3060.0,Corvus brachyrhynchos,American Crow,0.4813,D:\Bird_Anuran_ARUs\RE03\SMM2-19_20260310_070302.wav
3060.0,3063.0,Pipilo erythrophthalmus,Eastern Towhee,0.9390,D:\Bird_Anuran_ARUs\RE03\SMM2-19_20260310_070302.wav
3063.0,3066.0,Pipilo erythrophthalmus,Eastern Towhee,0.7977,D:\Bird_Anuran_ARUs\RE03\SMM2-19_20260310_070302.wav
3066.0,3069.0,Pipilo erythrophthalmus,Eastern Towhee,0.9606,D:\Bird_Anuran_ARUs\RE03\SMM2-19_20260310_070302.wav
3066.0,3069.0,Corvus brachyrhynchos,American Crow,0.2771,D:\Bird_Anuran_ARUs\RE03\SMM2-19_20260310_070302.wav
3069.0,3072.0,Pipilo erythrophthalmus,Eastern Towhee,0.9835,D:\Bird_Anuran_ARUs\RE03\SMM2-19_20260310_070302.wav
3072.0,3075.0,Pipilo erythrophthalmus,Eastern Towhee,0.8569,D:\Bird_Anuran_ARUs\RE03\SMM2-19_20260310_070302.wav
3075.0,3078.0,Baeolophus bicolor,Tufted Titmouse,0.3205,D:\Bird_Anuran_ARUs\RE03\SMM2-19_20260310_070302.wav
3078.0,3081.0,Baeolophus bicolor,Tufted Titmouse,0.3704,D:\Bird_Anuran_ARUs\RE03\SMM2-19_20260310_070302.wav
3081.0,3084.0,Baeolophus bicolor,Tufted Titmouse,0.2767,D:\Bird_Anuran_ARUs\RE03\SMM2-19_20260310_070302.wav
3087.0,3090.0,Pipilo erythrophthalmus,Eastern Towhee,0.4495,D:\Bird_Anuran_ARUs\RE03\SMM2-19_20260310_070302.wav
3087.0,3090.0,Cardinalis cardinalis,Northern Cardinal,0.4457,D:\Bird_Anuran_ARUs\RE03\SMM2-19_20260310_070302.wav
3090.0,3093.0,Corvus brachyrhynchos,American Crow,0.9237,D:\Bird_Anuran_ARUs\RE03\SMM2-19_20260310_070302.wav
3090.0,3093.0,Pipilo erythrophthalmus,Eastern Towhee,0.8409,D:\Bird_Anuran_ARUs\RE03\SMM2-19_20260310_070302.wav
3090.0,3093.0,Cardinalis cardinalis,Northern Cardinal,0.2917,D:\Bird_Anuran_ARUs\RE03\SMM2-19_20260310_070302.wav
3093.0,3096.0,Corvus brachyrhynchos,American Crow,0.9514,D:\Bird_Anuran_ARUs\RE03\SMM2-19_20260310_070302.wav
3093.0,3096.0,Pipilo erythrophthalmus,Eastern Towhee,0.4610,D:\Bird_Anuran_ARUs\RE03\SMM2-19_20260310_070302.wav
3099.0,3102.0,Pipilo erythrophthalmus,Eastern Towhee,0.6987,D:\Bird_Anuran_ARUs\RE03\SMM2-19_20260310_070302.wav
3099.0,3102.0,Baeolophus bicolor,Tufted Titmouse,0.4075,D:\Bird_Anuran_ARUs\RE03\SMM2-19_20260310_070302.wav
3102.0,3105.0,Baeolophus bicolor,Tufted Titmouse,0.5927,D:\Bird_Anuran_ARUs\RE03\SMM2-19_20260310_070302.wav
3108.0,3111.0,Baeolophus bicolor,Tufted Titmouse,0.5006,D:\Bird_Anuran_ARUs\RE03\SMM2-19_20260310_070302.wav
3111.0,3114.0,Dryocopus pileatus,Pileated Woodpecker,0.8779,D:\Bird_Anuran_ARUs\RE03\SMM2-19_20260310_070302.wav
3114.0,3117.0,Dryocopus pileatus,Pileated Woodpecker,0.5918,D:\Bird_Anuran_ARUs\RE03\SMM2-19_20260310_070302.wav
3120.0,3123.0,Corvus brachyrhynchos,American Crow,0.5287,D:\Bird_Anuran_ARUs\RE03\SMM2-19_20260310_070302.wav
3135.0,3138.0,Corvus brachyrhynchos,American Crow,0.6698,D:\Bird_Anuran_ARUs\RE03\SMM2-19_20260310_070302.wav
3135.0,3138.0,Pipilo erythrophthalmus,Eastern Towhee,0.4153,D:\Bird_Anuran_ARUs\RE03\SMM2-19_20260310_070302.wav
3135.0,3138.0,Cardinalis cardinalis,Northern Cardinal,0.2596,D:\Bird_Anuran_ARUs\RE03\SMM2-19_20260310_070302.wav
3138.0,3141.0,Corvus brachyrhynchos,American Crow,0.6658,D:\Bird_Anuran_ARUs\RE03\SMM2-19_20260310_070302.wav
3141.0,3144.0,Corvus brachyrhynchos,American Crow,0.5271,D:\Bird_Anuran_ARUs\RE03\SMM2-19_20260310_070302.wav
3147.0,3150.0,Cardinalis cardinalis,Northern Cardinal,0.5422,D:\Bird_Anuran_ARUs\RE03\SMM2-19_20260310_070302.wav
3150.0,3153.0,Pipilo erythrophthalmus,Eastern Towhee,0.7897,D:\Bird_Anuran_ARUs\RE03\SMM2-19_20260310_070302.wav
3150.0,3153.0,Cardinalis cardinalis,Northern Cardinal,0.3683,D:\Bird_Anuran_ARUs\RE03\SMM2-19_20260310_070302.wav
3153.0,3156.0,Pipilo erythrophthalmus,Eastern Towhee,0.7812,D:\Bird_Anuran_ARUs\RE03\SMM2-19_20260310_070302.wav
3153.0,3156.0,Cardinalis cardinalis,Northern Cardinal,0.3770,D:\Bird_Anuran_ARUs\RE03\SMM2-19_20260310_070302.wav
3156.0,3159.0,Corvus brachyrhynchos,American Crow,0.4165,D:\Bird_Anuran_ARUs\RE03\SMM2-19_20260310_070302.wav
3171.0,3174.0,Pipilo erythrophthalmus,Eastern Towhee,0.3024,D:\Bird_Anuran_ARUs\RE03\SMM2-19_20260310_070302.wav
3180.0,3183.0,Pipilo erythrophthalmus,Eastern Towhee,0.4669,D:\Bird_Anuran_ARUs\RE03\SMM2-19_20260310_070302.wav
3183.0,3186.0,Pipilo erythrophthalmus,Eastern Towhee,0.8254,D:\Bird_Anuran_ARUs\RE03\SMM2-19_20260310_070302.wav
3183.0,3186.0,Corvus brachyrhynchos,American Crow,0.3329,D:\Bird_Anuran_ARUs\RE03\SMM2-19_20260310_070302.wav
3186.0,3189.0,Spizella pusilla,Field Sparrow,0.6737,D:\Bird_Anuran_ARUs\RE03\SMM2-19_20260310_070302.wav
3189.0,3192.0,Setophaga pinus,Pine Warbler,0.5031,D:\Bird_Anuran_ARUs\RE03\SMM2-19_20260310_070302.wav
3189.0,3192.0,Corvus brachyrhynchos,American Crow,0.3965,D:\Bird_Anuran_ARUs\RE03\SMM2-19_20260310_070302.wav
3192.0,3195.0,Cardinalis cardinalis,Northern Cardinal,0.2714,D:\Bird_Anuran_ARUs\RE03\SMM2-19_20260310_070302.wav
3195.0,3198.0,Pipilo erythrophthalmus,Eastern Towhee,0.7928,D:\Bird_Anuran_ARUs\RE03\SMM2-19_20260310_070302.wav
3198.0,3201.0,Spinus tristis,American Goldfinch,0.2583,D:\Bird_Anuran_ARUs\RE03\SMM2-19_20260310_070302.wav
3204.0,3207.0,Zenaida macroura,Mourning Dove,0.2856,D:\Bird_Anuran_ARUs\RE03\SMM2-19_20260310_070302.wav
3207.0,3210.0,Setophaga pinus,Pine Warbler,0.3337,D:\Bird_Anuran_ARUs\RE03\SMM2-19_20260310_070302.wav
3210.0,3213.0,Setophaga pinus,Pine Warbler,0.7460,D:\Bird_Anuran_ARUs\RE03\SMM2-19_20260310_070302.wav
3219.0,3222.0,Pipilo erythrophthalmus,Eastern Towhee,0.6586,D:\Bird_Anuran_ARUs\RE03\SMM2-19_20260310_070302.wav
3234.0,3237.0,Corvus brachyrhynchos,American Crow,0.8374,D:\Bird_Anuran_ARUs\RE03\SMM2-19_20260310_070302.wav
3237.0,3240.0,Corvus brachyrhynchos,American Crow,0.4334,D:\Bird_Anuran_ARUs\RE03\SMM2-19_20260310_070302.wav
3255.0,3258.0,Pipilo erythrophthalmus,Eastern Towhee,0.3108,D:\Bird_Anuran_ARUs\RE03\SMM2-19_20260310_070302.wav
3261.0,3264.0,Pipilo erythrophthalmus,Eastern Towhee,0.8025,D:\Bird_Anuran_ARUs\RE03\SMM2-19_20260310_070302.wav
3264.0,3267.0,Pipilo erythrophthalmus,Eastern Towhee,0.3715,D:\Bird_Anuran_ARUs\RE03\SMM2-19_20260310_070302.wav
3264.0,3267.0,Cardinalis cardinalis,Northern Cardinal,0.3705,D:\Bird_Anuran_ARUs\RE03\SMM2-19_20260310_070302.wav
3264.0,3267.0,Corvus brachyrhynchos,American Crow,0.3564,D:\Bird_Anuran_ARUs\RE03\SMM2-19_20260310_070302.wav
3267.0,3270.0,Cardinalis cardinalis,Northern Cardinal,0.5677,D:\Bird_Anuran_ARUs\RE03\SMM2-19_20260310_070302.wav
3270.0,3273.0,Pipilo erythrophthalmus,Eastern Towhee,0.3580,D:\Bird_Anuran_ARUs\RE03\SMM2-19_20260310_070302.wav
3270.0,3273.0,Cardinalis cardinalis,Northern Cardinal,0.2899,D:\Bird_Anuran_ARUs\RE03\SMM2-19_20260310_070302.wav
3273.0,3276.0,Setophaga pinus,Pine Warbler,0.5086,D:\Bird_Anuran_ARUs\RE03\SMM2-19_20260310_070302.wav
3276.0,3279.0,Corvus brachyrhynchos,American Crow,0.8779,D:\Bird_Anuran_ARUs\RE03\SMM2-19_20260310_070302.wav
3276.0,3279.0,Pipilo erythrophthalmus,Eastern Towhee,0.4586,D:\Bird_Anuran_ARUs\RE03\SMM2-19_20260310_070302.wav
3282.0,3285.0,Zenaida macroura,Mourning Dove,0.9836,D:\Bird_Anuran_ARUs\RE03\SMM2-19_20260310_070302.wav
3285.0,3288.0,Zenaida macroura,Mourning Dove,0.9388,D:\Bird_Anuran_ARUs\RE03\SMM2-19_20260310_070302.wav
3288.0,3291.0,Pipilo erythrophthalmus,Eastern Towhee,0.7663,D:\Bird_Anuran_ARUs\RE03\SMM2-19_20260310_070302.wav
3291.0,3294.0,Zenaida macroura,Mourning Dove,0.9682,D:\Bird_Anuran_ARUs\RE03\SMM2-19_20260310_070302.wav
3294.0,3297.0,Zenaida macroura,Mourning Dove,0.9754,D:\Bird_Anuran_ARUs\RE03\SMM2-19_20260310_070302.wav
3300.0,3303.0,Corvus brachyrhynchos,American Crow,0.5353,D:\Bird_Anuran_ARUs\RE03\SMM2-19_20260310_070302.wav
3300.0,3303.0,Pipilo erythrophthalmus,Eastern Towhee,0.4095,D:\Bird_Anuran_ARUs\RE03\SMM2-19_20260310_070302.wav
3303.0,3306.0,Setophaga pinus,Pine Warbler,0.3191,D:\Bird_Anuran_ARUs\RE03\SMM2-19_20260310_070302.wav
3303.0,3306.0,Corvus brachyrhynchos,American Crow,0.2950,D:\Bird_Anuran_ARUs\RE03\SMM2-19_20260310_070302.wav
3306.0,3309.0,Pipilo erythrophthalmus,Eastern Towhee,0.4145,D:\Bird_Anuran_ARUs\RE03\SMM2-19_20260310_070302.wav
3309.0,3312.0,Melanerpes carolinus,Red-bellied Woodpecker,0.5953,D:\Bird_Anuran_ARUs\RE03\SMM2-19_20260310_070302.wav
3312.0,3315.0,Pipilo erythrophthalmus,Eastern Towhee,0.7441,D:\Bird_Anuran_ARUs\RE03\SMM2-19_20260310_070302.wav
3312.0,3315.0,Corvus brachyrhynchos,American Crow,0.6722,D:\Bird_Anuran_ARUs\RE03\SMM2-19_20260310_070302.wav
3315.0,3318.0,Setophaga pinus,Pine Warbler,0.2911,D:\Bird_Anuran_ARUs\RE03\SMM2-19_20260310_070302.wav
3318.0,3321.0,Pipilo erythrophthalmus,Eastern Towhee,0.3673,D:\Bird_Anuran_ARUs\RE03\SMM2-19_20260310_070302.wav
3324.0,3327.0,Pipilo erythrophthalmus,Eastern Towhee,0.7959,D:\Bird_Anuran_ARUs\RE03\SMM2-19_20260310_070302.wav
3324.0,3327.0,Corvus brachyrhynchos,American Crow,0.3635,D:\Bird_Anuran_ARUs\RE03\SMM2-19_20260310_070302.wav
3327.0,3330.0,Zenaida macroura,Mourning Dove,0.8938,D:\Bird_Anuran_ARUs\RE03\SMM2-19_20260310_070302.wav
3327.0,3330.0,Setophaga pinus,Pine Warbler,0.4898,D:\Bird_Anuran_ARUs\RE03\SMM2-19_20260310_070302.wav
3333.0,3336.0,Pipilo erythrophthalmus,Eastern Towhee,0.4668,D:\Bird_Anuran_ARUs\RE03\SMM2-19_20260310_070302.wav
3339.0,3342.0,Setophaga pinus,Pine Warbler,0.5159,D:\Bird_Anuran_ARUs\RE03\SMM2-19_20260310_070302.wav
3342.0,3345.0,Zenaida macroura,Mourning Dove,0.8325,D:\Bird_Anuran_ARUs\RE03\SMM2-19_20260310_070302.wav
3345.0,3348.0,Baeolophus bicolor,Tufted Titmouse,0.3048,D:\Bird_Anuran_ARUs\RE03\SMM2-19_20260310_070302.wav
3348.0,3351.0,Pipilo erythrophthalmus,Eastern Towhee,0.6434,D:\Bird_Anuran_ARUs\RE03\SMM2-19_20260310_070302.wav
3351.0,3354.0,Zenaida macroura,Mourning Dove,0.8622,D:\Bird_Anuran_ARUs\RE03\SMM2-19_20260310_070302.wav
3354.0,3357.0,Pipilo erythrophthalmus,Eastern Towhee,0.6365,D:\Bird_Anuran_ARUs\RE03\SMM2-19_20260310_070302.wav
3369.0,3372.0,Pipilo erythrophthalmus,Eastern Towhee,0.6468,D:\Bird_Anuran_ARUs\RE03\SMM2-19_20260310_070302.wav
3369.0,3372.0,Corvus brachyrhynchos,American Crow,0.5776,D:\Bird_Anuran_ARUs\RE03\SMM2-19_20260310_070302.wav
3372.0,3375.0,Corvus brachyrhynchos,American Crow,0.3030,D:\Bird_Anuran_ARUs\RE03\SMM2-19_20260310_070302.wav
3378.0,3381.0,Pipilo erythrophthalmus,Eastern Towhee,0.7291,D:\Bird_Anuran_ARUs\RE03\SMM2-19_20260310_070302.wav
3378.0,3381.0,Corvus brachyrhynchos,American Crow,0.5314,D:\Bird_Anuran_ARUs\RE03\SMM2-19_20260310_070302.wav
3378.0,3381.0,Zenaida macroura,Mourning Dove,0.3148,D:\Bird_Anuran_ARUs\RE03\SMM2-19_20260310_070302.wav
3381.0,3384.0,Zenaida macroura,Mourning Dove,0.5423,D:\Bird_Anuran_ARUs\RE03\SMM2-19_20260310_070302.wav
3384.0,3387.0,Molothrus ater,Brown-headed Cowbird,0.3188,D:\Bird_Anuran_ARUs\RE03\SMM2-19_20260310_070302.wav
3387.0,3390.0,Pipilo erythrophthalmus,Eastern Towhee,0.3497,D:\Bird_Anuran_ARUs\RE03\SMM2-19_20260310_070302.wav
3393.0,3396.0,Pipilo erythrophthalmus,Eastern Towhee,0.9886,D:\Bird_Anuran_ARUs\RE03\SMM2-19_20260310_070302.wav
3393.0,3396.0,Corvus brachyrhynchos,American Crow,0.8710,D:\Bird_Anuran_ARUs\RE03\SMM2-19_20260310_070302.wav
3396.0,3399.0,Baeolophus bicolor,Tufted Titmouse,0.3122,D:\Bird_Anuran_ARUs\RE03\SMM2-19_20260310_070302.wav
3399.0,3402.0,Zenaida macroura,Mourning Dove,0.6628,D:\Bird_Anuran_ARUs\RE03\SMM2-19_20260310_070302.wav
3402.0,3405.0,Pipilo erythrophthalmus,Eastern Towhee,0.4614,D:\Bird_Anuran_ARUs\RE03\SMM2-19_20260310_070302.wav
3405.0,3408.0,Zenaida macroura,Mourning Dove,0.3880,D:\Bird_Anuran_ARUs\RE03\SMM2-19_20260310_070302.wav
3411.0,3414.0,Pipilo erythrophthalmus,Eastern Towhee,0.4618,D:\Bird_Anuran_ARUs\RE03\SMM2-19_20260310_070302.wav
3423.0,3426.0,Zenaida macroura,Mourning Dove,0.4327,D:\Bird_Anuran_ARUs\RE03\SMM2-19_20260310_070302.wav
3426.0,3429.0,Pipilo erythrophthalmus,Eastern Towhee,0.7993,D:\Bird_Anuran_ARUs\RE03\SMM2-19_20260310_070302.wav
3432.0,3435.0,Zenaida macroura,Mourning Dove,0.8559,D:\Bird_Anuran_ARUs\RE03\SMM2-19_20260310_070302.wav
3441.0,3444.0,Pipilo erythrophthalmus,Eastern Towhee,0.5217,D:\Bird_Anuran_ARUs\RE03\SMM2-19_20260310_070302.wav
3450.0,3453.0,Pipilo erythrophthalmus,Eastern Towhee,0.9415,D:\Bird_Anuran_ARUs\RE03\SMM2-19_20260310_070302.wav
3459.0,3462.0,Pipilo erythrophthalmus,Eastern Towhee,0.8840,D:\Bird_Anuran_ARUs\RE03\SMM2-19_20260310_070302.wav
3462.0,3465.0,Baeolophus bicolor,Tufted Titmouse,0.3646,D:\Bird_Anuran_ARUs\RE03\SMM2-19_20260310_070302.wav
3465.0,3468.0,Pipilo erythrophthalmus,Eastern Towhee,0.8221,D:\Bird_Anuran_ARUs\RE03\SMM2-19_20260310_070302.wav
3471.0,3474.0,Pipilo erythrophthalmus,Eastern Towhee,0.9521,D:\Bird_Anuran_ARUs\RE03\SMM2-19_20260310_070302.wav
3480.0,3483.0,Pipilo erythrophthalmus,Eastern Towhee,0.7798,D:\Bird_Anuran_ARUs\RE03\SMM2-19_20260310_070302.wav
3489.0,3492.0,Pipilo erythrophthalmus,Eastern Towhee,0.5138,D:\Bird_Anuran_ARUs\RE03\SMM2-19_20260310_070302.wav
3498.0,3501.0,Pipilo erythrophthalmus,Eastern Towhee,0.3762,D:\Bird_Anuran_ARUs\RE03\SMM2-19_20260310_070302.wav
3504.0,3507.0,Pipilo erythrophthalmus,Eastern Towhee,0.4673,D:\Bird_Anuran_ARUs\RE03\SMM2-19_20260310_070302.wav
3513.0,3516.0,Corvus brachyrhynchos,American Crow,0.4077,D:\Bird_Anuran_ARUs\RE03\SMM2-19_20260310_070302.wav
3513.0,3516.0,Pipilo erythrophthalmus,Eastern Towhee,0.2608,D:\Bird_Anuran_ARUs\RE03\SMM2-19_20260310_070302.wav
3522.0,3525.0,Pipilo erythrophthalmus,Eastern Towhee,0.7184,D:\Bird_Anuran_ARUs\RE03\SMM2-19_20260310_070302.wav
3531.0,3534.0,Pipilo erythrophthalmus,Eastern Towhee,0.3069,D:\Bird_Anuran_ARUs\RE03\SMM2-19_20260310_070302.wav
3546.0,3549.0,Zenaida macroura,Mourning Dove,0.5468,D:\Bird_Anuran_ARUs\RE03\SMM2-19_20260310_070302.wav
3549.0,3552.0,Zenaida macroura,Mourning Dove,0.6235,D:\Bird_Anuran_ARUs\RE03\SMM2-19_20260310_070302.wav
3552.0,3555.0,Pipilo erythrophthalmus,Eastern Towhee,0.4287,D:\Bird_Anuran_ARUs\RE03\SMM2-19_20260310_070302.wav
3564.0,3567.0,Spizella pusilla,Field Sparrow,0.2728,D:\Bird_Anuran_ARUs\RE03\SMM2-19_20260310_070302.wav
3567.0,3570.0,Setophaga pinus,Pine Warbler,0.8445,D:\Bird_Anuran_ARUs\RE03\SMM2-19_20260310_070302.wav
3570.0,3573.0,Pipilo erythrophthalmus,Eastern Towhee,0.4830,D:\Bird_Anuran_ARUs\RE03\SMM2-19_20260310_070302.wav
3576.0,3579.0,Pipilo erythrophthalmus,Eastern Towhee,0.5521,D:\Bird_Anuran_ARUs\RE03\SMM2-19_20260310_070302.wav
3579.0,3582.0,Zenaida macroura,Mourning Dove,0.7192,D:\Bird_Anuran_ARUs\RE03\SMM2-19_20260310_070302.wav
3582.0,3585.0,Zenaida macroura,Mourning Dove,0.9316,D:\Bird_Anuran_ARUs\RE03\SMM2-19_20260310_070302.wav
3585.0,3588.0,Zenaida macroura,Mourning Dove,0.9637,D:\Bird_Anuran_ARUs\RE03\SMM2-19_20260310_070302.wav
3588.0,3591.0,Zenaida macroura,Mourning Dove,0.8096,D:\Bird_Anuran_ARUs\RE03\SMM2-19_20260310_070302.wav
3591.0,3594.0,Setophaga pinus,Pine Warbler,0.8422,D:\Bird_Anuran_ARUs\RE03\SMM2-19_20260310_070302.wav
3591.0,3594.0,Corvus brachyrhynchos,American Crow,0.7475,D:\Bird_Anuran_ARUs\RE03\SMM2-19_20260310_070302.wav
3594.0,3597.0,Setophaga pinus,Pine Warbler,0.4907,D:\Bird_Anuran_ARUs\RE03\SMM2-19_20260310_070302.wav
