Species,Plot,Plot.Type,mean,CI.2.5,CI.97.5
Acadian Flycatcher,IF01,IF,0.5463712986740471,0.22938057590449176,0.8687466742675322
American Goldfinch,IF01,IF,0.9817566443518071,0.9065675665746971,0.9999021498323718
American Robin,IF01,IF,0.9821556161694969,0.898647851444101,0.9998848254294873
Black-and-white Warbler,IF01,IF,0.97711256050711,0.8792668437926443,0.9998657386394084
Blue Grosbeak,IF01,IF,0.9020936201857689,0.6943930133970528,0.9945737248036389
Blue Jay,IF01,IF,0.9517110894927558,0.8185809117431662,0.9976268104229296
Blue-gray Gnatcatcher,IF01,IF,0.9488239190884618,0.7953203214267451,0.9993387196905569
Brown Thrasher,IF01,IF,0.8694823282703265,0.6453779282225619,0.9842301991940064
Brown-headed Cowbird,IF01,IF,0.9822180293392179,0.9048805783860945,0.9998688897780503
Brown-headed Nuthatch,IF01,IF,0.3008574462074088,0.09116818357787718,0.5714600269437262
Carolina Chickadee,IF01,IF,0.9812405138043704,0.9013296537864728,0.9998924045133659
Carolina Wren,IF01,IF,0.9387982958845761,0.7737225211896696,0.9969780169761978
Chipping Sparrow,IF01,IF,0.9821712129694943,0.8998213797769138,0.9999007324024334
Chuck-will's-widow,IF01,IF,0.9394776780671422,0.7741263556471478,0.997807822469571
Common Yellowthroat,IF01,IF,0.8229404776233686,0.5840651929935871,0.9655000064145818
Downy Woodpecker,IF01,IF,0.981590450709443,0.8972259406128364,0.9998936293760577
Eastern Bluebird,IF01,IF,0.982325063531316,0.9008636191517553,0.9998923088217625
Eastern Kingbird,IF01,IF,0.47100746239657315,0.14350913803982362,0.8710863071752146
Eastern Towhee,IF01,IF,0.9817650707791783,0.905165882667556,0.9998828462803974
Eastern Wood-Pewee,IF01,IF,0.9380816104912789,0.7718756350943335,0.9969350525304402
Field Sparrow,IF01,IF,0.6686121804455355,0.37664524093172463,0.9035039907145934
Gray Catbird,IF01,IF,0.9495742689733623,0.812673935915239,0.9977046559173018
Great Crested Flycatcher,IF01,IF,0.9818199510171078,0.8977681363962694,0.9998993995272698
Hairy Woodpecker,IF01,IF,0.9383285527743177,0.7718214110738846,0.9968878221103183
Hooded Warbler,IF01,IF,0.9673870015514195,0.856371365222581,0.9991475156805865
Indigo Bunting,IF01,IF,0.2805773390498707,0.07019756446577208,0.6006725333033561
Mourning Dove,IF01,IF,0.9822533485638949,0.9041403961218285,0.9999093208259758
Northern Bobwhite,IF01,IF,0.9815174847065171,0.8971217875536484,0.9998990028075689
Northern Cardinal,IF01,IF,0.9820579784888246,0.8971299023758632,0.9999068961540205
Northern Flicker,IF01,IF,0.982170767944669,0.9018234706051692,0.9998849098666994
Northern Mockingbird,IF01,IF,0.15540587227379507,0.026313894563735236,0.4243685141384141
Ovenbird,IF01,IF,0.9818715667962087,0.9007281572842792,0.9999075716351916
Pileated Woodpecker,IF01,IF,0.8745037488988615,0.6635220428841411,0.9828827081518168
Pine Warbler,IF01,IF,0.9819939399038409,0.9040089563882882,0.9998660045543023
Prairie Warbler,IF01,IF,0.981582261881538,0.9021322329605289,0.9998919744925604
Red-bellied Woodpecker,IF01,IF,0.9029741320833368,0.6879837151644829,0.9939857554935252
Red-eyed Vireo,IF01,IF,0.9142258802959183,0.7265756980809517,0.9925885793339375
Ruby-throated Hummingbird,IF01,IF,0.966577812029303,0.8554738832032218,0.9991768920747176
Summer Tanager,IF01,IF,0.6253000895474686,0.3305036952005784,0.8730397833075311
Tufted Titmouse,IF01,IF,0.6499500250727704,0.3512239034213137,0.9153210271035817
White-breasted Nuthatch,IF01,IF,0.576250706973899,0.08087703135481136,0.9981050260183282
White-eyed Vireo,IF01,IF,0.9439535392415175,0.8007470398606098,0.9971643433896423
Wild Turkey,IF01,IF,0.7289465164293769,0.4366423391295637,0.9462136484169897
Wood Thrush,IF01,IF,0.811116267969309,0.5522331890448484,0.9674700711585885
Yellow-billed Cuckoo,IF01,IF,0.45458084669067506,0.19055593166879922,0.7343381385988845
Yellow-breasted Chat,IF01,IF,0.8377842471454892,0.5749705471705229,0.9851888652674252
Yellow-throated Warbler,IF01,IF,0.7218345899771885,0.4276216450071186,0.9355108101373364
Acadian Flycatcher,IF02,IF,0.5935368355707223,0.2565632646073863,0.9103982233102418
American Goldfinch,IF02,IF,0.9823591419440943,0.9067626443357073,0.9999000358961891
American Robin,IF02,IF,0.9826492090036596,0.9020801547713032,0.9998911384444331
Black-and-white Warbler,IF02,IF,0.977344374576938,0.8839474105989953,0.9998793911094938
Blue Grosbeak,IF02,IF,0.8848538376136381,0.6497774711311138,0.9933408265118518
Blue Jay,IF02,IF,0.9529587339675728,0.8201117030788342,0.9977502576618641
Blue-gray Gnatcatcher,IF02,IF,0.9423766623598562,0.7681353000652913,0.9993574618931769
Brown Thrasher,IF02,IF,0.8775011944803938,0.6543609107753223,0.9859716623005115
Brown-headed Cowbird,IF02,IF,0.9827212067905473,0.9026066287882056,0.9998891962542648
Brown-headed Nuthatch,IF02,IF,0.29677270897103175,0.08652509791331106,0.5738461731850865
Carolina Chickadee,IF02,IF,0.9815075562219998,0.9021590927079279,0.9998925871983974
Carolina Wren,IF02,IF,0.9360094258887321,0.7633034296119947,0.9967221897747275
Chipping Sparrow,IF02,IF,0.9826915439274524,0.9041576264775025,0.9998978844425628
Chuck-will's-widow,IF02,IF,0.9369997798112846,0.7608414800401865,0.9978419047773287
Common Yellowthroat,IF02,IF,0.8379409097164202,0.6030417085692549,0.969039507207915
Downy Woodpecker,IF02,IF,0.9819951343137421,0.8973324064919939,0.9999092402336645
Eastern Bluebird,IF02,IF,0.9826692754260429,0.900391443794508,0.9999036082755146
Eastern Kingbird,IF02,IF,0.4613687123928707,0.12334375652536203,0.8868993017720638
Eastern Towhee,IF02,IF,0.9820902178197818,0.9021187639596391,0.999893116884217
Eastern Wood-Pewee,IF02,IF,0.9361364486291682,0.7670348963013927,0.9969303006172002
Field Sparrow,IF02,IF,0.6116827568326784,0.3070258717521812,0.868922789030417
Gray Catbird,IF02,IF,0.9543004542006224,0.8239923448615412,0.9980668040549932
Great Crested Flycatcher,IF02,IF,0.9825434978518315,0.9015202105392789,0.9998990910292974
Hairy Woodpecker,IF02,IF,0.9357297452423331,0.7605889748756803,0.9966807690195238
Hooded Warbler,IF02,IF,0.9664030895744138,0.8513190671431096,0.9991458292855945
Indigo Bunting,IF02,IF,0.3061847311294233,0.07918776855082617,0.6578112384666108
Mourning Dove,IF02,IF,0.9825826717641541,0.9007477990173453,0.999911274364469
Northern Bobwhite,IF02,IF,0.9822588783270467,0.899764414008973,0.9999053912331904
Northern Cardinal,IF02,IF,0.9825550004678181,0.9034422605489285,0.9999121680163718
Northern Flicker,IF02,IF,0.9826166968713795,0.9020857597375517,0.9998912128312137
Northern Mockingbird,IF02,IF,0.18463134489939245,0.031534233249045744,0.4981602189260092
Ovenbird,IF02,IF,0.9822205964555412,0.9003064406914558,0.9999161872617681
Pileated Woodpecker,IF02,IF,0.8646549666847044,0.6367429662983922,0.9814519907660065
Pine Warbler,IF02,IF,0.9824247424506067,0.9024186983118903,0.9998768567751959
Prairie Warbler,IF02,IF,0.9818106220052869,0.9012022493757085,0.9999025798893478
Red-bellied Woodpecker,IF02,IF,0.8984844268073304,0.6721343543226928,0.994266686643357
Red-eyed Vireo,IF02,IF,0.9204984112853231,0.7412134589109876,0.993435778897228
Ruby-throated Hummingbird,IF02,IF,0.9687317996514787,0.86575979153326,0.999283364286533
Summer Tanager,IF02,IF,0.6744833307520085,0.3755481540760662,0.9100845171948508
Tufted Titmouse,IF02,IF,0.7457884755999656,0.46288834549932356,0.9487498145574969
White-breasted Nuthatch,IF02,IF,0.5989334187456544,0.08843897536550124,0.9983533369088095
White-eyed Vireo,IF02,IF,0.9412592889627104,0.792018708655004,0.997065127744699
Wild Turkey,IF02,IF,0.7932867338342358,0.5228830628754514,0.9643214433565913
Wood Thrush,IF02,IF,0.8262603603307542,0.569012062633593,0.9730936193992027
Yellow-billed Cuckoo,IF02,IF,0.4008166327431811,0.1458301642353538,0.6962243920912119
Yellow-breasted Chat,IF02,IF,0.873530847347644,0.6405471481050963,0.9892072137895662
Yellow-throated Warbler,IF02,IF,0.6670354161390365,0.3526630285467817,0.9250007068233512
Acadian Flycatcher,IF03,IF,0.5198343820749627,0.19416227747375694,0.8588402498806743
American Goldfinch,IF03,IF,0.980393371736025,0.8945598841944837,0.999906477810462
American Robin,IF03,IF,0.9808808505235554,0.8878994077892052,0.9998902584087995
Black-and-white Warbler,IF03,IF,0.9757527828660735,0.8703242041127055,0.9998718759764021
Blue Grosbeak,IF03,IF,0.90693564163120155,0.6884669763438418,0.9954523461272199
Blue Jay,IF03,IF,0.9490825108691788,0.800654880059498,0.997732229883988
Blue-gray Gnatcatcher,IF03,IF,0.9498099021917743,0.7881511016897411,0.9993358388424645
Brown Thrasher,IF03,IF,0.8610119684237636,0.6079853431401808,0.9840421201612752
Brown-headed Cowbird,IF03,IF,0.9809465884754475,0.8921860640236086,0.9998706454955337
Brown-headed Nuthatch,IF03,IF,0.3059608127221032,0.0853830306259653,0.6067574121500438
Carolina Chickadee,IF03,IF,0.9799911705359134,0.892011408320108,0.9998970331884312
Carolina Wren,IF03,IF,0.9375833492789253,0.7608498824211495,0.9974045835712143
Chipping Sparrow,IF03,IF,0.9808295077611938,0.8920178441135336,0.9999055820682763
Chuck-will's-widow,IF03,IF,0.9382546050289531,0.7572687082227777,0.9980523072851193
Common Yellowthroat,IF03,IF,0.8104301057719785,0.5388762514401799,0.9678428035360387
Downy Woodpecker,IF03,IF,0.9803342006836888,0.8873076659483238,0.9998920742507751
Eastern Bluebird,IF03,IF,0.9810990680611027,0.889292929600712,0.9998968973104991
Eastern Kingbird,IF03,IF,0.4765149333184034,0.1402842318395512,0.8704590452923004
Eastern Towhee,IF03,IF,0.9805079831809467,0.893844943435143,0.9998843786822306
Eastern Wood-Pewee,IF03,IF,0.9365238492738043,0.759352969870462,0.9972968759620215
Field Sparrow,IF03,IF,0.6933392892285943,0.3800757642672935,0.92664166123734
Gray Catbird,IF03,IF,0.9446825278505375,0.7912817350284204,0.9976785898300319
Great Crested Flycatcher,IF03,IF,0.9803451131241008,0.8840544431193803,0.9998984507934957
Hairy Woodpecker,IF03,IF,0.9371612472365396,0.7537322524562142,0.9973718333340865
Hooded Warbler,IF03,IF,0.9663222604838096,0.8449014724895582,0.9992242920100374
Indigo Bunting,IF03,IF,0.27060243066220363,0.059135555979789874,0.6018117984894722
Mourning Dove,IF03,IF,0.9810670991917683,0.8931775959000731,0.9999163170131421
Northern Bobwhite,IF03,IF,0.9800350518528688,0.8832217918079801,0.9999030557855209
Northern Cardinal,IF03,IF,0.9808044048889023,0.8866751796783756,0.9999102726663381
Northern Flicker,IF03,IF,0.9809145913658732,0.8912605896455762,0.9998929073000261
Northern Mockingbird,IF03,IF,0.14476893133032168,0.020130373030686242,0.42375492417837124
Ovenbird,IF03,IF,0.9806687183290949,0.8875852585418341,0.9999152816276452
Pileated Woodpecker,IF03,IF,0.8763389159382197,0.6493231235892296,0.9848414468105743
Pine Warbler,IF03,IF,0.9807270831453355,0.8930157957314266,0.999871055134043
Prairie Warbler,IF03,IF,0.9804017782863517,0.8910877929891143,0.9998956168868001
Red-bellied Woodpecker,IF03,IF,0.9024743317552925,0.6729480796743555,0.9945909305918046
Red-eyed Vireo,IF03,IF,0.9075054457422379,0.6904415667479896,0.9927716569189777
Ruby-throated Hummingbird,IF03,IF,0.9636398923909191,0.8374429682591117,0.9992251601761797
Summer Tanager,IF03,IF,0.595865848293409,0.2793798771570024,0.873871027309098
Tufted Titmouse,IF03,IF,0.5914114994880543,0.2628751643798744,0.8986777316476655
White-breasted Nuthatch,IF03,IF,0.5644480529574492,0.06698358746171991,0.9981575060512574
White-eyed Vireo,IF03,IF,0.9433592527312603,0.781724725856492,0.9973385806232079
Wild Turkey,IF03,IF,0.686703527398024,0.35124987022416704,0.9411078565027859
Wood Thrush,IF03,IF,0.7993890658915579,0.5126442384777473,0.9670617328865041
Yellow-billed Cuckoo,IF03,IF,0.4838655329848267,0.20033605207324218,0.7826955493116672
Yellow-breasted Chat,IF03,IF,0.8123657735918879,0.4970723589336512,0.9840144666945557
Yellow-throated Warbler,IF03,IF,0.7446208831968217,0.4311958424096653,0.9459355812208009
Acadian Flycatcher,IF04,IF,0.6234392399952033,0.24476525057398368,0.9429896714158137
American Goldfinch,IF04,IF,0.9811389893389177,0.8918226810929009,0.9999169435994522
American Robin,IF04,IF,0.9814122899842351,0.889123406645028,0.9999000300493487
Black-and-white Warbler,IF04,IF,0.9753918893389363,0.8602363725375887,0.9998970000707221
Blue Grosbeak,IF04,IF,0.8632190268398806,0.5490860048349251,0.9935891043672037
Blue Jay,IF04,IF,0.9507745915311842,0.7948215873289423,0.9980473132439767
Blue-gray Gnatcatcher,IF04,IF,0.9324700106120085,0.7117948211465672,0.9994746147266313
Brown Thrasher,IF04,IF,0.8772153409079952,0.612093106144195,0.9892870273929529
Brown-headed Cowbird,IF04,IF,0.9815025830648366,0.8855512436380649,0.9999077592434702
Brown-headed Nuthatch,IF04,IF,0.2985048581870462,0.0701407712914776,0.6340396806363539
Carolina Chickadee,IF04,IF,0.9798955874088974,0.8861881256212205,0.9999037793962351
Carolina Wren,IF04,IF,0.9290234802068839,0.7179008951027137,0.997409058762823
Chipping Sparrow,IF04,IF,0.9813708705365823,0.8926674356558822,0.9999085095253317
Chuck-will's-widow,IF04,IF,0.9304781492071039,0.7185545244466325,0.998084633605644
Common Yellowthroat,IF04,IF,0.8422091494263468,0.56018351497173835,0.9784978816279094
Downy Woodpecker,IF04,IF,0.9806483016947991,0.877070625278706,0.9999178921469456
Eastern Bluebird,IF04,IF,0.9812264352022741,0.8840096948288984,0.9999181294596727
Eastern Kingbird,IF04,IF,0.4554176312937086,0.09169739024085374,0.9143284230516415
Eastern Towhee,IF04,IF,0.980518905895026,0.8868378693795058,0.9999138254500902
Eastern Wood-Pewee,IF04,IF,0.9300245996717673,0.7270285410015848,0.9973909254973113
Field Sparrow,IF04,IF,0.5642629342136536,0.21120807590262808,0.8681514904728778
Gray Catbird,IF04,IF,0.9546980986233762,0.8052892601439465,0.9985877825647882
Great Crested Flycatcher,IF04,IF,0.9814287176254929,0.8868702041962876,0.9999098603996739
Hairy Woodpecker,IF04,IF,0.9290740429400667,0.7167245260412801,0.9970394668617842
Hooded Warbler,IF04,IF,0.9628164038906749,0.8253439719662782,0.9992479882434124
Indigo Bunting,IF04,IF,0.3301414362860136,0.07111533438227136,0.7263421505600658
Mourning Dove,IF04,IF,0.981210275479017,0.8889417449685924,0.9999242377568166
Northern Bobwhite,IF04,IF,0.981067417504348,0.8877555633278247,0.9999155988271019
Northern Cardinal,IF04,IF,0.9813715469632114,0.891792162951394,0.9999252448808977
Northern Flicker,IF04,IF,0.9813719172891396,0.8862760987188018,0.9999030051118746
Northern Mockingbird,IF04,IF,0.2150121755133661,0.03131685062858143,0.6019795933373492
Ovenbird,IF04,IF,0.980825296235449,0.8886910497622342,0.9999340259561428
Pileated Woodpecker,IF04,IF,0.85126330314461,0.574066865984586,0.9826630968237178
Pine Warbler,IF04,IF,0.9811494288741451,0.8897643154763752,0.9999033964762772
Prairie Warbler,IF04,IF,0.9802579404062451,0.882263193279332,0.9999159614332217
Red-bellied Woodpecker,IF04,IF,0.8901683384384802,0.6246604032790044,0.995383782673026
Red-eyed Vireo,IF04,IF,0.9203237179135693,0.7124590677672954,0.9952067433748061
Ruby-throated Hummingbird,IF04,IF,0.9676969925576818,0.8460370460721542,0.9994418590119395
Summer Tanager,IF04,IF,0.7036470830717159,0.36833885897959434,0.9429234681607432
Tufted Titmouse,IF04,IF,0.7994853950921683,0.5033214525556059,0.9727732008805935
White-breasted Nuthatch,IF04,IF,0.6151268191391527,0.08684229099148882,0.9984133445116866
White-eyed Vireo,IF04,IF,0.9355562622714106,0.7531738776990995,0.9974472664586118
Wild Turkey,IF04,IF,0.8273072973811018,0.5382304269311765,0.9796396932301501
Wood Thrush,IF04,IF,0.831944652338003,0.5471195565061301,0.9789320583892465
Yellow-billed Cuckoo,IF04,IF,0.36550184018455484,0.10036481283002394,0.7088149511952923
Yellow-breasted Chat,IF04,IF,0.8912199119589199,0.6536599751153243,0.9924049538841592
Yellow-throated Warbler,IF04,IF,0.6191602642732178,0.24679804025157814,0.9309076983637213
Acadian Flycatcher,IF05,IF,0.5424075086855865,0.22487846521534252,0.8654898538845074
American Goldfinch,IF05,IF,0.9816014336209796,0.9060180372246519,0.9999010048374972
American Robin,IF05,IF,0.9820126624234772,0.8985857314388371,0.9998853887270176
Black-and-white Warbler,IF05,IF,0.9769648632808381,0.8789915423209207,0.999866714481913
Blue Grosbeak,IF05,IF,0.902984749967771,0.6933716538915208,0.9946226828695961
Blue Jay,IF05,IF,0.9514071675582029,0.8170530264072882,0.9976742832531451
Blue-gray Gnatcatcher,IF05,IF,0.9490677750524521,0.793380960532679,0.9993311314740647
Brown Thrasher,IF05,IF,0.8684015275235168,0.6426610663007037,0.9839393520802018
Brown-headed Cowbird,IF05,IF,0.9820747865392874,0.904330151331005,0.9998672180324213
Brown-headed Nuthatch,IF05,IF,0.3015003778760487,0.09113243133227336,0.5733394395243578
Carolina Chickadee,IF05,IF,0.9811048972414531,0.9014132187724172,0.9998920300189901
Carolina Wren,IF05,IF,0.9387311994831024,0.7739753398673206,0.9970374631057758
Chipping Sparrow,IF05,IF,0.9820203572069198,0.8992584378713141,0.99990147410297
Chuck-will's-widow,IF05,IF,0.9394022864425133,0.7732584795297646,0.9978644391880381
Common Yellowthroat,IF05,IF,0.8212630435348269,0.5784067604420535,0.9658875645362723
Downy Woodpecker,IF05,IF,0.9814511541703341,0.8968782620306732,0.9998923831210684
Eastern Bluebird,IF05,IF,0.9821904780243679,0.8989206910897678,0.9998919476228557
Eastern Kingbird,IF05,IF,0.4718258131888726,0.1448237468547807,0.869539836008784
Eastern Towhee,IF05,IF,0.9816271311592789,0.904270643671156,0.9998828106375162
Eastern Wood-Pewee,IF05,IF,0.9379595226507845,0.7705814178167099,0.9969564280335331
Field Sparrow,IF05,IF,0.6725850528401596,0.3779864906234626,0.9065198204052679
Gray Catbird,IF05,IF,0.9489591736077629,0.8088638311844495,0.9977283312371994
Great Crested Flycatcher,IF05,IF,0.9816512151950976,0.8956858530470818,0.9998988757544373
Hairy Woodpecker,IF05,IF,0.938261220522536,0.7699500352968974,0.9969995170630943
Hooded Warbler,IF05,IF,0.9672973917591507,0.8550261535525527,0.9991706351491115
Indigo Bunting,IF05,IF,0.27891933355838594,0.0685266987833694,0.5999473879453667
Mourning Dove,IF05,IF,0.9821231505745439,0.9028734104242947,0.9999103888057644
Northern Bobwhite,IF05,IF,0.9813461802726038,0.894467888163108,0.9998991622387897
Northern Cardinal,IF05,IF,0.9819166431337333,0.8961062347038451,0.9999056293999676
Northern Flicker,IF05,IF,0.9820312694948187,0.9007787282009241,0.9998849014415201
Northern Mockingbird,IF05,IF,0.15361482304239743,0.025599130114510565,0.42171047489332547
Ovenbird,IF05,IF,0.981738836615571,0.8998317516159996,0.9999092104484282
Pileated Woodpecker,IF05,IF,0.8749191971397683,0.662917566215327,0.9832394941177214
Pine Warbler,IF05,IF,0.9818539407929174,0.9026550463377186,0.9998667648922929
Prairie Warbler,IF05,IF,0.9814547230083013,0.9013424046654845,0.9998910067843171
Red-bellied Woodpecker,IF05,IF,0.9030225250324643,0.684282120222565,0.9940215109260929
Red-eyed Vireo,IF05,IF,0.9133770398053661,0.7234272460280353,0.9926172707015418
Ruby-throated Hummingbird,IF05,IF,0.9662234823250939,0.8532499996465175,0.9992022366175379
Summer Tanager,IF05,IF,0.6209890786853013,0.32359442337209937,0.8731453874824222
Tufted Titmouse,IF05,IF,0.6413745523699964,0.34007571731351405,0.91172951306266
White-breasted Nuthatch,IF05,IF,0.5744591089685822,0.07880661369946292,0.9980831710271344
White-eyed Vireo,IF05,IF,0.943950261396169,0.7987407572994155,0.9971506822960597
Wild Turkey,IF05,IF,0.7229139320569711,0.4254559890427631,0.9450375429900952
Wood Thrush,IF05,IF,0.8095204107797022,0.5485950300572094,0.9673749453345714
Yellow-billed Cuckoo,IF05,IF,0.45899060342550296,0.19352130342783463,0.739081902005215
Yellow-breasted Chat,IF05,IF,0.8342638087523432,0.5647345746627765,0.9850417772137672
Yellow-throated Warbler,IF05,IF,0.7255404093629081,0.4283759591248216,0.9360275274353858
Acadian Flycatcher,IF06,IF,0.5331139517664708,0.21275224390139738,0.8631173675065948
American Goldfinch,IF06,IF,0.9811732775597363,0.9019799666464374,0.9999025709446052
American Robin,IF06,IF,0.9816147103257575,0.8966102810659516,0.9998858491131084
Black-and-white Warbler,IF06,IF,0.9765442096509152,0.8753413838593561,0.9998711725307434
Blue Grosbeak,IF06,IF,0.9048308995337113,0.6933884814874766,0.9949607040093954
Blue Jay,IF06,IF,0.9505754679217587,0.8104028923624511,0.9976786179007738
Blue-gray Gnatcatcher,IF06,IF,0.949502350862901,0.7907723928228719,0.999329743009725
Brown Thrasher,IF06,IF,0.8656180072862825,0.6304752163236573,0.9837912409445428
Brown-headed Cowbird,IF06,IF,0.9816769795155674,0.9000808386983007,0.9998653235831769
Brown-headed Nuthatch,IF06,IF,0.30317314036796694,0.08889405000926916,0.5838395284369795
Carolina Chickadee,IF06,IF,0.980718941843023,0.897180008030092,0.9998894836985807
Carolina Wren,IF06,IF,0.938416031058879,0.7683932322566444,0.9972274923793182
Chipping Sparrow,IF06,IF,0.9816008753279999,0.8952617485927536,0.9999032608036673
Chuck-will's-widow,IF06,IF,0.9390774359034538,0.7682124225828155,0.9979125349425875
Common Yellowthroat,IF06,IF,0.817071391772371,0.563533011104958,0.9662517143863647
Downy Woodpecker,IF06,IF,0.981060255372568,0.8940717644311618,0.9998881808991091
Eastern Bluebird,IF06,IF,0.981810556445102,0.8951942447712699,0.9998971964098419
Eastern Kingbird,IF06,IF,0.47375006201663644,0.14355806401898707,0.873127792626472
Eastern Towhee,IF06,IF,0.9812374085426077,0.9018972646202109,0.9998843699318153
Eastern Wood-Pewee,IF06,IF,0.937521218566889,0.7670633324096033,0.9971060597257279
Field Sparrow,IF06,IF,0.6814968788521387,0.3776371134291841,0.9147170681302704
Gray Catbird,IF06,IF,0.9473658340233704,0.8032516480416245,0.9976864721140918
Great Crested Flycatcher,IF06,IF,0.9811874340030152,0.8920559876197858,0.9998946303907833
Hairy Woodpecker,IF06,IF,0.937955354298386,0.7621302164555377,0.9971244849822976
Hooded Warbler,IF06,IF,0.9669928125022774,0.8517753064335044,0.9991773629994585
Indigo Bunting,IF06,IF,0.2752725070454223,0.06534303648704538,0.5997174460754121
Mourning Dove,IF06,IF,0.9817554238037776,0.8997806859011752,0.9999148129378929
Northern Bobwhite,IF06,IF,0.9808778269625377,0.8908954948769123,0.9998979939467281
Northern Cardinal,IF06,IF,0.9815241705370792,0.8943630742601862,0.9999070565783452
Northern Flicker,IF06,IF,0.9816405094283173,0.8977224066182603,0.9998887579852012
Northern Mockingbird,IF06,IF,0.1497099018736685,0.023532532336391854,0.42632562481207087
Ovenbird,IF06,IF,0.9813652004061749,0.8960094106718081,0.999910801863275
Pileated Woodpecker,IF06,IF,0.8756932133979011,0.6590397666236835,0.9834464760300459
Pine Warbler,IF06,IF,0.981460637535247,0.9001732280011575,0.9998687762301547
Prairie Warbler,IF06,IF,0.9810906288291392,0.8981279781525199,0.9998951285774236
Red-bellied Woodpecker,IF06,IF,0.9029650697011192,0.6821995092419427,0.9941738667262502
Red-eyed Vireo,IF06,IF,0.9111801412295996,0.7134570779494334,0.9927214068896131
Ruby-throated Hummingbird,IF06,IF,0.9652810407023953,0.8467859878130624,0.999205278434382
Summer Tanager,IF06,IF,0.6107657409344716,0.30413961124402683,0.8731923882535921
Tufted Titmouse,IF06,IF,0.6210180801047883,0.3108345765576302,0.9054689837458209
White-breasted Nuthatch,IF06,IF,0.5703035913378167,0.07271876168798841,0.9981417121836226
White-eyed Vireo,IF06,IF,0.9438240870054312,0.7938048508225892,0.9971605893949081
Wild Turkey,IF06,IF,0.7083857705493902,0.39947494523321686,0.9433752542557143
Wood Thrush,IF06,IF,0.8055698819454259,0.5362749759419141,0.9674623207513637
Yellow-billed Cuckoo,IF06,IF,0.4692767386526018,0.19631076045545837,0.7552696549597443
Yellow-breasted Chat,IF06,IF,0.8256431517854969,0.5391392509667318,0.9844075877681264
Yellow-throated Warbler,IF06,IF,0.7337925268836305,0.43038961748088855,0.9396210076887898
Acadian Flycatcher,IF07,IF,0.6405591520181728,0.22791737907083123,0.96307989094263
American Goldfinch,IF07,IF,0.97935399662073,0.8724532810046934,0.9999312190305674
American Robin,IF07,IF,0.9796633505061944,0.8734573077933857,0.9999163236885295
Black-and-white Warbler,IF07,IF,0.9728268804777632,0.834052142290079,0.9999185539631671
Blue Grosbeak,IF07,IF,0.8440683923171735,0.463406932117189,0.9939907147782007
Blue Jay,IF07,IF,0.947680239637277,0.770595312316478,0.9984163527878532
Blue-gray Gnatcatcher,IF07,IF,0.9226843663502907,0.6447858478033351,0.9995190237750272
Brown Thrasher,IF07,IF,0.8743575671202296,0.5641612170707776,0.9920111085323406
Brown-headed Cowbird,IF07,IF,0.9797720327802991,0.8683943221955879,0.999923045655362
Brown-headed Nuthatch,IF07,IF,0.30167026232759064,0.05539566477972343,0.6782254058715544
Carolina Chickadee,IF07,IF,0.9777545663049803,0.8669160484740424,0.9999179646843008
Carolina Wren,IF07,IF,0.9215737753733636,0.6626236832777158,0.9978343785380777
Chipping Sparrow,IF07,IF,0.9794792984349944,0.8738521131531913,0.9999172856573897
Chuck-will's-widow,IF07,IF,0.9234427076012475,0.6652684464960152,0.998344449124792
Common Yellowthroat,IF07,IF,0.842226705420905,0.5145473360356044,0.9843488563262535
Downy Woodpecker,IF07,IF,0.978810868773995,0.8589608952372888,0.9999268696407275
Eastern Bluebird,IF07,IF,0.9792487491077057,0.8669865331159975,0.9999337170815012
Eastern Kingbird,IF07,IF,0.452156194398405,0.07217841753968669,0.9294546764045252
Eastern Towhee,IF07,IF,0.9783593684006612,0.8644443354507474,0.9999269229643601
Eastern Wood-Pewee,IF07,IF,0.9232952927914972,0.673974233142411,0.9977943908670194
Field Sparrow,IF07,IF,0.5325253633488288,0.14426124364187334,0.872786991769101
Gray Catbird,IF07,IF,0.9536059927457321,0.7856396670966356,0.998909493930733
Great Crested Flycatcher,IF07,IF,0.9797856941230279,0.8696791151928448,0.9999253961156548
Hairy Woodpecker,IF07,IF,0.9219001073088848,0.6647709941234525,0.9974527157002446
Hooded Warbler,IF07,IF,0.9586626582122963,0.7997046852798142,0.9993666310133581
Indigo Bunting,IF07,IF,0.3477101617521581,0.06222623381146204,0.7813389171565311
Mourning Dove,IF07,IF,0.9793525029308439,0.8670632076754626,0.9999370530315426
Northern Bobwhite,IF07,IF,0.9792747213340365,0.871737775704746,0.9999277486648632
Northern Cardinal,IF07,IF,0.9797105288046406,0.8743575166805468,0.9999359943774078
Northern Flicker,IF07,IF,0.9796359398529598,0.870757183552119,0.9999222215613423
Northern Mockingbird,IF07,IF,0.23919081524777888,0.029575592064680082,0.6838375378844677
Ovenbird,IF07,IF,0.9789425668516365,0.870910764514786,0.9999445929404411
Pileated Woodpecker,IF07,IF,0.8392577633844485,0.5046109091245886,0.9844691933691406
Pine Warbler,IF07,IF,0.9793828921905608,0.8698061064914394,0.9999180906977386
Prairie Warbler,IF07,IF,0.9782175697883028,0.8656873811580217,0.9999293649776485
Red-bellied Woodpecker,IF07,IF,0.8820698515083994,0.5677088323005627,0.9960932923566859
Red-eyed Vireo,IF07,IF,0.9180639576210062,0.6753567287744912,0.9963949631485666
Ruby-throated Hummingbird,IF07,IF,0.9656475141199621,0.8201665730440953,0.9995367993762216
Summer Tanager,IF07,IF,0.7195347018762559,0.3459057485633608,0.9618733317469094
Tufted Titmouse,IF07,IF,0.8274749966565986,0.5185418564672734,0.9840123114023441
White-breasted Nuthatch,IF07,IF,0.6251169827612064,0.08053676087738924,0.9986021252571406
White-eyed Vireo,IF07,IF,0.9296382394685794,0.7135223319910047,0.9978760942364553
Wild Turkey,IF07,IF,0.8445461313207481,0.529537268893352,0.987559698198016
Wood Thrush,IF07,IF,0.8333916659105338,0.5094934751034808,0.9833317123411273
Yellow-billed Cuckoo,IF07,IF,0.3450023668818041,0.06911022531418827,0.7274391441364341
Yellow-breasted Chat,IF07,IF,0.8997561791887045,0.6443932591148533,0.9944532426072309
Yellow-throated Warbler,IF07,IF,0.5861648162515957,0.17742711485014337,0.937269698000233
Acadian Flycatcher,IF08,IF,0.570850144209769,0.2503563005915279,0.8895492993341007
American Goldfinch,IF08,IF,0.9823664489446172,0.9116744765439059,0.9998969112152457
American Robin,IF08,IF,0.9826996267450349,0.9021902468604359,0.9998832540648293
Black-and-white Warbler,IF08,IF,0.9776068095167124,0.8839611898161588,0.9998681328465131
Blue Grosbeak,IF08,IF,0.8949327371271388,0.6787153529976598,0.9936023148637958
Blue Jay,IF08,IF,0.9529268977588469,0.8240794633220876,0.9975280959289262
Blue-gray Gnatcatcher,IF08,IF,0.9464214922081989,0.7883485072666937,0.9993295574770154
Brown Thrasher,IF08,IF,0.874778056404515,0.6562831649031622,0.9845661230808017
Brown-headed Cowbird,IF08,IF,0.982765954329344,0.9071452323939905,0.9998720584449727
Brown-headed Nuthatch,IF08,IF,0.29786544161980455,0.09391613315001583,0.5624955677334245
Carolina Chickadee,IF08,IF,0.9817039977545783,0.9058620000209328,0.9998907982358229
Carolina Wren,IF08,IF,0.9382617858418993,0.7745143111477852,0.9966944887219675
Chipping Sparrow,IF08,IF,0.982745766895815,0.9066806774988413,0.9998957157845063
Chuck-will's-widow,IF08,IF,0.9390501226948996,0.7728922889121259,0.9976990780481622
Common Yellowthroat,IF08,IF,0.8318760214562169,0.6041945112466347,0.9662907639093338
Downy Woodpecker,IF08,IF,0.9820999384458402,0.904010835913114,0.9998983485222241
Eastern Bluebird,IF08,IF,0.982805787085389,0.9025682729562579,0.9998956384331802
Eastern Kingbird,IF08,IF,0.4659813066935722,0.1399466899928286,0.8773456685732292
Eastern Towhee,IF08,IF,0.9822523564979885,0.904679933909954,0.9998873318695006
Eastern Wood-Pewee,IF08,IF,0.9379294553737823,0.7768040228935972,0.9967633737749567
Field Sparrow,IF08,IF,0.6414824299131834,0.35473835007781723,0.8839267057532271
Gray Catbird,IF08,IF,0.9526037394775572,0.8232760255692579,0.9977959386296297
Great Crested Flycatcher,IF08,IF,0.9824977182119367,0.8997963343100817,0.999894003850701
Hairy Woodpecker,IF08,IF,0.937846855226538,0.7750040387611555,0.9967990193891588
Hooded Warbler,IF08,IF,0.9673897109986073,0.8590195779874806,0.9991076739502687
Indigo Bunting,IF08,IF,0.2923661387318403,0.07705307046284283,0.6231604892350062
Mourning Dove,IF08,IF,0.9827165573309236,0.9034325829371945,0.9999094620595022
Northern Bobwhite,IF08,IF,0.9822116986645527,0.9024525235121946,0.9999010869980428
Northern Cardinal,IF08,IF,0.982598214461972,0.9013337010267161,0.9999059222926008
Northern Flicker,IF08,IF,0.9826897790522773,0.9045148179450866,0.9998844446673214
Northern Mockingbird,IF08,IF,0.16847117161992617,0.029489592189900892,0.45691404580853184
Ovenbird,IF08,IF,0.9823490675104859,0.9030562731320296,0.9999060532405945
Pileated Woodpecker,IF08,IF,0.870662519161411,0.658603504248768,0.9814247320858164
Pine Warbler,IF08,IF,0.9825096714428472,0.9076567353744343,0.9998730447066451
Prairie Warbler,IF08,IF,0.9820116812306465,0.9053266165501214,0.9998945374721269
Red-bellied Woodpecker,IF08,IF,0.9016350471587151,0.6873180428584589,0.9940043456697724
Red-eyed Vireo,IF08,IF,0.918362590770074,0.742551599784265,0.9927505659474868
Ruby-throated Hummingbird,IF08,IF,0.9681743989227111,0.8655594149881741,0.99923314883104275
Summer Tanager,IF08,IF,0.651301747641189,0.36276074617458776,0.8883626203588356
Tufted Titmouse,IF08,IF,0.7012383826155533,0.41772691336809165,0.9294469281014636
White-breasted Nuthatch,IF08,IF,0.5876584621965646,0.08624620977509137,0.9982051795595971
White-eyed Vireo,IF08,IF,0.943252214257397,0.8007944967724397,0.9970365370359842
Wild Turkey,IF08,IF,0.7640308925098876,0.48681077870586337,0.9537823186496748
Wood Thrush,IF08,IF,0.8198519459427391,0.5658212429324413,0.969597768611166
Yellow-billed Cuckoo,IF08,IF,0.4269924980512034,0.1770621813557126,0.7044051066684834
Yellow-breasted Chat,IF08,IF,0.8576533093535728,0.6201523014992012,0.9869604829517933
Yellow-throated Warbler,IF08,IF,0.6961065717681179,0.4033704925574383,0.9276737718230547
Acadian Flycatcher,IF09,IF,0.5080128380604088,0.17662677507701197,0.8573540128327046
American Goldfinch,IF09,IF,0.9795099091205768,0.8862798287874775,0.9999087585098314
American Robin,IF09,IF,0.980040445389592,0.8818966579102362,0.9998962339666561
Black-and-white Warbler,IF09,IF,0.9748393902037589,0.862682772221158,0.9998694465860719
Blue Grosbeak,IF09,IF,0.9083360781074838,0.6843260959891792,0.9959296417424003
Blue Jay,IF09,IF,0.9474227353957272,0.7877754582760459,0.9977901983603009
Blue-gray Gnatcatcher,IF09,IF,0.949786827445807,0.7844776165654166,0.9993722432895361
Brown Thrasher,IF09,IF,0.8562520034930359,0.5811429748657428,0.9849384985018093
Brown-headed Cowbird,IF09,IF,0.9801143566255561,0.8816561992929408,0.9998757787419058
Brown-headed Nuthatch,IF09,IF,0.3088365695279292,0.08153961247666257,0.6234615733087033
Carolina Chickadee,IF09,IF,0.979147310268167,0.8834674336765893,0.9999006685560717
Carolina Wren,IF09,IF,0.9364527363026504,0.7497615724619859,0.9975552517433426
Chipping Sparrow,IF09,IF,0.9799498740487287,0.884932855024188,0.9999070570667187
Chuck-will's-widow,IF09,IF,0.9371563797057759,0.7447348142307623,0.9982215754278729
Common Yellowthroat,IF09,IF,0.8038359404430531,0.5079625707293307,0.969416525924535
Downy Woodpecker,IF09,IF,0.9795004425336978,0.8797034635569043,0.9998983762563558
Eastern Bluebird,IF09,IF,0.9802753779446586,0.8851414909744088,0.999896033633685
Eastern Kingbird,IF09,IF,0.4789943410264242,0.13756124929490524,0.8749170308786104
Eastern Towhee,IF09,IF,0.9796652734840839,0.8834440688158454,0.9998859582157056
Eastern Wood-Pewee,IF09,IF,0.9352546515022547,0.7497722826600979,0.9975683228477257
Field Sparrow,IF09,IF,0.7031022584032682,0.3754886274219762,0.9365877768247498
Gray Catbird,IF09,IF,0.9418288437699677,0.7755237642229869,0.9977281011853039
Great Crested Flycatcher,IF09,IF,0.9793926705389894,0.8754036640492556,0.9998979354220017
Hairy Woodpecker,IF09,IF,0.9360918067051361,0.7411891016120045,0.9975642448227848
Hooded Warbler,IF09,IF,0.9654760354929726,0.8362477224798124,0.9992657894547164
Indigo Bunting,IF09,IF,0.26693502252971557,0.05386270108073105,0.6077504597212289
Mourning Dove,IF09,IF,0.9802717559371492,0.887888391598421,0.9999177318665371
Northern Bobwhite,IF09,IF,0.9790908786555508,0.8784568067979085,0.9999075924772306
Northern Cardinal,IF09,IF,0.9799866358746446,0.8789482535693228,0.9999163111438896
Northern Flicker,IF09,IF,0.9800787579191927,0.8867235834092468,0.9998945233159603
Northern Mockingbird,IF09,IF,0.14092365066878865,0.017578627522780256,0.4246167554810347
Ovenbird,IF09,IF,0.979866560789127,0.8800133247978174,0.9999202783613977
Pileated Woodpecker,IF09,IF,0.8764780426013512,0.6388310703842398,0.9862499922759033
Pine Warbler,IF09,IF,0.9798794793477775,0.882646730198624,0.9998746936231251
Prairie Warbler,IF09,IF,0.9796011219179703,0.8860965847508375,0.9999028686033081
Red-bellied Woodpecker,IF09,IF,0.9016293112177757,0.665269856668737,0.9946453332548486
Red-eyed Vireo,IF09,IF,0.9036504951337117,0.6686633462508355,0.9931875115346603
Ruby-throated Hummingbird,IF09,IF,0.961847341530671,0.8241638311424804,0.9992314267399863
Summer Tanager,IF09,IF,0.582301718260281,0.25422221710337517,0.873796021424146
Tufted Titmouse,IF09,IF,0.5646623347613282,0.22180289955504537,0.8957075669219909
White-breasted Nuthatch,IF09,IF,0.5592813700733705,0.061369126269231584,0.99825058953701
White-eyed Vireo,IF09,IF,0.942658413934263,0.7733026662309282,0.9975152607899387
Wild Turkey,IF09,IF,0.6665122667062843,0.3078794268976723,0.9395893849656294
Wood Thrush,IF09,IF,0.7933128476609894,0.49345570555327994,0.967595084622117
Yellow-billed Cuckoo,IF09,IF,0.49677046153659554,0.1960662726682246,0.8055446291681995
Yellow-breasted Chat,IF09,IF,0.7995063717201719,0.46104783644510383,0.9839694381681925
Yellow-throated Warbler,IF09,IF,0.7534186474540496,0.4301912269520473,0.9522237094974456
Acadian Flycatcher,RE01,RE,0.8825735319377889,0.6461093429520179,0.9947749482975917
American Goldfinch,RE01,RE,0.993754582204277,0.9581046394121786,0.9999897121176996
American Robin,RE01,RE,0.9937156358447357,0.9582473427745787,0.9999866785489465
Black-and-white Warbler,RE01,RE,0.9921035080886395,0.949419345087723,0.9999859855383851
Blue Grosbeak,RE01,RE,0.9714276856530378,0.8747546806206072,0.9995750425102119
Blue Jay,RE01,RE,0.984544224389935,0.9204598942643375,0.9998428804052549
Blue-gray Gnatcatcher,RE01,RE,0.9840836089752132,0.9161904964853774,0.9999234223816729
Brown Thrasher,RE01,RE,0.9661707524537424,0.8614290713436412,0.9991869162550581
Brown-headed Cowbird,RE01,RE,0.9935694101207052,0.9554204370457627,0.9999883405748526
Brown-headed Nuthatch,RE01,RE,0.612802923058076,0.3135812438353801,0.8834919840236735
Carolina Chickadee,RE01,RE,0.9935551387709528,0.9571230670287338,0.9999883424721692
Carolina Wren,RE01,RE,0.9817897776040261,0.91192934601495,0.9997758349806265
Chipping Sparrow,RE01,RE,0.9935852433436598,0.9579987967070097,0.9999878087589555
Chuck-will's-widow,RE01,RE,0.9813590294628507,0.9071971143108599,0.9997995230736839
Common Yellowthroat,RE01,RE,0.9210090543629427,0.7517871719886347,0.9925421425672039
Downy Woodpecker,RE01,RE,0.9936609422299085,0.958141648465714,0.9999894206542538
Eastern Bluebird,RE01,RE,0.9937573517755004,0.9591845256533456,0.9999884510488175
Eastern Kingbird,RE01,RE,0.8854193896668386,0.6557273168037336,0.9941788128394949
Eastern Towhee,RE01,RE,0.9937945218422013,0.9601294012823366,0.9999885644661606
Eastern Wood-Pewee,RE01,RE,0.9811428664654244,0.9061208195468997,0.9998060779567733
Field Sparrow,RE01,RE,0.920121798436703,0.7414110727516369,0.9966065455960864
Gray Catbird,RE01,RE,0.984811603064849,0.9192020253412296,0.9998567686530391
Great Crested Flycatcher,RE01,RE,0.9936949523563412,0.9566370748527101,0.9999887396294189
Hairy Woodpecker,RE01,RE,0.9814450788035786,0.906611878388868,0.9997603127117993
Hooded Warbler,RE01,RE,0.9889615424103947,0.9390817997950197,0.9999181631067414
Indigo Bunting,RE01,RE,0.6304311920210557,0.3079958643407981,0.9369136333988429
Mourning Dove,RE01,RE,0.9936052065208514,0.9567629294863844,0.9999883588914736
Northern Bobwhite,RE01,RE,0.993391334784253,0.9579863553111733,0.9999880781809489
Northern Cardinal,RE01,RE,0.9935714845369706,0.9569949476786553,0.9999901802244442
Northern Flicker,RE01,RE,0.9936608043299411,0.9574389189555661,0.9999862511157012
Northern Mockingbird,RE01,RE,0.2660178354791455,0.04393121923309745,0.6745309620340546
Ovenbird,RE01,RE,0.9935101514441679,0.9567588611250822,0.9999887956320177
Pileated Woodpecker,RE01,RE,0.8989653125936187,0.6780526132950457,0.9916888614303556
Pine Warbler,RE01,RE,0.9936679520037279,0.9571819070189527,0.9999878689974161
Prairie Warbler,RE01,RE,0.9932613058245425,0.9583164398237904,0.9999864805991137
Red-bellied Woodpecker,RE01,RE,0.9539380826515977,0.8025072487846899,0.9994336123847333
Red-eyed Vireo,RE01,RE,0.9761331635842437,0.8924916701028074,0.9996095211934906
Ruby-throated Hummingbird,RE01,RE,0.9892752601015838,0.9371461773995678,0.9999347827702023
Summer Tanager,RE01,RE,0.8591597001244136,0.6123717749366693,0.9869127611972723
Tufted Titmouse,RE01,RE,0.8600600533853341,0.6150339483792217,0.9911615647620408
White-breasted Nuthatch,RE01,RE,0.7181505102715136,0.1296044690937369,0.999728783282967
White-eyed Vireo,RE01,RE,0.9821885069257994,0.9117776522559291,0.9998220678127538
Wild Turkey,RE01,RE,0.9135155074500282,0.7228212856193219,0.9963000432529799
Wood Thrush,RE01,RE,0.8249178762069653,0.5405484898763574,0.9743850949883398
Yellow-billed Cuckoo,RE01,RE,0.5701247081852798,0.26626330955759764,0.8390385865490165
Yellow-breasted Chat,RE01,RE,0.8701515328793824,0.574917943271036,0.9975903541002136
Yellow-throated Warbler,RE01,RE,0.7431021168956521,0.4268817511343645,0.9533114906081128
Acadian Flycatcher,RE02,RE,0.8949923044297637,0.6514196559981876,0.996718321981201
American Goldfinch,RE02,RE,0.9935734697812594,0.9541286126508017,0.9999907858755962
American Robin,RE02,RE,0.9934824850364554,0.954683615989995,0.9999878382849299
Black-and-white Warbler,RE02,RE,0.9916853914221118,0.9456054030345225,0.9999863800847173
Blue Grosbeak,RE02,RE,0.964870848725379,0.8403071168107734,0.999534360696398
Blue Jay,RE02,RE,0.9842778072281657,0.913853841762251,0.9998621462443624
Blue-gray Gnatcatcher,RE02,RE,0.9812608005746541,0.8999912846185028,0.9999223069825475
Brown Thrasher,RE02,RE,0.9668236554225789,0.8529770393853082,0.9993081038488772
Brown-headed Cowbird,RE02,RE,0.9933439630121272,0.9528607873282314,0.9999894315890236
Brown-headed Nuthatch,RE02,RE,0.605366362911995,0.27554872354357596,0.8962271299359212
Carolina Chickadee,RE02,RE,0.9932582640558342,0.9566079169067375,0.9999893089747709
Carolina Wren,RE02,RE,0.9800356297048394,0.9007382797609224,0.9997842249349546
Chipping Sparrow,RE02,RE,0.9933912896011878,0.9556173161132697,0.9999900966086934
Chuck-will's-widow,RE02,RE,0.9796826834885457,0.892005949237128,0.9998185008482514
Common Yellowthroat,RE02,RE,0.9250942110051275,0.749299403117397,0.9940167367538044
Downy Woodpecker,RE02,RE,0.9934363075716093,0.9537896233263456,0.9999909318971122
Eastern Bluebird,RE02,RE,0.9934386238002759,0.9555102834281817,0.9999898945093407
Eastern Kingbird,RE02,RE,0.8776854021287108,0.6125329048231322,0.9945748763586258
Eastern Towhee,RE02,RE,0.9934563754391557,0.9553690543100702,0.9999901148692265
Eastern Wood-Pewee,RE02,RE,0.979577937197274,0.8949432978464038,0.9998077822790359
Field Sparrow,RE02,RE,0.9003418449459262,0.6813632570274257,0.9958411197298054
Gray Catbird,RE02,RE,0.9855608796472942,0.9202826355748664,0.9998852649546104
Great Crested Flycatcher,RE02,RE,0.9935243228389516,0.9561270057879974,0.999990122629645
Hairy Woodpecker,RE02,RE,0.9797492284585051,0.8946346680095544,0.9997679644389613
Hooded Warbler,RE02,RE,0.9879777063799693,0.9290415273516099,0.9999263243481923
Indigo Bunting,RE02,RE,0.6506182069257487,0.29793927498882655,0.9514890250723395
Mourning Dove,RE02,RE,0.9933409142604096,0.9532278215708829,0.9999892731729529
Northern Bobwhite,RE02,RE,0.9932560167178124,0.9558384798767692,0.999989924207859
Northern Cardinal,RE02,RE,0.993281423882585,0.9516265773658584,0.9999907230556591
Northern Flicker,RE02,RE,0.9934805740002566,0.9555199412975143,0.9999888657526543
Northern Mockingbird,RE02,RE,0.3044873673132186,0.049990687224365185,0.7488835327329196
Ovenbird,RE02,RE,0.9932430341965065,0.9538624859033913,0.9999906792413965
Pileated Woodpecker,RE02,RE,0.8884645567515813,0.6334889194985289,0.99179457568785645
Pine Warbler,RE02,RE,0.9934835358601336,0.9535014338533998,0.9999888067873149
Prairie Warbler,RE02,RE,0.9929736430755034,0.9529726953270333,0.9999887096857344
Red-bellied Woodpecker,RE02,RE,0.9500409656338703,0.7735200419427087,0.9994908784998069
Red-eyed Vireo,RE02,RE,0.9767925548251242,0.8904853576732517,0.9996753729679224
Ruby-throated Hummingbird,RE02,RE,0.9893153701530761,0.9375002754363466,0.9999393828624655
Summer Tanager,RE02,RE,0.8775425710731364,0.6279495054566594,0.9908759147460215
Tufted Titmouse,RE02,RE,0.8998890554863368,0.6871298632673781,0.9948830392899908
White-breasted Nuthatch,RE02,RE,0.7343931642933206,0.13581354245840702,0.9997798301416662
White-eyed Vireo,RE02,RE,0.9807255938723,0.9013610539138318,0.9998357483900737
Wild Turkey,RE02,RE,0.9334233778495495,0.7725246838946319,0.9974635229712142
Wood Thrush,RE02,RE,0.834102932895544,0.5329087682147172,0.9807936335229637
Yellow-billed Cuckoo,RE02,RE,0.5208451541999635,0.20277031257542,0.8270784822581668
Yellow-breasted Chat,RE02,RE,0.8950566993541819,0.6290729169021806,0.9981443201358384
Yellow-throated Warbler,RE02,RE,0.6942006844156194,0.3365614142501943,0.9507624164980658
Acadian Flycatcher,RE03,RE,0.8811131309924667,0.6472225342929139,0.9946662952522163
American Goldfinch,RE03,RE,0.9937340611142175,0.9581314494443266,0.9999896007806384
American Robin,RE03,RE,0.9936996067170533,0.9581404661656622,0.9999867125422244
Black-and-white Warbler,RE03,RE,0.9920943755484695,0.9492906925145271,0.9999859368637184
Blue Grosbeak,RE03,RE,0.9718202486615788,0.8759793545854652,0.9995772190140534
Blue Jay,RE03,RE,0.9845013271774958,0.9198936401084318,0.9998426204303382
Blue-gray Gnatcatcher,RE03,RE,0.9842312972318072,0.9167595028225373,0.9999230120625027
Brown Thrasher,RE03,RE,0.9659736947098061,0.860336360863966,0.9991839445948938
Brown-headed Cowbird,RE03,RE,0.993553538042897,0.9555814741395926,0.9999884307631832
Brown-headed Nuthatch,RE03,RE,0.6133134141390075,0.31364296546381476,0.8823045839331853
Carolina Chickadee,RE03,RE,0.9935441269644205,0.9575375754587006,0.9999881313865163
Carolina Wren,RE03,RE,0.9818472468626712,0.9124583381914174,0.9997771948826418
Chipping Sparrow,RE03,RE,0.99356770719252685,0.9576292213376658,0.9999881334337337
Chuck-will's-widow,RE03,RE,0.9814113507227893,0.9066613517555009,0.9998001523271289
Common Yellowthroat,RE03,RE,0.920382121523704,0.7507274266639383,0.9923966539681598
Downy Woodpecker,RE03,RE,0.9936461305473351,0.9583157933639888,0.9999895832912606
Eastern Bluebird,RE03,RE,0.993748089315967,0.9593469174915993,0.9999883728059082
Eastern Kingbird,RE03,RE,0.8857712448201539,0.656599669240831,0.994193274820891
Eastern Towhee,RE03,RE,0.9937873546994911,0.9606593329463685,0.9999887645403506
Eastern Wood-Pewee,RE03,RE,0.9811836449665737,0.9054830142531127,0.9998090307430574
Field Sparrow,RE03,RE,0.9214504577505952,0.7435308472326737,0.9966691233672319
Gray Catbird,RE03,RE,0.9846766712247478,0.9190099563858873,0.9998572363202902
Great Crested Flycatcher,RE03,RE,0.9936744482203973,0.9565644130471379,0.9999888135206633
Hairy Woodpecker,RE03,RE,0.9815019210716771,0.9075236330240223,0.9997624922832715
Hooded Warbler,RE03,RE,0.9889890747800146,0.9391354883487121,0.9999193944036409
Indigo Bunting,RE03,RE,0.6284054816311687,0.30538920481335635,0.9348382348250848
Mourning Dove,RE03,RE,0.99359365253371,0.956780027600118,0.9999883039940708
Northern Bobwhite,RE03,RE,0.993364834889725,0.957487445252629,0.9999881459313228
Northern Cardinal,RE03,RE,0.9935625907714678,0.9566277104946495,0.9999899654224291
Northern Flicker,RE03,RE,0.9936424066840915,0.9567624603456,0.9999863246592678
Northern Mockingbird,RE03,RE,0.26297917317779684,0.04319863310813609,0.6707830449337701
Ovenbird,RE03,RE,0.9934968740337146,0.9574249362319465,0.9999885193132414
Pileated Woodpecker,RE03,RE,0.8996020699918109,0.6818872675039291,0.9917466680694823
Pine Warbler,RE03,RE,0.993650360484734,0.957264237233498,0.9999879590020656
Prairie Warbler,RE03,RE,0.9932498719453998,0.9584854560077696,0.9999863595822901
Red-bellied Woodpecker,RE03,RE,0.9541187677187528,0.8037049023864358,0.999420692098267
Red-eyed Vireo,RE03,RE,0.9759711950101043,0.8909098188134519,0.9996123040795798
Ruby-throated Hummingbird,RE03,RE,0.9892155781160495,0.9370844705704114,0.9999338732756623
Summer Tanager,RE03,RE,0.8570994115733787,0.6116479200564796,0.9862898666214376
Tufted Titmouse,RE03,RE,0.8556043753007861,0.6060551142574528,0.9907735657989093
White-breasted Nuthatch,RE03,RE,0.7165567743995016,0.12792183063604048,0.999726657493682
White-eyed Vireo,RE03,RE,0.9822408611144455,0.9116699738153847,0.999819166580421
Wild Turkey,RE03,RE,0.9112244808104316,0.7177320424286445,0.9962791508796751
Wood Thrush,RE03,RE,0.8237880266217725,0.5388889305799698,0.9740082787402641
Yellow-billed Cuckoo,RE03,RE,0.5743967325385282,0.26845313103909135,0.8416571905694804
Yellow-breasted Chat,RE03,RE,0.8674490279389645,0.5676630081789774,0.9975306189227188
Yellow-throated Warbler,RE03,RE,0.7468938860533693,0.4299048067454574,0.9540842153293801
Acadian Flycatcher,RE04,RE,0.8969412180811033,0.645176116938122,0.9971696466113243
American Goldfinch,RE04,RE,0.9934146650886184,0.9529440084059064,0.9999911568647625
American Robin,RE04,RE,0.9933102789710879,0.9527052376628428,0.9999885394743716
Black-and-white Warbler,RE04,RE,0.9914362751774035,0.9430651501718965,0.9999873810667218
Blue Grosbeak,RE04,RE,0.9626455045304065,0.8290147098044423,0.9995478893711551
Blue Jay,RE04,RE,0.9840128690225276,0.9119839322304956,0.9998706743943033
Blue-gray Gnatcatcher,RE04,RE,0.9802284277403926,0.892198778898675,0.9999233975622779
Brown Thrasher,RE04,RE,0.9665772145678528,0.8462467020136408,0.9993519749688721
Brown-headed Cowbird,RE04,RE,0.9931775726318408,0.9509070023765497,0.9999896832616193
Brown-headed Nuthatch,RE04,RE,0.6032487429008078,0.25887353340277836,0.9030451341627755
Carolina Chickadee,RE04,RE,0.9930686684776812,0.9535382947436287,0.9999899631171202
Carolina Wren,RE04,RE,0.9792953420484276,0.8950279431815972,0.9997925113249945
Chipping Sparrow,RE04,RE,0.9932346590281381,0.9536903326828468,0.9999904956959722
Chuck-will's-widow,RE04,RE,0.9789660870719988,0.8853749220605663,0.9998205953378501
Common Yellowthroat,RE04,RE,0.9253138514289921,0.7405276623319904,0.9946449174817055
Downy Woodpecker,RE04,RE,0.9932737542039712,0.951491849770468,0.999990943808523
Eastern Bluebird,RE04,RE,0.9932421360961808,0.9526247142971291,0.9999900177389803
Eastern Kingbird,RE04,RE,0.8748798742722245,0.5997592126385995,0.9947412040467827
Eastern Towhee,RE04,RE,0.9932542202483755,0.9535186868681126,0.9999909209831352
Eastern Wood-Pewee,RE04,RE,0.9788858590527298,0.8881728372974248,0.9998089126827024
Field Sparrow,RE04,RE,0.8942760951364953,0.6566321590554837,0.9956406128853171
Gray Catbird,RE04,RE,0.9855465648736642,0.9181346804221162,0.9998935716326307
Great Crested Flycatcher,RE04,RE,0.993373963946714,0.9552664131692739,0.9999908436407959
Hairy Woodpecker,RE04,RE,0.9790354120986791,0.8923085487741578,0.999772425341369
Hooded Warbler,RE04,RE,0.98754692016946,0.9260978886004094,0.9999301951069366
Indigo Bunting,RE04,RE,0.6545785106517775,0.2898221080537629,0.9558526801893893
Mourning Dove,RE04,RE,0.9931679175861488,0.9523094034215144,0.9999897745259306
Northern Bobwhite,RE04,RE,0.9931024260994604,0.9536121707761863,0.9999899662665214
Northern Cardinal,RE04,RE,0.9931050061038359,0.9496154615630478,0.9999906442890896
Northern Flicker,RE04,RE,0.9933310346525029,0.954648439547596,0.9999894139215835
Northern Mockingbird,RE04,RE,0.3143787737894536,0.04893042461673791,0.7692612149398773
Ovenbird,RE04,RE,0.993061670824095,0.9523857408802701,0.9999910998822803
Pileated Woodpecker,RE04,RE,0.885095578482119,0.6174842862083252,0.9922213527982916
Pine Warbler,RE04,RE,0.9933339098681805,0.9504465858926281,0.9999892698742194
Prairie Warbler,RE04,RE,0.9927866869057917,0.9519895598544423,0.9999892759743725
Red-bellied Woodpecker,RE04,RE,0.9486056767720401,0.7658250557711791,0.9995159173961269
Red-eyed Vireo,RE04,RE,0.9766506438923953,0.886984781548154,0.9996810419492329
Ruby-throated Hummingbird,RE04,RE,0.989154059720302,0.9352769549675154,0.9999432781715311
Summer Tanager,RE04,RE,0.8806850109895049,0.6276539078274519,0.9918583021394731
Tufted Titmouse,RE04,RE,0.9068444077350373,0.6952823379481596,0.9955337352362381
White-breasted Nuthatch,RE04,RE,0.7376690808944184,0.1365840888066679,0.999784191967652
White-eyed Vireo,RE04,RE,0.9801285056797423,0.8970711915496451,0.9998396088861937
Wild Turkey,RE04,RE,0.9367853383078938,0.77564397271567,0.9977345284728468
Wood Thrush,RE04,RE,0.8353603754003817,0.523110393515774,0.9823965827547884
Yellow-billed Cuckoo,RE04,RE,0.5094443969295324,0.18365649249459032,0.8286208822818444
Yellow-breasted Chat,RE04,RE,0.8995407396424121,0.6357150075498175,0.9982503959129982
Yellow-throated Warbler,RE04,RE,0.6814939940338061,0.3040055588528147,0.9520805679068458
Acadian Flycatcher,RE05,RE,0.9016958600434295,0.6171244534912799,0.9981924860757172
American Goldfinch,RE05,RE,0.9922893880202085,0.9419947666504137,0.9999930578983075
American Robin,RE05,RE,0.9921325482875182,0.9404261358040017,0.9999904779538924
Black-and-white Warbler,RE05,RE,0.9897988676140872,0.9268750193729415,0.9999907306203731
Blue Grosbeak,RE05,RE,0.9507778961287164,0.7503969104507311,0.9995632805044178
Blue Jay,RE05,RE,0.9821989899921203,0.8962786894472716,0.9998964926485706
Blue-gray Gnatcatcher,RE05,RE,0.9744339013465669,0.8471465884869599,0.9999327059212242
Brown Thrasher,RE05,RE,0.9642447226637578,0.8202216812675471,0.9994992789156169
Brown-headed Cowbird,RE05,RE,0.9920514341618497,0.942181079950824,0.9999924495963273
Brown-headed Nuthatch,RE05,RE,0.5942348376933301,0.19095237864277942,0.9247072310990535
Carolina Chickadee,RE05,RE,0.9918068072984301,0.9446436815225818,0.9999919344086438
Carolina Wren,RE05,RE,0.97495895848853,0.8601489155590254,0.9998287438944848
Chipping Sparrow,RE05,RE,0.9921274190233746,0.9433742074641231,0.9999931721026901
Chuck-will's-widow,RE05,RE,0.9747508304679535,0.8556494406373499,0.9998469715185726
Common Yellowthroat,RE05,RE,0.9238431950673878,0.6980908575753316,0.9965356369561695
Downy Woodpecker,RE05,RE,0.9921734808054428,0.939519182872569,0.9999925473823443
Eastern Bluebird,RE05,RE,0.9919378855290506,0.9374565757050536,0.9999923666554247
Eastern Kingbird,RE05,RE,0.8607710820648165,0.49576292412856543,0.9958741684190009
Eastern Towhee,RE05,RE,0.9919055592354331,0.9413788893735409,0.9999924708643048
Eastern Wood-Pewee,RE05,RE,0.9747866673277785,0.8536994247446557,0.9998400838237756
Field Sparrow,RE05,RE,0.8653236388571046,0.5260210069508138,0.9950395188170669
Gray Catbird,RE05,RE,0.9848483580289809,0.9093341828647655,0.9999243934864077
Great Crested Flycatcher,RE05,RE,0.992332376810579,0.9460726119891442,0.9999922361934946
Hairy Woodpecker,RE05,RE,0.9748303939869227,0.8539580128266477,0.9998055211235273
Hooded Warbler,RE05,RE,0.9849846748571407,0.9048215254963504,0.9999451237466248
Indigo Bunting,RE05,RE,0.6671396969756741,0.2498013112434257,0.9714791733625819
Mourning Dove,RE05,RE,0.9920166576437205,0.9426894538071516,0.9999916586525829
Northern Bobwhite,RE05,RE,0.9919739790113822,0.9409207512640682,0.9999913990406873
Northern Cardinal,RE05,RE,0.9919673073887647,0.9409568601251668,0.9999924604192815
Northern Flicker,RE05,RE,0.9922918242818839,0.9416675815409293,0.9999912222326844
Northern Mockingbird,RE05,RE,0.35400316837649587,0.045522385068514006,0.8530184827167058
Ovenbird,RE05,RE,0.9918607820800444,0.9399825140808123,0.9999933559188537
Pileated Woodpecker,RE05,RE,0.8688959414200449,0.5352772174595501,0.9929287583577014
Pine Warbler,RE05,RE,0.9922984786883547,0.942158289470712,0.9999915373038338
Prairie Warbler,RE05,RE,0.9915309733035138,0.939462641080803,0.9999916723754045
Red-bellied Woodpecker,RE05,RE,0.9410762769702806,0.7137616928002014,0.9996212353036675
Red-eyed Vireo,RE05,RE,0.9750616588181098,0.86305590520246,0.9997929443228996
Ruby-throated Hummingbird,RE05,RE,0.9878509296053667,0.9205961474109076,0.9999534916645453
Summer Tanager,RE05,RE,0.8894455293575748,0.6074212856339803,0.9952204570485986
Tufted Titmouse,RE05,RE,0.9274974246348968,0.714414798114853,0.9977452754722066
White-breasted Nuthatch,RE05,RE,0.7482392232474221,0.13335998430548804,0.9998160621015632
White-eyed Vireo,RE05,RE,0.976737908312837,0.8738259130336427,0.9998538048777116
Wild Turkey,RE05,RE,0.9464461547108987,0.777408150287801,0.9987570408472555
Wood Thrush,RE05,RE,0.8374572767592052,0.47193716393243373,0.9883919375881955
Yellow-billed Cuckoo,RE05,RE,0.46797200930561444,0.10797123618862103,0.8477663537960443
Yellow-breasted Chat,RE05,RE,0.9129600163401079,0.6436208964917058,0.9988143659417994
Yellow-throated Warbler,RE05,RE,0.6309525444721452,0.19040032957514497,0.9596481668895182
Acadian Flycatcher,RE06,RE,0.8889437683193206,0.6578512809371679,0.9958044912436531
American Goldfinch,RE06,RE,0.9937691268351787,0.9582712968336728,0.9999900391380481
American Robin,RE06,RE,0.9937078667870558,0.9575822678456876,0.9999870266686417
Black-and-white Warbler,RE06,RE,0.9920397895462311,0.9488297420562403,0.9999857518330814
Blue Grosbeak,RE06,RE,0.9690496344788637,0.8637084716877383,0.9995510532883941
Blue Jay,RE06,RE,0.9845964473763356,0.9184320459181747,0.9998482986927635
Blue-gray Gnatcatcher,RE06,RE,0.9831166184807786,0.9113413406250821,0.9999247938127309
Brown Thrasher,RE06,RE,0.9668074637088045,0.8611854051378709,0.9992552679108896
Brown-headed Cowbird,RE06,RE,0.993562610014617,0.9547342284489345,0.999988378670562
Brown-headed Nuthatch,RE06,RE,0.609874337008944,0.30394893790628597,0.8847431765650845
Carolina Chickadee,RE06,RE,0.9935209488910266,0.9574655409173863,0.9999888719955975
Carolina Wren,RE06,RE,0.9812747893264434,0.9091807955005682,0.9997799902036182
Chipping Sparrow,RE06,RE,0.9935894916675666,0.9579849524774908,0.9999883924536004
Chuck-will's-widow,RE06,RE,0.9808738926608105,0.9003269563235878,0.9997989593770259
Common Yellowthroat,RE06,RE,0.9234725764013386,0.7520229987023843,0.9930030913716048
Downy Woodpecker,RE06,RE,0.9936513786529247,0.9559907764150254,0.9999896632575737
Eastern Bluebird,RE06,RE,0.9937143142580959,0.9584871086138512,0.9999888566189223
Eastern Kingbird,RE06,RE,0.8828547538788296,0.6435094104751881,0.9944011476421395
Eastern Towhee,RE06,RE,0.9937427270817879,0.9592398098971113,0.9999893375699542
Eastern Wood-Pewee,RE06,RE,0.9807102171074967,0.9041559948761648,0.9998026356067145
Field Sparrow,RE06,RE,0.912521707755081,0.721240074994935,0.9960605847765911
Gray Catbird,RE06,RE,0.9853113754146271,0.9204502297684042,0.9998701786581935
Great Crested Flycatcher,RE06,RE,0.9937108225127007,0.9579665718607397,0.999989182614119
Hairy Woodpecker,RE06,RE,0.9809445142009617,0.9021383964406897,0.9997486265931306
Hooded Warbler,RE06,RE,0.9886850207861715,0.9350333785402034,0.9999211654591347
Indigo Bunting,RE06,RE,0.6399899705232011,0.3107339765174489,0.9423104975794705
Mourning Dove,RE06,RE,0.9935788214235639,0.9571969782275193,0.9999888138270263
Northern Bobwhite,RE06,RE,0.9934307525206949,0.9566269147282355,0.9999890138267588
Northern Cardinal,RE06,RE,0.9935324277410753,0.9547130240143367,0.9999905236885076
Northern Flicker,RE06,RE,0.9936693787949757,0.9572678573966305,0.9999872159898663
Northern Mockingbird,RE06,RE,0.28214526841953275,0.04882357537336762,0.698328241263648
Ovenbird,RE06,RE,0.9934883666592315,0.9563401672396932,0.9999904746548911
Pileated Woodpecker,RE06,RE,0.8950870536823389,0.6651163541019345,0.9915402335601499
Pine Warbler,RE06,RE,0.993673772521245,0.956636832795336,0.9999879186740733
Prairie Warbler,RE06,RE,0.9932304004665002,0.9565895547465286,0.9999876436399762
Red-bellied Woodpecker,RE06,RE,0.9526460596719157,0.7942867190575774,0.9994433667621115
Red-eyed Vireo,RE06,RE,0.9766830170763392,0.8953278341642968,0.9996191980259499
Ruby-throated Hummingbird,RE06,RE,0.989435926511854,0.9393906230779495,0.9999348686144646
Summer Tanager,RE06,RE,0.8683480797729253,0.6252925159298055,0.9884429724839939
Tufted Titmouse,RE06,RE,0.8799060357795385,0.6573824835928943,0.9926534781752098
White-breasted Nuthatch,RE06,RE,0.7257529342926113,0.1331446053216099,0.9997598138854086
White-eyed Vireo,RE06,RE,0.9817459817101751,0.9099203015971136,0.9998315337068308
Wild Turkey,RE06,RE,0.9235644788091569,0.7539944597690628,0.9967594933885029
Wood Thrush,RE06,RE,0.8297719301464912,0.5389253592085833,0.9762524046733472
Yellow-billed Cuckoo,RE06,RE,0.5484319797955427,0.24379679837084878,0.828523988219645
Yellow-breasted Chat,RE06,RE,0.8823891807989752,0.6088650137630793,0.9978179548748012
Yellow-throated Warbler,RE06,RE,0.7227671763392393,0.39292410701254077,0.9516393406890717
Acadian Flycatcher,RE07,RE,0.8604874422298705,0.585291627343046,0.9936741465084722
American Goldfinch,RE07,RE,0.9930923286559799,0.9546882250149314,0.9999900478481405
American Robin,RE07,RE,0.9931127725909326,0.9529820836220586,0.9999872549090554
Black-and-white Warbler,RE07,RE,0.9915039630105432,0.9447525232904822,0.9999865149112696
Blue Grosbeak,RE07,RE,0.974638015418177,0.8841424699990627,0.9996797060651988
Blue Jay,RE07,RE,0.983268888103843,0.9136086671413273,0.9998465216323598
Blue-gray Gnatcatcher,RE07,RE,0.9849878389880553,0.9189054818508016,0.9999314655400451
Brown Thrasher,RE07,RE,0.9620915479700827,0.8437380650799122,0.9991719325168751
Brown-headed Cowbird,RE07,RE,0.9929811427594784,0.9525561501597865,0.9999874622203108
Brown-headed Nuthatch,RE07,RE,0.6171431052189521,0.2944987043886944,0.8944256522549255
Carolina Chickadee,RE07,RE,0.9930085541365502,0.9508972919138882,0.9999882128103629
Carolina Wren,RE07,RE,0.9815203707767315,0.9082640128392958,0.9998076823454122
Chipping Sparrow,RE07,RE,0.9929820667815955,0.9533814212214168,0.9999884319012056
Chuck-will's-widow,RE07,RE,0.9810454157590334,0.90365659425148,0.9998201236354259
Common Yellowthroat,RE07,RE,0.9102524851659695,0.7065579504621269,0.9922854630563502
Downy Woodpecker,RE07,RE,0.9930886511043466,0.9545754185711607,0.9999894162389787
Eastern Bluebird,RE07,RE,0.9932315653865313,0.953743408982573,0.9999872523884527
Eastern Kingbird,RE07,RE,0.8861626419390988,0.6470051272417443,0.9949379546138827
Eastern Towhee,RE07,RE,0.9933154690541642,0.9582230810110601,0.999988217465424
Eastern Wood-Pewee,RE07,RE,0.9806579459479897,0.899099394350529,0.9998333236671293
Field Sparrow,RE07,RE,0.932535664454539,0.7550035912084946,0.9976872560157664
Gray Catbird,RE07,RE,0.9822798496636318,0.9026458915709077,0.9998516224955342
Great Crested Flycatcher,RE07,RE,0.9930315031428947,0.9497104027209671,0.9999893016058835
Hairy Woodpecker,RE07,RE,0.9812263440930011,0.9022460200335104,0.9997866045014561
Hooded Warbler,RE07,RE,0.9886979858621809,0.9347607189048265,0.9999304133599923
Indigo Bunting,RE07,RE,0.6041513856212477,0.252280031379051,0.9294316312447977
Mourning Dove,RE07,RE,0.9930699091718147,0.951057226486057,0.9999897813461146
Northern Bobwhite,RE07,RE,0.992625309894178,0.948361834922498,0.9999891462651483
Northern Cardinal,RE07,RE,0.9930710705663385,0.951639054070065,0.9999905430510878
Northern Flicker,RE07,RE,0.9930393132645078,0.951131115568389,0.9999876545256927
Northern Mockingbird,RE07,RE,0.23408184849259384,0.0327490650429803,0.6330769765411752
Ovenbird,RE07,RE,0.9929459437075828,0.9507678649252048,0.9999889385225565
Pileated Woodpecker,RE07,RE,0.9037299443485306,0.6829675428370748,0.9924925722717249
Pine Warbler,RE07,RE,0.9930655513538432,0.9525231446019984,0.99998812319927
Prairie Warbler,RE07,RE,0.9927183558497091,0.9518477719280456,0.9999863423816604
Red-bellied Woodpecker,RE07,RE,0.9544728412974863,0.7912634393415021,0.9994189509082024
Red-eyed Vireo,RE07,RE,0.9728962781542451,0.8754102543817094,0.9995766247345074
Ruby-throated Hummingbird,RE07,RE,0.9878886918402886,0.9282451108797941,0.9999276353868454
Summer Tanager,RE07,RE,0.829167542417521,0.5383371667283108,0.9829209013266075
Tufted Titmouse,RE07,RE,0.7949921858999802,0.4693934384004925,0.988205512133995
White-breasted Nuthatch,RE07,RE,0.6977950403032231,0.10581471850506069,0.9997368266922891
White-eyed Vireo,RE07,RE,0.9820548245051391,0.9031590021333088,0.9998376240387632
Wild Turkey,RE07,RE,0.8786196164756691,0.6299559000590724,0.9952459377148786
Wood Thrush,RE07,RE,0.8077971009002386,0.4923116895683531,0.972754355113411
Yellow-billed Cuckoo,RE07,RE,0.6184147750278027,0.2918350362287168,0.8810249432223078
Yellow-breasted Chat,RE07,RE,0.831908651288334,0.46703418068534863,0.997127827973195
Yellow-throated Warbler,RE07,RE,0.7821584947642396,0.45660500251217634,0.9662579651014443
Acadian Flycatcher,RE08,RE,0.8360988977772749,0.4843919438954557,0.9930549244770404
American Goldfinch,RE08,RE,0.9918190471978282,0.9431533848797928,0.9999916226086537
American Robin,RE08,RE,0.9918930585067605,0.93839962350972,0.999988002050074
Black-and-white Warbler,RE08,RE,0.9902056141785999,0.9316208723163613,0.9999877191420075
Blue Grosbeak,RE08,RE,0.9752664143937289,0.8751979404320327,0.9997737348706692
Blue Jay,RE08,RE,0.9809694295144695,0.89337303558218,0.9998595687632658
Blue-gray Gnatcatcher,RE08,RE,0.9845137984795999,0.9100504652769889,0.9999409914618312
Brown Thrasher,RE08,RE,0.9558875084299693,0.7977402037455721,0.9992449493217979
Brown-headed Cowbird,RE08,RE,0.9918259446190953,0.9427275025691841,0.9999875669735998
Brown-headed Nuthatch,RE08,RE,0.6178626823770531,0.24529599082970663,0.9123220867810785
Carolina Chickadee,RE08,RE,0.9918406733894538,0.9429450565379037,0.9999894723524416
Carolina Wren,RE08,RE,0.9798199436427362,0.8890120832569325,0.9998419023087165
Chipping Sparrow,RE08,RE,0.9917980582339813,0.9437009000902818,0.9999901449508231
Chuck-will's-widow,RE08,RE,0.9793451276845815,0.8877098484686349,0.9998452604986587
Common Yellowthroat,RE08,RE,0.8966260801971075,0.642295206444938,0.9933544930368476
Downy Woodpecker,RE08,RE,0.9919200880741041,0.9431566991181838,0.9999902923450431
Eastern Bluebird,RE08,RE,0.9920660401129586,0.944627493270324,0.9999884917272069
Eastern Kingbird,RE08,RE,0.8817521198519711,0.5981753884262851,0.9956927013516269
Eastern Towhee,RE08,RE,0.9922596897975251,0.9463078291638634,0.9999879010938098
Eastern Wood-Pewee,RE08,RE,0.9787554559187194,0.8796218012673679,0.9998558103585979
Field Sparrow,RE08,RE,0.9379163885525645,0.745131099550242,0.9985544008416941
Gray Catbird,RE08,RE,0.9785561247233038,0.8746179386265764,0.9998446372211343
Great Crested Flycatcher,RE08,RE,0.991742026346844,0.9390616823591904,0.9999904263615558
Hairy Woodpecker,RE08,RE,0.9796870763167758,0.8860172409194795,0.9998277057836159
Hooded Warbler,RE08,RE,0.9875375379569851,0.9250788786410039,0.999939908095003
Indigo Bunting,RE08,RE,0.5819976394667132,0.18977386183342024,0.9298300376450286
Mourning Dove,RE08,RE,0.9919341425598791,0.9390908482367453,0.9999902234304507
Northern Bobwhite,RE08,RE,0.991202131522579,0.9379814714006944,0.9999903950834533
Northern Cardinal,RE08,RE,0.9919729616560893,0.9414230890884634,0.9999910234333071
Northern Flicker,RE08,RE,0.9918152490279252,0.939135919314022,0.9999889656812752
Northern Mockingbird,RE08,RE,0.21608748511603387,0.021380193174916802,0.6271129353268765
Ovenbird,RE08,RE,0.9917853276658455,0.9404383457514498,0.9999909579161812
Pileated Woodpecker,RE08,RE,0.9034678205779252,0.6545353334134679,0.9940963994983605
Pine Warbler,RE08,RE,0.9918779632214961,0.9432411852774553,0.9999898339816357
Prairie Warbler,RE08,RE,0.9915747216819163,0.9375961531957229,0.9999885127226086
Red-bellied Woodpecker,RE08,RE,0.9525004965403077,0.7672541019277125,0.9994866317449219
Red-eyed Vireo,RE08,RE,0.968041568552347,0.8353497935898131,0.9995859339819028
Ruby-throated Hummingbird,RE08,RE,0.9855677229217689,0.9078012327172474,0.9999362164424989
Summer Tanager,RE08,RE,0.798005657684414,0.4321392182534022,0.982768670459191
Tufted Titmouse,RE08,RE,0.7286611826379414,0.31089597978989697,0.9847717737728103
White-breasted Nuthatch,RE08,RE,0.6808871917707844,0.0779573250841406,0.99974182753712
White-eyed Vireo,RE08,RE,0.9807949209550062,0.8924227050496514,0.9998483957464142
Wild Turkey,RE08,RE,0.8392696990312639,0.4919023342276778,0.9945445074717735
Wood Thrush,RE08,RE,0.7894157615403474,0.4216480278421702,0.9746419852765099
Yellow-billed Cuckoo,RE08,RE,0.6497744049117787,0.2845215996150474,0.9219603941293032
Yellow-breasted Chat,RE08,RE,0.7941106062895593,0.34780611657055077,0.9973208551820968
Yellow-throated Warbler,RE08,RE,0.8033014435213347,0.4540280056018138,0.9788227492682396
Acadian Flycatcher,RE09,RE,0.8728057016040801,0.6308811465369304,0.9944149873409708
American Goldfinch,RE09,RE,0.9935406295179371,0.9576779508617618,0.9999895308875031
American Robin,RE09,RE,0.993529563199045,0.9568777893862787,0.9999866782906383
Black-and-white Warbler,RE09,RE,0.9919395148264005,0.9485910923854938,0.9999858322977024
Blue Grosbeak,RE09,RE,0.9734198823633916,0.8818798600614223,0.9996203489734496
Blue Jay,RE09,RE,0.9841191950680902,0.9189563968744406,0.9998403019063218
Blue-gray Gnatcatcher,RE09,RE,0.9847639302077446,0.9202536073741834,0.9999268950109705
Brown Thrasher,RE09,RE,0.9646159401937631,0.8569386640369764,0.9991802588514049
Brown-headed Cowbird,RE09,RE,0.9933863979549007,0.9562260002509745,0.9999879045416951
Brown-headed Nuthatch,RE09,RE,0.6154652642293789,0.3093683335699771,0.8859305519541318
Carolina Chickadee,RE09,RE,0.9933980445846491,0.9556803915632148,0.9999876428227199
Carolina Wren,RE09,RE,0.9819155729307395,0.9121790580252236,0.9997876302642722
Chipping Sparrow,RE09,RE,0.9933941907330749,0.9573004884521843,0.9999876482551338
Chuck-will's-widow,RE09,RE,0.9814579062020002,0.9066311151127056,0.9997986002084056
Common Yellowthroat,RE09,RE,0.9165344339013651,0.7354749395093307,0.9921128932227554
Downy Woodpecker,RE09,RE,0.9934859080517299,0.957432787456117,0.9999895292485651
Eastern Bluebird,RE09,RE,0.9936108855594098,0.9574463513554773,0.9999873498467946
Eastern Kingbird,RE09,RE,0.8867321673385794,0.6560047071959108,0.994530658105869
Eastern Towhee,RE09,RE,0.9936641430894918,0.9613724589440162,0.9999886079927289
Eastern Wood-Pewee,RE09,RE,0.9811657663090819,0.9045968476765641,0.9998141455012179
Field Sparrow,RE09,RE,0.9272393110234805,0.7514586030834601,0.9971939746283949
Gray Catbird,RE09,RE,0.9838083405764368,0.911811450386044,0.9998499316269999
Great Crested Flycatcher,RE09,RE,0.9934813511349956,0.9538780735361377,0.9999889178220915
Hairy Woodpecker,RE09,RE,0.9815793658774863,0.9061010244629958,0.9997611880969952
Hooded Warbler,RE09,RE,0.9889921237400396,0.9398342220181125,0.9999211449051969
Indigo Bunting,RE09,RE,0.6177781132158476,0.2865972809979992,0.9300875079208033
Mourning Dove,RE09,RE,0.9934491745177039,0.9548512211756638,0.9999883807583432
Northern Bobwhite,RE09,RE,0.9931352327349023,0.9547089652400954,0.9999888925787151
Northern Cardinal,RE09,RE,0.993431972870827,0.9548200847352999,0.9999896547047289
Northern Flicker,RE09,RE,0.9934633772027546,0.9561555881764914,0.9999868234122465
Northern Mockingbird,RE09,RE,0.2487964248287624,0.03873652809419473,0.6504444241452542
Ovenbird,RE09,RE,0.993341234244759,0.9558252478466779,0.9999879499849578
Pileated Woodpecker,RE09,RE,0.9021164823166805,0.6842106177435783,0.9920524698069035
Pine Warbler,RE09,RE,0.9934771706841106,0.9566198051531807,0.9999880123709705
Prairie Warbler,RE09,RE,0.9931033140607466,0.9546551041931131,0.9999860918334078
Red-bellied Woodpecker,RE09,RE,0.9546460020301445,0.8015200027941168,0.9994031056334142
Red-eyed Vireo,RE09,RE,0.9748817756710729,0.885544971133233,0.9995938332870727
Ruby-throated Hummingbird,RE09,RE,0.9887720189659008,0.9349264015250559,0.9999286785540591
Summer Tanager,RE09,RE,0.8456193384732791,0.5822249107141622,0.9846533084419139
Tufted Titmouse,RE09,RE,0.8307107661527889,0.5493357095446707,0.9895473084054895
White-breasted Nuthatch,RE09,RE,0.7082751197107456,0.11858160294384774,0.9997281959599817
White-eyed Vireo,RE09,RE,0.9823281302712161,0.9098915327665097,0.9998225690378244
Wild Turkey,RE09,RE,0.8981737591907826,0.6862274374049346,0.9958295117854453
Wood Thrush,RE09,RE,0.8173268905385449,0.5238731329693137,0.9734209236901846
Yellow-billed Cuckoo,RE09,RE,0.5951863836803354,0.286113787670317,0.8564045438219795
Yellow-breasted Chat,RE09,RE,0.8526138101982581,0.5263227039403797,0.9974445586701965
Yellow-throated Warbler,RE09,RE,0.7643915455022011,0.45240607511705705,0.9590295432527789
Acadian Flycatcher,TO01,TO,0.6181448205626384,0.3061927503925683,0.909162633418627
American Goldfinch,TO01,TO,0.9907649433961543,0.9404605522290834,0.9999925616848258
American Robin,TO01,TO,0.9908358247753067,0.9403417094332919,0.9999931980859272
Black-and-white Warbler,TO01,TO,0.979657936587655,0.8727763825611529,0.9999884472556251
Blue Grosbeak,TO01,TO,0.9756378812941005,0.8791676360949566,0.9998656922863318
Blue Jay,TO01,TO,0.8495861804603717,0.633966987279205,0.9737561987513796
Blue-gray Gnatcatcher,TO01,TO,0.9833034361401276,0.9043231762281613,0.9999686643267998
Brown Thrasher,TO01,TO,0.9761893448234555,0.8854106411593887,0.9998218648429431
Brown-headed Cowbird,TO01,TO,0.9907177468798711,0.9330480472696239,0.999991697029044
Brown-headed Nuthatch,TO01,TO,0.21682705894270934,0.05407707048445047,0.4578632716999245
Carolina Chickadee,TO01,TO,0.9901590116342538,0.9335142584150533,0.9999936236446118
Carolina Wren,TO01,TO,0.9813155206415396,0.90097811549462,0.9999262754197727
Chipping Sparrow,TO01,TO,0.9909263433645481,0.9367716273205604,0.9999930728927562
Chuck-will's-widow,TO01,TO,0.9811220038219742,0.8988900234263694,0.999928448289211
Common Yellowthroat,TO01,TO,0.9726266681516148,0.8744375286487056,0.999771364621475
Downy Woodpecker,TO01,TO,0.9906373944549594,0.934655302662685,0.9999931541996844
Eastern Bluebird,TO01,TO,0.9912376719064643,0.9434800846156886,0.9999937754154715
Eastern Kingbird,TO01,TO,0.6840186855200285,0.3322897299057647,0.9874786532909701
Eastern Towhee,TO01,TO,0.9906052892274778,0.9351684837408867,0.9999932730644168
Eastern Wood-Pewee,TO01,TO,0.9810039727427495,0.8972342216444694,0.9999274028489087
Field Sparrow,TO01,TO,0.9580545926370964,0.8263512126449168,0.999452062808126
Gray Catbird,TO01,TO,0.8531998078242096,0.6439138995195685,0.9725809488327427
Great Crested Flycatcher,TO01,TO,0.9908553834856033,0.9403197761994351,0.9999940932462511
Hairy Woodpecker,TO01,TO,0.9812616675280484,0.8979006461850443,0.9999191569717137
Hooded Warbler,TO01,TO,0.9506949486579617,0.8131099546754469,0.9984408715885419
Indigo Bunting,TO01,TO,0.5788890302508964,0.2638767410617969,0.9015519979630503
Mourning Dove,TO01,TO,0.9912838021933401,0.9387768739275243,0.9999940058308017
Northern Bobwhite,TO01,TO,0.9902569253956319,0.9326958431368173,0.9999923330840575
Northern Cardinal,TO01,TO,0.9905576763986631,0.9355412480821073,0.9999927901464483
Northern Flicker,TO01,TO,0.9910506999885899,0.9392723263295982,0.999993539926749
Northern Mockingbird,TO01,TO,0.25191526537812353,0.05970720170899817,0.5736847213187483
Ovenbird,TO01,TO,0.9910594062888953,0.9409763643253908,0.9999930993465028
Pileated Woodpecker,TO01,TO,0.5992953711915618,0.3326913371779264,0.839114054457095
Pine Warbler,TO01,TO,0.9909485374494852,0.9400200322537693,0.9999923245072918
Prairie Warbler,TO01,TO,0.9907742343849155,0.9363639038778956,0.9999944495917911
Red-bellied Woodpecker,TO01,TO,0.7539294928804968,0.49463726612658526,0.9460354690710311
Red-eyed Vireo,TO01,TO,0.9422675769390355,0.7995401101617031,0.9968073551158587
Ruby-throated Hummingbird,TO01,TO,0.9551881201494501,0.8299115342520214,0.9990955254031536
Summer Tanager,TO01,TO,0.6226727329875853,0.3371813452788225,0.869072286958969
Tufted Titmouse,TO01,TO,0.5721780751625406,0.29709681549721717,0.8299417340094312
White-breasted Nuthatch,TO01,TO,0.3386738800283743,0.002878256775477067,0.9996441865995068
White-eyed Vireo,TO01,TO,0.7218512284865435,0.47398002655092597,0.9097978399837835
Wild Turkey,TO01,TO,0.25986440440137465,0.055955475841218,0.5664487083690347
Wood Thrush,TO01,TO,0.3116458928014465,0.11434857152487973,0.566877658106448
Yellow-billed Cuckoo,TO01,TO,0.37458588919857805,0.1484187615538853,0.6449327297009715
Yellow-breasted Chat,TO01,TO,0.46989631382537145,0.19926139369978413,0.7723047856521715
Yellow-throated Warbler,TO01,TO,0.9285307834862159,0.7514968087661479,0.9990622563768072
Acadian Flycatcher,TO02,TO,0.5957940401927777,0.306603275029429,0.8837589817711815
American Goldfinch,TO02,TO,0.9907272968986922,0.9404636909682811,0.9999922168689227
American Robin,TO02,TO,0.9908618200052073,0.9408718331529946,0.9999926594336888
Black-and-white Warbler,TO02,TO,0.9801157262525184,0.8786282868198115,0.9999883894741364
Blue Grosbeak,TO02,TO,0.9778711474437061,0.8886570443704503,0.9998787302065758
Blue Jay,TO02,TO,0.8491780839274209,0.6431251658217424,0.9708052831323107
Blue-gray Gnatcatcher,TO02,TO,0.9845021016035713,0.9115336010245616,0.9999671366422054
Brown Thrasher,TO02,TO,0.9755762580446256,0.8856419562799419,0.9998135340664444
Brown-headed Cowbird,TO02,TO,0.9907377443617129,0.9358986836829414,0.9999910328801438
Brown-headed Nuthatch,TO02,TO,0.217020715109654,0.05925457975382182,0.444358526163319
Carolina Chickadee,TO02,TO,0.9902511827241841,0.9331076018521611,0.999993622351317
Carolina Wren,TO02,TO,0.9819303100664972,0.9041390376416945,0.9999318266742092
Chipping Sparrow,TO02,TO,0.990895291476907,0.9376295196056733,0.9999932938113612
Chuck-will's-widow,TO02,TO,0.98179244490809,0.9014620360785125,0.9999318300273415
Common Yellowthroat,TO02,TO,0.9714639118353444,0.8727262339393944,0.9997598519275733
Downy Woodpecker,TO02,TO,0.9906881044792092,0.9352723269050797,0.999993310480687
Eastern Bluebird,TO02,TO,0.9912200039807928,0.9419077942935394,0.9999938279553207
Eastern Kingbird,TO02,TO,0.6922678903933273,0.3681199921626033,0.9861122612544303
Eastern Towhee,TO02,TO,0.9906154668340096,0.9378838083100427,0.999993356262412
Eastern Wood-Pewee,TO02,TO,0.9814980111712377,0.9009422151242317,0.9999263097514459
Field Sparrow,TO02,TO,0.9630703381279675,0.8504520521922979,0.9995145852516099
Gray Catbird,TO02,TO,0.8471725464388326,0.6466318560925359,0.9679355455350795
Great Crested Flycatcher,TO02,TO,0.9907587384491409,0.9394568861448271,0.9999941147099948
Hairy Woodpecker,TO02,TO,0.981961665543464,0.9021791904937261,0.9999212573782211
Hooded Warbler,TO02,TO,0.9519779439709326,0.8206061770565278,0.9984639856980162
Indigo Bunting,TO02,TO,0.5657100520963627,0.270688638839365,0.88381367106388
Mourning Dove,TO02,TO,0.9912706823665448,0.9366230123172782,0.9999938179051727
Northern Bobwhite,TO02,TO,0.9903238510806076,0.9325939517511492,0.9999921286311464
Northern Cardinal,TO02,TO,0.9905033280821364,0.9341421210160302,0.9999923921403604
Northern Flicker,TO02,TO,0.9910306867761721,0.9399064252864964,0.9999932472719243
Northern Mockingbird,TO02,TO,0.23177151059313597,0.05642671278691673,0.5235338663423488
Ovenbird,TO02,TO,0.991039688838547,0.9408884197896611,0.9999927707087789
Pileated Woodpecker,TO02,TO,0.6108439038474572,0.3636690936741136,0.8346533301343722
Pine Warbler,TO02,TO,0.9909382147629151,0.9407240022430914,0.999991689388543
Prairie Warbler,TO02,TO,0.9908082699830307,0.9374699017438913,0.9999943498792895
Red-bellied Woodpecker,TO02,TO,0.7583927439745494,0.5179604321860385,0.941881633631999
Red-eyed Vireo,TO02,TO,0.9405288485339263,0.8028744506822296,0.9965515759854122
Ruby-throated Hummingbird,TO02,TO,0.9542702994599532,0.8299106294163873,0.9990240856939802
Summer Tanager,TO02,TO,0.597238400123532,0.3344755205980975,0.8369793255742445
Tufted Titmouse,TO02,TO,0.5143650617251628,0.261066933416153,0.7745766096080338
White-breasted Nuthatch,TO02,TO,0.331132817330922,0.0026887721489771365,0.9996342176719423
White-eyed Vireo,TO02,TO,0.7279436604456823,0.49917593946240923,0.9055584997050302
Wild Turkey,TO02,TO,0.2239298018590943,0.05029236491727315,0.48278185602943235
Wood Thrush,TO02,TO,0.2984852191225908,0.11354642168333606,0.5316834936423434
Yellow-billed Cuckoo,TO02,TO,0.40024825105700607,0.17982970629579959,0.6501110734519948
Yellow-breasted Chat,TO02,TO,0.4333924607034421,0.18342408650251502,0.7223865622223379
Yellow-throated Warbler,TO02,TO,0.936886933061608,0.7780598610674668,0.9991604914558283
Acadian Flycatcher,TO03,TO,0.5945504823633819,0.30622444349972744,0.8819131741015476
American Goldfinch,TO03,TO,0.990715465807054,0.9406247241835091,0.9999922191499185
American Robin,TO03,TO,0.9908543232508855,0.9404434038046549,0.9999925749429549
Black-and-white Warbler,TO03,TO,0.9801220242731382,0.8776028038214604,0.9999881472621145
Blue Grosbeak,TO03,TO,0.9779642168518907,0.8886253370255867,0.9998797046723199
Blue Jay,TO03,TO,0.8490824635486646,0.6427098476675002,0.9707067419276413
Blue-gray Gnatcatcher,TO03,TO,0.9845488140076499,0.9122036579682254,0.9999672134172025
Brown Thrasher,TO03,TO,0.97552483521188,0.8857438130770234,0.9998116806035251
Brown-headed Cowbird,TO03,TO,0.9907297974566419,0.9356560851426468,0.9999909768378354
Brown-headed Nuthatch,TO03,TO,0.2170912249869161,0.05930753236930624,0.44369383532233736
Carolina Chickadee,TO03,TO,0.9902457483942115,0.9327679719358938,0.9999936161958576
Carolina Wren,TO03,TO,0.9819457957655569,0.9047834666275603,0.9999317695602068
Chipping Sparrow,TO03,TO,0.9908841387407624,0.9376695718456012,0.9999932279833408
Chuck-will's-widow,TO03,TO,0.9818114201169947,0.9018075547738945,0.9999319489358074
Common Yellowthroat,TO03,TO,0.9713806339794954,0.8722217731029841,0.9997581306683758
Downy Woodpecker,TO03,TO,0.9906812921928142,0.9351140958307474,0.9999932577147256
Eastern Bluebird,TO03,TO,0.991209567143942,0.9421928691768602,0.999993810157844
Eastern Kingbird,TO03,TO,0.6926556662601542,0.37005902268814705,0.9860171138501943
Eastern Towhee,TO03,TO,0.9906061144050491,0.9375346295858413,0.9999933151799814
Eastern Wood-Pewee,TO03,TO,0.9815071294596632,0.901197991025045,0.9999262824481476
Field Sparrow,TO03,TO,0.9632937307783093,0.8507882872890857,0.9995158087317522
Gray Catbird,TO03,TO,0.8467711839584685,0.6464586712263334,0.9678630690679422
Great Crested Flycatcher,TO03,TO,0.9907441684488277,0.9392168228406546,0.9999940933370489
Hairy Woodpecker,TO03,TO,0.9819820520716575,0.9024666316567089,0.9999213450742404
Hooded Warbler,TO03,TO,0.9520055774217042,0.82003391159034,0.9984692914042598
Indigo Bunting,TO03,TO,0.564982575889445,0.270453656924907,0.8833646930270439
Mourning Dove,TO03,TO,0.991261272622881,0.9364334079382457,0.9999937584445905
Northern Bobwhite,TO03,TO,0.990317100497176,0.9322635729659845,0.9999920346209183
Northern Cardinal,TO03,TO,0.9904913916852122,0.9337871447406286,0.999992412941983
Northern Flicker,TO03,TO,0.9910206423623225,0.9397206013206785,0.9999932397205619
Northern Mockingbird,TO03,TO,0.23080050062578264,0.05587725616504165,0.5230187946142218
Ovenbird,TO03,TO,0.9910295625292195,0.9403877001001293,0.9999927830694731
Pileated Woodpecker,TO03,TO,0.6114176446966262,0.36422491997648443,0.8351825796539942
Pine Warbler,TO03,TO,0.9909288475389985,0.9405082758362445,0.9999917022269659
Prairie Warbler,TO03,TO,0.990800834321503,0.9365529308541258,0.9999943398677118
Red-bellied Woodpecker,TO03,TO,0.7585553467225893,0.5192402911694189,0.9418104585517865
Red-eyed Vireo,TO03,TO,0.9403927032078857,0.8030137080703946,0.9965563596053775
Ruby-throated Hummingbird,TO03,TO,0.9541840019465326,0.8294469486711079,0.9990090157204771
Summer Tanager,TO03,TO,0.5958301916755043,0.3338965680981573,0.8356875195805105
Tufted Titmouse,TO03,TO,0.5112543070699969,0.2584891509745411,0.7729945768026152
White-breasted Nuthatch,TO03,TO,0.3307711064514425,0.0026752638319807033,0.9996322544377216
White-eyed Vireo,TO03,TO,0.7281950515314469,0.4989299954044313,0.9052494970264672
Wild Turkey,TO03,TO,0.2221904390268818,0.049526376502360234,0.4803956309264312
Wood Thrush,TO03,TO,0.2978485524478013,0.11332853908543829,0.5306123634805238
Yellow-billed Cuckoo,TO03,TO,0.4016631222215105,0.18177235094055105,0.6502895830539006
Yellow-breasted Chat,TO03,TO,0.4314852186334188,0.18285818485948843,0.720179198288723
Yellow-throated Warbler,TO03,TO,0.9372631586727397,0.779142618467702,0.999168536668427
Acadian Flycatcher,TO04,TO,0.6704912312017579,0.23487409951714863,0.9700944039469568
American Goldfinch,TO04,TO,0.9883662603448995,0.9115710678110531,0.9999946188892047
American Robin,TO04,TO,0.9884711388314759,0.9160203708523853,0.9999948283506629
Black-and-white Warbler,TO04,TO,0.9734864816469948,0.8130957938522668,0.99999128772216
Blue Grosbeak,TO04,TO,0.9604116592086963,0.766622958325645,0.9998680928374738
Blue Jay,TO04,TO,0.8355285395549684,0.4805797820787634,0.9864609223973527
Blue-gray Gnatcatcher,TO04,TO,0.9741866817321598,0.8273010503111361,0.99997267102672
Brown Thrasher,TO04,TO,0.9739100874438742,0.8487616220549563,0.9998826582026801
Brown-headed Cowbird,TO04,TO,0.988344133328649,0.9096664680398601,0.9999941851084043
Brown-headed Nuthatch,TO04,TO,0.22843955509801495,0.029654383235319274,0.6086804599833125
Carolina Chickadee,TO04,TO,0.9871142626415687,0.8993100785311269,0.9999949491530222
Carolina Wren,TO04,TO,0.9746217697989056,0.8326455396644209,0.9999372056607456
Chipping Sparrow,TO04,TO,0.9885998552065265,0.9121665093292136,0.9999950184349521
Chuck-will's-widow,TO04,TO,0.9744029873210086,0.8414144586715925,0.9999415278238668
Common Yellowthroat,TO04,TO,0.9717749832793262,0.8440318706527448,0.9998398480970071
Downy Woodpecker,TO04,TO,0.9880822447884747,0.9128847864502793,0.9999948988096363
Eastern Bluebird,TO04,TO,0.9889215764363856,0.9159097169737559,0.9999955019215606
Eastern Kingbird,TO04,TO,0.6521514915641672,0.16635910635892207,0.9925265560045722
Eastern Towhee,TO04,TO,0.9878691466859261,0.9096782241018654,0.999995142473126
Eastern Wood-Pewee,TO04,TO,0.9747924519156895,0.8428759960741211,0.9999366737278282
Field Sparrow,TO04,TO,0.9289491143127055,0.6609261599079359,0.999284378018989
Gray Catbird,TO04,TO,0.8558983710840553,0.5331639892348687,0.989011284117369
Great Crested Flycatcher,TO04,TO,0.9888923637156749,0.9181414707123481,0.9999955990811688
Hairy Woodpecker,TO04,TO,0.9742059461826509,0.8363219180308381,0.9999380104446405
Hooded Warbler,TO04,TO,0.9364386014733436,0.6946318053195788,0.9988360723445004
Indigo Bunting,TO04,TO,0.6110029583758181,0.18512676280103416,0.9574060596232176
Mourning Dove,TO04,TO,0.9891094838846222,0.9203297620066268,0.999994892674571
Northern Bobwhite,TO04,TO,0.987410680601316,0.9041325233101022,0.9999946192963468
Northern Cardinal,TO04,TO,0.9884793166252335,0.9129121129968417,0.999994176421636
Northern Flicker,TO04,TO,0.9889105379899364,0.9136397745600059,0.9999951599725222
Northern Mockingbird,TO04,TO,0.33008834790914093,0.05266884926057952,0.7862025470756749
Ovenbird,TO04,TO,0.9888363560317714,0.9131804782636087,0.9999956373409729
Pileated Woodpecker,TO04,TO,0.5597586627341897,0.16986434316692237,0.9026815564171752
Pine Warbler,TO04,TO,0.9887435095600041,0.9184218855993553,0.9999947562259308
Prairie Warbler,TO04,TO,0.9882096629126925,0.9143709161744751,0.9999959726588823
Red-bellied Woodpecker,TO04,TO,0.7263581576780362,0.3053553008211499,0.9696386856193457
Red-eyed Vireo,TO04,TO,0.9384894501016382,0.7234368790191913,0.9983498827066599
Ruby-throated Hummingbird,TO04,TO,0.949551646710729,0.7564030851278837,0.9994872878114992
Summer Tanager,TO04,TO,0.6833203727671789,0.27446822321596553,0.9600522791831879
Tufted Titmouse,TO04,TO,0.7165680516147119,0.32689388391644875,0.965961875299895
White-breasted Nuthatch,TO04,TO,0.3694054664427847,0.0028188026692952894,0.9996964569060189
White-eyed Vireo,TO04,TO,0.6904075164157975,0.2911083780442481,0.9505387451700021
Wild Turkey,TO04,TO,0.3911415621533041,0.06243324078279809,0.8558413322222751
Wood Thrush,TO04,TO,0.3612913684305363,0.08077933816020101,0.761623914480073
Yellow-billed Cuckoo,TO04,TO,0.31265442612076105,0.05269666601631745,0.691832011863577
Yellow-breasted Chat,TO04,TO,0.57396375878643,0.18934496279894575,0.9258237687381655
Yellow-throated Warbler,TO04,TO,0.8840466433706118,0.5374241963613975,0.9988952735556067
Acadian Flycatcher,TO05,TO,0.5565301193970081,0.26527168587679806,0.86275377013721
American Goldfinch,TO05,TO,0.9899167200649474,0.9342197252951331,0.9999923432150226
American Robin,TO05,TO,0.990228852852295,0.9342683419940022,0.9999933456138508
Black-and-white Warbler,TO05,TO,0.9795455164001631,0.8717193136463567,0.9999881407547402
Blue Grosbeak,TO05,TO,0.9797763998695799,0.892740038254045,0.9999090942554005
Blue Jay,TO05,TO,0.8430321003807248,0.6133426837026434,0.9721128042338539
Blue-gray Gnatcatcher,TO05,TO,0.9852777035320234,0.9135829699356155,0.999967991188165
Brown Thrasher,TO05,TO,0.973101266872182,0.8731422642559981,0.9998056389035929
Brown-headed Cowbird,TO05,TO,0.990085616152771,0.9321952885746193,0.9999907254725809
Brown-headed Nuthatch,TO05,TO,0.22178064755494478,0.05649957610408997,0.4612783290662909
Carolina Chickadee,TO05,TO,0.9896232615840886,0.9265176491988555,0.9999927994405244
Carolina Wren,TO05,TO,0.9816868431257729,0.8994427794463824,0.9999403102500275
Chipping Sparrow,TO05,TO,0.9901141351384417,0.9318436385648775,0.9999930315411908
Chuck-will's-widow,TO05,TO,0.9816779420184427,0.8978047513311623,0.9999373694082541
Common Yellowthroat,TO05,TO,0.9678691306273662,0.8482819842337657,0.9997374120448145
Downy Woodpecker,TO05,TO,0.9900437033004417,0.9328380515443258,0.9999936616859227
Eastern Bluebird,TO05,TO,0.9904586105718003,0.9358750011047706,0.9999938145659116
Eastern Kingbird,TO05,TO,0.7014352676527972,0.3817681478529959,0.9845291878837116
Eastern Towhee,TO05,TO,0.9898890338319231,0.9311562086996993,0.9999925776196169
Eastern Wood-Pewee,TO05,TO,0.9810519619291899,0.8953808126725085,0.9999335479349913
Field Sparrow,TO05,TO,0.9683425473142626,0.8656065910221885,0.9996413231883596
Gray Catbird,TO05,TO,0.8312602917972572,0.6020240504799892,0.9674051197499229
Great Crested Flycatcher,TO05,TO,0.9898637749355257,0.9339331324597275,0.9999944623859008
Hairy Woodpecker,TO05,TO,0.9819049924902494,0.8973591442752175,0.9999275230119258
Hooded Warbler,TO05,TO,0.9511167309897285,0.81305303615687885,0.9986457965392985
Indigo Bunting,TO05,TO,0.5428871463392645,0.24737375199946507,0.8699032932636227
Mourning Dove,TO05,TO,0.9905785455937118,0.9299479730797544,0.9999931852207822
Northern Bobwhite,TO05,TO,0.9896501855569494,0.9242392265413112,0.9999924204530876
Northern Cardinal,TO05,TO,0.9897167279058097,0.9281383181978434,0.9999928143037494
Northern Flicker,TO05,TO,0.9902990529327537,0.932300077895663,0.9999936782187044
Northern Mockingbird,TO05,TO,0.2066806779678846,0.04192089868084335,0.5016922037290646
Ovenbird,TO05,TO,0.990312395295705,0.9340698951825924,0.9999926545873399
Pileated Woodpecker,TO05,TO,0.6261623241052899,0.37188256919993845,0.8525229642153507
Pine Warbler,TO05,TO,0.9902401227533881,0.933234340776557,0.9999913575784223
Prairie Warbler,TO05,TO,0.9901700113734724,0.9337100712848669,0.9999942057220208
Red-bellied Woodpecker,TO05,TO,0.7600793654873601,0.49968831160446386,0.9475272113854366
Red-eyed Vireo,TO05,TO,0.9342970967744368,0.7751792107427381,0.9965674092808542
Ruby-throated Hummingbird,TO05,TO,0.9498904588352108,0.809727737129321,0.998929677295735
Summer Tanager,TO05,TO,0.5530498238959819,0.28294781150791987,0.8106865817292445
Tufted Titmouse,TO05,TO,0.4224972929354071,0.17434503681012162,0.7147125307916964
White-breasted Nuthatch,TO05,TO,0.321838232130056,0.0023068314968781784,0.999586603571785
White-eyed Vireo,TO05,TO,0.7323869801973321,0.4780532579069836,0.9174609249033681
Wild Turkey,TO05,TO,0.1789838322158714,0.034255178718872424,0.42253492518176844
Wood Thrush,TO05,TO,0.28211780839283435,0.09597018413173879,0.5338835870729489
Yellow-billed Cuckoo,TO05,TO,0.4443594249192422,0.20206223005879825,0.7056047092392114
Yellow-breasted Chat,TO05,TO,0.37869968749137844,0.135780072457928,0.6922247365561782
Yellow-throated Warbler,TO05,TO,0.945846122162304,0.7959397870404196,0.9993884142264114
Acadian Flycatcher,TO06,TO,0.5920456700297522,0.30460535587927645,0.878253712229378
American Goldfinch,TO06,TO,0.9906888046451806,0.9402524666623275,0.9999921589201498
American Robin,TO06,TO,0.9908366395110876,0.9403934340828413,0.9999926617636068
Black-and-white Warbler,TO06,TO,0.9801293731316524,0.8774390000725979,0.9999879926764872
Blue Grosbeak,TO06,TO,0.97814364049615,0.8890591019349036,0.999881091995306
Blue Jay,TO06,TO,0.8488686366879773,0.6416072288115183,0.9706414913730353
Blue-gray Gnatcatcher,TO06,TO,0.9846376506499895,0.9119535334065136,0.9999672129445926
Brown Thrasher,TO06,TO,0.9754159907642028,0.8866135883722078,0.9998047691531636
Brown-headed Cowbird,TO06,TO,0.990711169739697,0.9357274991869685,0.9999909615068356
Brown-headed Nuthatch,TO06,TO,0.21725059384031822,0.05953768189850577,0.4448106939694625
Carolina Chickadee,TO06,TO,0.990231781464365,0.9324493450724268,0.9999935703814218
Carolina Wren,TO06,TO,0.9819718359778935,0.9045385403207853,0.9999329376745408
Chipping Sparrow,TO06,TO,0.9908589209554783,0.9372403985869041,0.9999932763511952
Chuck-will's-widow,TO06,TO,0.9818446047773831,0.9024370485662121,0.9999322521138074
Common Yellowthroat,TO06,TO,0.9712070802349855,0.8712825211198205,0.9997598678831213
Downy Woodpecker,TO06,TO,0.9906647771282119,0.9343660903359102,0.9999932544549535
Eastern Bluebird,TO06,TO,0.991185774977484,0.9418201771775224,0.9999936858012753
Eastern Kingbird,TO06,TO,0.693415649744226,0.3738053671777545,0.9856889183856838
Eastern Towhee,TO06,TO,0.9905844395952665,0.9370524587085832,0.9999932341847926
Eastern Wood-Pewee,TO06,TO,0.981520397593629,0.900742754429185,0.9999251653360954
Field Sparrow,TO06,TO,0.963729474011649,0.8520104066073242,0.9995192011692712
Gray Catbird,TO06,TO,0.8459422751098212,0.6455763692792705,0.9671522020484299
Great Crested Flycatcher,TO06,TO,0.9907120862788157,0.9388572707345715,0.999994115977013
Hairy Woodpecker,TO06,TO,0.9820180866369335,0.9020426380096611,0.999922210498274
Hooded Warbler,TO06,TO,0.9520490814122508,0.8200118705143349,0.9984512638805123
Indigo Bunting,TO06,TO,0.563518702393247,0.27099955252030267,0.8813627900276739
Mourning Dove,TO06,TO,0.9912397784894537,0.9361311488392469,0.9999936018783244
Northern Bobwhite,TO06,TO,0.9903004871757449,0.9320677701252781,0.999992153380295
Northern Cardinal,TO06,TO,0.9904647298201912,0.93306666547436,0.9999924594946779
Northern Flicker,TO06,TO,0.9909977700957324,0.9399087057405163,0.9999934117868976
Northern Mockingbird,TO06,TO,0.2288862329275942,0.05529682869264684,0.5178838624481362
Ovenbird,TO06,TO,0.9910065323790093,0.9409861549295402,0.9999928139852954
Pileated Woodpecker,TO06,TO,0.6125533887467188,0.3657353205179261,0.8339942800882524
Pine Warbler,TO06,TO,0.9909074041648201,0.9401768698762148,0.9999916475847235
Prairie Warbler,TO06,TO,0.9907831935751512,0.9369724486974684,0.9999944085308418
Red-bellied Woodpecker,TO06,TO,0.7588583955952314,0.5200782480098288,0.9418606930610488
Red-eyed Vireo,TO06,TO,0.9401064199184632,0.801882804651295,0.9965634235849965
Ruby-throated Hummingbird,TO06,TO,0.9539996513434552,0.8293954996833952,0.9990052578242589
Summer Tanager,TO06,TO,0.5929957132313706,0.3318658153533522,0.8340329337025765
Tufted Titmouse,TO06,TO,0.5050256824602051,0.25208851818235767,0.768572063871981
White-breasted Nuthatch,TO06,TO,0.33005844125860484,0.0026794889785553525,0.9996231652066199
White-eyed Vireo,TO06,TO,0.7286764171456355,0.49940147934731866,0.9056506884138685
Wild Turkey,TO06,TO,0.21876072202414965,0.04869379675341994,0.47489253192625347
Wood Thrush,TO06,TO,0.296593254280397,0.11281868165715085,0.5281637627351157
Yellow-billed Cuckoo,TO06,TO,0.40450909315309047,0.18471337005628616,0.654972243592479
Yellow-breasted Chat,TO06,TO,0.4276811949661831,0.18066454791289,0.715220134919918
Yellow-throated Warbler,TO06,TO,0.9379979257565263,0.7813532293138661,0.9991669223289472
Acadian Flycatcher,TO07,TO,0.5672928540256298,0.2831550783072191,0.8643993749542255
American Goldfinch,TO07,TO,0.9902291070887752,0.9366335728858908,0.9999921493973356
American Robin,TO07,TO,0.9904838659166831,0.937945142780637,0.9999929361251705
Black-and-white Warbler,TO07,TO,0.9798518045069546,0.8739720705874684,0.9999875402576742
Blue Grosbeak,TO07,TO,0.9794354455524301,0.8907056109756597,0.9998991032093554
Blue Jay,TO07,TO,0.845330348395498,0.6269733473911239,0.9715668883699057
Blue-gray Gnatcatcher,TO07,TO,0.9851922768391512,0.9140743564495889,0.9999683609037919
Brown Thrasher,TO07,TO,0.973960775085749,0.8787028482115127,0.9998054054784283
Brown-headed Cowbird,TO07,TO,0.9903466431090645,0.933676909858316,0.9999908368322336
Brown-headed Nuthatch,TO07,TO,0.21998262781089617,0.0580478713760766,0.44874682494955825
Carolina Chickadee,TO07,TO,0.9898880213858017,0.9282083191677786,0.9999926913865103
Carolina Wren,TO07,TO,0.9818948586574241,0.9013484718281306,0.9999377648428112
Chipping Sparrow,TO07,TO,0.9904175029260596,0.9352947822095813,0.9999930520463678
Chuck-will's-widow,TO07,TO,0.9818465885063212,0.8996441226938201,0.9999364353490102
Common Yellowthroat,TO07,TO,0.9690632551058753,0.8571887092474607,0.9997477196452272
Downy Woodpecker,TO07,TO,0.990308654703198,0.9345387443148488,0.9999937536022483
Eastern Bluebird,TO07,TO,0.9907571262794793,0.9377331872490272,0.9999939520666368
Eastern Kingbird,TO07,TO,0.6995158705227065,0.3829779939938636,0.9851411892052048
Eastern Towhee,TO07,TO,0.9901762517437813,0.9336978435993102,0.9999927794505925
Eastern Wood-Pewee,TO07,TO,0.9813173088847637,0.8996066031720845,0.9999309641508214
Field Sparrow,TO07,TO,0.9672006993945103,0.8628377046135858,0.9996077008849231
Gray Catbird,TO07,TO,0.8362910833492858,0.6212992324347253,0.9665332125010515
Great Crested Flycatcher,TO07,TO,0.9902008325799309,0.9365961132739938,0.999994354103982
Hairy Woodpecker,TO07,TO,0.9820532932631053,0.8990122232238007,0.9999258376809438
Hooded Warbler,TO07,TO,0.951687168888522,0.8188772207296128,0.9986049864293461
Indigo Bunting,TO07,TO,0.5491252975263782,0.2606671090061955,0.8716557854900576
Mourning Dove,TO07,TO,0.9908501590031105,0.9333600115630192,0.9999929672594151
Northern Bobwhite,TO07,TO,0.9899291476767593,0.9292299863082404,0.9999925093665339
Northern Cardinal,TO07,TO,0.9900177394925163,0.930026197207648,0.999992694633626
Northern Flicker,TO07,TO,0.990586043490569,0.9353519276881661,0.9999935305754377
Northern Mockingbird,TO07,TO,0.21256052852133875,0.04626513093613735,0.5010320064164343
Ovenbird,TO07,TO,0.9905960040000839,0.9369209167178132,0.9999926170321524
Pileated Woodpecker,TO07,TO,0.6224852328201211,0.3740126644569231,0.844965969084379
Pine Warbler,TO07,TO,0.9905153127626192,0.9358701565164299,0.9999915427131181
Prairie Warbler,TO07,TO,0.990427163960238,0.9354189986620862,0.999994149029934
Red-bellied Woodpecker,TO07,TO,0.7602658804899046,0.5052634505760302,0.9442108371773323
Red-eyed Vireo,TO07,TO,0.9364121353689402,0.7847924827202343,0.9964957428007879
Ruby-throated Hummingbird,TO07,TO,0.9514353922778438,0.8184699482550006,0.998914414621193
Summer Tanager,TO07,TO,0.5651117208891815,0.30012315354823865,0.8152874929995338
Tufted Titmouse,TO07,TO,0.44632367501518666,0.19791326726546885,0.7278252189330261
White-breasted Nuthatch,TO07,TO,0.3240043796780154,0.0024200785826476666,0.9995993730061663
White-eyed Vireo,TO07,TO,0.7318207048019169,0.49028183400582426,0.9117117860029905
Wild Turkey,TO07,TO,0.18951105084378284,0.03948586909605805,0.43375622553615756
Wood Thrush,TO07,TO,0.28591738079323636,0.10263736328398693,0.5262812849124162
Yellow-billed Cuckoo,TO07,TO,0.43237375967606456,0.20255625250098083,0.6844833611213543
Yellow-breasted Chat,TO07,TO,0.39262771221555837,0.14884440815151226,0.696687263343962
Yellow-throated Warbler,TO07,TO,0.9438918601714353,0.7929328203429963,0.9992912362838833
Acadian Flycatcher,TO08,TO,0.5994877798589601,0.3080007717834873,0.8864819012035405
American Goldfinch,TO08,TO,0.9907568291660804,0.9399363246446931,0.9999923104440626
American Robin,TO08,TO,0.9908789581228652,0.9413157305234937,0.9999926720909834
Black-and-white Warbler,TO08,TO,0.9800863017623028,0.8775188593427707,0.9999883901165694
Blue Grosbeak,TO08,TO,0.9775781931612969,0.8876069791502905,0.9998771434184681
Blue Jay,TO08,TO,0.8494199072153062,0.6422254700240093,0.9713161145668631
Blue-gray Gnatcatcher,TO08,TO,0.9843526304413828,0.9117494125714063,0.9999678503615456
Brown Thrasher,TO08,TO,0.9757186838581411,0.8862703965147521,0.9998145673130214
Brown-headed Cowbird,TO08,TO,0.9907561468245699,0.936271787912305,0.9999910148554643
Brown-headed Nuthatch,TO08,TO,0.21684580496561517,0.05841439831753753,0.4441144829978551
Carolina Chickadee,TO08,TO,0.9902613095838617,0.934014744856143,0.9999934483043792
Carolina Wren,TO08,TO,0.9818739360038452,0.9040645100689989,0.9999312998556957
Chipping Sparrow,TO08,TO,0.990922969754479,0.9376709935840677,0.9999932944129383
Chuck-will's-widow,TO08,TO,0.981725933550214,0.9020490705441812,0.9999313385022507
Common Yellowthroat,TO08,TO,0.971699969045137,0.8730359256393764,0.9997631359343099
Downy Woodpecker,TO08,TO,0.990702797769169,0.9353172494161389,0.9999932733564769
Eastern Bluebird,TO08,TO,0.9912455265360901,0.9423791064759427,0.9999938770520292
Eastern Kingbird,TO08,TO,0.6910742609713729,0.36216037201766915,0.9867715233054669
Eastern Towhee,TO08,TO,0.9906376005517944,0.9372494458419974,0.9999934769450473
Eastern Wood-Pewee,TO08,TO,0.9814606832325796,0.9014796580733923,0.9999257053110715
Field Sparrow,TO08,TO,0.9623774863420672,0.8473162389064827,0.9995091694597831
Gray Catbird,TO08,TO,0.8483247102260192,0.6448462797588426,0.9685911499454197
Great Crested Flycatcher,TO08,TO,0.9907966305765885,0.939767609086138,0.9999942483752531
Hairy Woodpecker,TO08,TO,0.9818909377839502,0.9033287408872044,0.99992189828522
Hooded Warbler,TO08,TO,0.9518714260542691,0.8188938935823135,0.9984363088915557
Indigo Bunting,TO08,TO,0.5678738810086987,0.26934918713137357,0.8878781389373893
Mourning Dove,TO08,TO,0.9912936062680289,0.9370494347206756,0.9999937805402899
Northern Bobwhite,TO08,TO,0.9903379094562889,0.9325261110761925,0.9999919901667381
Northern Cardinal,TO08,TO,0.9905336072012748,0.9340708877244297,0.9999924554694741
Northern Flicker,TO08,TO,0.9910553121491738,0.9399351194014252,0.9999933836579459
Northern Mockingbird,TO08,TO,0.23473967370514215,0.057693370519676115,0.5299611912923858
Ovenbird,TO08,TO,0.9910645519918966,0.9415000888499592,0.9999927317723805
Pileated Woodpecker,TO08,TO,0.6090999669938685,0.35984551571376266,0.8346256283464926
Pine Warbler,TO08,TO,0.9909609451661241,0.940038401144731,0.9999918556267502
Prairie Warbler,TO08,TO,0.9908250522386707,0.9371828497875897,0.9999942911259974
Red-bellied Woodpecker,TO08,TO,0.757860769575884,0.5179242926951503,0.9424681177169703
Red-eyed Vireo,TO08,TO,0.9409096439856995,0.8043223589651347,0.9965353076322857
Ruby-throated Hummingbird,TO08,TO,0.9545059014153177,0.8316170222763365,0.99905039701741
Summer Tanager,TO08,TO,0.6014251695808285,0.3367227073388705,0.841298669716733
Tufted Titmouse,TO08,TO,0.5236754589472933,0.26639606305551283,0.7816306143518664
White-breasted Nuthatch,TO08,TO,0.33223939486832216,0.0027301145521402667,0.9996295872153883
White-eyed Vireo,TO08,TO,0.7271468816887696,0.49433547024829066,0.9054718733175462
Wild Turkey,TO08,TO,0.22924454558655352,0.051339807731572075,0.4942905005076399
Wood Thrush,TO08,TO,0.3004307146803416,0.11445746143893978,0.5348940262267747
Yellow-billed Cuckoo,TO08,TO,0.3960379330084114,0.17689668426670063,0.6469972318572645
Yellow-breasted Chat,TO08,TO,0.43913171376107113,0.18775427494824545,0.7278432451522799
Yellow-throated Warbler,TO08,TO,0.9357221319433662,0.7763993419030881,0.9991228363224536
Acadian Flycatcher,TO09,TO,0.5843997165750272,0.29844090071892543,0.8749676020158219
American Goldfinch,TO09,TO,0.9905845490043508,0.9394703710573331,0.9999922131197877
American Robin,TO09,TO,0.9907618411135963,0.9402973664637392,0.9999928379902653
Black-and-white Warbler,TO09,TO,0.9801095923200086,0.8757247986700808,0.9999878653000075
Blue Grosbeak,TO09,TO,0.9786299715805262,0.8904016666469525,0.9998869168367112
Blue Jay,TO09,TO,0.8480459195235508,0.6410127666040115,0.9707463785207517
Blue-gray Gnatcatcher,TO09,TO,0.9848683180218791,0.9130061578676222,0.9999676232892708
Brown Thrasher,TO09,TO,0.9750404579944736,0.8843640276757363,0.999801592213734
Brown-headed Cowbird,TO09,TO,0.9906331876072412,0.9359934253604842,0.9999909143490538
Brown-headed Nuthatch,TO09,TO,0.2178756888538141,0.05873746339524724,0.44483791761605435
Carolina Chickadee,TO09,TO,0.990164911571911,0.9317343820345299,0.9999933366620013
Carolina Wren,TO09,TO,0.982010760945413,0.9047657268356549,0.9999362771528385
Chipping Sparrow,TO09,TO,0.9907596372175342,0.9364691307493476,0.9999929623426617
Chuck-will's-widow,TO09,TO,0.9819062880365425,0.9013441216618732,0.9999331469651374
Common Yellowthroat,TO09,TO,0.9706290461675128,0.8684992278957587,0.9997573046058517
Downy Woodpecker,TO09,TO,0.9905918263511692,0.9341629975151605,0.9999935236476624
Eastern Bluebird,TO09,TO,0.9910906965397119,0.9405846568457118,0.9999937318903094
Eastern Kingbird,TO09,TO,0.6955664269282165,0.3782184015825467,0.9854248942821733
Eastern Towhee,TO09,TO,0.9904954922588848,0.936927683236668,0.9999931694575513
Eastern Wood-Pewee,TO09,TO,0.9815205965223962,0.8995412712678124,0.9999283346329301
Field Sparrow,TO09,TO,0.9649517651092632,0.8561952552576015,0.9995437501309241
Gray Catbird,TO09,TO,0.8432438150308763,0.6409538153861691,0.9671578411965891
Great Crested Flycatcher,TO09,TO,0.9905918400182786,0.9385797101262099,0.9999942688867256
Hairy Woodpecker,TO09,TO,0.9820887545481655,0.902119348141273,0.9999244461615533
Hooded Warbler,TO09,TO,0.9520859426239815,0.8222438544779017,0.9984588921055544
Indigo Bunting,TO09,TO,0.5590606192316854,0.26727036766947765,0.8771414786808124
Mourning Dove,TO09,TO,0.991153582418349,0.9359807273673452,0.9999931083073867
Northern Bobwhite,TO09,TO,0.9902254985331848,0.9321546455670334,0.9999924854578918
Northern Cardinal,TO09,TO,0.9903620879111923,0.9326609805289906,0.999992452819965
Northern Flicker,TO09,TO,0.9909064795480383,0.9378741682151548,0.9999933616548208
Northern Mockingbird,TO09,TO,0.2233669128573224,0.05360679604670332,0.5115006755443564
Ovenbird,TO09,TO,0.9909149331797952,0.9398208307200296,0.9999928183164365
Pileated Woodpecker,TO09,TO,0.615862503666465,0.3723723726384894,0.8349084573081843
Pine Warbler,TO09,TO,0.9908210634373381,0.9390934305984651,0.9999911857773303
Prairie Warbler,TO09,TO,0.9907079708311456,0.9373726692685501,0.9999943523204653
Red-bellied Woodpecker,TO09,TO,0.7595898838499952,0.5165674469113367,0.9424796512495477
Red-eyed Vireo,TO09,TO,0.939133501212117,0.7991601502446349,0.9964856835368079
Ruby-throated Hummingbird,TO09,TO,0.9533511239785832,0.8291201271619465,0.9989748708146161
Summer Tanager,TO09,TO,0.5843590301883573,0.32444908585548665,0.8262435668322352
Tufted Titmouse,TO09,TO,0.4863295254925172,0.23732983734153876,0.7575766772772461
White-breasted Nuthatch,TO09,TO,0.3280067258876638,0.002629034766727184,0.9995993169322421
White-eyed Vireo,TO09,TO,0.7299483702453269,0.498728759763805,0.9071444317108237
Wild Turkey,TO09,TO,0.20886953476378295,0.04574260651272331,0.4572402270126881
Wood Thrush,TO09,TO,0.2929746181907111,0.11071988625874014,0.5238117707187282
Yellow-billed Cuckoo,TO09,TO,0.4131650912392224,0.19009648035466667,0.6607039080416902
Yellow-breasted Chat,TO09,TO,0.41637274163617755,0.17017574944985156,0.709326637151275
Yellow-throated Warbler,TO09,TO,0.9400652445557531,0.7871411499150955,0.9991931110882346
Acadian Flycatcher,TO10,TO,0.5605788565982034,0.271594676298412,0.8633370758148399
American Goldfinch,TO10,TO,0.9900426272637082,0.9358258865348503,0.9999922984372462
American Robin,TO10,TO,0.990332366586724,0.9362771460852592,0.9999931329352394
Black-and-white Warbler,TO10,TO,0.9796737287083058,0.8729324955683812,0.9999881282631559
Blue Grosbeak,TO10,TO,0.9796616304352127,0.8924807275835854,0.9999055449613509
Blue Jay,TO10,TO,0.843949076947102,0.6175719129374023,0.9718303516901041
Blue-gray Gnatcatcher,TO10,TO,0.9852555919980552,0.9141991339483404,0.9999683225304213
Brown Thrasher,TO10,TO,0.9734419379293578,0.8756674401653233,0.9998069983041193
Brown-headed Cowbird,TO10,TO,0.9901914108478641,0.9328705242979582,0.9999909264601617
Brown-headed Nuthatch,TO10,TO,0.22106258355058836,0.05678673660620785,0.4574449490598386
Carolina Chickadee,TO10,TO,0.9897313175196117,0.9269219109924023,0.999992736295446
Carolina Wren,TO10,TO,0.9817771660853916,0.8999818319314417,0.9999398438796939
Chipping Sparrow,TO10,TO,0.9902366523181069,0.9326468553820841,0.999993066181904
Chuck-will's-widow,TO10,TO,0.9817530691260333,0.8972641726742155,0.9999369066027721
Common Yellowthroat,TO10,TO,0.9683386146054092,0.8503068631024943,0.9997430426899176
Downy Woodpecker,TO10,TO,0.9901515654298831,0.9337483330283364,0.9999936954798117
Eastern Bluebird,TO10,TO,0.9905793418249796,0.9366452875533212,0.9999937781010516
Eastern Kingbird,TO10,TO,0.7007621315485423,0.3817199603130838,0.9846564423966693
Eastern Towhee,TO10,TO,0.9900052109681311,0.9327261263934392,0.9999926222255527
Eastern Wood-Pewee,TO10,TO,0.9811641684162306,0.8960234959658591,0.9999318454833126
Field Sparrow,TO10,TO,0.9679343789166326,0.8644096512437708,0.9996311065646735
Gray Catbird,TO10,TO,0.8332131876506202,0.6097896203467755,0.9669322635712205
Great Crested Flycatcher,TO10,TO,0.9899993128284088,0.9351928532171956,0.9999944050207644
Hairy Woodpecker,TO10,TO,0.9819718751042289,0.8974283675077076,0.9999273410727371
Hooded Warbler,TO10,TO,0.9513597401610924,0.8148638415749194,0.998635179748388
Indigo Bunting,TO10,TO,0.5452335371101726,0.2542511993356513,0.8713051900615977
Mourning Dove,TO10,TO,0.9906883660548004,0.9312294098844859,0.9999931621321851
Northern Bobwhite,TO10,TO,0.9897638276457844,0.925130823551838,0.9999924255783127
Northern Cardinal,TO10,TO,0.9898380011640827,0.928676243466935,0.9999927959431975
Northern Flicker,TO10,TO,0.9904151272035403,0.9334965745152579,0.9999936238920186
Northern Mockingbird,TO10,TO,0.20881828354848203,0.04388997040634471,0.5007275890552232
Ovenbird,TO10,TO,0.9904269350244753,0.9358447207889525,0.9999926966233804
Pileated Woodpecker,TO10,TO,0.6248200305474397,0.3736014241255288,0.8493813162793594
Pine Warbler,TO10,TO,0.9903515443005986,0.9332900866616364,0.9999914882281594
Prairie Warbler,TO10,TO,0.9902742999829158,0.9343465806943861,0.9999941545947083
Red-bellied Woodpecker,TO10,TO,0.7602016624187355,0.5020749076947024,0.946276220414585
Red-eyed Vireo,TO10,TO,0.9351308865765938,0.7787724132955595,0.9965503679841474
Ruby-throated Hummingbird,TO10,TO,0.9505036655716261,0.811989577608946,0.9989154045158638
Summer Tanager,TO10,TO,0.5575832934856356,0.28910803235488675,0.8125305660724808
Tufted Titmouse,TO10,TO,0.43133737416352025,0.18406795716079388,0.7187845424714381
White-breasted Nuthatch,TO10,TO,0.3226244588220418,0.0023217011163783638,0.9995837981567925
White-eyed Vireo,TO10,TO,0.7322254524580464,0.4830868070398124,0.9149657879515801
Wild Turkey,TO10,TO,0.1828110884698866,0.03653463332912369,0.4259968788748732
Wood Thrush,TO10,TO,0.28349403811610535,0.09851134607263028,0.5295144540588791
Yellow-billed Cuckoo,TO10,TO,0.4398588698039797,0.20299800215239036,0.6982906997370796
Yellow-breasted Chat,TO10,TO,0.38385300644549925,0.1412565038417148,0.6929004703466776
Yellow-throated Warbler,TO10,TO,0.9451466049464171,0.7961931490696137,0.9993594094387339
Acadian Flycatcher,TO11,TO,0.5511186194788008,0.25645653429427656,0.8613031503599075
American Goldfinch,TO11,TO,0.9897319022445512,0.9330080868851747,0.9999924011743976
American Robin,TO11,TO,0.9900755214069662,0.9336700037500134,0.9999933520909999
Black-and-white Warbler,TO11,TO,0.9793493209326821,0.8726022115005433,0.9999884078698178
Blue Grosbeak,TO11,TO,0.9799057640596646,0.8910003279591258,0.9999107702611445
Blue Jay,TO11,TO,0.8417081932109911,0.6048786335569571,0.972651464900055
Blue-gray Gnatcatcher,TO11,TO,0.9852888669561254,0.9139919444763964,0.9999678703801914
Brown Thrasher,TO11,TO,0.9726114971623073,0.870160320967913,0.9998099407249204
Brown-headed Cowbird,TO11,TO,0.9899292706955034,0.929463857147993,0.9999907167234909
Brown-headed Nuthatch,TO11,TO,0.22281820828572987,0.05590754956322074,0.4686008826989708
Carolina Chickadee,TO11,TO,0.9894622932866083,0.925752857808133,0.9999930084971115
Carolina Wren,TO11,TO,0.9815431814801578,0.8961280076701618,0.9999410945278975
Chipping Sparrow,TO11,TO,0.9899337504330182,0.9309343898732979,0.9999931548587024
Chuck-will's-widow,TO11,TO,0.9815553527993913,0.8961193596007138,0.9999373928966013
Common Yellowthroat,TO11,TO,0.967201235536771,0.8436892383848811,0.9997437300289952
Downy Woodpecker,TO11,TO,0.9898834076718536,0.9311172237127529,0.9999937230081918
Eastern Bluebird,TO11,TO,0.9902805600540675,0.9348234156662286,0.999993780376902
Eastern Kingbird,TO11,TO,0.7022453026486919,0.3784961768101285,0.9845030398048124
Eastern Towhee,TO11,TO,0.9897177486965832,0.9292529162071088,0.9999927441566696
Eastern Wood-Pewee,TO11,TO,0.9808783369638827,0.8947899519390965,0.9999357938083614
Field Sparrow,TO11,TO,0.968851173261918,0.8657438018890891,0.9996577852703672
Gray Catbird,TO11,TO,0.8285347252609749,0.5893242361492436,0.967754147368989
Great Crested Flycatcher,TO11,TO,0.9896652576453507,0.9312297911626287,0.99999436013377
Hairy Woodpecker,TO11,TO,0.9817947061175316,0.8978155145275343,0.9999269881397692
Hooded Warbler,TO11,TO,0.950738208519942,0.8102372993838705,0.9986786587412798
Indigo Bunting,TO11,TO,0.5397504729326054,0.24337424544516423,0.8693377681780857
Mourning Dove,TO11,TO,0.9904167058167419,0.9290157880656327,0.9999935582138458
Northern Bobwhite,TO11,TO,0.9894812052461306,0.9242261748525424,0.9999924433005953
Northern Cardinal,TO11,TO,0.9895387254531955,0.9267253082418977,0.9999928712925381
Northern Flicker,TO11,TO,0.9901278949719037,0.9305819824543831,0.999993694676701
Northern Mockingbird,TO11,TO,0.2039538113525471,0.039648658270270525,0.500497990656352
Ovenbird,TO11,TO,0.9901438296614719,0.932568695619038,0.9999928073537383
Pileated Woodpecker,TO11,TO,0.6278830803078518,0.36667495249586096,0.8565820322649852
Pine Warbler,TO11,TO,0.9900755408188284,0.9312925918887683,0.999991457623424
Prairie Warbler,TO11,TO,0.990015793886334,0.9323959724721875,0.9999941655902491
Red-bellied Woodpecker,TO11,TO,0.7598209655555254,0.4912141848897585,0.9494635124714055
Red-eyed Vireo,TO11,TO,0.9331079909571477,0.7695785553394022,0.9965921942416556
Ruby-throated Hummingbird,TO11,TO,0.9490081724033925,0.80374198477468906,0.9989530282143421
Summer Tanager,TO11,TO,0.5469976255207564,0.2702892450958836,0.8115486210418373
Tufted Titmouse,TO11,TO,0.41091264830015506,0.16316247483276308,0.7087300826201323
White-breasted Nuthatch,TO11,TO,0.32083791046337373,0.002261990643366618,0.9995814962876876
White-eyed Vireo,TO11,TO,0.732510000405728,0.47256164064468964,0.9197843889951065
Wild Turkey,TO11,TO,0.17409981161037313,0.03166532982696968,0.42299973859452394
Wood Thrush,TO11,TO,0.2803730497990191,0.09206231684839425,0.5374631245999393
Yellow-billed Cuckoo,TO11,TO,0.45036035189771123,0.20156628630019433,0.7190738201132598
Yellow-breasted Chat,TO11,TO,0.3719672008379687,0.1290998311395529,0.6925713528698105
Yellow-throated Warbler,TO11,TO,0.9467194219909134,0.7970995469369654,0.9994203459309093
Acadian Flycatcher,TO12,TO,0.5565301193970081,0.26527168587679806,0.86275377013721
American Goldfinch,TO12,TO,0.9899167200649474,0.9342197252951331,0.9999923432150226
American Robin,TO12,TO,0.990228852852295,0.9342683419940022,0.9999933456138508
Black-and-white Warbler,TO12,TO,0.9795455164001631,0.8717193136463567,0.9999881407547402
Blue Grosbeak,TO12,TO,0.9797763998695799,0.892740038254045,0.9999090942554005
Blue Jay,TO12,TO,0.8430321003807248,0.6133426837026434,0.9721128042338539
Blue-gray Gnatcatcher,TO12,TO,0.9852777035320234,0.9135829699356155,0.999967991188165
Brown Thrasher,TO12,TO,0.973101266872182,0.8731422642559981,0.9998056389035929
Brown-headed Cowbird,TO12,TO,0.990085616152771,0.9321952885746193,0.9999907254725809
Brown-headed Nuthatch,TO12,TO,0.22178064755494478,0.05649957610408997,0.4612783290662909
Carolina Chickadee,TO12,TO,0.9896232615840886,0.9265176491988555,0.9999927994405244
Carolina Wren,TO12,TO,0.9816868431257729,0.8994427794463824,0.9999403102500275
Chipping Sparrow,TO12,TO,0.9901141351384417,0.9318436385648775,0.9999930315411908
Chuck-will's-widow,TO12,TO,0.9816779420184427,0.8978047513311623,0.9999373694082541
Common Yellowthroat,TO12,TO,0.9678691306273662,0.8482819842337657,0.9997374120448145
Downy Woodpecker,TO12,TO,0.9900437033004417,0.9328380515443258,0.9999936616859227
Eastern Bluebird,TO12,TO,0.9904586105718003,0.9358750011047706,0.9999938145659116
Eastern Kingbird,TO12,TO,0.7014352676527972,0.3817681478529959,0.9845291878837116
Eastern Towhee,TO12,TO,0.9898890338319231,0.9311562086996993,0.9999925776196169
Eastern Wood-Pewee,TO12,TO,0.9810519619291899,0.8953808126725085,0.9999335479349913
Field Sparrow,TO12,TO,0.9683425473142626,0.8656065910221885,0.9996413231883596
Gray Catbird,TO12,TO,0.8312602917972572,0.6020240504799892,0.9674051197499229
Great Crested Flycatcher,TO12,TO,0.9898637749355257,0.9339331324597275,0.9999944623859008
Hairy Woodpecker,TO12,TO,0.9819049924902494,0.8973591442752175,0.9999275230119258
Hooded Warbler,TO12,TO,0.9511167309897285,0.81305303615687885,0.9986457965392985
Indigo Bunting,TO12,TO,0.5428871463392645,0.24737375199946507,0.8699032932636227
Mourning Dove,TO12,TO,0.9905785455937118,0.9299479730797544,0.9999931852207822
Northern Bobwhite,TO12,TO,0.9896501855569494,0.9242392265413112,0.9999924204530876
Northern Cardinal,TO12,TO,0.9897167279058097,0.9281383181978434,0.9999928143037494
Northern Flicker,TO12,TO,0.9902990529327537,0.932300077895663,0.9999936782187044
Northern Mockingbird,TO12,TO,0.2066806779678846,0.04192089868084335,0.5016922037290646
Ovenbird,TO12,TO,0.990312395295705,0.9340698951825924,0.9999926545873399
Pileated Woodpecker,TO12,TO,0.6261623241052899,0.37188256919993845,0.8525229642153507
Pine Warbler,TO12,TO,0.9902401227533881,0.933234340776557,0.9999913575784223
Prairie Warbler,TO12,TO,0.9901700113734724,0.9337100712848669,0.9999942057220208
Red-bellied Woodpecker,TO12,TO,0.7600793654873601,0.49968831160446386,0.9475272113854366
Red-eyed Vireo,TO12,TO,0.9342970967744368,0.7751792107427381,0.9965674092808542
Ruby-throated Hummingbird,TO12,TO,0.9498904588352108,0.809727737129321,0.998929677295735
Summer Tanager,TO12,TO,0.5530498238959819,0.28294781150791987,0.8106865817292445
Tufted Titmouse,TO12,TO,0.4224972929354071,0.17434503681012162,0.7147125307916964
White-breasted Nuthatch,TO12,TO,0.321838232130056,0.0023068314968781784,0.999586603571785
White-eyed Vireo,TO12,TO,0.7323869801973321,0.4780532579069836,0.9174609249033681
Wild Turkey,TO12,TO,0.1789838322158714,0.034255178718872424,0.42253492518176844
Wood Thrush,TO12,TO,0.28211780839283435,0.09597018413173879,0.5338835870729489
Yellow-billed Cuckoo,TO12,TO,0.4443594249192422,0.20206223005879825,0.7056047092392114
Yellow-breasted Chat,TO12,TO,0.37869968749137844,0.135780072457928,0.6922247365561782
Yellow-throated Warbler,TO12,TO,0.945846122162304,0.7959397870404196,0.9993884142264114
Acadian Flycatcher,TO13,TO,0.5578809537314304,0.26828763423475,0.8634565964106308
American Goldfinch,TO13,TO,0.9899598811072255,0.9347781748377549,0.9999923378620054
American Robin,TO13,TO,0.9902644325128244,0.9347028131950754,0.9999932987936256
Black-and-white Warbler,TO13,TO,0.9795900468110328,0.8727639108362037,0.9999881821731329
Blue Grosbeak,TO13,TO,0.9797398554019846,0.8930108500775417,0.9999088265313617
Blue Jay,TO13,TO,0.8433450467802968,0.615819108938726,0.9719989080225471
Blue-gray Gnatcatcher,TO13,TO,0.9852716467764131,0.9135722993708366,0.9999680184307161
Brown Thrasher,TO13,TO,0.973217323690883,0.8739709718109204,0.9998076716422677
Brown-headed Cowbird,TO13,TO,0.9901219566414714,0.9321595976733236,0.9999908180295423
Brown-headed Nuthatch,TO13,TO,0.22153551649188358,0.056537506089112066,0.460112028188043
Carolina Chickadee,TO13,TO,0.9896604706767237,0.9265623602152625,0.9999928066218036
Carolina Wren,TO13,TO,0.981718602259406,0.8996213377735085,0.9999402915839588
Chipping Sparrow,TO13,TO,0.9901561692008186,0.9322093614071648,0.9999930686324426
Chuck-will's-widow,TO13,TO,0.9817045780023076,0.8981029212785117,0.9999370911453103
Common Yellowthroat,TO13,TO,0.9680285762765918,0.8485577063299379,0.9997385873289906
Downy Woodpecker,TO13,TO,0.9900808157349816,0.9337075286677531,0.9999936775517914
Eastern Bluebird,TO13,TO,0.9905000532645486,0.9365216675875876,0.9999938311340463
Eastern Kingbird,TO13,TO,0.7012171317496992,0.3804066336535099,0.984518535335496
Eastern Towhee,TO13,TO,0.9899289117547148,0.931573145985158,0.9999925572181899
Eastern Wood-Pewee,TO13,TO,0.9810910698354238,0.8951520090422568,0.9999329398858895
Field Sparrow,TO13,TO,0.968209085329598,0.8652028607300445,0.9996371006401774
Gray Catbird,TO13,TO,0.8319200239853045,0.6041805241615359,0.9671942659662583
Great Crested Flycatcher,TO13,TO,0.9899102032665883,0.934201165838729,0.9999944877573589
Hairy Woodpecker,TO13,TO,0.9819287915589378,0.8976436921366594,0.9999274401644195
Hooded Warbler,TO13,TO,0.9512016209788611,0.8138829505030097,0.9986531248144397
Indigo Bunting,TO13,TO,0.5436700097180563,0.24987195936424378,0.8700834130100894
Mourning Dove,TO13,TO,0.9906162366540514,0.9305131209076686,0.9999931930740276
Northern Bobwhite,TO13,TO,0.9896892946755931,0.9244128796092477,0.9999924125799431
Northern Cardinal,TO13,TO,0.9897582972861356,0.9282641309978259,0.9999928587932893
Northern Flicker,TO13,TO,0.9903388963296935,0.932722497121841,0.9999936589212751
Northern Mockingbird,TO13,TO,0.20738433127451192,0.04239721576173554,0.4992574763997135
Ovenbird,TO13,TO,0.9903516896053238,0.9345919661316754,0.9999925743451072
Pileated Woodpecker,TO13,TO,0.6257198062858617,0.37299065764173456,0.8514745454183136
Pine Warbler,TO13,TO,0.9902783869000811,0.9332395107540384,0.9999914013510053
Prairie Warbler,TO13,TO,0.9902058418352118,0.9335737054663684,0.9999941772136313
Red-bellied Woodpecker,TO13,TO,0.7601270166516059,0.5002488693893863,0.9466248836895761
Red-eyed Vireo,TO13,TO,0.9345805113465857,0.7763298931378738,0.9965384308901701
Ruby-throated Hummingbird,TO13,TO,0.9500994371965809,0.8099697405884707,0.998926341664834
Summer Tanager,TO13,TO,0.5545618651593273,0.2868173383666108,0.8105116509329529
Tufted Titmouse,TO13,TO,0.4254302535181384,0.17736673483985177,0.7156285883968968
White-breasted Nuthatch,TO13,TO,0.32209685838825264,0.002308829995522291,0.9995758789309946
White-eyed Vireo,TO13,TO,0.732339814137739,0.47938567018671174,0.9164799895474527
Wild Turkey,TO13,TO,0.1802437564620984,0.034965668044891984,0.4226629262685382
Wood Thrush,TO13,TO,0.28257008708215664,0.09694854909172901,0.5327722587409381
Yellow-billed Cuckoo,TO13,TO,0.44285890505262243,0.20268744950157172,0.7028394601435878
Yellow-breasted Chat,TO13,TO,0.38040779490597615,0.13748506016247317,0.692814942072871
Yellow-throated Warbler,TO13,TO,0.9456172743123343,0.7953729479740711,0.9993885083691031
Acadian Flycatcher,TO14,TO,0.5882462644548185,0.30267440863208384,0.8780568186336248
American Goldfinch,TO14,TO,0.9906412601107012,0.9401988841442284,0.9999921840281951
American Robin,TO14,TO,0.9908033443312063,0.9403079334015344,0.9999928887756774
Black-and-white Warbler,TO14,TO,0.9801273132229729,0.8760515171417983,0.9999880729693074
Blue Grosbeak,TO14,TO,0.9783963649667549,0.8903868507857986,0.999883458000189
Blue Jay,TO14,TO,0.8484913031790255,0.6415088238278348,0.9706044662540146
Blue-gray Gnatcatcher,TO14,TO,0.9847596191907878,0.9120698518430953,0.9999676023280379
Brown Thrasher,TO14,TO,0.9752375210755285,0.88522136650516825,0.9998027252663153
Brown-headed Cowbird,TO14,TO,0.9906763485956094,0.9364618105922002,0.9999909126258368
Brown-headed Nuthatch,TO14,TO,0.21753557512708488,0.05915518301217717,0.4437432015509959
Carolina Chickadee,TO14,TO,0.9902030504250932,0.9318597258690448,0.999993533564223
Carolina Wren,TO14,TO,0.9819986250326148,0.9052699903518721,0.9999344377185317
Chipping Sparrow,TO14,TO,0.9908137477036227,0.9369530014406963,0.9999930547725955
Chuck-will's-widow,TO14,TO,0.9818825242168416,0.90233914851226,0.999932239045686
Common Yellowthroat,TO14,TO,0.9709289688773605,0.8699023049440235,0.9997583612436584
Downy Woodpecker,TO14,TO,0.9906327226315486,0.9343817136242996,0.9999933802662028
Eastern Bluebird,TO14,TO,0.9911427198955692,0.9406523941926885,0.9999937303037078
Eastern Kingbird,TO14,TO,0.6945157192258303,0.3763729055700336,0.9854882342338149
Eastern Towhee,TO14,TO,0.9905444718953744,0.9370023701303123,0.9999932560952726
Eastern Wood-Pewee,TO14,TO,0.9815279121845077,0.9002441482842307,0.9999270298774646
Field Sparrow,TO14,TO,0.9643561989270555,0.8547274428699957,0.9995305191614613
Gray Catbird,TO14,TO,0.8446329582912534,0.6435860028071911,0.966914719141407
Great Crested Flycatcher,TO14,TO,0.990656514616789,0.9384989573851751,0.9999941127384632
Hairy Woodpecker,TO14,TO,0.982060394495281,0.9027506109080911,0.9999228900469588
Hooded Warbler,TO14,TO,0.9520850295504342,0.8207837671840714,0.9984269894743354
Indigo Bunting,TO14,TO,0.5613015933923339,0.26995929432672217,0.8792638546422005
Mourning Dove,TO14,TO,0.9912007874644172,0.9362555005558401,0.999993296404301
Northern Bobwhite,TO14,TO,0.9902677378565183,0.9331493074985016,0.9999924123493298
Northern Cardinal,TO14,TO,0.9904176956386411,0.9325274955595948,0.9999923463443776
Northern Flicker,TO14,TO,0.9909564211365534,0.9387276346639216,0.9999933596079028
Northern Mockingbird,TO14,TO,0.22608455609886516,0.05409064964218266,0.5144207960549332
Ovenbird,TO14,TO,0.9909649859840209,0.940987577815083,0.9999928001988541
Pileated Woodpecker,TO14,TO,0.6142267633377299,0.3698774141546746,0.8346674036285768
Pine Warbler,TO14,TO,0.9908683992581123,0.9397433213680331,0.999991512048051
Prairie Warbler,TO14,TO,0.9907497818090782,0.9377108647971675,0.9999945002205992
Red-bellied Woodpecker,TO14,TO,0.7592574682410275,0.5183953927024142,0.9418866645788041
Red-eyed Vireo,TO14,TO,0.9396415728846398,0.799592818499775,0.9965519995216877
Ruby-throated Hummingbird,TO14,TO,0.9536934438170769,0.8286467779265443,0.9989862755044507
Summer Tanager,TO14,TO,0.5887011418907256,0.32819473767980195,0.8298745615570821
Tufted Titmouse,TO14,TO,0.4956746498415883,0.24432544359281927,0.7642095521726594
White-breasted Nuthatch,TO14,TO,0.32901639157565626,0.0026082028386475247,0.9996111585993399
White-eyed Vireo,TO14,TO,0.7293447262997794,0.49992563519279914,0.9062748478267362
Wild Turkey,TO14,TO,0.21374001247977678,0.04741440185200087,0.4663244687792311
Wood Thrush,TO14,TO,0.29475603991405913,0.11229701316146713,0.527196118292831
Yellow-billed Cuckoo,TO14,TO,0.40881620936941376,0.18799710698179944,0.6571018083130064
Yellow-breasted Chat,TO14,TO,0.4220054917809106,0.17405964823351727,0.7108101541898784
Yellow-throated Warbler,TO14,TO,0.9390568045399059,0.7862480645504709,0.9991765317973725
Acadian Flycatcher,TO15,TO,0.62674851556375,0.30476096007135456,0.92123050094546
American Goldfinch,TO15,TO,0.9906744354762277,0.9394202440616771,0.9999928541752124
American Robin,TO15,TO,0.9907288190141372,0.9393491133323969,0.9999931178752243
Black-and-white Warbler,TO15,TO,0.9792667455981743,0.8700440654820947,0.999988828686051
Blue Grosbeak,TO15,TO,0.9744005380512768,0.870779902104277,0.9998630175354236
Blue Jay,TO15,TO,0.8489809424535655,0.6225962710221729,0.974992316256106
Blue-gray Gnatcatcher,TO15,TO,0.9826038714462659,0.8988990516108609,0.9999680719435052
Brown Thrasher,TO15,TO,0.9762495381831909,0.8832012933536375,0.9998333344852453
Brown-headed Cowbird,TO15,TO,0.9906119925452315,0.9306848001556435,0.9999920704775792
Brown-headed Nuthatch,TO15,TO,0.21737623088908073,0.05209668486486663,0.4729135508410978
Carolina Chickadee,TO15,TO,0.9900075641527495,0.9316986529752128,0.999993356872137
Carolina Wren,TO15,TO,0.980865905784995,0.8957762895478965,0.9999239350119387
Chipping Sparrow,TO15,TO,0.9908371189092076,0.934444514962593,0.9999932350940194
Chuck-will's-widow,TO15,TO,0.980655329165256,0.8948307362009511,0.9999275834092217
Common Yellowthroat,TO15,TO,0.972892497823364,0.873113472635946,0.9997830665079215
Downy Woodpecker,TO15,TO,0.9905138995543458,0.934361901996626,0.9999931834365343
Eastern Bluebird,TO15,TO,0.9911435294707827,0.9412181292668491,0.9999937659861763
Eastern Kingbird,TO15,TO,0.6801274502035916,0.3120514930508698,0.9879311824418964
Eastern Towhee,TO15,TO,0.9904921041974137,0.9336547085234342,0.9999934618369473
Eastern Wood-Pewee,TO15,TO,0.9806066429226864,0.8953743796230396,0.9999286104396258
Field Sparrow,TO15,TO,0.9554478657863495,0.8136110070947342,0.9994043828105118
Gray Catbird,TO15,TO,0.8548807641143176,0.6359055307395596,0.9748024945405512
Great Crested Flycatcher,TO15,TO,0.9907960915005246,0.9399159753905708,0.9999944495677796
Hairy Woodpecker,TO15,TO,0.9807774979060423,0.8957926780566488,0.9999211685249408
Hooded Warbler,TO15,TO,0.949711812352697,0.8026975300873695,0.9984693173532503
Indigo Bunting,TO15,TO,0.5840295223337849,0.25463288230300946,0.911297020539279
Mourning Dove,TO15,TO,0.9911959850628465,0.9373851428482,0.9999943390306083
Northern Bobwhite,TO15,TO,0.9901169768614513,0.9319446670704407,0.9999927268494819
Northern Cardinal,TO15,TO,0.990483753926555,0.9341555331679224,0.9999931219842761
Northern Flicker,TO15,TO,0.9909640467032327,0.9370354818313807,0.9999933396768644
Northern Mockingbird,TO15,TO,0.2612883597545134,0.05930086343017362,0.6022768965594355
Ovenbird,TO15,TO,0.9909701169799068,0.9397534986586189,0.999993341875983
Pileated Woodpecker,TO15,TO,0.5941424821636329,0.31127822030914204,0.8463780296242006
Pine Warbler,TO15,TO,0.9908584286718158,0.9386460253056829,0.9999927809041024
Prairie Warbler,TO15,TO,0.990658231084383,0.9352406185060899,0.999994751884334
Red-bellied Woodpecker,TO15,TO,0.7513070261156172,0.47811638937609696,0.949095985309615
Red-eyed Vireo,TO15,TO,0.9425425464025802,0.7947576134665478,0.996921329703402
Ruby-throated Hummingbird,TO15,TO,0.9551767152631546,0.8296081904548698,0.9991494976674619
Summer Tanager,TO15,TO,0.6325341514945783,0.33701964716884825,0.8841234291705669
Tufted Titmouse,TO15,TO,0.5952606120839512,0.3043407274710649,0.8544084925407238
White-breasted Nuthatch,TO15,TO,0.3422137302379498,0.0029198093660620372,0.9996509616953941
White-eyed Vireo,TO15,TO,0.7185850644492378,0.4557953559096968,0.9149406250366915
Wild Turkey,TO15,TO,0.2764043096964393,0.057235643508581055,0.6061907392456182
Wood Thrush,TO15,TO,0.31772142504253253,0.11307760951140948,0.5863888182850646
Yellow-billed Cuckoo,TO15,TO,0.36458338548218455,0.1335512998013053,0.6485877618082491
Yellow-breasted Chat,TO15,TO,0.48513772895218255,0.2048323897085591,0.7978636435702432
Yellow-throated Warbler,TO15,TO,0.9242637068391496,0.7327107069607854,0.999016994340735
Acadian Flycatcher,TO16,TO,0.6007063103944223,0.30778941582114505,0.8880964131111806
American Goldfinch,TO16,TO,0.9907646949370108,0.9397843392524141,0.9999923002981248
American Robin,TO16,TO,0.9908828931957404,0.9415292638875357,0.9999925391728907
Black-and-white Warbler,TO16,TO,0.9800729716846255,0.876999419635351,0.9999884940303937
Blue Grosbeak,TO16,TO,0.9774758689127078,0.8872362088212923,0.9998747806980404
Blue Jay,TO16,TO,0.8494855463893748,0.6411900894567915,0.9716074873724422
Blue-gray Gnatcatcher,TO16,TO,0.9842996493282505,0.9117666615561182,0.9999677705632753
Brown Thrasher,TO16,TO,0.9757622524526426,0.8862930437577475,0.999813477097406
Brown-headed Cowbird,TO16,TO,0.9907604750929172,0.9363219615088428,0.9999911636748606
Brown-headed Nuthatch,TO16,TO,0.21679967882593967,0.05826033624996374,0.444448623923899
Carolina Chickadee,TO16,TO,0.9902626305247629,0.9341476951313635,0.99999341079694
Carolina Wren,TO16,TO,0.9818518218271118,0.9039763705075144,0.9999309558633501
Chipping Sparrow,TO16,TO,0.9909302799225026,0.9374830814794465,0.9999932213321091
Chuck-will's-widow,TO16,TO,0.9817005509098086,0.9022208142313015,0.9999311850399318
Common Yellowthroat,TO16,TO,0.9717741217757105,0.8735142087656458,0.9997651080499647
Downy Woodpecker,TO16,TO,0.9907057898818695,0.9356578223763707,0.9999932520784758
Eastern Bluebird,TO16,TO,0.9912521167666475,0.9424172301747495,0.9999938883486215
Eastern Kingbird,TO16,TO,0.6906665250156874,0.3612133132056687,0.9868499682316286
Eastern Towhee,TO16,TO,0.9906430067170998,0.9372294153662645,0.9999935163718527
Eastern Wood-Pewee,TO16,TO,0.9814449041483989,0.9012272019316993,0.9999255419763022
Field Sparrow,TO16,TO,0.962138810243745,0.8458407285179228,0.9995075420848997
Gray Catbird,TO16,TO,0.8486915900328409,0.6448789158954873,0.9688902926047832
Great Crested Flycatcher,TO16,TO,0.9908073387715277,0.939837262588047,0.99999420634834435
Hairy Woodpecker,TO16,TO,0.9818641450953279,0.9029452771486496,0.9999216301719066
Hooded Warbler,TO16,TO,0.9518280194947555,0.819093521604845,0.9984454503623814
Indigo Bunting,TO16,TO,0.5685887571286414,0.2692547381440264,0.8896884889526824
Mourning Dove,TO16,TO,0.9912994899028212,0.9371557841784933,0.9999937190259772
Northern Bobwhite,TO16,TO,0.9903405379444398,0.9324485721906434,0.9999919113837462
Northern Cardinal,TO16,TO,0.9905418687632083,0.9338718165188347,0.9999924802248894
Northern Flicker,TO16,TO,0.9910616996015743,0.9390915414720036,0.9999934032211627
Northern Mockingbird,TO16,TO,0.23574731500083315,0.05766388680538623,0.5313541732925999
Ovenbird,TO16,TO,0.9910710106186055,0.9416786079035354,0.9999927259880382
Pileated Woodpecker,TO16,TO,0.6085113034627798,0.35805705372315055,0.8345050548887086
Pine Warbler,TO16,TO,0.9909667428929487,0.9401223276168393,0.9999919577764806
Prairie Warbler,TO16,TO,0.9908288070369198,0.9372357233493164,0.999994232492432
Red-bellied Woodpecker,TO16,TO,0.7576687765771148,0.5170105177969053,0.9428615331089424
Red-eyed Vireo,TO16,TO,0.9410274562542098,0.8046941707437163,0.9965417647672173
Ruby-throated Hummingbird,TO16,TO,0.9545767301332252,0.831831888230633,0.9990541064149394
Summer Tanager,TO16,TO,0.602807683418172,0.33806238752737866,0.8429191073074418
Tufted Titmouse,TO16,TO,0.526769550260348,0.2693384922051628,0.7839579673700655
White-breasted Nuthatch,TO16,TO,0.3326153783741946,0.002743730375695846,0.9996310544127143
White-eyed Vireo,TO16,TO,0.7268671650750776,0.4937113004492669,0.9056129229192611
Wild Turkey,TO16,TO,0.2310479041959039,0.05156279369313657,0.4971011636665341
Wood Thrush,TO16,TO,0.30109087282154595,0.11448718045689289,0.5354281394967156
Yellow-billed Cuckoo,TO16,TO,0.39464641525378635,0.1742160738214519,0.6460603981987302
Yellow-breasted Chat,TO16,TO,0.4410496903641984,0.18799958703590008,0.72964573530190735
Yellow-throated Warbler,TO16,TO,0.9353216127215804,0.7760118648822011,0.9991178439708022
