Start (s),End (s),Scientific name,Common name,Confidence,File
0.0,3.0,Setophaga pinus,Pine Warbler,0.5707,D:\Bird_Anuran_ARUs\IF09\SMM2-34_20260412_051500.wav
0.0,3.0,Cardinalis cardinalis,Northern Cardinal,0.3823,D:\Bird_Anuran_ARUs\IF09\SMM2-34_20260412_051500.wav
6.0,9.0,Cardinalis cardinalis,Northern Cardinal,0.2632,D:\Bird_Anuran_ARUs\IF09\SMM2-34_20260412_051500.wav
9.0,12.0,Cardinalis cardinalis,Northern Cardinal,0.4735,D:\Bird_Anuran_ARUs\IF09\SMM2-34_20260412_051500.wav
12.0,15.0,Setophaga pinus,Pine Warbler,0.2980,D:\Bird_Anuran_ARUs\IF09\SMM2-34_20260412_051500.wav
15.0,18.0,Setophaga pinus,Pine Warbler,0.3971,D:\Bird_Anuran_ARUs\IF09\SMM2-34_20260412_051500.wav
21.0,24.0,Setophaga pinus,Pine Warbler,0.6297,D:\Bird_Anuran_ARUs\IF09\SMM2-34_20260412_051500.wav
24.0,27.0,Setophaga pinus,Pine Warbler,0.7288,D:\Bird_Anuran_ARUs\IF09\SMM2-34_20260412_051500.wav
24.0,27.0,Cardinalis cardinalis,Northern Cardinal,0.2986,D:\Bird_Anuran_ARUs\IF09\SMM2-34_20260412_051500.wav
27.0,30.0,Setophaga pinus,Pine Warbler,0.5794,D:\Bird_Anuran_ARUs\IF09\SMM2-34_20260412_051500.wav
30.0,33.0,Setophaga pinus,Pine Warbler,0.6726,D:\Bird_Anuran_ARUs\IF09\SMM2-34_20260412_051500.wav
33.0,36.0,Cardinalis cardinalis,Northern Cardinal,0.5150,D:\Bird_Anuran_ARUs\IF09\SMM2-34_20260412_051500.wav
36.0,39.0,Setophaga pinus,Pine Warbler,0.8984,D:\Bird_Anuran_ARUs\IF09\SMM2-34_20260412_051500.wav
39.0,42.0,Cardinalis cardinalis,Northern Cardinal,0.3430,D:\Bird_Anuran_ARUs\IF09\SMM2-34_20260412_051500.wav
42.0,45.0,Setophaga pinus,Pine Warbler,0.4452,D:\Bird_Anuran_ARUs\IF09\SMM2-34_20260412_051500.wav
51.0,54.0,Setophaga pinus,Pine Warbler,0.7738,D:\Bird_Anuran_ARUs\IF09\SMM2-34_20260412_051500.wav
60.0,63.0,Setophaga pinus,Pine Warbler,0.4885,D:\Bird_Anuran_ARUs\IF09\SMM2-34_20260412_051500.wav
63.0,66.0,Setophaga pinus,Pine Warbler,0.9256,D:\Bird_Anuran_ARUs\IF09\SMM2-34_20260412_051500.wav
66.0,69.0,Setophaga pinus,Pine Warbler,0.3253,D:\Bird_Anuran_ARUs\IF09\SMM2-34_20260412_051500.wav
72.0,75.0,Setophaga pinus,Pine Warbler,0.8192,D:\Bird_Anuran_ARUs\IF09\SMM2-34_20260412_051500.wav
75.0,78.0,Setophaga pinus,Pine Warbler,0.3662,D:\Bird_Anuran_ARUs\IF09\SMM2-34_20260412_051500.wav
78.0,81.0,Setophaga pinus,Pine Warbler,0.4730,D:\Bird_Anuran_ARUs\IF09\SMM2-34_20260412_051500.wav
84.0,87.0,Setophaga pinus,Pine Warbler,0.9435,D:\Bird_Anuran_ARUs\IF09\SMM2-34_20260412_051500.wav
90.0,93.0,Setophaga pinus,Pine Warbler,0.8298,D:\Bird_Anuran_ARUs\IF09\SMM2-34_20260412_051500.wav
93.0,96.0,Setophaga pinus,Pine Warbler,0.2784,D:\Bird_Anuran_ARUs\IF09\SMM2-34_20260412_051500.wav
102.0,105.0,Setophaga pinus,Pine Warbler,0.4041,D:\Bird_Anuran_ARUs\IF09\SMM2-34_20260412_051500.wav
105.0,108.0,Setophaga pinus,Pine Warbler,0.9539,D:\Bird_Anuran_ARUs\IF09\SMM2-34_20260412_051500.wav
108.0,111.0,Setophaga pinus,Pine Warbler,0.7237,D:\Bird_Anuran_ARUs\IF09\SMM2-34_20260412_051500.wav
111.0,114.0,Setophaga pinus,Pine Warbler,0.8536,D:\Bird_Anuran_ARUs\IF09\SMM2-34_20260412_051500.wav
114.0,117.0,Setophaga pinus,Pine Warbler,0.3346,D:\Bird_Anuran_ARUs\IF09\SMM2-34_20260412_051500.wav
120.0,123.0,Setophaga pinus,Pine Warbler,0.4297,D:\Bird_Anuran_ARUs\IF09\SMM2-34_20260412_051500.wav
123.0,126.0,Corvus brachyrhynchos,American Crow,0.4709,D:\Bird_Anuran_ARUs\IF09\SMM2-34_20260412_051500.wav
126.0,129.0,Corvus brachyrhynchos,American Crow,0.7199,D:\Bird_Anuran_ARUs\IF09\SMM2-34_20260412_051500.wav
129.0,132.0,Setophaga pinus,Pine Warbler,0.5254,D:\Bird_Anuran_ARUs\IF09\SMM2-34_20260412_051500.wav
129.0,132.0,Cardinalis cardinalis,Northern Cardinal,0.4010,D:\Bird_Anuran_ARUs\IF09\SMM2-34_20260412_051500.wav
132.0,135.0,Seiurus aurocapilla,Ovenbird,0.2828,D:\Bird_Anuran_ARUs\IF09\SMM2-34_20260412_051500.wav
135.0,138.0,Setophaga pinus,Pine Warbler,0.3327,D:\Bird_Anuran_ARUs\IF09\SMM2-34_20260412_051500.wav
138.0,141.0,Setophaga pinus,Pine Warbler,0.7099,D:\Bird_Anuran_ARUs\IF09\SMM2-34_20260412_051500.wav
141.0,144.0,Pipilo erythrophthalmus,Eastern Towhee,0.4280,D:\Bird_Anuran_ARUs\IF09\SMM2-34_20260412_051500.wav
144.0,147.0,Setophaga pinus,Pine Warbler,0.6575,D:\Bird_Anuran_ARUs\IF09\SMM2-34_20260412_051500.wav
144.0,147.0,Corvus brachyrhynchos,American Crow,0.3211,D:\Bird_Anuran_ARUs\IF09\SMM2-34_20260412_051500.wav
147.0,150.0,Pipilo erythrophthalmus,Eastern Towhee,0.3024,D:\Bird_Anuran_ARUs\IF09\SMM2-34_20260412_051500.wav
150.0,153.0,Setophaga pinus,Pine Warbler,0.2709,D:\Bird_Anuran_ARUs\IF09\SMM2-34_20260412_051500.wav
153.0,156.0,Setophaga pinus,Pine Warbler,0.4562,D:\Bird_Anuran_ARUs\IF09\SMM2-34_20260412_051500.wav
156.0,159.0,Setophaga pinus,Pine Warbler,0.4033,D:\Bird_Anuran_ARUs\IF09\SMM2-34_20260412_051500.wav
159.0,162.0,Corvus brachyrhynchos,American Crow,0.4873,D:\Bird_Anuran_ARUs\IF09\SMM2-34_20260412_051500.wav
162.0,165.0,Corvus brachyrhynchos,American Crow,0.4214,D:\Bird_Anuran_ARUs\IF09\SMM2-34_20260412_051500.wav
168.0,171.0,Setophaga pinus,Pine Warbler,0.3131,D:\Bird_Anuran_ARUs\IF09\SMM2-34_20260412_051500.wav
171.0,174.0,Pipilo erythrophthalmus,Eastern Towhee,0.2622,D:\Bird_Anuran_ARUs\IF09\SMM2-34_20260412_051500.wav
174.0,177.0,Setophaga pinus,Pine Warbler,0.4863,D:\Bird_Anuran_ARUs\IF09\SMM2-34_20260412_051500.wav
177.0,180.0,Corvus brachyrhynchos,American Crow,0.9655,D:\Bird_Anuran_ARUs\IF09\SMM2-34_20260412_051500.wav
177.0,180.0,Seiurus aurocapilla,Ovenbird,0.6640,D:\Bird_Anuran_ARUs\IF09\SMM2-34_20260412_051500.wav
177.0,180.0,Pipilo erythrophthalmus,Eastern Towhee,0.3011,D:\Bird_Anuran_ARUs\IF09\SMM2-34_20260412_051500.wav
180.0,183.0,Setophaga pinus,Pine Warbler,0.5008,D:\Bird_Anuran_ARUs\IF09\SMM2-34_20260412_051500.wav
183.0,186.0,Corvus brachyrhynchos,American Crow,0.9596,D:\Bird_Anuran_ARUs\IF09\SMM2-34_20260412_051500.wav
183.0,186.0,Pipilo erythrophthalmus,Eastern Towhee,0.3338,D:\Bird_Anuran_ARUs\IF09\SMM2-34_20260412_051500.wav
186.0,189.0,Setophaga pinus,Pine Warbler,0.3859,D:\Bird_Anuran_ARUs\IF09\SMM2-34_20260412_051500.wav
189.0,192.0,Corvus brachyrhynchos,American Crow,0.4850,D:\Bird_Anuran_ARUs\IF09\SMM2-34_20260412_051500.wav
189.0,192.0,Cardinalis cardinalis,Northern Cardinal,0.3139,D:\Bird_Anuran_ARUs\IF09\SMM2-34_20260412_051500.wav
192.0,195.0,Setophaga pinus,Pine Warbler,0.7760,D:\Bird_Anuran_ARUs\IF09\SMM2-34_20260412_051500.wav
198.0,201.0,Seiurus aurocapilla,Ovenbird,0.8486,D:\Bird_Anuran_ARUs\IF09\SMM2-34_20260412_051500.wav
198.0,201.0,Cardinalis cardinalis,Northern Cardinal,0.3961,D:\Bird_Anuran_ARUs\IF09\SMM2-34_20260412_051500.wav
201.0,204.0,Setophaga pinus,Pine Warbler,0.8904,D:\Bird_Anuran_ARUs\IF09\SMM2-34_20260412_051500.wav
204.0,207.0,Setophaga pinus,Pine Warbler,0.2883,D:\Bird_Anuran_ARUs\IF09\SMM2-34_20260412_051500.wav
207.0,210.0,Setophaga pinus,Pine Warbler,0.3137,D:\Bird_Anuran_ARUs\IF09\SMM2-34_20260412_051500.wav
210.0,213.0,Setophaga pinus,Pine Warbler,0.5714,D:\Bird_Anuran_ARUs\IF09\SMM2-34_20260412_051500.wav
213.0,216.0,Corvus brachyrhynchos,American Crow,0.8543,D:\Bird_Anuran_ARUs\IF09\SMM2-34_20260412_051500.wav
213.0,216.0,Seiurus aurocapilla,Ovenbird,0.8224,D:\Bird_Anuran_ARUs\IF09\SMM2-34_20260412_051500.wav
213.0,216.0,Pipilo erythrophthalmus,Eastern Towhee,0.3221,D:\Bird_Anuran_ARUs\IF09\SMM2-34_20260412_051500.wav
213.0,216.0,Baeolophus bicolor,Tufted Titmouse,0.2639,D:\Bird_Anuran_ARUs\IF09\SMM2-34_20260412_051500.wav
216.0,219.0,Pipilo erythrophthalmus,Eastern Towhee,0.4710,D:\Bird_Anuran_ARUs\IF09\SMM2-34_20260412_051500.wav
216.0,219.0,Corvus brachyrhynchos,American Crow,0.3874,D:\Bird_Anuran_ARUs\IF09\SMM2-34_20260412_051500.wav
225.0,228.0,Cardinalis cardinalis,Northern Cardinal,0.9115,D:\Bird_Anuran_ARUs\IF09\SMM2-34_20260412_051500.wav
225.0,228.0,Corvus brachyrhynchos,American Crow,0.6204,D:\Bird_Anuran_ARUs\IF09\SMM2-34_20260412_051500.wav
228.0,231.0,Seiurus aurocapilla,Ovenbird,0.5014,D:\Bird_Anuran_ARUs\IF09\SMM2-34_20260412_051500.wav
228.0,231.0,Corvus brachyrhynchos,American Crow,0.3495,D:\Bird_Anuran_ARUs\IF09\SMM2-34_20260412_051500.wav
234.0,237.0,Setophaga pinus,Pine Warbler,0.5203,D:\Bird_Anuran_ARUs\IF09\SMM2-34_20260412_051500.wav
237.0,240.0,Corvus brachyrhynchos,American Crow,0.8238,D:\Bird_Anuran_ARUs\IF09\SMM2-34_20260412_051500.wav
237.0,240.0,Pipilo erythrophthalmus,Eastern Towhee,0.2999,D:\Bird_Anuran_ARUs\IF09\SMM2-34_20260412_051500.wav
237.0,240.0,Setophaga pinus,Pine Warbler,0.2752,D:\Bird_Anuran_ARUs\IF09\SMM2-34_20260412_051500.wav
240.0,243.0,Corvus brachyrhynchos,American Crow,0.8043,D:\Bird_Anuran_ARUs\IF09\SMM2-34_20260412_051500.wav
240.0,243.0,Seiurus aurocapilla,Ovenbird,0.6390,D:\Bird_Anuran_ARUs\IF09\SMM2-34_20260412_051500.wav
240.0,243.0,Cardinalis cardinalis,Northern Cardinal,0.5736,D:\Bird_Anuran_ARUs\IF09\SMM2-34_20260412_051500.wav
240.0,243.0,Pipilo erythrophthalmus,Eastern Towhee,0.4817,D:\Bird_Anuran_ARUs\IF09\SMM2-34_20260412_051500.wav
243.0,246.0,Corvus brachyrhynchos,American Crow,0.6329,D:\Bird_Anuran_ARUs\IF09\SMM2-34_20260412_051500.wav
243.0,246.0,Seiurus aurocapilla,Ovenbird,0.5302,D:\Bird_Anuran_ARUs\IF09\SMM2-34_20260412_051500.wav
243.0,246.0,Pipilo erythrophthalmus,Eastern Towhee,0.2555,D:\Bird_Anuran_ARUs\IF09\SMM2-34_20260412_051500.wav
249.0,252.0,Corvus brachyrhynchos,American Crow,0.5647,D:\Bird_Anuran_ARUs\IF09\SMM2-34_20260412_051500.wav
249.0,252.0,Pipilo erythrophthalmus,Eastern Towhee,0.3906,D:\Bird_Anuran_ARUs\IF09\SMM2-34_20260412_051500.wav
252.0,255.0,Setophaga pinus,Pine Warbler,0.6543,D:\Bird_Anuran_ARUs\IF09\SMM2-34_20260412_051500.wav
255.0,258.0,Seiurus aurocapilla,Ovenbird,0.8750,D:\Bird_Anuran_ARUs\IF09\SMM2-34_20260412_051500.wav
255.0,258.0,Cardinalis cardinalis,Northern Cardinal,0.4710,D:\Bird_Anuran_ARUs\IF09\SMM2-34_20260412_051500.wav
255.0,258.0,Corvus brachyrhynchos,American Crow,0.2979,D:\Bird_Anuran_ARUs\IF09\SMM2-34_20260412_051500.wav
258.0,261.0,Corvus brachyrhynchos,American Crow,0.8799,D:\Bird_Anuran_ARUs\IF09\SMM2-34_20260412_051500.wav
261.0,264.0,Setophaga pinus,Pine Warbler,0.4924,D:\Bird_Anuran_ARUs\IF09\SMM2-34_20260412_051500.wav
261.0,264.0,Corvus brachyrhynchos,American Crow,0.4092,D:\Bird_Anuran_ARUs\IF09\SMM2-34_20260412_051500.wav
264.0,267.0,Setophaga pinus,Pine Warbler,0.7284,D:\Bird_Anuran_ARUs\IF09\SMM2-34_20260412_051500.wav
267.0,270.0,Corvus brachyrhynchos,American Crow,0.9466,D:\Bird_Anuran_ARUs\IF09\SMM2-34_20260412_051500.wav
267.0,270.0,Pipilo erythrophthalmus,Eastern Towhee,0.7192,D:\Bird_Anuran_ARUs\IF09\SMM2-34_20260412_051500.wav
267.0,270.0,Setophaga pinus,Pine Warbler,0.2884,D:\Bird_Anuran_ARUs\IF09\SMM2-34_20260412_051500.wav
270.0,273.0,Seiurus aurocapilla,Ovenbird,0.4409,D:\Bird_Anuran_ARUs\IF09\SMM2-34_20260412_051500.wav
273.0,276.0,Corvus brachyrhynchos,American Crow,0.8700,D:\Bird_Anuran_ARUs\IF09\SMM2-34_20260412_051500.wav
273.0,276.0,Pipilo erythrophthalmus,Eastern Towhee,0.3235,D:\Bird_Anuran_ARUs\IF09\SMM2-34_20260412_051500.wav
276.0,279.0,Setophaga pinus,Pine Warbler,0.4227,D:\Bird_Anuran_ARUs\IF09\SMM2-34_20260412_051500.wav
279.0,282.0,Setophaga pinus,Pine Warbler,0.2740,D:\Bird_Anuran_ARUs\IF09\SMM2-34_20260412_051500.wav
282.0,285.0,Setophaga pinus,Pine Warbler,0.4054,D:\Bird_Anuran_ARUs\IF09\SMM2-34_20260412_051500.wav
285.0,288.0,Seiurus aurocapilla,Ovenbird,0.2834,D:\Bird_Anuran_ARUs\IF09\SMM2-34_20260412_051500.wav
288.0,291.0,Setophaga pinus,Pine Warbler,0.2977,D:\Bird_Anuran_ARUs\IF09\SMM2-34_20260412_051500.wav
291.0,294.0,Cardinalis cardinalis,Northern Cardinal,0.3115,D:\Bird_Anuran_ARUs\IF09\SMM2-34_20260412_051500.wav
294.0,297.0,Corvus brachyrhynchos,American Crow,0.9824,D:\Bird_Anuran_ARUs\IF09\SMM2-34_20260412_051500.wav
297.0,300.0,Seiurus aurocapilla,Ovenbird,0.7256,D:\Bird_Anuran_ARUs\IF09\SMM2-34_20260412_051500.wav
297.0,300.0,Pipilo erythrophthalmus,Eastern Towhee,0.6698,D:\Bird_Anuran_ARUs\IF09\SMM2-34_20260412_051500.wav
297.0,300.0,Corvus brachyrhynchos,American Crow,0.5759,D:\Bird_Anuran_ARUs\IF09\SMM2-34_20260412_051500.wav
297.0,300.0,Cardinalis cardinalis,Northern Cardinal,0.5316,D:\Bird_Anuran_ARUs\IF09\SMM2-34_20260412_051500.wav
303.0,306.0,Corvus brachyrhynchos,American Crow,0.6901,D:\Bird_Anuran_ARUs\IF09\SMM2-34_20260412_051500.wav
303.0,306.0,Cardinalis cardinalis,Northern Cardinal,0.6738,D:\Bird_Anuran_ARUs\IF09\SMM2-34_20260412_051500.wav
303.0,306.0,Pipilo erythrophthalmus,Eastern Towhee,0.3263,D:\Bird_Anuran_ARUs\IF09\SMM2-34_20260412_051500.wav
306.0,309.0,Setophaga pinus,Pine Warbler,0.3094,D:\Bird_Anuran_ARUs\IF09\SMM2-34_20260412_051500.wav
312.0,315.0,Corvus brachyrhynchos,American Crow,0.6084,D:\Bird_Anuran_ARUs\IF09\SMM2-34_20260412_051500.wav
312.0,315.0,Seiurus aurocapilla,Ovenbird,0.4638,D:\Bird_Anuran_ARUs\IF09\SMM2-34_20260412_051500.wav
312.0,315.0,Pipilo erythrophthalmus,Eastern Towhee,0.3638,D:\Bird_Anuran_ARUs\IF09\SMM2-34_20260412_051500.wav
312.0,315.0,Cardinalis cardinalis,Northern Cardinal,0.2749,D:\Bird_Anuran_ARUs\IF09\SMM2-34_20260412_051500.wav
315.0,318.0,Corvus brachyrhynchos,American Crow,0.4588,D:\Bird_Anuran_ARUs\IF09\SMM2-34_20260412_051500.wav
315.0,318.0,Pipilo erythrophthalmus,Eastern Towhee,0.3819,D:\Bird_Anuran_ARUs\IF09\SMM2-34_20260412_051500.wav
315.0,318.0,Cardinalis cardinalis,Northern Cardinal,0.3146,D:\Bird_Anuran_ARUs\IF09\SMM2-34_20260412_051500.wav
318.0,321.0,Seiurus aurocapilla,Ovenbird,0.6394,D:\Bird_Anuran_ARUs\IF09\SMM2-34_20260412_051500.wav
318.0,321.0,Corvus brachyrhynchos,American Crow,0.4719,D:\Bird_Anuran_ARUs\IF09\SMM2-34_20260412_051500.wav
321.0,324.0,Corvus brachyrhynchos,American Crow,0.7645,D:\Bird_Anuran_ARUs\IF09\SMM2-34_20260412_051500.wav
324.0,327.0,Seiurus aurocapilla,Ovenbird,0.6856,D:\Bird_Anuran_ARUs\IF09\SMM2-34_20260412_051500.wav
324.0,327.0,Corvus brachyrhynchos,American Crow,0.5727,D:\Bird_Anuran_ARUs\IF09\SMM2-34_20260412_051500.wav
324.0,327.0,Cardinalis cardinalis,Northern Cardinal,0.3717,D:\Bird_Anuran_ARUs\IF09\SMM2-34_20260412_051500.wav
324.0,327.0,Pipilo erythrophthalmus,Eastern Towhee,0.3367,D:\Bird_Anuran_ARUs\IF09\SMM2-34_20260412_051500.wav
327.0,330.0,Seiurus aurocapilla,Ovenbird,0.4495,D:\Bird_Anuran_ARUs\IF09\SMM2-34_20260412_051500.wav
330.0,333.0,Corvus brachyrhynchos,American Crow,0.7955,D:\Bird_Anuran_ARUs\IF09\SMM2-34_20260412_051500.wav
333.0,336.0,Setophaga pinus,Pine Warbler,0.2740,D:\Bird_Anuran_ARUs\IF09\SMM2-34_20260412_051500.wav
336.0,339.0,Corvus brachyrhynchos,American Crow,0.8372,D:\Bird_Anuran_ARUs\IF09\SMM2-34_20260412_051500.wav
336.0,339.0,Cardinalis cardinalis,Northern Cardinal,0.2528,D:\Bird_Anuran_ARUs\IF09\SMM2-34_20260412_051500.wav
339.0,342.0,Seiurus aurocapilla,Ovenbird,0.3647,D:\Bird_Anuran_ARUs\IF09\SMM2-34_20260412_051500.wav
342.0,345.0,Corvus brachyrhynchos,American Crow,0.8060,D:\Bird_Anuran_ARUs\IF09\SMM2-34_20260412_051500.wav
342.0,345.0,Cardinalis cardinalis,Northern Cardinal,0.5714,D:\Bird_Anuran_ARUs\IF09\SMM2-34_20260412_051500.wav
342.0,345.0,Pipilo erythrophthalmus,Eastern Towhee,0.4799,D:\Bird_Anuran_ARUs\IF09\SMM2-34_20260412_051500.wav
345.0,348.0,Corvus brachyrhynchos,American Crow,0.3923,D:\Bird_Anuran_ARUs\IF09\SMM2-34_20260412_051500.wav
345.0,348.0,Pipilo erythrophthalmus,Eastern Towhee,0.2977,D:\Bird_Anuran_ARUs\IF09\SMM2-34_20260412_051500.wav
348.0,351.0,Poecile carolinensis,Carolina Chickadee,0.3907,D:\Bird_Anuran_ARUs\IF09\SMM2-34_20260412_051500.wav
348.0,351.0,Corvus brachyrhynchos,American Crow,0.2692,D:\Bird_Anuran_ARUs\IF09\SMM2-34_20260412_051500.wav
351.0,354.0,Seiurus aurocapilla,Ovenbird,0.4213,D:\Bird_Anuran_ARUs\IF09\SMM2-34_20260412_051500.wav
357.0,360.0,Pipilo erythrophthalmus,Eastern Towhee,0.5923,D:\Bird_Anuran_ARUs\IF09\SMM2-34_20260412_051500.wav
357.0,360.0,Corvus brachyrhynchos,American Crow,0.4662,D:\Bird_Anuran_ARUs\IF09\SMM2-34_20260412_051500.wav
360.0,363.0,Corvus brachyrhynchos,American Crow,0.6715,D:\Bird_Anuran_ARUs\IF09\SMM2-34_20260412_051500.wav
360.0,363.0,Seiurus aurocapilla,Ovenbird,0.4200,D:\Bird_Anuran_ARUs\IF09\SMM2-34_20260412_051500.wav
360.0,363.0,Pipilo erythrophthalmus,Eastern Towhee,0.2813,D:\Bird_Anuran_ARUs\IF09\SMM2-34_20260412_051500.wav
360.0,363.0,Cardinalis cardinalis,Northern Cardinal,0.2749,D:\Bird_Anuran_ARUs\IF09\SMM2-34_20260412_051500.wav
363.0,366.0,Corvus brachyrhynchos,American Crow,0.6001,D:\Bird_Anuran_ARUs\IF09\SMM2-34_20260412_051500.wav
366.0,369.0,Corvus brachyrhynchos,American Crow,0.8928,D:\Bird_Anuran_ARUs\IF09\SMM2-34_20260412_051500.wav
369.0,372.0,Corvus brachyrhynchos,American Crow,0.6934,D:\Bird_Anuran_ARUs\IF09\SMM2-34_20260412_051500.wav
369.0,372.0,Seiurus aurocapilla,Ovenbird,0.5445,D:\Bird_Anuran_ARUs\IF09\SMM2-34_20260412_051500.wav
372.0,375.0,Corvus brachyrhynchos,American Crow,0.8265,D:\Bird_Anuran_ARUs\IF09\SMM2-34_20260412_051500.wav
375.0,378.0,Seiurus aurocapilla,Ovenbird,0.7139,D:\Bird_Anuran_ARUs\IF09\SMM2-34_20260412_051500.wav
378.0,381.0,Corvus brachyrhynchos,American Crow,0.7688,D:\Bird_Anuran_ARUs\IF09\SMM2-34_20260412_051500.wav
378.0,381.0,Seiurus aurocapilla,Ovenbird,0.4140,D:\Bird_Anuran_ARUs\IF09\SMM2-34_20260412_051500.wav
381.0,384.0,Corvus brachyrhynchos,American Crow,0.4008,D:\Bird_Anuran_ARUs\IF09\SMM2-34_20260412_051500.wav
384.0,387.0,Corvus brachyrhynchos,American Crow,0.5751,D:\Bird_Anuran_ARUs\IF09\SMM2-34_20260412_051500.wav
387.0,390.0,Seiurus aurocapilla,Ovenbird,0.8562,D:\Bird_Anuran_ARUs\IF09\SMM2-34_20260412_051500.wav
390.0,393.0,Seiurus aurocapilla,Ovenbird,0.8335,D:\Bird_Anuran_ARUs\IF09\SMM2-34_20260412_051500.wav
393.0,396.0,Seiurus aurocapilla,Ovenbird,0.9210,D:\Bird_Anuran_ARUs\IF09\SMM2-34_20260412_051500.wav
396.0,399.0,Cardinalis cardinalis,Northern Cardinal,0.2817,D:\Bird_Anuran_ARUs\IF09\SMM2-34_20260412_051500.wav
402.0,405.0,Seiurus aurocapilla,Ovenbird,0.6165,D:\Bird_Anuran_ARUs\IF09\SMM2-34_20260412_051500.wav
405.0,408.0,Seiurus aurocapilla,Ovenbird,0.3018,D:\Bird_Anuran_ARUs\IF09\SMM2-34_20260412_051500.wav
408.0,411.0,Seiurus aurocapilla,Ovenbird,0.4530,D:\Bird_Anuran_ARUs\IF09\SMM2-34_20260412_051500.wav
414.0,417.0,Seiurus aurocapilla,Ovenbird,0.3842,D:\Bird_Anuran_ARUs\IF09\SMM2-34_20260412_051500.wav
420.0,423.0,Seiurus aurocapilla,Ovenbird,0.2903,D:\Bird_Anuran_ARUs\IF09\SMM2-34_20260412_051500.wav
423.0,426.0,Seiurus aurocapilla,Ovenbird,0.6726,D:\Bird_Anuran_ARUs\IF09\SMM2-34_20260412_051500.wav
429.0,432.0,Seiurus aurocapilla,Ovenbird,0.6845,D:\Bird_Anuran_ARUs\IF09\SMM2-34_20260412_051500.wav
429.0,432.0,Cardinalis cardinalis,Northern Cardinal,0.2737,D:\Bird_Anuran_ARUs\IF09\SMM2-34_20260412_051500.wav
435.0,438.0,Cardinalis cardinalis,Northern Cardinal,0.2513,D:\Bird_Anuran_ARUs\IF09\SMM2-34_20260412_051500.wav
438.0,441.0,Seiurus aurocapilla,Ovenbird,0.5584,D:\Bird_Anuran_ARUs\IF09\SMM2-34_20260412_051500.wav
444.0,447.0,Cardinalis cardinalis,Northern Cardinal,0.5795,D:\Bird_Anuran_ARUs\IF09\SMM2-34_20260412_051500.wav
447.0,450.0,Cardinalis cardinalis,Northern Cardinal,0.6634,D:\Bird_Anuran_ARUs\IF09\SMM2-34_20260412_051500.wav
453.0,456.0,Cardinalis cardinalis,Northern Cardinal,0.9351,D:\Bird_Anuran_ARUs\IF09\SMM2-34_20260412_051500.wav
456.0,459.0,Cardinalis cardinalis,Northern Cardinal,0.8094,D:\Bird_Anuran_ARUs\IF09\SMM2-34_20260412_051500.wav
462.0,465.0,Cardinalis cardinalis,Northern Cardinal,0.5830,D:\Bird_Anuran_ARUs\IF09\SMM2-34_20260412_051500.wav
471.0,474.0,Cardinalis cardinalis,Northern Cardinal,0.3513,D:\Bird_Anuran_ARUs\IF09\SMM2-34_20260412_051500.wav
477.0,480.0,Cardinalis cardinalis,Northern Cardinal,0.8545,D:\Bird_Anuran_ARUs\IF09\SMM2-34_20260412_051500.wav
486.0,489.0,Cardinalis cardinalis,Northern Cardinal,0.8668,D:\Bird_Anuran_ARUs\IF09\SMM2-34_20260412_051500.wav
492.0,495.0,Cardinalis cardinalis,Northern Cardinal,0.6859,D:\Bird_Anuran_ARUs\IF09\SMM2-34_20260412_051500.wav
495.0,498.0,Cardinalis cardinalis,Northern Cardinal,0.8631,D:\Bird_Anuran_ARUs\IF09\SMM2-34_20260412_051500.wav
498.0,501.0,Seiurus aurocapilla,Ovenbird,0.2722,D:\Bird_Anuran_ARUs\IF09\SMM2-34_20260412_051500.wav
504.0,507.0,Cardinalis cardinalis,Northern Cardinal,0.3815,D:\Bird_Anuran_ARUs\IF09\SMM2-34_20260412_051500.wav
504.0,507.0,Seiurus aurocapilla,Ovenbird,0.3626,D:\Bird_Anuran_ARUs\IF09\SMM2-34_20260412_051500.wav
507.0,510.0,Cardinalis cardinalis,Northern Cardinal,0.3889,D:\Bird_Anuran_ARUs\IF09\SMM2-34_20260412_051500.wav
510.0,513.0,Seiurus aurocapilla,Ovenbird,0.5768,D:\Bird_Anuran_ARUs\IF09\SMM2-34_20260412_051500.wav
513.0,516.0,Cardinalis cardinalis,Northern Cardinal,0.3250,D:\Bird_Anuran_ARUs\IF09\SMM2-34_20260412_051500.wav
516.0,519.0,Seiurus aurocapilla,Ovenbird,0.8191,D:\Bird_Anuran_ARUs\IF09\SMM2-34_20260412_051500.wav
519.0,522.0,Cardinalis cardinalis,Northern Cardinal,0.2814,D:\Bird_Anuran_ARUs\IF09\SMM2-34_20260412_051500.wav
522.0,525.0,Seiurus aurocapilla,Ovenbird,0.8049,D:\Bird_Anuran_ARUs\IF09\SMM2-34_20260412_051500.wav
525.0,528.0,Seiurus aurocapilla,Ovenbird,0.9826,D:\Bird_Anuran_ARUs\IF09\SMM2-34_20260412_051500.wav
528.0,531.0,Seiurus aurocapilla,Ovenbird,0.9730,D:\Bird_Anuran_ARUs\IF09\SMM2-34_20260412_051500.wav
531.0,534.0,Seiurus aurocapilla,Ovenbird,0.8969,D:\Bird_Anuran_ARUs\IF09\SMM2-34_20260412_051500.wav
534.0,537.0,Seiurus aurocapilla,Ovenbird,0.6323,D:\Bird_Anuran_ARUs\IF09\SMM2-34_20260412_051500.wav
537.0,540.0,Seiurus aurocapilla,Ovenbird,0.8561,D:\Bird_Anuran_ARUs\IF09\SMM2-34_20260412_051500.wav
540.0,543.0,Seiurus aurocapilla,Ovenbird,0.9512,D:\Bird_Anuran_ARUs\IF09\SMM2-34_20260412_051500.wav
543.0,546.0,Seiurus aurocapilla,Ovenbird,0.5412,D:\Bird_Anuran_ARUs\IF09\SMM2-34_20260412_051500.wav
543.0,546.0,Cardinalis cardinalis,Northern Cardinal,0.4223,D:\Bird_Anuran_ARUs\IF09\SMM2-34_20260412_051500.wav
546.0,549.0,Seiurus aurocapilla,Ovenbird,0.8660,D:\Bird_Anuran_ARUs\IF09\SMM2-34_20260412_051500.wav
549.0,552.0,Seiurus aurocapilla,Ovenbird,0.9865,D:\Bird_Anuran_ARUs\IF09\SMM2-34_20260412_051500.wav
552.0,555.0,Seiurus aurocapilla,Ovenbird,0.7116,D:\Bird_Anuran_ARUs\IF09\SMM2-34_20260412_051500.wav
555.0,558.0,Seiurus aurocapilla,Ovenbird,0.8470,D:\Bird_Anuran_ARUs\IF09\SMM2-34_20260412_051500.wav
561.0,564.0,Seiurus aurocapilla,Ovenbird,0.9604,D:\Bird_Anuran_ARUs\IF09\SMM2-34_20260412_051500.wav
564.0,567.0,Seiurus aurocapilla,Ovenbird,0.9646,D:\Bird_Anuran_ARUs\IF09\SMM2-34_20260412_051500.wav
570.0,573.0,Seiurus aurocapilla,Ovenbird,0.9841,D:\Bird_Anuran_ARUs\IF09\SMM2-34_20260412_051500.wav
573.0,576.0,Seiurus aurocapilla,Ovenbird,0.9835,D:\Bird_Anuran_ARUs\IF09\SMM2-34_20260412_051500.wav
576.0,579.0,Seiurus aurocapilla,Ovenbird,0.7922,D:\Bird_Anuran_ARUs\IF09\SMM2-34_20260412_051500.wav
585.0,588.0,Seiurus aurocapilla,Ovenbird,0.3325,D:\Bird_Anuran_ARUs\IF09\SMM2-34_20260412_051500.wav
588.0,591.0,Seiurus aurocapilla,Ovenbird,0.6027,D:\Bird_Anuran_ARUs\IF09\SMM2-34_20260412_051500.wav
624.0,627.0,Corvus ossifragus,Fish Crow,0.4192,D:\Bird_Anuran_ARUs\IF09\SMM2-34_20260412_051500.wav
627.0,630.0,Setophaga pinus,Pine Warbler,0.4497,D:\Bird_Anuran_ARUs\IF09\SMM2-34_20260412_051500.wav
636.0,639.0,Zenaida macroura,Mourning Dove,0.7582,D:\Bird_Anuran_ARUs\IF09\SMM2-34_20260412_051500.wav
642.0,645.0,Corvus ossifragus,Fish Crow,0.4451,D:\Bird_Anuran_ARUs\IF09\SMM2-34_20260412_051500.wav
648.0,651.0,Zenaida macroura,Mourning Dove,0.7441,D:\Bird_Anuran_ARUs\IF09\SMM2-34_20260412_051500.wav
651.0,654.0,Zenaida macroura,Mourning Dove,0.2873,D:\Bird_Anuran_ARUs\IF09\SMM2-34_20260412_051500.wav
654.0,657.0,Corvus brachyrhynchos,American Crow,0.4845,D:\Bird_Anuran_ARUs\IF09\SMM2-34_20260412_051500.wav
660.0,663.0,Seiurus aurocapilla,Ovenbird,0.4855,D:\Bird_Anuran_ARUs\IF09\SMM2-34_20260412_051500.wav
660.0,663.0,Corvus brachyrhynchos,American Crow,0.4166,D:\Bird_Anuran_ARUs\IF09\SMM2-34_20260412_051500.wav
660.0,663.0,Strix varia,Barred Owl,0.3961,D:\Bird_Anuran_ARUs\IF09\SMM2-34_20260412_051500.wav
663.0,666.0,Zenaida macroura,Mourning Dove,0.2502,D:\Bird_Anuran_ARUs\IF09\SMM2-34_20260412_051500.wav
672.0,675.0,Corvus brachyrhynchos,American Crow,0.3164,D:\Bird_Anuran_ARUs\IF09\SMM2-34_20260412_051500.wav
675.0,678.0,Zenaida macroura,Mourning Dove,0.9025,D:\Bird_Anuran_ARUs\IF09\SMM2-34_20260412_051500.wav
678.0,681.0,Seiurus aurocapilla,Ovenbird,0.6295,D:\Bird_Anuran_ARUs\IF09\SMM2-34_20260412_051500.wav
678.0,681.0,Zenaida macroura,Mourning Dove,0.3544,D:\Bird_Anuran_ARUs\IF09\SMM2-34_20260412_051500.wav
684.0,687.0,Corvus brachyrhynchos,American Crow,0.7681,D:\Bird_Anuran_ARUs\IF09\SMM2-34_20260412_051500.wav
684.0,687.0,Seiurus aurocapilla,Ovenbird,0.4674,D:\Bird_Anuran_ARUs\IF09\SMM2-34_20260412_051500.wav
687.0,690.0,Seiurus aurocapilla,Ovenbird,0.5992,D:\Bird_Anuran_ARUs\IF09\SMM2-34_20260412_051500.wav
690.0,693.0,Zenaida macroura,Mourning Dove,0.7911,D:\Bird_Anuran_ARUs\IF09\SMM2-34_20260412_051500.wav
693.0,696.0,Seiurus aurocapilla,Ovenbird,0.3876,D:\Bird_Anuran_ARUs\IF09\SMM2-34_20260412_051500.wav
702.0,705.0,Seiurus aurocapilla,Ovenbird,0.5525,D:\Bird_Anuran_ARUs\IF09\SMM2-34_20260412_051500.wav
705.0,708.0,Zenaida macroura,Mourning Dove,0.6967,D:\Bird_Anuran_ARUs\IF09\SMM2-34_20260412_051500.wav
705.0,708.0,Seiurus aurocapilla,Ovenbird,0.4711,D:\Bird_Anuran_ARUs\IF09\SMM2-34_20260412_051500.wav
708.0,711.0,Seiurus aurocapilla,Ovenbird,0.8678,D:\Bird_Anuran_ARUs\IF09\SMM2-34_20260412_051500.wav
711.0,714.0,Cardinalis cardinalis,Northern Cardinal,0.3546,D:\Bird_Anuran_ARUs\IF09\SMM2-34_20260412_051500.wav
714.0,717.0,Seiurus aurocapilla,Ovenbird,0.9415,D:\Bird_Anuran_ARUs\IF09\SMM2-34_20260412_051500.wav
714.0,717.0,Cardinalis cardinalis,Northern Cardinal,0.5754,D:\Bird_Anuran_ARUs\IF09\SMM2-34_20260412_051500.wav
717.0,720.0,Zenaida macroura,Mourning Dove,0.3742,D:\Bird_Anuran_ARUs\IF09\SMM2-34_20260412_051500.wav
723.0,726.0,Corvus brachyrhynchos,American Crow,0.6058,D:\Bird_Anuran_ARUs\IF09\SMM2-34_20260412_051500.wav
723.0,726.0,Cardinalis cardinalis,Northern Cardinal,0.3754,D:\Bird_Anuran_ARUs\IF09\SMM2-34_20260412_051500.wav
726.0,729.0,Setophaga pinus,Pine Warbler,0.3061,D:\Bird_Anuran_ARUs\IF09\SMM2-34_20260412_051500.wav
729.0,732.0,Zenaida macroura,Mourning Dove,0.8739,D:\Bird_Anuran_ARUs\IF09\SMM2-34_20260412_051500.wav
735.0,738.0,Seiurus aurocapilla,Ovenbird,0.4124,D:\Bird_Anuran_ARUs\IF09\SMM2-34_20260412_051500.wav
741.0,744.0,Corvus brachyrhynchos,American Crow,0.4652,D:\Bird_Anuran_ARUs\IF09\SMM2-34_20260412_051500.wav
744.0,747.0,Cardinalis cardinalis,Northern Cardinal,0.3140,D:\Bird_Anuran_ARUs\IF09\SMM2-34_20260412_051500.wav
747.0,750.0,Zenaida macroura,Mourning Dove,0.6567,D:\Bird_Anuran_ARUs\IF09\SMM2-34_20260412_051500.wav
759.0,762.0,Zenaida macroura,Mourning Dove,0.9128,D:\Bird_Anuran_ARUs\IF09\SMM2-34_20260412_051500.wav
762.0,765.0,Setophaga pinus,Pine Warbler,0.2535,D:\Bird_Anuran_ARUs\IF09\SMM2-34_20260412_051500.wav
768.0,771.0,Pipilo erythrophthalmus,Eastern Towhee,0.2520,D:\Bird_Anuran_ARUs\IF09\SMM2-34_20260412_051500.wav
771.0,774.0,Corvus brachyrhynchos,American Crow,0.7703,D:\Bird_Anuran_ARUs\IF09\SMM2-34_20260412_051500.wav
774.0,777.0,Zenaida macroura,Mourning Dove,0.6006,D:\Bird_Anuran_ARUs\IF09\SMM2-34_20260412_051500.wav
777.0,780.0,Corvus brachyrhynchos,American Crow,0.3352,D:\Bird_Anuran_ARUs\IF09\SMM2-34_20260412_051500.wav
780.0,783.0,Corvus brachyrhynchos,American Crow,0.5227,D:\Bird_Anuran_ARUs\IF09\SMM2-34_20260412_051500.wav
783.0,786.0,Setophaga pinus,Pine Warbler,0.2951,D:\Bird_Anuran_ARUs\IF09\SMM2-34_20260412_051500.wav
786.0,789.0,Zenaida macroura,Mourning Dove,0.3304,D:\Bird_Anuran_ARUs\IF09\SMM2-34_20260412_051500.wav
789.0,792.0,Setophaga pinus,Pine Warbler,0.3118,D:\Bird_Anuran_ARUs\IF09\SMM2-34_20260412_051500.wav
792.0,795.0,Zenaida macroura,Mourning Dove,0.9411,D:\Bird_Anuran_ARUs\IF09\SMM2-34_20260412_051500.wav
798.0,801.0,Setophaga pinus,Pine Warbler,0.2520,D:\Bird_Anuran_ARUs\IF09\SMM2-34_20260412_051500.wav
801.0,804.0,Zenaida macroura,Mourning Dove,0.2503,D:\Bird_Anuran_ARUs\IF09\SMM2-34_20260412_051500.wav
804.0,807.0,Zenaida macroura,Mourning Dove,0.9752,D:\Bird_Anuran_ARUs\IF09\SMM2-34_20260412_051500.wav
807.0,810.0,Setophaga pinus,Pine Warbler,0.2515,D:\Bird_Anuran_ARUs\IF09\SMM2-34_20260412_051500.wav
810.0,813.0,Setophaga pinus,Pine Warbler,0.2639,D:\Bird_Anuran_ARUs\IF09\SMM2-34_20260412_051500.wav
816.0,819.0,Zenaida macroura,Mourning Dove,0.5927,D:\Bird_Anuran_ARUs\IF09\SMM2-34_20260412_051500.wav
819.0,822.0,Zenaida macroura,Mourning Dove,0.3761,D:\Bird_Anuran_ARUs\IF09\SMM2-34_20260412_051500.wav
822.0,825.0,Zenaida macroura,Mourning Dove,0.2526,D:\Bird_Anuran_ARUs\IF09\SMM2-34_20260412_051500.wav
834.0,837.0,Zenaida macroura,Mourning Dove,0.4368,D:\Bird_Anuran_ARUs\IF09\SMM2-34_20260412_051500.wav
840.0,843.0,Setophaga pinus,Pine Warbler,0.2880,D:\Bird_Anuran_ARUs\IF09\SMM2-34_20260412_051500.wav
843.0,846.0,Seiurus aurocapilla,Ovenbird,0.5784,D:\Bird_Anuran_ARUs\IF09\SMM2-34_20260412_051500.wav
843.0,846.0,Pipilo erythrophthalmus,Eastern Towhee,0.3353,D:\Bird_Anuran_ARUs\IF09\SMM2-34_20260412_051500.wav
843.0,846.0,Cardinalis cardinalis,Northern Cardinal,0.2877,D:\Bird_Anuran_ARUs\IF09\SMM2-34_20260412_051500.wav
846.0,849.0,Zenaida macroura,Mourning Dove,0.9257,D:\Bird_Anuran_ARUs\IF09\SMM2-34_20260412_051500.wav
849.0,852.0,Corvus brachyrhynchos,American Crow,0.4567,D:\Bird_Anuran_ARUs\IF09\SMM2-34_20260412_051500.wav
852.0,855.0,Seiurus aurocapilla,Ovenbird,0.6151,D:\Bird_Anuran_ARUs\IF09\SMM2-34_20260412_051500.wav
858.0,861.0,Seiurus aurocapilla,Ovenbird,0.9679,D:\Bird_Anuran_ARUs\IF09\SMM2-34_20260412_051500.wav
858.0,861.0,Corvus brachyrhynchos,American Crow,0.8520,D:\Bird_Anuran_ARUs\IF09\SMM2-34_20260412_051500.wav
861.0,864.0,Seiurus aurocapilla,Ovenbird,0.3363,D:\Bird_Anuran_ARUs\IF09\SMM2-34_20260412_051500.wav
864.0,867.0,Seiurus aurocapilla,Ovenbird,0.6267,D:\Bird_Anuran_ARUs\IF09\SMM2-34_20260412_051500.wav
867.0,870.0,Seiurus aurocapilla,Ovenbird,0.8704,D:\Bird_Anuran_ARUs\IF09\SMM2-34_20260412_051500.wav
867.0,870.0,Cardinalis cardinalis,Northern Cardinal,0.3268,D:\Bird_Anuran_ARUs\IF09\SMM2-34_20260412_051500.wav
870.0,873.0,Zenaida macroura,Mourning Dove,0.7559,D:\Bird_Anuran_ARUs\IF09\SMM2-34_20260412_051500.wav
873.0,876.0,Zenaida macroura,Mourning Dove,0.4279,D:\Bird_Anuran_ARUs\IF09\SMM2-34_20260412_051500.wav
876.0,879.0,Seiurus aurocapilla,Ovenbird,0.5174,D:\Bird_Anuran_ARUs\IF09\SMM2-34_20260412_051500.wav
879.0,882.0,Seiurus aurocapilla,Ovenbird,0.7128,D:\Bird_Anuran_ARUs\IF09\SMM2-34_20260412_051500.wav
885.0,888.0,Zenaida macroura,Mourning Dove,0.6218,D:\Bird_Anuran_ARUs\IF09\SMM2-34_20260412_051500.wav
885.0,888.0,Seiurus aurocapilla,Ovenbird,0.5761,D:\Bird_Anuran_ARUs\IF09\SMM2-34_20260412_051500.wav
888.0,891.0,Cardinalis cardinalis,Northern Cardinal,0.2907,D:\Bird_Anuran_ARUs\IF09\SMM2-34_20260412_051500.wav
891.0,894.0,Cardinalis cardinalis,Northern Cardinal,0.3079,D:\Bird_Anuran_ARUs\IF09\SMM2-34_20260412_051500.wav
894.0,897.0,Cardinalis cardinalis,Northern Cardinal,0.5421,D:\Bird_Anuran_ARUs\IF09\SMM2-34_20260412_051500.wav
897.0,900.0,Zenaida macroura,Mourning Dove,0.4980,D:\Bird_Anuran_ARUs\IF09\SMM2-34_20260412_051500.wav
900.0,903.0,Cardinalis cardinalis,Northern Cardinal,0.4926,D:\Bird_Anuran_ARUs\IF09\SMM2-34_20260412_051500.wav
909.0,912.0,Cardinalis cardinalis,Northern Cardinal,0.4533,D:\Bird_Anuran_ARUs\IF09\SMM2-34_20260412_051500.wav
912.0,915.0,Cardinalis cardinalis,Northern Cardinal,0.8323,D:\Bird_Anuran_ARUs\IF09\SMM2-34_20260412_051500.wav
915.0,918.0,Cardinalis cardinalis,Northern Cardinal,0.4877,D:\Bird_Anuran_ARUs\IF09\SMM2-34_20260412_051500.wav
918.0,921.0,Seiurus aurocapilla,Ovenbird,0.2521,D:\Bird_Anuran_ARUs\IF09\SMM2-34_20260412_051500.wav
924.0,927.0,Cardinalis cardinalis,Northern Cardinal,0.2837,D:\Bird_Anuran_ARUs\IF09\SMM2-34_20260412_051500.wav
927.0,930.0,Cardinalis cardinalis,Northern Cardinal,0.3471,D:\Bird_Anuran_ARUs\IF09\SMM2-34_20260412_051500.wav
930.0,933.0,Seiurus aurocapilla,Ovenbird,0.3259,D:\Bird_Anuran_ARUs\IF09\SMM2-34_20260412_051500.wav
933.0,936.0,Seiurus aurocapilla,Ovenbird,0.3116,D:\Bird_Anuran_ARUs\IF09\SMM2-34_20260412_051500.wav
936.0,939.0,Zenaida macroura,Mourning Dove,0.8453,D:\Bird_Anuran_ARUs\IF09\SMM2-34_20260412_051500.wav
939.0,942.0,Cardinalis cardinalis,Northern Cardinal,0.8766,D:\Bird_Anuran_ARUs\IF09\SMM2-34_20260412_051500.wav
948.0,951.0,Cardinalis cardinalis,Northern Cardinal,0.5081,D:\Bird_Anuran_ARUs\IF09\SMM2-34_20260412_051500.wav
954.0,957.0,Cardinalis cardinalis,Northern Cardinal,0.4478,D:\Bird_Anuran_ARUs\IF09\SMM2-34_20260412_051500.wav
957.0,960.0,Pipilo erythrophthalmus,Eastern Towhee,0.2589,D:\Bird_Anuran_ARUs\IF09\SMM2-34_20260412_051500.wav
960.0,963.0,Zenaida macroura,Mourning Dove,0.5628,D:\Bird_Anuran_ARUs\IF09\SMM2-34_20260412_051500.wav
966.0,969.0,Seiurus aurocapilla,Ovenbird,0.5432,D:\Bird_Anuran_ARUs\IF09\SMM2-34_20260412_051500.wav
972.0,975.0,Cardinalis cardinalis,Northern Cardinal,0.2794,D:\Bird_Anuran_ARUs\IF09\SMM2-34_20260412_051500.wav
984.0,987.0,Zenaida macroura,Mourning Dove,0.3296,D:\Bird_Anuran_ARUs\IF09\SMM2-34_20260412_051500.wav
993.0,996.0,Seiurus aurocapilla,Ovenbird,0.8841,D:\Bird_Anuran_ARUs\IF09\SMM2-34_20260412_051500.wav
1014.0,1017.0,Cardinalis cardinalis,Northern Cardinal,0.4008,D:\Bird_Anuran_ARUs\IF09\SMM2-34_20260412_051500.wav
1014.0,1017.0,Seiurus aurocapilla,Ovenbird,0.2573,D:\Bird_Anuran_ARUs\IF09\SMM2-34_20260412_051500.wav
1020.0,1023.0,Zenaida macroura,Mourning Dove,0.5507,D:\Bird_Anuran_ARUs\IF09\SMM2-34_20260412_051500.wav
1026.0,1029.0,Cardinalis cardinalis,Northern Cardinal,0.3161,D:\Bird_Anuran_ARUs\IF09\SMM2-34_20260412_051500.wav
1026.0,1029.0,Seiurus aurocapilla,Ovenbird,0.2513,D:\Bird_Anuran_ARUs\IF09\SMM2-34_20260412_051500.wav
1029.0,1032.0,Cardinalis cardinalis,Northern Cardinal,0.4784,D:\Bird_Anuran_ARUs\IF09\SMM2-34_20260412_051500.wav
1035.0,1038.0,Cardinalis cardinalis,Northern Cardinal,0.4397,D:\Bird_Anuran_ARUs\IF09\SMM2-34_20260412_051500.wav
1035.0,1038.0,Zenaida macroura,Mourning Dove,0.2566,D:\Bird_Anuran_ARUs\IF09\SMM2-34_20260412_051500.wav
1041.0,1044.0,Cardinalis cardinalis,Northern Cardinal,0.9142,D:\Bird_Anuran_ARUs\IF09\SMM2-34_20260412_051500.wav
1047.0,1050.0,Seiurus aurocapilla,Ovenbird,0.4091,D:\Bird_Anuran_ARUs\IF09\SMM2-34_20260412_051500.wav
1050.0,1053.0,Cardinalis cardinalis,Northern Cardinal,0.5234,D:\Bird_Anuran_ARUs\IF09\SMM2-34_20260412_051500.wav
1056.0,1059.0,Cardinalis cardinalis,Northern Cardinal,0.4671,D:\Bird_Anuran_ARUs\IF09\SMM2-34_20260412_051500.wav
1059.0,1062.0,Cardinalis cardinalis,Northern Cardinal,0.5299,D:\Bird_Anuran_ARUs\IF09\SMM2-34_20260412_051500.wav
1065.0,1068.0,Zenaida macroura,Mourning Dove,0.6458,D:\Bird_Anuran_ARUs\IF09\SMM2-34_20260412_051500.wav
1065.0,1068.0,Cardinalis cardinalis,Northern Cardinal,0.5625,D:\Bird_Anuran_ARUs\IF09\SMM2-34_20260412_051500.wav
1068.0,1071.0,Cardinalis cardinalis,Northern Cardinal,0.8058,D:\Bird_Anuran_ARUs\IF09\SMM2-34_20260412_051500.wav
1074.0,1077.0,Zenaida macroura,Mourning Dove,0.7177,D:\Bird_Anuran_ARUs\IF09\SMM2-34_20260412_051500.wav
1074.0,1077.0,Seiurus aurocapilla,Ovenbird,0.6062,D:\Bird_Anuran_ARUs\IF09\SMM2-34_20260412_051500.wav
1080.0,1083.0,Seiurus aurocapilla,Ovenbird,0.9671,D:\Bird_Anuran_ARUs\IF09\SMM2-34_20260412_051500.wav
1083.0,1086.0,Cardinalis cardinalis,Northern Cardinal,0.7698,D:\Bird_Anuran_ARUs\IF09\SMM2-34_20260412_051500.wav
1089.0,1092.0,Cardinalis cardinalis,Northern Cardinal,0.8435,D:\Bird_Anuran_ARUs\IF09\SMM2-34_20260412_051500.wav
1092.0,1095.0,Cardinalis cardinalis,Northern Cardinal,0.5979,D:\Bird_Anuran_ARUs\IF09\SMM2-34_20260412_051500.wav
1092.0,1095.0,Seiurus aurocapilla,Ovenbird,0.4695,D:\Bird_Anuran_ARUs\IF09\SMM2-34_20260412_051500.wav
1095.0,1098.0,Zenaida macroura,Mourning Dove,0.6246,D:\Bird_Anuran_ARUs\IF09\SMM2-34_20260412_051500.wav
1095.0,1098.0,Seiurus aurocapilla,Ovenbird,0.5553,D:\Bird_Anuran_ARUs\IF09\SMM2-34_20260412_051500.wav
1098.0,1101.0,Seiurus aurocapilla,Ovenbird,0.7834,D:\Bird_Anuran_ARUs\IF09\SMM2-34_20260412_051500.wav
1101.0,1104.0,Seiurus aurocapilla,Ovenbird,0.8828,D:\Bird_Anuran_ARUs\IF09\SMM2-34_20260412_051500.wav
1104.0,1107.0,Seiurus aurocapilla,Ovenbird,0.9759,D:\Bird_Anuran_ARUs\IF09\SMM2-34_20260412_051500.wav
1104.0,1107.0,Corvus brachyrhynchos,American Crow,0.9348,D:\Bird_Anuran_ARUs\IF09\SMM2-34_20260412_051500.wav
1107.0,1110.0,Zenaida macroura,Mourning Dove,0.8380,D:\Bird_Anuran_ARUs\IF09\SMM2-34_20260412_051500.wav
1107.0,1110.0,Seiurus aurocapilla,Ovenbird,0.7941,D:\Bird_Anuran_ARUs\IF09\SMM2-34_20260412_051500.wav
1110.0,1113.0,Seiurus aurocapilla,Ovenbird,0.7611,D:\Bird_Anuran_ARUs\IF09\SMM2-34_20260412_051500.wav
1128.0,1131.0,Seiurus aurocapilla,Ovenbird,0.4641,D:\Bird_Anuran_ARUs\IF09\SMM2-34_20260412_051500.wav
1128.0,1131.0,Zenaida macroura,Mourning Dove,0.2531,D:\Bird_Anuran_ARUs\IF09\SMM2-34_20260412_051500.wav
1131.0,1134.0,Seiurus aurocapilla,Ovenbird,0.9947,D:\Bird_Anuran_ARUs\IF09\SMM2-34_20260412_051500.wav
1134.0,1137.0,Seiurus aurocapilla,Ovenbird,0.9941,D:\Bird_Anuran_ARUs\IF09\SMM2-34_20260412_051500.wav
1140.0,1143.0,Seiurus aurocapilla,Ovenbird,0.9850,D:\Bird_Anuran_ARUs\IF09\SMM2-34_20260412_051500.wav
1149.0,1152.0,Seiurus aurocapilla,Ovenbird,0.8874,D:\Bird_Anuran_ARUs\IF09\SMM2-34_20260412_051500.wav
1152.0,1155.0,Seiurus aurocapilla,Ovenbird,0.9503,D:\Bird_Anuran_ARUs\IF09\SMM2-34_20260412_051500.wav
1155.0,1158.0,Seiurus aurocapilla,Ovenbird,0.8224,D:\Bird_Anuran_ARUs\IF09\SMM2-34_20260412_051500.wav
1158.0,1161.0,Seiurus aurocapilla,Ovenbird,0.9868,D:\Bird_Anuran_ARUs\IF09\SMM2-34_20260412_051500.wav
1158.0,1161.0,Cardinalis cardinalis,Northern Cardinal,0.2779,D:\Bird_Anuran_ARUs\IF09\SMM2-34_20260412_051500.wav
1161.0,1164.0,Seiurus aurocapilla,Ovenbird,0.5514,D:\Bird_Anuran_ARUs\IF09\SMM2-34_20260412_051500.wav
1164.0,1167.0,Seiurus aurocapilla,Ovenbird,0.3906,D:\Bird_Anuran_ARUs\IF09\SMM2-34_20260412_051500.wav
1170.0,1173.0,Seiurus aurocapilla,Ovenbird,0.3909,D:\Bird_Anuran_ARUs\IF09\SMM2-34_20260412_051500.wav
1173.0,1176.0,Seiurus aurocapilla,Ovenbird,0.6211,D:\Bird_Anuran_ARUs\IF09\SMM2-34_20260412_051500.wav
1176.0,1179.0,Seiurus aurocapilla,Ovenbird,0.2974,D:\Bird_Anuran_ARUs\IF09\SMM2-34_20260412_051500.wav
1179.0,1182.0,Zenaida macroura,Mourning Dove,0.2701,D:\Bird_Anuran_ARUs\IF09\SMM2-34_20260412_051500.wav
1185.0,1188.0,Seiurus aurocapilla,Ovenbird,0.5883,D:\Bird_Anuran_ARUs\IF09\SMM2-34_20260412_051500.wav
1188.0,1191.0,Seiurus aurocapilla,Ovenbird,0.9868,D:\Bird_Anuran_ARUs\IF09\SMM2-34_20260412_051500.wav
1191.0,1194.0,Geothlypis trichas,Common Yellowthroat,0.3099,D:\Bird_Anuran_ARUs\IF09\SMM2-34_20260412_051500.wav
1194.0,1197.0,Seiurus aurocapilla,Ovenbird,0.5682,D:\Bird_Anuran_ARUs\IF09\SMM2-34_20260412_051500.wav
1200.0,1203.0,Seiurus aurocapilla,Ovenbird,0.5845,D:\Bird_Anuran_ARUs\IF09\SMM2-34_20260412_051500.wav
1203.0,1206.0,Seiurus aurocapilla,Ovenbird,0.5254,D:\Bird_Anuran_ARUs\IF09\SMM2-34_20260412_051500.wav
1209.0,1212.0,Seiurus aurocapilla,Ovenbird,0.6637,D:\Bird_Anuran_ARUs\IF09\SMM2-34_20260412_051500.wav
1215.0,1218.0,Seiurus aurocapilla,Ovenbird,0.6538,D:\Bird_Anuran_ARUs\IF09\SMM2-34_20260412_051500.wav
1218.0,1221.0,Corvus brachyrhynchos,American Crow,0.6327,D:\Bird_Anuran_ARUs\IF09\SMM2-34_20260412_051500.wav
1218.0,1221.0,Pipilo erythrophthalmus,Eastern Towhee,0.3911,D:\Bird_Anuran_ARUs\IF09\SMM2-34_20260412_051500.wav
1224.0,1227.0,Zenaida macroura,Mourning Dove,0.4257,D:\Bird_Anuran_ARUs\IF09\SMM2-34_20260412_051500.wav
1227.0,1230.0,Seiurus aurocapilla,Ovenbird,0.4163,D:\Bird_Anuran_ARUs\IF09\SMM2-34_20260412_051500.wav
1239.0,1242.0,Seiurus aurocapilla,Ovenbird,0.3515,D:\Bird_Anuran_ARUs\IF09\SMM2-34_20260412_051500.wav
1242.0,1245.0,Seiurus aurocapilla,Ovenbird,0.9386,D:\Bird_Anuran_ARUs\IF09\SMM2-34_20260412_051500.wav
1251.0,1254.0,Seiurus aurocapilla,Ovenbird,0.7848,D:\Bird_Anuran_ARUs\IF09\SMM2-34_20260412_051500.wav
1251.0,1254.0,Zenaida macroura,Mourning Dove,0.3386,D:\Bird_Anuran_ARUs\IF09\SMM2-34_20260412_051500.wav
1254.0,1257.0,Seiurus aurocapilla,Ovenbird,0.9517,D:\Bird_Anuran_ARUs\IF09\SMM2-34_20260412_051500.wav
1254.0,1257.0,Corvus brachyrhynchos,American Crow,0.8971,D:\Bird_Anuran_ARUs\IF09\SMM2-34_20260412_051500.wav
1257.0,1260.0,Cardinalis cardinalis,Northern Cardinal,0.2854,D:\Bird_Anuran_ARUs\IF09\SMM2-34_20260412_051500.wav
1269.0,1272.0,Zenaida macroura,Mourning Dove,0.8304,D:\Bird_Anuran_ARUs\IF09\SMM2-34_20260412_051500.wav
1272.0,1275.0,Geothlypis trichas,Common Yellowthroat,0.2612,D:\Bird_Anuran_ARUs\IF09\SMM2-34_20260412_051500.wav
1278.0,1281.0,Corvus brachyrhynchos,American Crow,0.9703,D:\Bird_Anuran_ARUs\IF09\SMM2-34_20260412_051500.wav
1278.0,1281.0,Seiurus aurocapilla,Ovenbird,0.7094,D:\Bird_Anuran_ARUs\IF09\SMM2-34_20260412_051500.wav
1287.0,1290.0,Cardinalis cardinalis,Northern Cardinal,0.2902,D:\Bird_Anuran_ARUs\IF09\SMM2-34_20260412_051500.wav
1299.0,1302.0,Seiurus aurocapilla,Ovenbird,0.9976,D:\Bird_Anuran_ARUs\IF09\SMM2-34_20260412_051500.wav
1302.0,1305.0,Seiurus aurocapilla,Ovenbird,0.8974,D:\Bird_Anuran_ARUs\IF09\SMM2-34_20260412_051500.wav
1302.0,1305.0,Corvus brachyrhynchos,American Crow,0.6466,D:\Bird_Anuran_ARUs\IF09\SMM2-34_20260412_051500.wav
1311.0,1314.0,Geothlypis trichas,Common Yellowthroat,0.3786,D:\Bird_Anuran_ARUs\IF09\SMM2-34_20260412_051500.wav
1314.0,1317.0,Seiurus aurocapilla,Ovenbird,0.6578,D:\Bird_Anuran_ARUs\IF09\SMM2-34_20260412_051500.wav
1323.0,1326.0,Seiurus aurocapilla,Ovenbird,0.9636,D:\Bird_Anuran_ARUs\IF09\SMM2-34_20260412_051500.wav
1326.0,1329.0,Seiurus aurocapilla,Ovenbird,0.7183,D:\Bird_Anuran_ARUs\IF09\SMM2-34_20260412_051500.wav
1326.0,1329.0,Zenaida macroura,Mourning Dove,0.2709,D:\Bird_Anuran_ARUs\IF09\SMM2-34_20260412_051500.wav
1335.0,1338.0,Seiurus aurocapilla,Ovenbird,0.9635,D:\Bird_Anuran_ARUs\IF09\SMM2-34_20260412_051500.wav
1338.0,1341.0,Zenaida macroura,Mourning Dove,0.3078,D:\Bird_Anuran_ARUs\IF09\SMM2-34_20260412_051500.wav
1341.0,1344.0,Cardinalis cardinalis,Northern Cardinal,0.7840,D:\Bird_Anuran_ARUs\IF09\SMM2-34_20260412_051500.wav
1344.0,1347.0,Corvus brachyrhynchos,American Crow,0.9716,D:\Bird_Anuran_ARUs\IF09\SMM2-34_20260412_051500.wav
1353.0,1356.0,Geothlypis trichas,Common Yellowthroat,0.5074,D:\Bird_Anuran_ARUs\IF09\SMM2-34_20260412_051500.wav
1356.0,1359.0,Zenaida macroura,Mourning Dove,0.4313,D:\Bird_Anuran_ARUs\IF09\SMM2-34_20260412_051500.wav
1356.0,1359.0,Cardinalis cardinalis,Northern Cardinal,0.3151,D:\Bird_Anuran_ARUs\IF09\SMM2-34_20260412_051500.wav
1359.0,1362.0,Cardinalis cardinalis,Northern Cardinal,0.8663,D:\Bird_Anuran_ARUs\IF09\SMM2-34_20260412_051500.wav
1359.0,1362.0,Seiurus aurocapilla,Ovenbird,0.6645,D:\Bird_Anuran_ARUs\IF09\SMM2-34_20260412_051500.wav
1362.0,1365.0,Zenaida macroura,Mourning Dove,0.3434,D:\Bird_Anuran_ARUs\IF09\SMM2-34_20260412_051500.wav
1362.0,1365.0,Strix varia,Barred Owl,0.2833,D:\Bird_Anuran_ARUs\IF09\SMM2-34_20260412_051500.wav
1365.0,1368.0,Cardinalis cardinalis,Northern Cardinal,0.6473,D:\Bird_Anuran_ARUs\IF09\SMM2-34_20260412_051500.wav
1365.0,1368.0,Seiurus aurocapilla,Ovenbird,0.3111,D:\Bird_Anuran_ARUs\IF09\SMM2-34_20260412_051500.wav
1365.0,1368.0,Corvus brachyrhynchos,American Crow,0.3016,D:\Bird_Anuran_ARUs\IF09\SMM2-34_20260412_051500.wav
1365.0,1368.0,Pipilo erythrophthalmus,Eastern Towhee,0.2649,D:\Bird_Anuran_ARUs\IF09\SMM2-34_20260412_051500.wav
1371.0,1374.0,Zenaida macroura,Mourning Dove,0.6070,D:\Bird_Anuran_ARUs\IF09\SMM2-34_20260412_051500.wav
1374.0,1377.0,Seiurus aurocapilla,Ovenbird,0.4491,D:\Bird_Anuran_ARUs\IF09\SMM2-34_20260412_051500.wav
1377.0,1380.0,Seiurus aurocapilla,Ovenbird,0.3794,D:\Bird_Anuran_ARUs\IF09\SMM2-34_20260412_051500.wav
1386.0,1389.0,Seiurus aurocapilla,Ovenbird,0.8030,D:\Bird_Anuran_ARUs\IF09\SMM2-34_20260412_051500.wav
1389.0,1392.0,Zenaida macroura,Mourning Dove,0.8217,D:\Bird_Anuran_ARUs\IF09\SMM2-34_20260412_051500.wav
1389.0,1392.0,Seiurus aurocapilla,Ovenbird,0.3070,D:\Bird_Anuran_ARUs\IF09\SMM2-34_20260412_051500.wav
1392.0,1395.0,Seiurus aurocapilla,Ovenbird,0.5209,D:\Bird_Anuran_ARUs\IF09\SMM2-34_20260412_051500.wav
1392.0,1395.0,Zenaida macroura,Mourning Dove,0.3946,D:\Bird_Anuran_ARUs\IF09\SMM2-34_20260412_051500.wav
1404.0,1407.0,Zenaida macroura,Mourning Dove,0.8297,D:\Bird_Anuran_ARUs\IF09\SMM2-34_20260412_051500.wav
1410.0,1413.0,Seiurus aurocapilla,Ovenbird,0.2642,D:\Bird_Anuran_ARUs\IF09\SMM2-34_20260412_051500.wav
1413.0,1416.0,Setophaga pinus,Pine Warbler,0.2690,D:\Bird_Anuran_ARUs\IF09\SMM2-34_20260412_051500.wav
1416.0,1419.0,Zenaida macroura,Mourning Dove,0.8386,D:\Bird_Anuran_ARUs\IF09\SMM2-34_20260412_051500.wav
1419.0,1422.0,Seiurus aurocapilla,Ovenbird,0.4417,D:\Bird_Anuran_ARUs\IF09\SMM2-34_20260412_051500.wav
1431.0,1434.0,Seiurus aurocapilla,Ovenbird,0.3946,D:\Bird_Anuran_ARUs\IF09\SMM2-34_20260412_051500.wav
1434.0,1437.0,Zenaida macroura,Mourning Dove,0.5208,D:\Bird_Anuran_ARUs\IF09\SMM2-34_20260412_051500.wav
1440.0,1443.0,Cardinalis cardinalis,Northern Cardinal,0.3083,D:\Bird_Anuran_ARUs\IF09\SMM2-34_20260412_051500.wav
1443.0,1446.0,Cardinalis cardinalis,Northern Cardinal,0.9338,D:\Bird_Anuran_ARUs\IF09\SMM2-34_20260412_051500.wav
1443.0,1446.0,Corvus brachyrhynchos,American Crow,0.5185,D:\Bird_Anuran_ARUs\IF09\SMM2-34_20260412_051500.wav
1443.0,1446.0,Pipilo erythrophthalmus,Eastern Towhee,0.3873,D:\Bird_Anuran_ARUs\IF09\SMM2-34_20260412_051500.wav
1449.0,1452.0,Zenaida macroura,Mourning Dove,0.8771,D:\Bird_Anuran_ARUs\IF09\SMM2-34_20260412_051500.wav
1455.0,1458.0,Cardinalis cardinalis,Northern Cardinal,0.3725,D:\Bird_Anuran_ARUs\IF09\SMM2-34_20260412_051500.wav
1461.0,1464.0,Setophaga pinus,Pine Warbler,0.4033,D:\Bird_Anuran_ARUs\IF09\SMM2-34_20260412_051500.wav
1464.0,1467.0,Setophaga pinus,Pine Warbler,0.3333,D:\Bird_Anuran_ARUs\IF09\SMM2-34_20260412_051500.wav
1467.0,1470.0,Cardinalis cardinalis,Northern Cardinal,0.3314,D:\Bird_Anuran_ARUs\IF09\SMM2-34_20260412_051500.wav
1470.0,1473.0,Zenaida macroura,Mourning Dove,0.8418,D:\Bird_Anuran_ARUs\IF09\SMM2-34_20260412_051500.wav
1485.0,1488.0,Cardinalis cardinalis,Northern Cardinal,0.3516,D:\Bird_Anuran_ARUs\IF09\SMM2-34_20260412_051500.wav
1491.0,1494.0,Zenaida macroura,Mourning Dove,0.8051,D:\Bird_Anuran_ARUs\IF09\SMM2-34_20260412_051500.wav
1500.0,1503.0,Cardinalis cardinalis,Northern Cardinal,0.4357,D:\Bird_Anuran_ARUs\IF09\SMM2-34_20260412_051500.wav
1506.0,1509.0,Seiurus aurocapilla,Ovenbird,0.8471,D:\Bird_Anuran_ARUs\IF09\SMM2-34_20260412_051500.wav
1509.0,1512.0,Seiurus aurocapilla,Ovenbird,0.5496,D:\Bird_Anuran_ARUs\IF09\SMM2-34_20260412_051500.wav
1515.0,1518.0,Zenaida macroura,Mourning Dove,0.5110,D:\Bird_Anuran_ARUs\IF09\SMM2-34_20260412_051500.wav
1518.0,1521.0,Seiurus aurocapilla,Ovenbird,0.6229,D:\Bird_Anuran_ARUs\IF09\SMM2-34_20260412_051500.wav
1530.0,1533.0,Seiurus aurocapilla,Ovenbird,0.8559,D:\Bird_Anuran_ARUs\IF09\SMM2-34_20260412_051500.wav
1530.0,1533.0,Cardinalis cardinalis,Northern Cardinal,0.7388,D:\Bird_Anuran_ARUs\IF09\SMM2-34_20260412_051500.wav
1536.0,1539.0,Zenaida macroura,Mourning Dove,0.2864,D:\Bird_Anuran_ARUs\IF09\SMM2-34_20260412_051500.wav
1539.0,1542.0,Seiurus aurocapilla,Ovenbird,0.6964,D:\Bird_Anuran_ARUs\IF09\SMM2-34_20260412_051500.wav
1539.0,1542.0,Cardinalis cardinalis,Northern Cardinal,0.3534,D:\Bird_Anuran_ARUs\IF09\SMM2-34_20260412_051500.wav
1542.0,1545.0,Cardinalis cardinalis,Northern Cardinal,0.4384,D:\Bird_Anuran_ARUs\IF09\SMM2-34_20260412_051500.wav
1545.0,1548.0,Seiurus aurocapilla,Ovenbird,0.9728,D:\Bird_Anuran_ARUs\IF09\SMM2-34_20260412_051500.wav
1548.0,1551.0,Seiurus aurocapilla,Ovenbird,0.2907,D:\Bird_Anuran_ARUs\IF09\SMM2-34_20260412_051500.wav
1548.0,1551.0,Strix varia,Barred Owl,0.2689,D:\Bird_Anuran_ARUs\IF09\SMM2-34_20260412_051500.wav
1551.0,1554.0,Zenaida macroura,Mourning Dove,0.3812,D:\Bird_Anuran_ARUs\IF09\SMM2-34_20260412_051500.wav
1554.0,1557.0,Seiurus aurocapilla,Ovenbird,0.5198,D:\Bird_Anuran_ARUs\IF09\SMM2-34_20260412_051500.wav
1554.0,1557.0,Cardinalis cardinalis,Northern Cardinal,0.3236,D:\Bird_Anuran_ARUs\IF09\SMM2-34_20260412_051500.wav
1557.0,1560.0,Zenaida macroura,Mourning Dove,0.7303,D:\Bird_Anuran_ARUs\IF09\SMM2-34_20260412_051500.wav
1557.0,1560.0,Seiurus aurocapilla,Ovenbird,0.6372,D:\Bird_Anuran_ARUs\IF09\SMM2-34_20260412_051500.wav
1563.0,1566.0,Cardinalis cardinalis,Northern Cardinal,0.3163,D:\Bird_Anuran_ARUs\IF09\SMM2-34_20260412_051500.wav
1566.0,1569.0,Cardinalis cardinalis,Northern Cardinal,0.3493,D:\Bird_Anuran_ARUs\IF09\SMM2-34_20260412_051500.wav
1572.0,1575.0,Seiurus aurocapilla,Ovenbird,0.7963,D:\Bird_Anuran_ARUs\IF09\SMM2-34_20260412_051500.wav
1578.0,1581.0,Zenaida macroura,Mourning Dove,0.5880,D:\Bird_Anuran_ARUs\IF09\SMM2-34_20260412_051500.wav
1581.0,1584.0,Zenaida macroura,Mourning Dove,0.3449,D:\Bird_Anuran_ARUs\IF09\SMM2-34_20260412_051500.wav
1590.0,1593.0,Seiurus aurocapilla,Ovenbird,0.2735,D:\Bird_Anuran_ARUs\IF09\SMM2-34_20260412_051500.wav
1593.0,1596.0,Corvus brachyrhynchos,American Crow,0.6484,D:\Bird_Anuran_ARUs\IF09\SMM2-34_20260412_051500.wav
1599.0,1602.0,Zenaida macroura,Mourning Dove,0.5974,D:\Bird_Anuran_ARUs\IF09\SMM2-34_20260412_051500.wav
1602.0,1605.0,Zenaida macroura,Mourning Dove,0.2523,D:\Bird_Anuran_ARUs\IF09\SMM2-34_20260412_051500.wav
1605.0,1608.0,Cardinalis cardinalis,Northern Cardinal,0.6251,D:\Bird_Anuran_ARUs\IF09\SMM2-34_20260412_051500.wav
1608.0,1611.0,Zenaida macroura,Mourning Dove,0.7938,D:\Bird_Anuran_ARUs\IF09\SMM2-34_20260412_051500.wav
1611.0,1614.0,Strix varia,Barred Owl,0.7522,D:\Bird_Anuran_ARUs\IF09\SMM2-34_20260412_051500.wav
1614.0,1617.0,Seiurus aurocapilla,Ovenbird,0.7124,D:\Bird_Anuran_ARUs\IF09\SMM2-34_20260412_051500.wav
1620.0,1623.0,Zenaida macroura,Mourning Dove,0.8646,D:\Bird_Anuran_ARUs\IF09\SMM2-34_20260412_051500.wav
1620.0,1623.0,Strix varia,Barred Owl,0.6253,D:\Bird_Anuran_ARUs\IF09\SMM2-34_20260412_051500.wav
1623.0,1626.0,Seiurus aurocapilla,Ovenbird,0.4274,D:\Bird_Anuran_ARUs\IF09\SMM2-34_20260412_051500.wav
1623.0,1626.0,Zenaida macroura,Mourning Dove,0.3836,D:\Bird_Anuran_ARUs\IF09\SMM2-34_20260412_051500.wav
1632.0,1635.0,Zenaida macroura,Mourning Dove,0.7931,D:\Bird_Anuran_ARUs\IF09\SMM2-34_20260412_051500.wav
1638.0,1641.0,Cardinalis cardinalis,Northern Cardinal,0.3868,D:\Bird_Anuran_ARUs\IF09\SMM2-34_20260412_051500.wav
1644.0,1647.0,Zenaida macroura,Mourning Dove,0.6046,D:\Bird_Anuran_ARUs\IF09\SMM2-34_20260412_051500.wav
1653.0,1656.0,Strix varia,Barred Owl,0.2906,D:\Bird_Anuran_ARUs\IF09\SMM2-34_20260412_051500.wav
1656.0,1659.0,Zenaida macroura,Mourning Dove,0.6190,D:\Bird_Anuran_ARUs\IF09\SMM2-34_20260412_051500.wav
1659.0,1662.0,Zenaida macroura,Mourning Dove,0.2688,D:\Bird_Anuran_ARUs\IF09\SMM2-34_20260412_051500.wav
1668.0,1671.0,Zenaida macroura,Mourning Dove,0.6404,D:\Bird_Anuran_ARUs\IF09\SMM2-34_20260412_051500.wav
1677.0,1680.0,Zenaida macroura,Mourning Dove,0.7902,D:\Bird_Anuran_ARUs\IF09\SMM2-34_20260412_051500.wav
1677.0,1680.0,Corvus brachyrhynchos,American Crow,0.6172,D:\Bird_Anuran_ARUs\IF09\SMM2-34_20260412_051500.wav
1680.0,1683.0,Corvus brachyrhynchos,American Crow,0.6516,D:\Bird_Anuran_ARUs\IF09\SMM2-34_20260412_051500.wav
1680.0,1683.0,Seiurus aurocapilla,Ovenbird,0.4704,D:\Bird_Anuran_ARUs\IF09\SMM2-34_20260412_051500.wav
1689.0,1692.0,Zenaida macroura,Mourning Dove,0.8437,D:\Bird_Anuran_ARUs\IF09\SMM2-34_20260412_051500.wav
1692.0,1695.0,Zenaida macroura,Mourning Dove,0.5876,D:\Bird_Anuran_ARUs\IF09\SMM2-34_20260412_051500.wav
1695.0,1698.0,Seiurus aurocapilla,Ovenbird,0.7839,D:\Bird_Anuran_ARUs\IF09\SMM2-34_20260412_051500.wav
1698.0,1701.0,Seiurus aurocapilla,Ovenbird,0.4600,D:\Bird_Anuran_ARUs\IF09\SMM2-34_20260412_051500.wav
1704.0,1707.0,Zenaida macroura,Mourning Dove,0.9612,D:\Bird_Anuran_ARUs\IF09\SMM2-34_20260412_051500.wav
1707.0,1710.0,Seiurus aurocapilla,Ovenbird,0.3456,D:\Bird_Anuran_ARUs\IF09\SMM2-34_20260412_051500.wav
1707.0,1710.0,Zenaida macroura,Mourning Dove,0.2664,D:\Bird_Anuran_ARUs\IF09\SMM2-34_20260412_051500.wav
1716.0,1719.0,Seiurus aurocapilla,Ovenbird,0.5655,D:\Bird_Anuran_ARUs\IF09\SMM2-34_20260412_051500.wav
1719.0,1722.0,Zenaida macroura,Mourning Dove,0.9337,D:\Bird_Anuran_ARUs\IF09\SMM2-34_20260412_051500.wav
1722.0,1725.0,Seiurus aurocapilla,Ovenbird,0.2642,D:\Bird_Anuran_ARUs\IF09\SMM2-34_20260412_051500.wav
1725.0,1728.0,Seiurus aurocapilla,Ovenbird,0.9712,D:\Bird_Anuran_ARUs\IF09\SMM2-34_20260412_051500.wav
1731.0,1734.0,Zenaida macroura,Mourning Dove,0.9961,D:\Bird_Anuran_ARUs\IF09\SMM2-34_20260412_051500.wav
1734.0,1737.0,Seiurus aurocapilla,Ovenbird,0.7725,D:\Bird_Anuran_ARUs\IF09\SMM2-34_20260412_051500.wav
1734.0,1737.0,Zenaida macroura,Mourning Dove,0.2559,D:\Bird_Anuran_ARUs\IF09\SMM2-34_20260412_051500.wav
1737.0,1740.0,Seiurus aurocapilla,Ovenbird,0.9518,D:\Bird_Anuran_ARUs\IF09\SMM2-34_20260412_051500.wav
1737.0,1740.0,Corvus brachyrhynchos,American Crow,0.8115,D:\Bird_Anuran_ARUs\IF09\SMM2-34_20260412_051500.wav
1737.0,1740.0,Pipilo erythrophthalmus,Eastern Towhee,0.7923,D:\Bird_Anuran_ARUs\IF09\SMM2-34_20260412_051500.wav
1740.0,1743.0,Seiurus aurocapilla,Ovenbird,0.4667,D:\Bird_Anuran_ARUs\IF09\SMM2-34_20260412_051500.wav
1746.0,1749.0,Seiurus aurocapilla,Ovenbird,0.8648,D:\Bird_Anuran_ARUs\IF09\SMM2-34_20260412_051500.wav
1746.0,1749.0,Corvus brachyrhynchos,American Crow,0.5547,D:\Bird_Anuran_ARUs\IF09\SMM2-34_20260412_051500.wav
1749.0,1752.0,Seiurus aurocapilla,Ovenbird,0.3282,D:\Bird_Anuran_ARUs\IF09\SMM2-34_20260412_051500.wav
1752.0,1755.0,Seiurus aurocapilla,Ovenbird,0.9123,D:\Bird_Anuran_ARUs\IF09\SMM2-34_20260412_051500.wav
1755.0,1758.0,Corvus brachyrhynchos,American Crow,0.2888,D:\Bird_Anuran_ARUs\IF09\SMM2-34_20260412_051500.wav
1758.0,1761.0,Zenaida macroura,Mourning Dove,0.8197,D:\Bird_Anuran_ARUs\IF09\SMM2-34_20260412_051500.wav
1767.0,1770.0,Seiurus aurocapilla,Ovenbird,0.7243,D:\Bird_Anuran_ARUs\IF09\SMM2-34_20260412_051500.wav
1773.0,1776.0,Strix varia,Barred Owl,0.4801,D:\Bird_Anuran_ARUs\IF09\SMM2-34_20260412_051500.wav
1779.0,1782.0,Seiurus aurocapilla,Ovenbird,0.9048,D:\Bird_Anuran_ARUs\IF09\SMM2-34_20260412_051500.wav
1782.0,1785.0,Seiurus aurocapilla,Ovenbird,0.3229,D:\Bird_Anuran_ARUs\IF09\SMM2-34_20260412_051500.wav
1785.0,1788.0,Seiurus aurocapilla,Ovenbird,0.8916,D:\Bird_Anuran_ARUs\IF09\SMM2-34_20260412_051500.wav
1788.0,1791.0,Seiurus aurocapilla,Ovenbird,0.6973,D:\Bird_Anuran_ARUs\IF09\SMM2-34_20260412_051500.wav
1791.0,1794.0,Zenaida macroura,Mourning Dove,0.4774,D:\Bird_Anuran_ARUs\IF09\SMM2-34_20260412_051500.wav
1797.0,1800.0,Cardinalis cardinalis,Northern Cardinal,0.2557,D:\Bird_Anuran_ARUs\IF09\SMM2-34_20260412_051500.wav
1806.0,1809.0,Zenaida macroura,Mourning Dove,0.6522,D:\Bird_Anuran_ARUs\IF09\SMM2-34_20260412_051500.wav
1809.0,1812.0,Pipilo erythrophthalmus,Eastern Towhee,0.3768,D:\Bird_Anuran_ARUs\IF09\SMM2-34_20260412_051500.wav
1821.0,1824.0,Pipilo erythrophthalmus,Eastern Towhee,0.5390,D:\Bird_Anuran_ARUs\IF09\SMM2-34_20260412_051500.wav
1824.0,1827.0,Seiurus aurocapilla,Ovenbird,0.2815,D:\Bird_Anuran_ARUs\IF09\SMM2-34_20260412_051500.wav
1827.0,1830.0,Pipilo erythrophthalmus,Eastern Towhee,0.5258,D:\Bird_Anuran_ARUs\IF09\SMM2-34_20260412_051500.wav
1827.0,1830.0,Seiurus aurocapilla,Ovenbird,0.3965,D:\Bird_Anuran_ARUs\IF09\SMM2-34_20260412_051500.wav
1830.0,1833.0,Pipilo erythrophthalmus,Eastern Towhee,0.6303,D:\Bird_Anuran_ARUs\IF09\SMM2-34_20260412_051500.wav
1833.0,1836.0,Zenaida macroura,Mourning Dove,0.3818,D:\Bird_Anuran_ARUs\IF09\SMM2-34_20260412_051500.wav
1836.0,1839.0,Zenaida macroura,Mourning Dove,0.5856,D:\Bird_Anuran_ARUs\IF09\SMM2-34_20260412_051500.wav
1839.0,1842.0,Pipilo erythrophthalmus,Eastern Towhee,0.4482,D:\Bird_Anuran_ARUs\IF09\SMM2-34_20260412_051500.wav
1842.0,1845.0,Setophaga pinus,Pine Warbler,0.8079,D:\Bird_Anuran_ARUs\IF09\SMM2-34_20260412_051500.wav
1845.0,1848.0,Setophaga pinus,Pine Warbler,0.6307,D:\Bird_Anuran_ARUs\IF09\SMM2-34_20260412_051500.wav
1845.0,1848.0,Pipilo erythrophthalmus,Eastern Towhee,0.5776,D:\Bird_Anuran_ARUs\IF09\SMM2-34_20260412_051500.wav
1848.0,1851.0,Zenaida macroura,Mourning Dove,0.3474,D:\Bird_Anuran_ARUs\IF09\SMM2-34_20260412_051500.wav
1851.0,1854.0,Zenaida macroura,Mourning Dove,0.3209,D:\Bird_Anuran_ARUs\IF09\SMM2-34_20260412_051500.wav
1854.0,1857.0,Pipilo erythrophthalmus,Eastern Towhee,0.4538,D:\Bird_Anuran_ARUs\IF09\SMM2-34_20260412_051500.wav
1857.0,1860.0,Pipilo erythrophthalmus,Eastern Towhee,0.5366,D:\Bird_Anuran_ARUs\IF09\SMM2-34_20260412_051500.wav
1863.0,1866.0,Zenaida macroura,Mourning Dove,0.9241,D:\Bird_Anuran_ARUs\IF09\SMM2-34_20260412_051500.wav
1866.0,1869.0,Pipilo erythrophthalmus,Eastern Towhee,0.7103,D:\Bird_Anuran_ARUs\IF09\SMM2-34_20260412_051500.wav
1866.0,1869.0,Zenaida macroura,Mourning Dove,0.3704,D:\Bird_Anuran_ARUs\IF09\SMM2-34_20260412_051500.wav
1869.0,1872.0,Pipilo erythrophthalmus,Eastern Towhee,0.7011,D:\Bird_Anuran_ARUs\IF09\SMM2-34_20260412_051500.wav
1878.0,1881.0,Zenaida macroura,Mourning Dove,0.6804,D:\Bird_Anuran_ARUs\IF09\SMM2-34_20260412_051500.wav
1881.0,1884.0,Seiurus aurocapilla,Ovenbird,0.8837,D:\Bird_Anuran_ARUs\IF09\SMM2-34_20260412_051500.wav
1890.0,1893.0,Zenaida macroura,Mourning Dove,0.6763,D:\Bird_Anuran_ARUs\IF09\SMM2-34_20260412_051500.wav
1896.0,1899.0,Seiurus aurocapilla,Ovenbird,0.4849,D:\Bird_Anuran_ARUs\IF09\SMM2-34_20260412_051500.wav
1899.0,1902.0,Seiurus aurocapilla,Ovenbird,0.7139,D:\Bird_Anuran_ARUs\IF09\SMM2-34_20260412_051500.wav
1902.0,1905.0,Zenaida macroura,Mourning Dove,0.3635,D:\Bird_Anuran_ARUs\IF09\SMM2-34_20260412_051500.wav
1911.0,1914.0,Corvus brachyrhynchos,American Crow,0.3156,D:\Bird_Anuran_ARUs\IF09\SMM2-34_20260412_051500.wav
1917.0,1920.0,Pipilo erythrophthalmus,Eastern Towhee,0.7818,D:\Bird_Anuran_ARUs\IF09\SMM2-34_20260412_051500.wav
1917.0,1920.0,Corvus brachyrhynchos,American Crow,0.2785,D:\Bird_Anuran_ARUs\IF09\SMM2-34_20260412_051500.wav
1920.0,1923.0,Strix varia,Barred Owl,0.3108,D:\Bird_Anuran_ARUs\IF09\SMM2-34_20260412_051500.wav
1923.0,1926.0,Seiurus aurocapilla,Ovenbird,0.2899,D:\Bird_Anuran_ARUs\IF09\SMM2-34_20260412_051500.wav
1926.0,1929.0,Pipilo erythrophthalmus,Eastern Towhee,0.4249,D:\Bird_Anuran_ARUs\IF09\SMM2-34_20260412_051500.wav
1929.0,1932.0,Zenaida macroura,Mourning Dove,0.9342,D:\Bird_Anuran_ARUs\IF09\SMM2-34_20260412_051500.wav
1932.0,1935.0,Strix varia,Barred Owl,0.4278,D:\Bird_Anuran_ARUs\IF09\SMM2-34_20260412_051500.wav
1941.0,1944.0,Seiurus aurocapilla,Ovenbird,0.3067,D:\Bird_Anuran_ARUs\IF09\SMM2-34_20260412_051500.wav
1950.0,1953.0,Zenaida macroura,Mourning Dove,0.4031,D:\Bird_Anuran_ARUs\IF09\SMM2-34_20260412_051500.wav
1956.0,1959.0,Seiurus aurocapilla,Ovenbird,0.6186,D:\Bird_Anuran_ARUs\IF09\SMM2-34_20260412_051500.wav
1959.0,1962.0,Seiurus aurocapilla,Ovenbird,0.6795,D:\Bird_Anuran_ARUs\IF09\SMM2-34_20260412_051500.wav
1962.0,1965.0,Zenaida macroura,Mourning Dove,0.9909,D:\Bird_Anuran_ARUs\IF09\SMM2-34_20260412_051500.wav
1968.0,1971.0,Zenaida macroura,Mourning Dove,0.2522,D:\Bird_Anuran_ARUs\IF09\SMM2-34_20260412_051500.wav
1971.0,1974.0,Pipilo erythrophthalmus,Eastern Towhee,0.3668,D:\Bird_Anuran_ARUs\IF09\SMM2-34_20260412_051500.wav
1971.0,1974.0,Corvus brachyrhynchos,American Crow,0.3252,D:\Bird_Anuran_ARUs\IF09\SMM2-34_20260412_051500.wav
1974.0,1977.0,Cardinalis cardinalis,Northern Cardinal,0.6551,D:\Bird_Anuran_ARUs\IF09\SMM2-34_20260412_051500.wav
1977.0,1980.0,Zenaida macroura,Mourning Dove,0.5129,D:\Bird_Anuran_ARUs\IF09\SMM2-34_20260412_051500.wav
1980.0,1983.0,Corvus brachyrhynchos,American Crow,0.6670,D:\Bird_Anuran_ARUs\IF09\SMM2-34_20260412_051500.wav
1980.0,1983.0,Pipilo erythrophthalmus,Eastern Towhee,0.3933,D:\Bird_Anuran_ARUs\IF09\SMM2-34_20260412_051500.wav
1983.0,1986.0,Seiurus aurocapilla,Ovenbird,0.9426,D:\Bird_Anuran_ARUs\IF09\SMM2-34_20260412_051500.wav
1983.0,1986.0,Cardinalis cardinalis,Northern Cardinal,0.6752,D:\Bird_Anuran_ARUs\IF09\SMM2-34_20260412_051500.wav
1983.0,1986.0,Pipilo erythrophthalmus,Eastern Towhee,0.5995,D:\Bird_Anuran_ARUs\IF09\SMM2-34_20260412_051500.wav
1983.0,1986.0,Corvus brachyrhynchos,American Crow,0.3465,D:\Bird_Anuran_ARUs\IF09\SMM2-34_20260412_051500.wav
1989.0,1992.0,Zenaida macroura,Mourning Dove,0.9677,D:\Bird_Anuran_ARUs\IF09\SMM2-34_20260412_051500.wav
1992.0,1995.0,Zenaida macroura,Mourning Dove,0.5282,D:\Bird_Anuran_ARUs\IF09\SMM2-34_20260412_051500.wav
1995.0,1998.0,Seiurus aurocapilla,Ovenbird,0.7720,D:\Bird_Anuran_ARUs\IF09\SMM2-34_20260412_051500.wav
1998.0,2001.0,Seiurus aurocapilla,Ovenbird,0.9386,D:\Bird_Anuran_ARUs\IF09\SMM2-34_20260412_051500.wav
1998.0,2001.0,Corvus brachyrhynchos,American Crow,0.2650,D:\Bird_Anuran_ARUs\IF09\SMM2-34_20260412_051500.wav
2001.0,2004.0,Zenaida macroura,Mourning Dove,0.9520,D:\Bird_Anuran_ARUs\IF09\SMM2-34_20260412_051500.wav
2004.0,2007.0,Corvus brachyrhynchos,American Crow,0.4706,D:\Bird_Anuran_ARUs\IF09\SMM2-34_20260412_051500.wav
2007.0,2010.0,Seiurus aurocapilla,Ovenbird,0.9639,D:\Bird_Anuran_ARUs\IF09\SMM2-34_20260412_051500.wav
2010.0,2013.0,Corvus brachyrhynchos,American Crow,0.8810,D:\Bird_Anuran_ARUs\IF09\SMM2-34_20260412_051500.wav
2010.0,2013.0,Seiurus aurocapilla,Ovenbird,0.7209,D:\Bird_Anuran_ARUs\IF09\SMM2-34_20260412_051500.wav
2010.0,2013.0,Pipilo erythrophthalmus,Eastern Towhee,0.5358,D:\Bird_Anuran_ARUs\IF09\SMM2-34_20260412_051500.wav
2013.0,2016.0,Seiurus aurocapilla,Ovenbird,0.7872,D:\Bird_Anuran_ARUs\IF09\SMM2-34_20260412_051500.wav
2013.0,2016.0,Corvus brachyrhynchos,American Crow,0.6997,D:\Bird_Anuran_ARUs\IF09\SMM2-34_20260412_051500.wav
2013.0,2016.0,Pipilo erythrophthalmus,Eastern Towhee,0.6905,D:\Bird_Anuran_ARUs\IF09\SMM2-34_20260412_051500.wav
2016.0,2019.0,Zenaida macroura,Mourning Dove,0.9042,D:\Bird_Anuran_ARUs\IF09\SMM2-34_20260412_051500.wav
2022.0,2025.0,Corvus brachyrhynchos,American Crow,0.2527,D:\Bird_Anuran_ARUs\IF09\SMM2-34_20260412_051500.wav
2025.0,2028.0,Corvus brachyrhynchos,American Crow,0.9851,D:\Bird_Anuran_ARUs\IF09\SMM2-34_20260412_051500.wav
2025.0,2028.0,Pipilo erythrophthalmus,Eastern Towhee,0.9475,D:\Bird_Anuran_ARUs\IF09\SMM2-34_20260412_051500.wav
2031.0,2034.0,Zenaida macroura,Mourning Dove,0.8953,D:\Bird_Anuran_ARUs\IF09\SMM2-34_20260412_051500.wav
2034.0,2037.0,Seiurus aurocapilla,Ovenbird,0.6130,D:\Bird_Anuran_ARUs\IF09\SMM2-34_20260412_051500.wav
2037.0,2040.0,Seiurus aurocapilla,Ovenbird,0.6757,D:\Bird_Anuran_ARUs\IF09\SMM2-34_20260412_051500.wav
2040.0,2043.0,Setophaga citrina,Hooded Warbler,0.3322,D:\Bird_Anuran_ARUs\IF09\SMM2-34_20260412_051500.wav
2043.0,2046.0,Zenaida macroura,Mourning Dove,0.9324,D:\Bird_Anuran_ARUs\IF09\SMM2-34_20260412_051500.wav
2043.0,2046.0,Setophaga pinus,Pine Warbler,0.4788,D:\Bird_Anuran_ARUs\IF09\SMM2-34_20260412_051500.wav
2046.0,2049.0,Setophaga pinus,Pine Warbler,0.8986,D:\Bird_Anuran_ARUs\IF09\SMM2-34_20260412_051500.wav
2052.0,2055.0,Seiurus aurocapilla,Ovenbird,0.7673,D:\Bird_Anuran_ARUs\IF09\SMM2-34_20260412_051500.wav
2055.0,2058.0,Seiurus aurocapilla,Ovenbird,0.4008,D:\Bird_Anuran_ARUs\IF09\SMM2-34_20260412_051500.wav
2055.0,2058.0,Corvus brachyrhynchos,American Crow,0.2775,D:\Bird_Anuran_ARUs\IF09\SMM2-34_20260412_051500.wav
2058.0,2061.0,Setophaga pinus,Pine Warbler,0.7340,D:\Bird_Anuran_ARUs\IF09\SMM2-34_20260412_051500.wav
2061.0,2064.0,Setophaga pinus,Pine Warbler,0.9421,D:\Bird_Anuran_ARUs\IF09\SMM2-34_20260412_051500.wav
2064.0,2067.0,Zenaida macroura,Mourning Dove,0.9616,D:\Bird_Anuran_ARUs\IF09\SMM2-34_20260412_051500.wav
2067.0,2070.0,Zenaida macroura,Mourning Dove,0.5900,D:\Bird_Anuran_ARUs\IF09\SMM2-34_20260412_051500.wav
2073.0,2076.0,Setophaga pinus,Pine Warbler,0.4838,D:\Bird_Anuran_ARUs\IF09\SMM2-34_20260412_051500.wav
2079.0,2082.0,Zenaida macroura,Mourning Dove,0.5230,D:\Bird_Anuran_ARUs\IF09\SMM2-34_20260412_051500.wav
2079.0,2082.0,Setophaga pinus,Pine Warbler,0.2918,D:\Bird_Anuran_ARUs\IF09\SMM2-34_20260412_051500.wav
2091.0,2094.0,Seiurus aurocapilla,Ovenbird,0.8404,D:\Bird_Anuran_ARUs\IF09\SMM2-34_20260412_051500.wav
2091.0,2094.0,Strix varia,Barred Owl,0.6668,D:\Bird_Anuran_ARUs\IF09\SMM2-34_20260412_051500.wav
2094.0,2097.0,Zenaida macroura,Mourning Dove,0.8697,D:\Bird_Anuran_ARUs\IF09\SMM2-34_20260412_051500.wav
2097.0,2100.0,Strix varia,Barred Owl,0.3571,D:\Bird_Anuran_ARUs\IF09\SMM2-34_20260412_051500.wav
2100.0,2103.0,Zenaida macroura,Mourning Dove,0.6509,D:\Bird_Anuran_ARUs\IF09\SMM2-34_20260412_051500.wav
2100.0,2103.0,Pipilo erythrophthalmus,Eastern Towhee,0.2660,D:\Bird_Anuran_ARUs\IF09\SMM2-34_20260412_051500.wav
2106.0,2109.0,Seiurus aurocapilla,Ovenbird,0.3306,D:\Bird_Anuran_ARUs\IF09\SMM2-34_20260412_051500.wav
2109.0,2112.0,Seiurus aurocapilla,Ovenbird,0.3764,D:\Bird_Anuran_ARUs\IF09\SMM2-34_20260412_051500.wav
2109.0,2112.0,Zenaida macroura,Mourning Dove,0.2654,D:\Bird_Anuran_ARUs\IF09\SMM2-34_20260412_051500.wav
2124.0,2127.0,Seiurus aurocapilla,Ovenbird,0.8160,D:\Bird_Anuran_ARUs\IF09\SMM2-34_20260412_051500.wav
2127.0,2130.0,Seiurus aurocapilla,Ovenbird,0.9623,D:\Bird_Anuran_ARUs\IF09\SMM2-34_20260412_051500.wav
2130.0,2133.0,Zenaida macroura,Mourning Dove,0.8362,D:\Bird_Anuran_ARUs\IF09\SMM2-34_20260412_051500.wav
2136.0,2139.0,Strix varia,Barred Owl,0.4494,D:\Bird_Anuran_ARUs\IF09\SMM2-34_20260412_051500.wav
2139.0,2142.0,Zenaida macroura,Mourning Dove,0.6103,D:\Bird_Anuran_ARUs\IF09\SMM2-34_20260412_051500.wav
2142.0,2145.0,Seiurus aurocapilla,Ovenbird,0.3963,D:\Bird_Anuran_ARUs\IF09\SMM2-34_20260412_051500.wav
2148.0,2151.0,Zenaida macroura,Mourning Dove,0.9327,D:\Bird_Anuran_ARUs\IF09\SMM2-34_20260412_051500.wav
2151.0,2154.0,Seiurus aurocapilla,Ovenbird,0.6676,D:\Bird_Anuran_ARUs\IF09\SMM2-34_20260412_051500.wav
2151.0,2154.0,Strix varia,Barred Owl,0.3949,D:\Bird_Anuran_ARUs\IF09\SMM2-34_20260412_051500.wav
2157.0,2160.0,Zenaida macroura,Mourning Dove,0.6320,D:\Bird_Anuran_ARUs\IF09\SMM2-34_20260412_051500.wav
2160.0,2163.0,Strix varia,Barred Owl,0.8031,D:\Bird_Anuran_ARUs\IF09\SMM2-34_20260412_051500.wav
2169.0,2172.0,Seiurus aurocapilla,Ovenbird,0.9422,D:\Bird_Anuran_ARUs\IF09\SMM2-34_20260412_051500.wav
2172.0,2175.0,Seiurus aurocapilla,Ovenbird,0.9115,D:\Bird_Anuran_ARUs\IF09\SMM2-34_20260412_051500.wav
2175.0,2178.0,Zenaida macroura,Mourning Dove,0.8681,D:\Bird_Anuran_ARUs\IF09\SMM2-34_20260412_051500.wav
2184.0,2187.0,Seiurus aurocapilla,Ovenbird,0.7104,D:\Bird_Anuran_ARUs\IF09\SMM2-34_20260412_051500.wav
2187.0,2190.0,Zenaida macroura,Mourning Dove,0.9693,D:\Bird_Anuran_ARUs\IF09\SMM2-34_20260412_051500.wav
2190.0,2193.0,Seiurus aurocapilla,Ovenbird,0.9263,D:\Bird_Anuran_ARUs\IF09\SMM2-34_20260412_051500.wav
2190.0,2193.0,Zenaida macroura,Mourning Dove,0.2607,D:\Bird_Anuran_ARUs\IF09\SMM2-34_20260412_051500.wav
2193.0,2196.0,Seiurus aurocapilla,Ovenbird,0.7231,D:\Bird_Anuran_ARUs\IF09\SMM2-34_20260412_051500.wav
2196.0,2199.0,Corvus brachyrhynchos,American Crow,0.3352,D:\Bird_Anuran_ARUs\IF09\SMM2-34_20260412_051500.wav
2199.0,2202.0,Corvus brachyrhynchos,American Crow,0.3438,D:\Bird_Anuran_ARUs\IF09\SMM2-34_20260412_051500.wav
2202.0,2205.0,Zenaida macroura,Mourning Dove,0.9338,D:\Bird_Anuran_ARUs\IF09\SMM2-34_20260412_051500.wav
2202.0,2205.0,Pipilo erythrophthalmus,Eastern Towhee,0.2751,D:\Bird_Anuran_ARUs\IF09\SMM2-34_20260412_051500.wav
2205.0,2208.0,Pipilo erythrophthalmus,Eastern Towhee,0.8137,D:\Bird_Anuran_ARUs\IF09\SMM2-34_20260412_051500.wav
2205.0,2208.0,Seiurus aurocapilla,Ovenbird,0.3881,D:\Bird_Anuran_ARUs\IF09\SMM2-34_20260412_051500.wav
2208.0,2211.0,Pipilo erythrophthalmus,Eastern Towhee,0.8879,D:\Bird_Anuran_ARUs\IF09\SMM2-34_20260412_051500.wav
2208.0,2211.0,Seiurus aurocapilla,Ovenbird,0.6294,D:\Bird_Anuran_ARUs\IF09\SMM2-34_20260412_051500.wav
2211.0,2214.0,Pipilo erythrophthalmus,Eastern Towhee,0.9281,D:\Bird_Anuran_ARUs\IF09\SMM2-34_20260412_051500.wav
2211.0,2214.0,Corvus brachyrhynchos,American Crow,0.7034,D:\Bird_Anuran_ARUs\IF09\SMM2-34_20260412_051500.wav
2211.0,2214.0,Seiurus aurocapilla,Ovenbird,0.6707,D:\Bird_Anuran_ARUs\IF09\SMM2-34_20260412_051500.wav
2211.0,2214.0,Geothlypis trichas,Common Yellowthroat,0.3732,D:\Bird_Anuran_ARUs\IF09\SMM2-34_20260412_051500.wav
2214.0,2217.0,Pipilo erythrophthalmus,Eastern Towhee,0.9617,D:\Bird_Anuran_ARUs\IF09\SMM2-34_20260412_051500.wav
2214.0,2217.0,Corvus brachyrhynchos,American Crow,0.4433,D:\Bird_Anuran_ARUs\IF09\SMM2-34_20260412_051500.wav
2217.0,2220.0,Zenaida macroura,Mourning Dove,0.9432,D:\Bird_Anuran_ARUs\IF09\SMM2-34_20260412_051500.wav
2217.0,2220.0,Pipilo erythrophthalmus,Eastern Towhee,0.7859,D:\Bird_Anuran_ARUs\IF09\SMM2-34_20260412_051500.wav
2220.0,2223.0,Zenaida macroura,Mourning Dove,0.5038,D:\Bird_Anuran_ARUs\IF09\SMM2-34_20260412_051500.wav
2220.0,2223.0,Pipilo erythrophthalmus,Eastern Towhee,0.2885,D:\Bird_Anuran_ARUs\IF09\SMM2-34_20260412_051500.wav
2223.0,2226.0,Pipilo erythrophthalmus,Eastern Towhee,0.8559,D:\Bird_Anuran_ARUs\IF09\SMM2-34_20260412_051500.wav
2226.0,2229.0,Pipilo erythrophthalmus,Eastern Towhee,0.6300,D:\Bird_Anuran_ARUs\IF09\SMM2-34_20260412_051500.wav
2229.0,2232.0,Zenaida macroura,Mourning Dove,0.7804,D:\Bird_Anuran_ARUs\IF09\SMM2-34_20260412_051500.wav
2232.0,2235.0,Seiurus aurocapilla,Ovenbird,0.8479,D:\Bird_Anuran_ARUs\IF09\SMM2-34_20260412_051500.wav
2232.0,2235.0,Zenaida macroura,Mourning Dove,0.3353,D:\Bird_Anuran_ARUs\IF09\SMM2-34_20260412_051500.wav
2235.0,2238.0,Seiurus aurocapilla,Ovenbird,0.3613,D:\Bird_Anuran_ARUs\IF09\SMM2-34_20260412_051500.wav
2238.0,2241.0,Pipilo erythrophthalmus,Eastern Towhee,0.6301,D:\Bird_Anuran_ARUs\IF09\SMM2-34_20260412_051500.wav
2241.0,2244.0,Corvus brachyrhynchos,American Crow,0.3341,D:\Bird_Anuran_ARUs\IF09\SMM2-34_20260412_051500.wav
2241.0,2244.0,Contopus virens,Eastern Wood-Pewee,0.2931,D:\Bird_Anuran_ARUs\IF09\SMM2-34_20260412_051500.wav
2244.0,2247.0,Pipilo erythrophthalmus,Eastern Towhee,0.9342,D:\Bird_Anuran_ARUs\IF09\SMM2-34_20260412_051500.wav
2244.0,2247.0,Corvus brachyrhynchos,American Crow,0.3687,D:\Bird_Anuran_ARUs\IF09\SMM2-34_20260412_051500.wav
2247.0,2250.0,Pipilo erythrophthalmus,Eastern Towhee,0.8729,D:\Bird_Anuran_ARUs\IF09\SMM2-34_20260412_051500.wav
2247.0,2250.0,Corvus brachyrhynchos,American Crow,0.6081,D:\Bird_Anuran_ARUs\IF09\SMM2-34_20260412_051500.wav
2247.0,2250.0,Geothlypis trichas,Common Yellowthroat,0.3887,D:\Bird_Anuran_ARUs\IF09\SMM2-34_20260412_051500.wav
2247.0,2250.0,Seiurus aurocapilla,Ovenbird,0.2547,D:\Bird_Anuran_ARUs\IF09\SMM2-34_20260412_051500.wav
2250.0,2253.0,Seiurus aurocapilla,Ovenbird,0.8796,D:\Bird_Anuran_ARUs\IF09\SMM2-34_20260412_051500.wav
2250.0,2253.0,Pipilo erythrophthalmus,Eastern Towhee,0.4910,D:\Bird_Anuran_ARUs\IF09\SMM2-34_20260412_051500.wav
2253.0,2256.0,Pipilo erythrophthalmus,Eastern Towhee,0.3059,D:\Bird_Anuran_ARUs\IF09\SMM2-34_20260412_051500.wav
2256.0,2259.0,Pipilo erythrophthalmus,Eastern Towhee,0.9160,D:\Bird_Anuran_ARUs\IF09\SMM2-34_20260412_051500.wav
2259.0,2262.0,Seiurus aurocapilla,Ovenbird,0.6071,D:\Bird_Anuran_ARUs\IF09\SMM2-34_20260412_051500.wav
2262.0,2265.0,Pipilo erythrophthalmus,Eastern Towhee,0.7884,D:\Bird_Anuran_ARUs\IF09\SMM2-34_20260412_051500.wav
2262.0,2265.0,Seiurus aurocapilla,Ovenbird,0.6917,D:\Bird_Anuran_ARUs\IF09\SMM2-34_20260412_051500.wav
2262.0,2265.0,Corvus brachyrhynchos,American Crow,0.4114,D:\Bird_Anuran_ARUs\IF09\SMM2-34_20260412_051500.wav
2265.0,2268.0,Zenaida macroura,Mourning Dove,0.9625,D:\Bird_Anuran_ARUs\IF09\SMM2-34_20260412_051500.wav
2268.0,2271.0,Pipilo erythrophthalmus,Eastern Towhee,0.7381,D:\Bird_Anuran_ARUs\IF09\SMM2-34_20260412_051500.wav
2268.0,2271.0,Seiurus aurocapilla,Ovenbird,0.7283,D:\Bird_Anuran_ARUs\IF09\SMM2-34_20260412_051500.wav
2268.0,2271.0,Zenaida macroura,Mourning Dove,0.3149,D:\Bird_Anuran_ARUs\IF09\SMM2-34_20260412_051500.wav
2271.0,2274.0,Pipilo erythrophthalmus,Eastern Towhee,0.8368,D:\Bird_Anuran_ARUs\IF09\SMM2-34_20260412_051500.wav
2271.0,2274.0,Seiurus aurocapilla,Ovenbird,0.7248,D:\Bird_Anuran_ARUs\IF09\SMM2-34_20260412_051500.wav
2271.0,2274.0,Corvus brachyrhynchos,American Crow,0.3005,D:\Bird_Anuran_ARUs\IF09\SMM2-34_20260412_051500.wav
2274.0,2277.0,Pipilo erythrophthalmus,Eastern Towhee,0.4262,D:\Bird_Anuran_ARUs\IF09\SMM2-34_20260412_051500.wav
2277.0,2280.0,Pipilo erythrophthalmus,Eastern Towhee,0.4509,D:\Bird_Anuran_ARUs\IF09\SMM2-34_20260412_051500.wav
2280.0,2283.0,Zenaida macroura,Mourning Dove,0.9780,D:\Bird_Anuran_ARUs\IF09\SMM2-34_20260412_051500.wav
2283.0,2286.0,Zenaida macroura,Mourning Dove,0.3112,D:\Bird_Anuran_ARUs\IF09\SMM2-34_20260412_051500.wav
2286.0,2289.0,Zenaida macroura,Mourning Dove,0.5825,D:\Bird_Anuran_ARUs\IF09\SMM2-34_20260412_051500.wav
2286.0,2289.0,Seiurus aurocapilla,Ovenbird,0.4259,D:\Bird_Anuran_ARUs\IF09\SMM2-34_20260412_051500.wav
2289.0,2292.0,Pipilo erythrophthalmus,Eastern Towhee,0.8232,D:\Bird_Anuran_ARUs\IF09\SMM2-34_20260412_051500.wav
2289.0,2292.0,Corvus brachyrhynchos,American Crow,0.7653,D:\Bird_Anuran_ARUs\IF09\SMM2-34_20260412_051500.wav
2289.0,2292.0,Seiurus aurocapilla,Ovenbird,0.7198,D:\Bird_Anuran_ARUs\IF09\SMM2-34_20260412_051500.wav
2292.0,2295.0,Corvus brachyrhynchos,American Crow,0.4902,D:\Bird_Anuran_ARUs\IF09\SMM2-34_20260412_051500.wav
2292.0,2295.0,Piranga olivacea,Scarlet Tanager,0.4373,D:\Bird_Anuran_ARUs\IF09\SMM2-34_20260412_051500.wav
2292.0,2295.0,Pipilo erythrophthalmus,Eastern Towhee,0.4339,D:\Bird_Anuran_ARUs\IF09\SMM2-34_20260412_051500.wav
2295.0,2298.0,Zenaida macroura,Mourning Dove,0.9811,D:\Bird_Anuran_ARUs\IF09\SMM2-34_20260412_051500.wav
2298.0,2301.0,Zenaida macroura,Mourning Dove,0.5003,D:\Bird_Anuran_ARUs\IF09\SMM2-34_20260412_051500.wav
2301.0,2304.0,Pipilo erythrophthalmus,Eastern Towhee,0.8728,D:\Bird_Anuran_ARUs\IF09\SMM2-34_20260412_051500.wav
2307.0,2310.0,Pipilo erythrophthalmus,Eastern Towhee,0.3054,D:\Bird_Anuran_ARUs\IF09\SMM2-34_20260412_051500.wav
2307.0,2310.0,Seiurus aurocapilla,Ovenbird,0.2532,D:\Bird_Anuran_ARUs\IF09\SMM2-34_20260412_051500.wav
2310.0,2313.0,Zenaida macroura,Mourning Dove,0.8823,D:\Bird_Anuran_ARUs\IF09\SMM2-34_20260412_051500.wav
2313.0,2316.0,Seiurus aurocapilla,Ovenbird,0.2895,D:\Bird_Anuran_ARUs\IF09\SMM2-34_20260412_051500.wav
2316.0,2319.0,Pipilo erythrophthalmus,Eastern Towhee,0.9730,D:\Bird_Anuran_ARUs\IF09\SMM2-34_20260412_051500.wav
2316.0,2319.0,Corvus brachyrhynchos,American Crow,0.8803,D:\Bird_Anuran_ARUs\IF09\SMM2-34_20260412_051500.wav
2319.0,2322.0,Pipilo erythrophthalmus,Eastern Towhee,0.8680,D:\Bird_Anuran_ARUs\IF09\SMM2-34_20260412_051500.wav
2319.0,2322.0,Seiurus aurocapilla,Ovenbird,0.3591,D:\Bird_Anuran_ARUs\IF09\SMM2-34_20260412_051500.wav
2322.0,2325.0,Zenaida macroura,Mourning Dove,0.9153,D:\Bird_Anuran_ARUs\IF09\SMM2-34_20260412_051500.wav
2322.0,2325.0,Pipilo erythrophthalmus,Eastern Towhee,0.5053,D:\Bird_Anuran_ARUs\IF09\SMM2-34_20260412_051500.wav
2325.0,2328.0,Seiurus aurocapilla,Ovenbird,0.6013,D:\Bird_Anuran_ARUs\IF09\SMM2-34_20260412_051500.wav
2328.0,2331.0,Seiurus aurocapilla,Ovenbird,0.8093,D:\Bird_Anuran_ARUs\IF09\SMM2-34_20260412_051500.wav
2331.0,2334.0,Pipilo erythrophthalmus,Eastern Towhee,0.9387,D:\Bird_Anuran_ARUs\IF09\SMM2-34_20260412_051500.wav
2334.0,2337.0,Zenaida macroura,Mourning Dove,0.9555,D:\Bird_Anuran_ARUs\IF09\SMM2-34_20260412_051500.wav
2340.0,2343.0,Seiurus aurocapilla,Ovenbird,0.8187,D:\Bird_Anuran_ARUs\IF09\SMM2-34_20260412_051500.wav
2343.0,2346.0,Seiurus aurocapilla,Ovenbird,0.9207,D:\Bird_Anuran_ARUs\IF09\SMM2-34_20260412_051500.wav
2343.0,2346.0,Corvus brachyrhynchos,American Crow,0.5631,D:\Bird_Anuran_ARUs\IF09\SMM2-34_20260412_051500.wav
2343.0,2346.0,Pipilo erythrophthalmus,Eastern Towhee,0.3521,D:\Bird_Anuran_ARUs\IF09\SMM2-34_20260412_051500.wav
2346.0,2349.0,Seiurus aurocapilla,Ovenbird,0.8931,D:\Bird_Anuran_ARUs\IF09\SMM2-34_20260412_051500.wav
2349.0,2352.0,Zenaida macroura,Mourning Dove,0.9867,D:\Bird_Anuran_ARUs\IF09\SMM2-34_20260412_051500.wav
2355.0,2358.0,Seiurus aurocapilla,Ovenbird,0.8068,D:\Bird_Anuran_ARUs\IF09\SMM2-34_20260412_051500.wav
2358.0,2361.0,Corvus brachyrhynchos,American Crow,0.4249,D:\Bird_Anuran_ARUs\IF09\SMM2-34_20260412_051500.wav
2358.0,2361.0,Setophaga citrina,Hooded Warbler,0.3990,D:\Bird_Anuran_ARUs\IF09\SMM2-34_20260412_051500.wav
2358.0,2361.0,Pipilo erythrophthalmus,Eastern Towhee,0.3821,D:\Bird_Anuran_ARUs\IF09\SMM2-34_20260412_051500.wav
2364.0,2367.0,Seiurus aurocapilla,Ovenbird,0.7331,D:\Bird_Anuran_ARUs\IF09\SMM2-34_20260412_051500.wav
2367.0,2370.0,Zenaida macroura,Mourning Dove,0.9745,D:\Bird_Anuran_ARUs\IF09\SMM2-34_20260412_051500.wav
2370.0,2373.0,Seiurus aurocapilla,Ovenbird,0.4994,D:\Bird_Anuran_ARUs\IF09\SMM2-34_20260412_051500.wav
2370.0,2373.0,Zenaida macroura,Mourning Dove,0.2743,D:\Bird_Anuran_ARUs\IF09\SMM2-34_20260412_051500.wav
2379.0,2382.0,Corvus brachyrhynchos,American Crow,0.8190,D:\Bird_Anuran_ARUs\IF09\SMM2-34_20260412_051500.wav
2379.0,2382.0,Seiurus aurocapilla,Ovenbird,0.3137,D:\Bird_Anuran_ARUs\IF09\SMM2-34_20260412_051500.wav
2379.0,2382.0,Pipilo erythrophthalmus,Eastern Towhee,0.3113,D:\Bird_Anuran_ARUs\IF09\SMM2-34_20260412_051500.wav
2382.0,2385.0,Zenaida macroura,Mourning Dove,0.9750,D:\Bird_Anuran_ARUs\IF09\SMM2-34_20260412_051500.wav
2382.0,2385.0,Seiurus aurocapilla,Ovenbird,0.2904,D:\Bird_Anuran_ARUs\IF09\SMM2-34_20260412_051500.wav
2385.0,2388.0,Seiurus aurocapilla,Ovenbird,0.7277,D:\Bird_Anuran_ARUs\IF09\SMM2-34_20260412_051500.wav
2388.0,2391.0,Seiurus aurocapilla,Ovenbird,0.2804,D:\Bird_Anuran_ARUs\IF09\SMM2-34_20260412_051500.wav
2391.0,2394.0,Seiurus aurocapilla,Ovenbird,0.5317,D:\Bird_Anuran_ARUs\IF09\SMM2-34_20260412_051500.wav
2391.0,2394.0,Cardinalis cardinalis,Northern Cardinal,0.4408,D:\Bird_Anuran_ARUs\IF09\SMM2-34_20260412_051500.wav
2394.0,2397.0,Cardinalis cardinalis,Northern Cardinal,0.5119,D:\Bird_Anuran_ARUs\IF09\SMM2-34_20260412_051500.wav
2400.0,2403.0,Geothlypis trichas,Common Yellowthroat,0.6664,D:\Bird_Anuran_ARUs\IF09\SMM2-34_20260412_051500.wav
2400.0,2403.0,Seiurus aurocapilla,Ovenbird,0.6292,D:\Bird_Anuran_ARUs\IF09\SMM2-34_20260412_051500.wav
2400.0,2403.0,Corvus brachyrhynchos,American Crow,0.4305,D:\Bird_Anuran_ARUs\IF09\SMM2-34_20260412_051500.wav
2403.0,2406.0,Zenaida macroura,Mourning Dove,0.9740,D:\Bird_Anuran_ARUs\IF09\SMM2-34_20260412_051500.wav
2406.0,2409.0,Zenaida macroura,Mourning Dove,0.4930,D:\Bird_Anuran_ARUs\IF09\SMM2-34_20260412_051500.wav
2409.0,2412.0,Corvus brachyrhynchos,American Crow,0.3100,D:\Bird_Anuran_ARUs\IF09\SMM2-34_20260412_051500.wav
2412.0,2415.0,Corvus brachyrhynchos,American Crow,0.4367,D:\Bird_Anuran_ARUs\IF09\SMM2-34_20260412_051500.wav
2418.0,2421.0,Seiurus aurocapilla,Ovenbird,0.4534,D:\Bird_Anuran_ARUs\IF09\SMM2-34_20260412_051500.wav
2418.0,2421.0,Zenaida macroura,Mourning Dove,0.2950,D:\Bird_Anuran_ARUs\IF09\SMM2-34_20260412_051500.wav
2421.0,2424.0,Seiurus aurocapilla,Ovenbird,0.7026,D:\Bird_Anuran_ARUs\IF09\SMM2-34_20260412_051500.wav
2424.0,2427.0,Seiurus aurocapilla,Ovenbird,0.7507,D:\Bird_Anuran_ARUs\IF09\SMM2-34_20260412_051500.wav
2427.0,2430.0,Seiurus aurocapilla,Ovenbird,0.8632,D:\Bird_Anuran_ARUs\IF09\SMM2-34_20260412_051500.wav
2427.0,2430.0,Corvus brachyrhynchos,American Crow,0.3016,D:\Bird_Anuran_ARUs\IF09\SMM2-34_20260412_051500.wav
2430.0,2433.0,Corvus brachyrhynchos,American Crow,0.9559,D:\Bird_Anuran_ARUs\IF09\SMM2-34_20260412_051500.wav
2430.0,2433.0,Zenaida macroura,Mourning Dove,0.9390,D:\Bird_Anuran_ARUs\IF09\SMM2-34_20260412_051500.wav
2433.0,2436.0,Corvus brachyrhynchos,American Crow,0.9392,D:\Bird_Anuran_ARUs\IF09\SMM2-34_20260412_051500.wav
2433.0,2436.0,Seiurus aurocapilla,Ovenbird,0.7594,D:\Bird_Anuran_ARUs\IF09\SMM2-34_20260412_051500.wav
2439.0,2442.0,Corvus brachyrhynchos,American Crow,0.6846,D:\Bird_Anuran_ARUs\IF09\SMM2-34_20260412_051500.wav
2442.0,2445.0,Zenaida macroura,Mourning Dove,0.9901,D:\Bird_Anuran_ARUs\IF09\SMM2-34_20260412_051500.wav
2442.0,2445.0,Seiurus aurocapilla,Ovenbird,0.2534,D:\Bird_Anuran_ARUs\IF09\SMM2-34_20260412_051500.wav
2448.0,2451.0,Seiurus aurocapilla,Ovenbird,0.8438,D:\Bird_Anuran_ARUs\IF09\SMM2-34_20260412_051500.wav
2448.0,2451.0,Corvus brachyrhynchos,American Crow,0.5074,D:\Bird_Anuran_ARUs\IF09\SMM2-34_20260412_051500.wav
2451.0,2454.0,Corvus brachyrhynchos,American Crow,0.6840,D:\Bird_Anuran_ARUs\IF09\SMM2-34_20260412_051500.wav
2451.0,2454.0,Seiurus aurocapilla,Ovenbird,0.2524,D:\Bird_Anuran_ARUs\IF09\SMM2-34_20260412_051500.wav
2454.0,2457.0,Corvus brachyrhynchos,American Crow,0.9660,D:\Bird_Anuran_ARUs\IF09\SMM2-34_20260412_051500.wav
2457.0,2460.0,Zenaida macroura,Mourning Dove,0.9839,D:\Bird_Anuran_ARUs\IF09\SMM2-34_20260412_051500.wav
2460.0,2463.0,Zenaida macroura,Mourning Dove,0.5726,D:\Bird_Anuran_ARUs\IF09\SMM2-34_20260412_051500.wav
2463.0,2466.0,Seiurus aurocapilla,Ovenbird,0.8095,D:\Bird_Anuran_ARUs\IF09\SMM2-34_20260412_051500.wav
2463.0,2466.0,Zenaida macroura,Mourning Dove,0.3478,D:\Bird_Anuran_ARUs\IF09\SMM2-34_20260412_051500.wav
2463.0,2466.0,Corvus brachyrhynchos,American Crow,0.3364,D:\Bird_Anuran_ARUs\IF09\SMM2-34_20260412_051500.wav
2466.0,2469.0,Strix varia,Barred Owl,0.2795,D:\Bird_Anuran_ARUs\IF09\SMM2-34_20260412_051500.wav
2469.0,2472.0,Corvus brachyrhynchos,American Crow,0.2539,D:\Bird_Anuran_ARUs\IF09\SMM2-34_20260412_051500.wav
2472.0,2475.0,Zenaida macroura,Mourning Dove,0.9046,D:\Bird_Anuran_ARUs\IF09\SMM2-34_20260412_051500.wav
2478.0,2481.0,Setophaga pinus,Pine Warbler,0.2856,D:\Bird_Anuran_ARUs\IF09\SMM2-34_20260412_051500.wav
2481.0,2484.0,Geothlypis trichas,Common Yellowthroat,0.3635,D:\Bird_Anuran_ARUs\IF09\SMM2-34_20260412_051500.wav
2481.0,2484.0,Seiurus aurocapilla,Ovenbird,0.3275,D:\Bird_Anuran_ARUs\IF09\SMM2-34_20260412_051500.wav
2484.0,2487.0,Zenaida macroura,Mourning Dove,0.9858,D:\Bird_Anuran_ARUs\IF09\SMM2-34_20260412_051500.wav
2484.0,2487.0,Seiurus aurocapilla,Ovenbird,0.2510,D:\Bird_Anuran_ARUs\IF09\SMM2-34_20260412_051500.wav
2487.0,2490.0,Zenaida macroura,Mourning Dove,0.3205,D:\Bird_Anuran_ARUs\IF09\SMM2-34_20260412_051500.wav
2490.0,2493.0,Poecile carolinensis,Carolina Chickadee,0.2576,D:\Bird_Anuran_ARUs\IF09\SMM2-34_20260412_051500.wav
2493.0,2496.0,Corvus brachyrhynchos,American Crow,0.9067,D:\Bird_Anuran_ARUs\IF09\SMM2-34_20260412_051500.wav
2496.0,2499.0,Corvus brachyrhynchos,American Crow,0.9730,D:\Bird_Anuran_ARUs\IF09\SMM2-34_20260412_051500.wav
2496.0,2499.0,Seiurus aurocapilla,Ovenbird,0.9478,D:\Bird_Anuran_ARUs\IF09\SMM2-34_20260412_051500.wav
2499.0,2502.0,Zenaida macroura,Mourning Dove,0.9413,D:\Bird_Anuran_ARUs\IF09\SMM2-34_20260412_051500.wav
2502.0,2505.0,Seiurus aurocapilla,Ovenbird,0.5192,D:\Bird_Anuran_ARUs\IF09\SMM2-34_20260412_051500.wav
2505.0,2508.0,Seiurus aurocapilla,Ovenbird,0.9769,D:\Bird_Anuran_ARUs\IF09\SMM2-34_20260412_051500.wav
2511.0,2514.0,Zenaida macroura,Mourning Dove,0.9190,D:\Bird_Anuran_ARUs\IF09\SMM2-34_20260412_051500.wav
2517.0,2520.0,Seiurus aurocapilla,Ovenbird,0.8518,D:\Bird_Anuran_ARUs\IF09\SMM2-34_20260412_051500.wav
2517.0,2520.0,Corvus brachyrhynchos,American Crow,0.7623,D:\Bird_Anuran_ARUs\IF09\SMM2-34_20260412_051500.wav
2520.0,2523.0,Corvus brachyrhynchos,American Crow,0.4164,D:\Bird_Anuran_ARUs\IF09\SMM2-34_20260412_051500.wav
2520.0,2523.0,Seiurus aurocapilla,Ovenbird,0.2988,D:\Bird_Anuran_ARUs\IF09\SMM2-34_20260412_051500.wav
2523.0,2526.0,Zenaida macroura,Mourning Dove,0.7891,D:\Bird_Anuran_ARUs\IF09\SMM2-34_20260412_051500.wav
2526.0,2529.0,Seiurus aurocapilla,Ovenbird,0.7393,D:\Bird_Anuran_ARUs\IF09\SMM2-34_20260412_051500.wav
2529.0,2532.0,Seiurus aurocapilla,Ovenbird,0.4433,D:\Bird_Anuran_ARUs\IF09\SMM2-34_20260412_051500.wav
2535.0,2538.0,Zenaida macroura,Mourning Dove,0.9489,D:\Bird_Anuran_ARUs\IF09\SMM2-34_20260412_051500.wav
2538.0,2541.0,Dryocopus pileatus,Pileated Woodpecker,0.7732,D:\Bird_Anuran_ARUs\IF09\SMM2-34_20260412_051500.wav
2541.0,2544.0,Dryocopus pileatus,Pileated Woodpecker,0.9273,D:\Bird_Anuran_ARUs\IF09\SMM2-34_20260412_051500.wav
2547.0,2550.0,Zenaida macroura,Mourning Dove,0.9315,D:\Bird_Anuran_ARUs\IF09\SMM2-34_20260412_051500.wav
2550.0,2553.0,Zenaida macroura,Mourning Dove,0.3796,D:\Bird_Anuran_ARUs\IF09\SMM2-34_20260412_051500.wav
2553.0,2556.0,Seiurus aurocapilla,Ovenbird,0.8947,D:\Bird_Anuran_ARUs\IF09\SMM2-34_20260412_051500.wav
2553.0,2556.0,Cardinalis cardinalis,Northern Cardinal,0.2960,D:\Bird_Anuran_ARUs\IF09\SMM2-34_20260412_051500.wav
2562.0,2565.0,Geothlypis trichas,Common Yellowthroat,0.3656,D:\Bird_Anuran_ARUs\IF09\SMM2-34_20260412_051500.wav
2574.0,2577.0,Seiurus aurocapilla,Ovenbird,0.2701,D:\Bird_Anuran_ARUs\IF09\SMM2-34_20260412_051500.wav
2583.0,2586.0,Zenaida macroura,Mourning Dove,0.8708,D:\Bird_Anuran_ARUs\IF09\SMM2-34_20260412_051500.wav
2601.0,2604.0,Seiurus aurocapilla,Ovenbird,0.6087,D:\Bird_Anuran_ARUs\IF09\SMM2-34_20260412_051500.wav
2616.0,2619.0,Seiurus aurocapilla,Ovenbird,0.2785,D:\Bird_Anuran_ARUs\IF09\SMM2-34_20260412_051500.wav
2619.0,2622.0,Seiurus aurocapilla,Ovenbird,0.3592,D:\Bird_Anuran_ARUs\IF09\SMM2-34_20260412_051500.wav
2619.0,2622.0,Cardinalis cardinalis,Northern Cardinal,0.2508,D:\Bird_Anuran_ARUs\IF09\SMM2-34_20260412_051500.wav
2625.0,2628.0,Cardinalis cardinalis,Northern Cardinal,0.3722,D:\Bird_Anuran_ARUs\IF09\SMM2-34_20260412_051500.wav
2628.0,2631.0,Cardinalis cardinalis,Northern Cardinal,0.3724,D:\Bird_Anuran_ARUs\IF09\SMM2-34_20260412_051500.wav
2637.0,2640.0,Cardinalis cardinalis,Northern Cardinal,0.6817,D:\Bird_Anuran_ARUs\IF09\SMM2-34_20260412_051500.wav
2643.0,2646.0,Cardinalis cardinalis,Northern Cardinal,0.7588,D:\Bird_Anuran_ARUs\IF09\SMM2-34_20260412_051500.wav
2649.0,2652.0,Pipilo erythrophthalmus,Eastern Towhee,0.3833,D:\Bird_Anuran_ARUs\IF09\SMM2-34_20260412_051500.wav
2652.0,2655.0,Seiurus aurocapilla,Ovenbird,0.2541,D:\Bird_Anuran_ARUs\IF09\SMM2-34_20260412_051500.wav
2658.0,2661.0,Seiurus aurocapilla,Ovenbird,0.2989,D:\Bird_Anuran_ARUs\IF09\SMM2-34_20260412_051500.wav
2673.0,2676.0,Cardinalis cardinalis,Northern Cardinal,0.3889,D:\Bird_Anuran_ARUs\IF09\SMM2-34_20260412_051500.wav
2679.0,2682.0,Zenaida macroura,Mourning Dove,0.3467,D:\Bird_Anuran_ARUs\IF09\SMM2-34_20260412_051500.wav
2685.0,2688.0,Zenaida macroura,Mourning Dove,0.3288,D:\Bird_Anuran_ARUs\IF09\SMM2-34_20260412_051500.wav
2688.0,2691.0,Cardinalis cardinalis,Northern Cardinal,0.5754,D:\Bird_Anuran_ARUs\IF09\SMM2-34_20260412_051500.wav
2694.0,2697.0,Seiurus aurocapilla,Ovenbird,0.4420,D:\Bird_Anuran_ARUs\IF09\SMM2-34_20260412_051500.wav
2700.0,2703.0,Seiurus aurocapilla,Ovenbird,0.6372,D:\Bird_Anuran_ARUs\IF09\SMM2-34_20260412_051500.wav
2703.0,2706.0,Seiurus aurocapilla,Ovenbird,0.8527,D:\Bird_Anuran_ARUs\IF09\SMM2-34_20260412_051500.wav
2703.0,2706.0,Zenaida macroura,Mourning Dove,0.7148,D:\Bird_Anuran_ARUs\IF09\SMM2-34_20260412_051500.wav
2703.0,2706.0,Corvus brachyrhynchos,American Crow,0.2648,D:\Bird_Anuran_ARUs\IF09\SMM2-34_20260412_051500.wav
2706.0,2709.0,Cardinalis cardinalis,Northern Cardinal,0.5823,D:\Bird_Anuran_ARUs\IF09\SMM2-34_20260412_051500.wav
2715.0,2718.0,Zenaida macroura,Mourning Dove,0.2837,D:\Bird_Anuran_ARUs\IF09\SMM2-34_20260412_051500.wav
2718.0,2721.0,Dryocopus pileatus,Pileated Woodpecker,0.8843,D:\Bird_Anuran_ARUs\IF09\SMM2-34_20260412_051500.wav
2721.0,2724.0,Dryocopus pileatus,Pileated Woodpecker,0.9240,D:\Bird_Anuran_ARUs\IF09\SMM2-34_20260412_051500.wav
2724.0,2727.0,Seiurus aurocapilla,Ovenbird,0.8108,D:\Bird_Anuran_ARUs\IF09\SMM2-34_20260412_051500.wav
2724.0,2727.0,Corvus brachyrhynchos,American Crow,0.6837,D:\Bird_Anuran_ARUs\IF09\SMM2-34_20260412_051500.wav
2730.0,2733.0,Zenaida macroura,Mourning Dove,0.6221,D:\Bird_Anuran_ARUs\IF09\SMM2-34_20260412_051500.wav
2745.0,2748.0,Seiurus aurocapilla,Ovenbird,0.3346,D:\Bird_Anuran_ARUs\IF09\SMM2-34_20260412_051500.wav
2748.0,2751.0,Zenaida macroura,Mourning Dove,0.5202,D:\Bird_Anuran_ARUs\IF09\SMM2-34_20260412_051500.wav
2754.0,2757.0,Corvus brachyrhynchos,American Crow,0.3996,D:\Bird_Anuran_ARUs\IF09\SMM2-34_20260412_051500.wav
2763.0,2766.0,Zenaida macroura,Mourning Dove,0.2729,D:\Bird_Anuran_ARUs\IF09\SMM2-34_20260412_051500.wav
2766.0,2769.0,Setophaga dominica,Yellow-throated Warbler,0.3679,D:\Bird_Anuran_ARUs\IF09\SMM2-34_20260412_051500.wav
2769.0,2772.0,Zenaida macroura,Mourning Dove,0.2555,D:\Bird_Anuran_ARUs\IF09\SMM2-34_20260412_051500.wav
2781.0,2784.0,Zenaida macroura,Mourning Dove,0.5569,D:\Bird_Anuran_ARUs\IF09\SMM2-34_20260412_051500.wav
2796.0,2799.0,Cardinalis cardinalis,Northern Cardinal,0.3737,D:\Bird_Anuran_ARUs\IF09\SMM2-34_20260412_051500.wav
2802.0,2805.0,Cardinalis cardinalis,Northern Cardinal,0.5854,D:\Bird_Anuran_ARUs\IF09\SMM2-34_20260412_051500.wav
2808.0,2811.0,Cardinalis cardinalis,Northern Cardinal,0.3105,D:\Bird_Anuran_ARUs\IF09\SMM2-34_20260412_051500.wav
2823.0,2826.0,Cardinalis cardinalis,Northern Cardinal,0.2895,D:\Bird_Anuran_ARUs\IF09\SMM2-34_20260412_051500.wav
2826.0,2829.0,Cardinalis cardinalis,Northern Cardinal,0.4317,D:\Bird_Anuran_ARUs\IF09\SMM2-34_20260412_051500.wav
2844.0,2847.0,Cardinalis cardinalis,Northern Cardinal,0.2720,D:\Bird_Anuran_ARUs\IF09\SMM2-34_20260412_051500.wav
2853.0,2856.0,Corvus brachyrhynchos,American Crow,0.3132,D:\Bird_Anuran_ARUs\IF09\SMM2-34_20260412_051500.wav
2856.0,2859.0,Corvus brachyrhynchos,American Crow,0.5367,D:\Bird_Anuran_ARUs\IF09\SMM2-34_20260412_051500.wav
2862.0,2865.0,Corvus brachyrhynchos,American Crow,0.8593,D:\Bird_Anuran_ARUs\IF09\SMM2-34_20260412_051500.wav
2871.0,2874.0,Corvus brachyrhynchos,American Crow,0.8729,D:\Bird_Anuran_ARUs\IF09\SMM2-34_20260412_051500.wav
2877.0,2880.0,Corvus brachyrhynchos,American Crow,0.3396,D:\Bird_Anuran_ARUs\IF09\SMM2-34_20260412_051500.wav
2886.0,2889.0,Corvus brachyrhynchos,American Crow,0.3858,D:\Bird_Anuran_ARUs\IF09\SMM2-34_20260412_051500.wav
2895.0,2898.0,Seiurus aurocapilla,Ovenbird,0.4780,D:\Bird_Anuran_ARUs\IF09\SMM2-34_20260412_051500.wav
2898.0,2901.0,Geothlypis trichas,Common Yellowthroat,0.4140,D:\Bird_Anuran_ARUs\IF09\SMM2-34_20260412_051500.wav
2901.0,2904.0,Corvus brachyrhynchos,American Crow,0.5027,D:\Bird_Anuran_ARUs\IF09\SMM2-34_20260412_051500.wav
2910.0,2913.0,Corvus brachyrhynchos,American Crow,0.3947,D:\Bird_Anuran_ARUs\IF09\SMM2-34_20260412_051500.wav
2910.0,2913.0,Cardinalis cardinalis,Northern Cardinal,0.2893,D:\Bird_Anuran_ARUs\IF09\SMM2-34_20260412_051500.wav
2913.0,2916.0,Seiurus aurocapilla,Ovenbird,0.5245,D:\Bird_Anuran_ARUs\IF09\SMM2-34_20260412_051500.wav
2913.0,2916.0,Corvus brachyrhynchos,American Crow,0.3934,D:\Bird_Anuran_ARUs\IF09\SMM2-34_20260412_051500.wav
2922.0,2925.0,Pipilo erythrophthalmus,Eastern Towhee,0.2662,D:\Bird_Anuran_ARUs\IF09\SMM2-34_20260412_051500.wav
2928.0,2931.0,Seiurus aurocapilla,Ovenbird,0.7791,D:\Bird_Anuran_ARUs\IF09\SMM2-34_20260412_051500.wav
2946.0,2949.0,Setophaga dominica,Yellow-throated Warbler,0.2668,D:\Bird_Anuran_ARUs\IF09\SMM2-34_20260412_051500.wav
2958.0,2961.0,Corvus brachyrhynchos,American Crow,0.4044,D:\Bird_Anuran_ARUs\IF09\SMM2-34_20260412_051500.wav
2958.0,2961.0,Seiurus aurocapilla,Ovenbird,0.2930,D:\Bird_Anuran_ARUs\IF09\SMM2-34_20260412_051500.wav
2964.0,2967.0,Seiurus aurocapilla,Ovenbird,0.2786,D:\Bird_Anuran_ARUs\IF09\SMM2-34_20260412_051500.wav
3000.0,3003.0,Seiurus aurocapilla,Ovenbird,0.2936,D:\Bird_Anuran_ARUs\IF09\SMM2-34_20260412_051500.wav
3003.0,3006.0,Seiurus aurocapilla,Ovenbird,0.4038,D:\Bird_Anuran_ARUs\IF09\SMM2-34_20260412_051500.wav
3066.0,3069.0,Seiurus aurocapilla,Ovenbird,0.6917,D:\Bird_Anuran_ARUs\IF09\SMM2-34_20260412_051500.wav
3066.0,3069.0,Cardinalis cardinalis,Northern Cardinal,0.2761,D:\Bird_Anuran_ARUs\IF09\SMM2-34_20260412_051500.wav
3084.0,3087.0,Seiurus aurocapilla,Ovenbird,0.6543,D:\Bird_Anuran_ARUs\IF09\SMM2-34_20260412_051500.wav
3087.0,3090.0,Seiurus aurocapilla,Ovenbird,0.6771,D:\Bird_Anuran_ARUs\IF09\SMM2-34_20260412_051500.wav
3090.0,3093.0,Corvus brachyrhynchos,American Crow,0.4565,D:\Bird_Anuran_ARUs\IF09\SMM2-34_20260412_051500.wav
3093.0,3096.0,Corvus brachyrhynchos,American Crow,0.9017,D:\Bird_Anuran_ARUs\IF09\SMM2-34_20260412_051500.wav
3093.0,3096.0,Cardinalis cardinalis,Northern Cardinal,0.7381,D:\Bird_Anuran_ARUs\IF09\SMM2-34_20260412_051500.wav
3093.0,3096.0,Pipilo erythrophthalmus,Eastern Towhee,0.2642,D:\Bird_Anuran_ARUs\IF09\SMM2-34_20260412_051500.wav
3096.0,3099.0,Cardinalis cardinalis,Northern Cardinal,0.9725,D:\Bird_Anuran_ARUs\IF09\SMM2-34_20260412_051500.wav
3099.0,3102.0,Cardinalis cardinalis,Northern Cardinal,0.6980,D:\Bird_Anuran_ARUs\IF09\SMM2-34_20260412_051500.wav
3099.0,3102.0,Corvus brachyrhynchos,American Crow,0.6297,D:\Bird_Anuran_ARUs\IF09\SMM2-34_20260412_051500.wav
3099.0,3102.0,Seiurus aurocapilla,Ovenbird,0.3064,D:\Bird_Anuran_ARUs\IF09\SMM2-34_20260412_051500.wav
3105.0,3108.0,Seiurus aurocapilla,Ovenbird,0.6940,D:\Bird_Anuran_ARUs\IF09\SMM2-34_20260412_051500.wav
3105.0,3108.0,Corvus brachyrhynchos,American Crow,0.6167,D:\Bird_Anuran_ARUs\IF09\SMM2-34_20260412_051500.wav
3105.0,3108.0,Cardinalis cardinalis,Northern Cardinal,0.4848,D:\Bird_Anuran_ARUs\IF09\SMM2-34_20260412_051500.wav
3114.0,3117.0,Cardinalis cardinalis,Northern Cardinal,0.2937,D:\Bird_Anuran_ARUs\IF09\SMM2-34_20260412_051500.wav
3117.0,3120.0,Cardinalis cardinalis,Northern Cardinal,0.4166,D:\Bird_Anuran_ARUs\IF09\SMM2-34_20260412_051500.wav
3123.0,3126.0,Cardinalis cardinalis,Northern Cardinal,0.4492,D:\Bird_Anuran_ARUs\IF09\SMM2-34_20260412_051500.wav
3123.0,3126.0,Corvus brachyrhynchos,American Crow,0.2552,D:\Bird_Anuran_ARUs\IF09\SMM2-34_20260412_051500.wav
3126.0,3129.0,Cardinalis cardinalis,Northern Cardinal,0.5735,D:\Bird_Anuran_ARUs\IF09\SMM2-34_20260412_051500.wav
3126.0,3129.0,Seiurus aurocapilla,Ovenbird,0.2513,D:\Bird_Anuran_ARUs\IF09\SMM2-34_20260412_051500.wav
3132.0,3135.0,Corvus brachyrhynchos,American Crow,0.9475,D:\Bird_Anuran_ARUs\IF09\SMM2-34_20260412_051500.wav
3132.0,3135.0,Seiurus aurocapilla,Ovenbird,0.7828,D:\Bird_Anuran_ARUs\IF09\SMM2-34_20260412_051500.wav
3132.0,3135.0,Pipilo erythrophthalmus,Eastern Towhee,0.2887,D:\Bird_Anuran_ARUs\IF09\SMM2-34_20260412_051500.wav
3135.0,3138.0,Corvus brachyrhynchos,American Crow,0.4498,D:\Bird_Anuran_ARUs\IF09\SMM2-34_20260412_051500.wav
3138.0,3141.0,Corvus brachyrhynchos,American Crow,0.8974,D:\Bird_Anuran_ARUs\IF09\SMM2-34_20260412_051500.wav
3138.0,3141.0,Cardinalis cardinalis,Northern Cardinal,0.3736,D:\Bird_Anuran_ARUs\IF09\SMM2-34_20260412_051500.wav
3144.0,3147.0,Seiurus aurocapilla,Ovenbird,0.3639,D:\Bird_Anuran_ARUs\IF09\SMM2-34_20260412_051500.wav
3147.0,3150.0,Seiurus aurocapilla,Ovenbird,0.4671,D:\Bird_Anuran_ARUs\IF09\SMM2-34_20260412_051500.wav
3156.0,3159.0,Cardinalis cardinalis,Northern Cardinal,0.3193,D:\Bird_Anuran_ARUs\IF09\SMM2-34_20260412_051500.wav
3168.0,3171.0,Seiurus aurocapilla,Ovenbird,0.3622,D:\Bird_Anuran_ARUs\IF09\SMM2-34_20260412_051500.wav
3180.0,3183.0,Seiurus aurocapilla,Ovenbird,0.4183,D:\Bird_Anuran_ARUs\IF09\SMM2-34_20260412_051500.wav
3180.0,3183.0,Zenaida macroura,Mourning Dove,0.2876,D:\Bird_Anuran_ARUs\IF09\SMM2-34_20260412_051500.wav
3183.0,3186.0,Seiurus aurocapilla,Ovenbird,0.2572,D:\Bird_Anuran_ARUs\IF09\SMM2-34_20260412_051500.wav
3192.0,3195.0,Cardinalis cardinalis,Northern Cardinal,0.5565,D:\Bird_Anuran_ARUs\IF09\SMM2-34_20260412_051500.wav
3207.0,3210.0,Cardinalis cardinalis,Northern Cardinal,0.4533,D:\Bird_Anuran_ARUs\IF09\SMM2-34_20260412_051500.wav
3219.0,3222.0,Cardinalis cardinalis,Northern Cardinal,0.3679,D:\Bird_Anuran_ARUs\IF09\SMM2-34_20260412_051500.wav
3231.0,3234.0,Corvus brachyrhynchos,American Crow,0.3527,D:\Bird_Anuran_ARUs\IF09\SMM2-34_20260412_051500.wav
3234.0,3237.0,Corvus brachyrhynchos,American Crow,0.7026,D:\Bird_Anuran_ARUs\IF09\SMM2-34_20260412_051500.wav
3237.0,3240.0,Corvus brachyrhynchos,American Crow,0.6531,D:\Bird_Anuran_ARUs\IF09\SMM2-34_20260412_051500.wav
3252.0,3255.0,Cardinalis cardinalis,Northern Cardinal,0.8662,D:\Bird_Anuran_ARUs\IF09\SMM2-34_20260412_051500.wav
3255.0,3258.0,Seiurus aurocapilla,Ovenbird,0.4176,D:\Bird_Anuran_ARUs\IF09\SMM2-34_20260412_051500.wav
3258.0,3261.0,Cardinalis cardinalis,Northern Cardinal,0.2786,D:\Bird_Anuran_ARUs\IF09\SMM2-34_20260412_051500.wav
3261.0,3264.0,Corvus brachyrhynchos,American Crow,0.5312,D:\Bird_Anuran_ARUs\IF09\SMM2-34_20260412_051500.wav
3264.0,3267.0,Corvus brachyrhynchos,American Crow,0.6560,D:\Bird_Anuran_ARUs\IF09\SMM2-34_20260412_051500.wav
3267.0,3270.0,Corvus brachyrhynchos,American Crow,0.6839,D:\Bird_Anuran_ARUs\IF09\SMM2-34_20260412_051500.wav
3270.0,3273.0,Seiurus aurocapilla,Ovenbird,0.7305,D:\Bird_Anuran_ARUs\IF09\SMM2-34_20260412_051500.wav
3270.0,3273.0,Cardinalis cardinalis,Northern Cardinal,0.3449,D:\Bird_Anuran_ARUs\IF09\SMM2-34_20260412_051500.wav
3276.0,3279.0,Corvus brachyrhynchos,American Crow,0.7818,D:\Bird_Anuran_ARUs\IF09\SMM2-34_20260412_051500.wav
3276.0,3279.0,Cardinalis cardinalis,Northern Cardinal,0.2774,D:\Bird_Anuran_ARUs\IF09\SMM2-34_20260412_051500.wav
3279.0,3282.0,Corvus brachyrhynchos,American Crow,0.6799,D:\Bird_Anuran_ARUs\IF09\SMM2-34_20260412_051500.wav
3282.0,3285.0,Corvus brachyrhynchos,American Crow,0.2541,D:\Bird_Anuran_ARUs\IF09\SMM2-34_20260412_051500.wav
3285.0,3288.0,Cardinalis cardinalis,Northern Cardinal,0.5620,D:\Bird_Anuran_ARUs\IF09\SMM2-34_20260412_051500.wav
3288.0,3291.0,Cardinalis cardinalis,Northern Cardinal,0.6860,D:\Bird_Anuran_ARUs\IF09\SMM2-34_20260412_051500.wav
3288.0,3291.0,Seiurus aurocapilla,Ovenbird,0.5903,D:\Bird_Anuran_ARUs\IF09\SMM2-34_20260412_051500.wav
3294.0,3297.0,Corvus brachyrhynchos,American Crow,0.8510,D:\Bird_Anuran_ARUs\IF09\SMM2-34_20260412_051500.wav
3303.0,3306.0,Seiurus aurocapilla,Ovenbird,0.3217,D:\Bird_Anuran_ARUs\IF09\SMM2-34_20260412_051500.wav
3306.0,3309.0,Corvus brachyrhynchos,American Crow,0.2904,D:\Bird_Anuran_ARUs\IF09\SMM2-34_20260412_051500.wav
3309.0,3312.0,Corvus brachyrhynchos,American Crow,0.6482,D:\Bird_Anuran_ARUs\IF09\SMM2-34_20260412_051500.wav
3312.0,3315.0,Corvus brachyrhynchos,American Crow,0.8888,D:\Bird_Anuran_ARUs\IF09\SMM2-34_20260412_051500.wav
3312.0,3315.0,Cardinalis cardinalis,Northern Cardinal,0.8261,D:\Bird_Anuran_ARUs\IF09\SMM2-34_20260412_051500.wav
3315.0,3318.0,Corvus brachyrhynchos,American Crow,0.3713,D:\Bird_Anuran_ARUs\IF09\SMM2-34_20260412_051500.wav
3318.0,3321.0,Seiurus aurocapilla,Ovenbird,0.5656,D:\Bird_Anuran_ARUs\IF09\SMM2-34_20260412_051500.wav
3318.0,3321.0,Corvus brachyrhynchos,American Crow,0.4270,D:\Bird_Anuran_ARUs\IF09\SMM2-34_20260412_051500.wav
3321.0,3324.0,Seiurus aurocapilla,Ovenbird,0.7923,D:\Bird_Anuran_ARUs\IF09\SMM2-34_20260412_051500.wav
3321.0,3324.0,Corvus brachyrhynchos,American Crow,0.6565,D:\Bird_Anuran_ARUs\IF09\SMM2-34_20260412_051500.wav
3321.0,3324.0,Cardinalis cardinalis,Northern Cardinal,0.3217,D:\Bird_Anuran_ARUs\IF09\SMM2-34_20260412_051500.wav
3327.0,3330.0,Corvus brachyrhynchos,American Crow,0.5641,D:\Bird_Anuran_ARUs\IF09\SMM2-34_20260412_051500.wav
3333.0,3336.0,Seiurus aurocapilla,Ovenbird,0.6633,D:\Bird_Anuran_ARUs\IF09\SMM2-34_20260412_051500.wav
3333.0,3336.0,Cardinalis cardinalis,Northern Cardinal,0.4964,D:\Bird_Anuran_ARUs\IF09\SMM2-34_20260412_051500.wav
3339.0,3342.0,Cardinalis cardinalis,Northern Cardinal,0.3895,D:\Bird_Anuran_ARUs\IF09\SMM2-34_20260412_051500.wav
3348.0,3351.0,Seiurus aurocapilla,Ovenbird,0.8080,D:\Bird_Anuran_ARUs\IF09\SMM2-34_20260412_051500.wav
3348.0,3351.0,Cardinalis cardinalis,Northern Cardinal,0.2524,D:\Bird_Anuran_ARUs\IF09\SMM2-34_20260412_051500.wav
3354.0,3357.0,Cardinalis cardinalis,Northern Cardinal,0.5712,D:\Bird_Anuran_ARUs\IF09\SMM2-34_20260412_051500.wav
3363.0,3366.0,Seiurus aurocapilla,Ovenbird,0.9617,D:\Bird_Anuran_ARUs\IF09\SMM2-34_20260412_051500.wav
3363.0,3366.0,Cardinalis cardinalis,Northern Cardinal,0.8971,D:\Bird_Anuran_ARUs\IF09\SMM2-34_20260412_051500.wav
3369.0,3372.0,Cardinalis cardinalis,Northern Cardinal,0.4832,D:\Bird_Anuran_ARUs\IF09\SMM2-34_20260412_051500.wav
3378.0,3381.0,Seiurus aurocapilla,Ovenbird,0.5390,D:\Bird_Anuran_ARUs\IF09\SMM2-34_20260412_051500.wav
3387.0,3390.0,Seiurus aurocapilla,Ovenbird,0.3993,D:\Bird_Anuran_ARUs\IF09\SMM2-34_20260412_051500.wav
3387.0,3390.0,Cardinalis cardinalis,Northern Cardinal,0.3815,D:\Bird_Anuran_ARUs\IF09\SMM2-34_20260412_051500.wav
3393.0,3396.0,Seiurus aurocapilla,Ovenbird,0.8552,D:\Bird_Anuran_ARUs\IF09\SMM2-34_20260412_051500.wav
3393.0,3396.0,Cardinalis cardinalis,Northern Cardinal,0.3351,D:\Bird_Anuran_ARUs\IF09\SMM2-34_20260412_051500.wav
3399.0,3402.0,Cardinalis cardinalis,Northern Cardinal,0.4214,D:\Bird_Anuran_ARUs\IF09\SMM2-34_20260412_051500.wav
3402.0,3405.0,Cardinalis cardinalis,Northern Cardinal,0.5657,D:\Bird_Anuran_ARUs\IF09\SMM2-34_20260412_051500.wav
3408.0,3411.0,Seiurus aurocapilla,Ovenbird,0.9224,D:\Bird_Anuran_ARUs\IF09\SMM2-34_20260412_051500.wav
3408.0,3411.0,Cardinalis cardinalis,Northern Cardinal,0.4625,D:\Bird_Anuran_ARUs\IF09\SMM2-34_20260412_051500.wav
3411.0,3414.0,Seiurus aurocapilla,Ovenbird,0.3279,D:\Bird_Anuran_ARUs\IF09\SMM2-34_20260412_051500.wav
3423.0,3426.0,Seiurus aurocapilla,Ovenbird,0.9451,D:\Bird_Anuran_ARUs\IF09\SMM2-34_20260412_051500.wav
3423.0,3426.0,Cardinalis cardinalis,Northern Cardinal,0.3194,D:\Bird_Anuran_ARUs\IF09\SMM2-34_20260412_051500.wav
3423.0,3426.0,Pipilo erythrophthalmus,Eastern Towhee,0.2880,D:\Bird_Anuran_ARUs\IF09\SMM2-34_20260412_051500.wav
3429.0,3432.0,Seiurus aurocapilla,Ovenbird,0.4474,D:\Bird_Anuran_ARUs\IF09\SMM2-34_20260412_051500.wav
3441.0,3444.0,Seiurus aurocapilla,Ovenbird,0.9179,D:\Bird_Anuran_ARUs\IF09\SMM2-34_20260412_051500.wav
3441.0,3444.0,Cardinalis cardinalis,Northern Cardinal,0.3082,D:\Bird_Anuran_ARUs\IF09\SMM2-34_20260412_051500.wav
3447.0,3450.0,Seiurus aurocapilla,Ovenbird,0.3941,D:\Bird_Anuran_ARUs\IF09\SMM2-34_20260412_051500.wav
3453.0,3456.0,Seiurus aurocapilla,Ovenbird,0.2962,D:\Bird_Anuran_ARUs\IF09\SMM2-34_20260412_051500.wav
3456.0,3459.0,Seiurus aurocapilla,Ovenbird,0.9535,D:\Bird_Anuran_ARUs\IF09\SMM2-34_20260412_051500.wav
3456.0,3459.0,Cardinalis cardinalis,Northern Cardinal,0.6391,D:\Bird_Anuran_ARUs\IF09\SMM2-34_20260412_051500.wav
3459.0,3462.0,Seiurus aurocapilla,Ovenbird,0.4763,D:\Bird_Anuran_ARUs\IF09\SMM2-34_20260412_051500.wav
3468.0,3471.0,Cardinalis cardinalis,Northern Cardinal,0.5135,D:\Bird_Anuran_ARUs\IF09\SMM2-34_20260412_051500.wav
3468.0,3471.0,Seiurus aurocapilla,Ovenbird,0.2586,D:\Bird_Anuran_ARUs\IF09\SMM2-34_20260412_051500.wav
3477.0,3480.0,Cardinalis cardinalis,Northern Cardinal,0.3023,D:\Bird_Anuran_ARUs\IF09\SMM2-34_20260412_051500.wav
3483.0,3486.0,Corvus brachyrhynchos,American Crow,0.3125,D:\Bird_Anuran_ARUs\IF09\SMM2-34_20260412_051500.wav
3486.0,3489.0,Cardinalis cardinalis,Northern Cardinal,0.4385,D:\Bird_Anuran_ARUs\IF09\SMM2-34_20260412_051500.wav
3486.0,3489.0,Seiurus aurocapilla,Ovenbird,0.3130,D:\Bird_Anuran_ARUs\IF09\SMM2-34_20260412_051500.wav
3498.0,3501.0,Coccyzus americanus,Yellow-billed Cuckoo,0.3664,D:\Bird_Anuran_ARUs\IF09\SMM2-34_20260412_051500.wav
3504.0,3507.0,Geothlypis trichas,Common Yellowthroat,0.4827,D:\Bird_Anuran_ARUs\IF09\SMM2-34_20260412_051500.wav
3510.0,3513.0,Molothrus ater,Brown-headed Cowbird,0.2853,D:\Bird_Anuran_ARUs\IF09\SMM2-34_20260412_051500.wav
3513.0,3516.0,Setophaga dominica,Yellow-throated Warbler,0.2945,D:\Bird_Anuran_ARUs\IF09\SMM2-34_20260412_051500.wav
3516.0,3519.0,Geothlypis trichas,Common Yellowthroat,0.5276,D:\Bird_Anuran_ARUs\IF09\SMM2-34_20260412_051500.wav
3525.0,3528.0,Setophaga pinus,Pine Warbler,0.4484,D:\Bird_Anuran_ARUs\IF09\SMM2-34_20260412_051500.wav
3531.0,3534.0,Seiurus aurocapilla,Ovenbird,0.3923,D:\Bird_Anuran_ARUs\IF09\SMM2-34_20260412_051500.wav
3546.0,3549.0,Seiurus aurocapilla,Ovenbird,0.8186,D:\Bird_Anuran_ARUs\IF09\SMM2-34_20260412_051500.wav
3546.0,3549.0,Cardinalis cardinalis,Northern Cardinal,0.4014,D:\Bird_Anuran_ARUs\IF09\SMM2-34_20260412_051500.wav
3552.0,3555.0,Seiurus aurocapilla,Ovenbird,0.7715,D:\Bird_Anuran_ARUs\IF09\SMM2-34_20260412_051500.wav
3555.0,3558.0,Seiurus aurocapilla,Ovenbird,0.4079,D:\Bird_Anuran_ARUs\IF09\SMM2-34_20260412_051500.wav
3555.0,3558.0,Cardinalis cardinalis,Northern Cardinal,0.3371,D:\Bird_Anuran_ARUs\IF09\SMM2-34_20260412_051500.wav
3570.0,3573.0,Geothlypis trichas,Common Yellowthroat,0.4108,D:\Bird_Anuran_ARUs\IF09\SMM2-34_20260412_051500.wav
3570.0,3573.0,Cardinalis cardinalis,Northern Cardinal,0.2856,D:\Bird_Anuran_ARUs\IF09\SMM2-34_20260412_051500.wav
3573.0,3576.0,Cardinalis cardinalis,Northern Cardinal,0.5069,D:\Bird_Anuran_ARUs\IF09\SMM2-34_20260412_051500.wav
3576.0,3579.0,Cardinalis cardinalis,Northern Cardinal,0.7251,D:\Bird_Anuran_ARUs\IF09\SMM2-34_20260412_051500.wav
3582.0,3585.0,Cardinalis cardinalis,Northern Cardinal,0.3647,D:\Bird_Anuran_ARUs\IF09\SMM2-34_20260412_051500.wav
3582.0,3585.0,Geothlypis trichas,Common Yellowthroat,0.2829,D:\Bird_Anuran_ARUs\IF09\SMM2-34_20260412_051500.wav
3594.0,3597.0,Seiurus aurocapilla,Ovenbird,0.9390,D:\Bird_Anuran_ARUs\IF09\SMM2-34_20260412_051500.wav
