Start (s),End (s),Scientific name,Common name,Confidence,File
0.0,3.0,Cardinalis cardinalis,Northern Cardinal,0.5915,D:\Bird_Anuran_ARUs\IF09\SMM2-34_20260406_052400.wav
0.0,3.0,Pipilo erythrophthalmus,Eastern Towhee,0.5726,D:\Bird_Anuran_ARUs\IF09\SMM2-34_20260406_052400.wav
0.0,3.0,Setophaga pinus,Pine Warbler,0.5360,D:\Bird_Anuran_ARUs\IF09\SMM2-34_20260406_052400.wav
0.0,3.0,Corvus brachyrhynchos,American Crow,0.3352,D:\Bird_Anuran_ARUs\IF09\SMM2-34_20260406_052400.wav
3.0,6.0,Corvus brachyrhynchos,American Crow,0.7773,D:\Bird_Anuran_ARUs\IF09\SMM2-34_20260406_052400.wav
3.0,6.0,Pipilo erythrophthalmus,Eastern Towhee,0.7615,D:\Bird_Anuran_ARUs\IF09\SMM2-34_20260406_052400.wav
3.0,6.0,Cardinalis cardinalis,Northern Cardinal,0.7428,D:\Bird_Anuran_ARUs\IF09\SMM2-34_20260406_052400.wav
6.0,9.0,Corvus brachyrhynchos,American Crow,0.8630,D:\Bird_Anuran_ARUs\IF09\SMM2-34_20260406_052400.wav
6.0,9.0,Setophaga pinus,Pine Warbler,0.6753,D:\Bird_Anuran_ARUs\IF09\SMM2-34_20260406_052400.wav
6.0,9.0,Pipilo erythrophthalmus,Eastern Towhee,0.5693,D:\Bird_Anuran_ARUs\IF09\SMM2-34_20260406_052400.wav
9.0,12.0,Corvus brachyrhynchos,American Crow,0.4774,D:\Bird_Anuran_ARUs\IF09\SMM2-34_20260406_052400.wav
9.0,12.0,Cardinalis cardinalis,Northern Cardinal,0.3073,D:\Bird_Anuran_ARUs\IF09\SMM2-34_20260406_052400.wav
12.0,15.0,Cardinalis cardinalis,Northern Cardinal,0.5674,D:\Bird_Anuran_ARUs\IF09\SMM2-34_20260406_052400.wav
12.0,15.0,Pipilo erythrophthalmus,Eastern Towhee,0.2645,D:\Bird_Anuran_ARUs\IF09\SMM2-34_20260406_052400.wav
15.0,18.0,Cardinalis cardinalis,Northern Cardinal,0.9504,D:\Bird_Anuran_ARUs\IF09\SMM2-34_20260406_052400.wav
15.0,18.0,Pipilo erythrophthalmus,Eastern Towhee,0.7283,D:\Bird_Anuran_ARUs\IF09\SMM2-34_20260406_052400.wav
15.0,18.0,Corvus brachyrhynchos,American Crow,0.5000,D:\Bird_Anuran_ARUs\IF09\SMM2-34_20260406_052400.wav
18.0,21.0,Cardinalis cardinalis,Northern Cardinal,0.4909,D:\Bird_Anuran_ARUs\IF09\SMM2-34_20260406_052400.wav
21.0,24.0,Corvus brachyrhynchos,American Crow,0.7091,D:\Bird_Anuran_ARUs\IF09\SMM2-34_20260406_052400.wav
21.0,24.0,Setophaga pinus,Pine Warbler,0.5692,D:\Bird_Anuran_ARUs\IF09\SMM2-34_20260406_052400.wav
24.0,27.0,Corvus brachyrhynchos,American Crow,0.8083,D:\Bird_Anuran_ARUs\IF09\SMM2-34_20260406_052400.wav
24.0,27.0,Pipilo erythrophthalmus,Eastern Towhee,0.7486,D:\Bird_Anuran_ARUs\IF09\SMM2-34_20260406_052400.wav
24.0,27.0,Cardinalis cardinalis,Northern Cardinal,0.5836,D:\Bird_Anuran_ARUs\IF09\SMM2-34_20260406_052400.wav
27.0,30.0,Corvus brachyrhynchos,American Crow,0.7707,D:\Bird_Anuran_ARUs\IF09\SMM2-34_20260406_052400.wav
27.0,30.0,Cardinalis cardinalis,Northern Cardinal,0.2935,D:\Bird_Anuran_ARUs\IF09\SMM2-34_20260406_052400.wav
30.0,33.0,Corvus brachyrhynchos,American Crow,0.8816,D:\Bird_Anuran_ARUs\IF09\SMM2-34_20260406_052400.wav
30.0,33.0,Pipilo erythrophthalmus,Eastern Towhee,0.6161,D:\Bird_Anuran_ARUs\IF09\SMM2-34_20260406_052400.wav
30.0,33.0,Cardinalis cardinalis,Northern Cardinal,0.5832,D:\Bird_Anuran_ARUs\IF09\SMM2-34_20260406_052400.wav
33.0,36.0,Seiurus aurocapilla,Ovenbird,0.9524,D:\Bird_Anuran_ARUs\IF09\SMM2-34_20260406_052400.wav
33.0,36.0,Corvus brachyrhynchos,American Crow,0.3789,D:\Bird_Anuran_ARUs\IF09\SMM2-34_20260406_052400.wav
36.0,39.0,Seiurus aurocapilla,Ovenbird,0.9915,D:\Bird_Anuran_ARUs\IF09\SMM2-34_20260406_052400.wav
36.0,39.0,Corvus brachyrhynchos,American Crow,0.6724,D:\Bird_Anuran_ARUs\IF09\SMM2-34_20260406_052400.wav
39.0,42.0,Meleagris gallopavo,Wild Turkey,0.5819,D:\Bird_Anuran_ARUs\IF09\SMM2-34_20260406_052400.wav
39.0,42.0,Setophaga pinus,Pine Warbler,0.2792,D:\Bird_Anuran_ARUs\IF09\SMM2-34_20260406_052400.wav
42.0,45.0,Corvus brachyrhynchos,American Crow,0.4000,D:\Bird_Anuran_ARUs\IF09\SMM2-34_20260406_052400.wav
42.0,45.0,Setophaga pinus,Pine Warbler,0.2537,D:\Bird_Anuran_ARUs\IF09\SMM2-34_20260406_052400.wav
45.0,48.0,Cardinalis cardinalis,Northern Cardinal,0.5419,D:\Bird_Anuran_ARUs\IF09\SMM2-34_20260406_052400.wav
45.0,48.0,Corvus brachyrhynchos,American Crow,0.3731,D:\Bird_Anuran_ARUs\IF09\SMM2-34_20260406_052400.wav
45.0,48.0,Pipilo erythrophthalmus,Eastern Towhee,0.2563,D:\Bird_Anuran_ARUs\IF09\SMM2-34_20260406_052400.wav
48.0,51.0,Corvus brachyrhynchos,American Crow,0.6549,D:\Bird_Anuran_ARUs\IF09\SMM2-34_20260406_052400.wav
48.0,51.0,Setophaga pinus,Pine Warbler,0.3171,D:\Bird_Anuran_ARUs\IF09\SMM2-34_20260406_052400.wav
51.0,54.0,Corvus brachyrhynchos,American Crow,0.7643,D:\Bird_Anuran_ARUs\IF09\SMM2-34_20260406_052400.wav
51.0,54.0,Setophaga pinus,Pine Warbler,0.3435,D:\Bird_Anuran_ARUs\IF09\SMM2-34_20260406_052400.wav
57.0,60.0,Corvus brachyrhynchos,American Crow,0.5530,D:\Bird_Anuran_ARUs\IF09\SMM2-34_20260406_052400.wav
57.0,60.0,Cardinalis cardinalis,Northern Cardinal,0.4695,D:\Bird_Anuran_ARUs\IF09\SMM2-34_20260406_052400.wav
57.0,60.0,Pipilo erythrophthalmus,Eastern Towhee,0.3486,D:\Bird_Anuran_ARUs\IF09\SMM2-34_20260406_052400.wav
60.0,63.0,Pipilo erythrophthalmus,Eastern Towhee,0.9437,D:\Bird_Anuran_ARUs\IF09\SMM2-34_20260406_052400.wav
60.0,63.0,Corvus brachyrhynchos,American Crow,0.9388,D:\Bird_Anuran_ARUs\IF09\SMM2-34_20260406_052400.wav
60.0,63.0,Cardinalis cardinalis,Northern Cardinal,0.6855,D:\Bird_Anuran_ARUs\IF09\SMM2-34_20260406_052400.wav
60.0,63.0,Setophaga pinus,Pine Warbler,0.3358,D:\Bird_Anuran_ARUs\IF09\SMM2-34_20260406_052400.wav
63.0,66.0,Pipilo erythrophthalmus,Eastern Towhee,0.7525,D:\Bird_Anuran_ARUs\IF09\SMM2-34_20260406_052400.wav
63.0,66.0,Corvus brachyrhynchos,American Crow,0.6921,D:\Bird_Anuran_ARUs\IF09\SMM2-34_20260406_052400.wav
63.0,66.0,Cardinalis cardinalis,Northern Cardinal,0.3182,D:\Bird_Anuran_ARUs\IF09\SMM2-34_20260406_052400.wav
66.0,69.0,Corvus brachyrhynchos,American Crow,0.9456,D:\Bird_Anuran_ARUs\IF09\SMM2-34_20260406_052400.wav
66.0,69.0,Pipilo erythrophthalmus,Eastern Towhee,0.6308,D:\Bird_Anuran_ARUs\IF09\SMM2-34_20260406_052400.wav
66.0,69.0,Cardinalis cardinalis,Northern Cardinal,0.3241,D:\Bird_Anuran_ARUs\IF09\SMM2-34_20260406_052400.wav
69.0,72.0,Setophaga pinus,Pine Warbler,0.4178,D:\Bird_Anuran_ARUs\IF09\SMM2-34_20260406_052400.wav
69.0,72.0,Pipilo erythrophthalmus,Eastern Towhee,0.3657,D:\Bird_Anuran_ARUs\IF09\SMM2-34_20260406_052400.wav
72.0,75.0,Setophaga pinus,Pine Warbler,0.4209,D:\Bird_Anuran_ARUs\IF09\SMM2-34_20260406_052400.wav
78.0,81.0,Pipilo erythrophthalmus,Eastern Towhee,0.4741,D:\Bird_Anuran_ARUs\IF09\SMM2-34_20260406_052400.wav
78.0,81.0,Corvus brachyrhynchos,American Crow,0.2759,D:\Bird_Anuran_ARUs\IF09\SMM2-34_20260406_052400.wav
81.0,84.0,Setophaga pinus,Pine Warbler,0.5688,D:\Bird_Anuran_ARUs\IF09\SMM2-34_20260406_052400.wav
84.0,87.0,Setophaga pinus,Pine Warbler,0.6255,D:\Bird_Anuran_ARUs\IF09\SMM2-34_20260406_052400.wav
84.0,87.0,Corvus brachyrhynchos,American Crow,0.5785,D:\Bird_Anuran_ARUs\IF09\SMM2-34_20260406_052400.wav
84.0,87.0,Pipilo erythrophthalmus,Eastern Towhee,0.4409,D:\Bird_Anuran_ARUs\IF09\SMM2-34_20260406_052400.wav
90.0,93.0,Corvus brachyrhynchos,American Crow,0.9804,D:\Bird_Anuran_ARUs\IF09\SMM2-34_20260406_052400.wav
90.0,93.0,Pipilo erythrophthalmus,Eastern Towhee,0.6230,D:\Bird_Anuran_ARUs\IF09\SMM2-34_20260406_052400.wav
90.0,93.0,Piranga olivacea,Scarlet Tanager,0.3021,D:\Bird_Anuran_ARUs\IF09\SMM2-34_20260406_052400.wav
93.0,96.0,Corvus brachyrhynchos,American Crow,0.8749,D:\Bird_Anuran_ARUs\IF09\SMM2-34_20260406_052400.wav
93.0,96.0,Pipilo erythrophthalmus,Eastern Towhee,0.5574,D:\Bird_Anuran_ARUs\IF09\SMM2-34_20260406_052400.wav
93.0,96.0,Setophaga pinus,Pine Warbler,0.3327,D:\Bird_Anuran_ARUs\IF09\SMM2-34_20260406_052400.wav
96.0,99.0,Meleagris gallopavo,Wild Turkey,0.3119,D:\Bird_Anuran_ARUs\IF09\SMM2-34_20260406_052400.wav
102.0,105.0,Corvus brachyrhynchos,American Crow,0.5325,D:\Bird_Anuran_ARUs\IF09\SMM2-34_20260406_052400.wav
102.0,105.0,Pipilo erythrophthalmus,Eastern Towhee,0.3305,D:\Bird_Anuran_ARUs\IF09\SMM2-34_20260406_052400.wav
105.0,108.0,Corvus brachyrhynchos,American Crow,0.9652,D:\Bird_Anuran_ARUs\IF09\SMM2-34_20260406_052400.wav
105.0,108.0,Pipilo erythrophthalmus,Eastern Towhee,0.3095,D:\Bird_Anuran_ARUs\IF09\SMM2-34_20260406_052400.wav
105.0,108.0,Setophaga pinus,Pine Warbler,0.2997,D:\Bird_Anuran_ARUs\IF09\SMM2-34_20260406_052400.wav
108.0,111.0,Setophaga pinus,Pine Warbler,0.3663,D:\Bird_Anuran_ARUs\IF09\SMM2-34_20260406_052400.wav
117.0,120.0,Setophaga pinus,Pine Warbler,0.3071,D:\Bird_Anuran_ARUs\IF09\SMM2-34_20260406_052400.wav
123.0,126.0,Meleagris gallopavo,Wild Turkey,0.2565,D:\Bird_Anuran_ARUs\IF09\SMM2-34_20260406_052400.wav
126.0,129.0,Setophaga pinus,Pine Warbler,0.2907,D:\Bird_Anuran_ARUs\IF09\SMM2-34_20260406_052400.wav
129.0,132.0,Setophaga pinus,Pine Warbler,0.2596,D:\Bird_Anuran_ARUs\IF09\SMM2-34_20260406_052400.wav
132.0,135.0,Setophaga pinus,Pine Warbler,0.4171,D:\Bird_Anuran_ARUs\IF09\SMM2-34_20260406_052400.wav
132.0,135.0,Pipilo erythrophthalmus,Eastern Towhee,0.3518,D:\Bird_Anuran_ARUs\IF09\SMM2-34_20260406_052400.wav
138.0,141.0,Setophaga pinus,Pine Warbler,0.4652,D:\Bird_Anuran_ARUs\IF09\SMM2-34_20260406_052400.wav
141.0,144.0,Corvus brachyrhynchos,American Crow,0.5482,D:\Bird_Anuran_ARUs\IF09\SMM2-34_20260406_052400.wav
141.0,144.0,Pipilo erythrophthalmus,Eastern Towhee,0.4723,D:\Bird_Anuran_ARUs\IF09\SMM2-34_20260406_052400.wav
141.0,144.0,Setophaga pinus,Pine Warbler,0.3412,D:\Bird_Anuran_ARUs\IF09\SMM2-34_20260406_052400.wav
147.0,150.0,Setophaga pinus,Pine Warbler,0.6602,D:\Bird_Anuran_ARUs\IF09\SMM2-34_20260406_052400.wav
150.0,153.0,Corvus brachyrhynchos,American Crow,0.9239,D:\Bird_Anuran_ARUs\IF09\SMM2-34_20260406_052400.wav
150.0,153.0,Pipilo erythrophthalmus,Eastern Towhee,0.5382,D:\Bird_Anuran_ARUs\IF09\SMM2-34_20260406_052400.wav
159.0,162.0,Setophaga pinus,Pine Warbler,0.4988,D:\Bird_Anuran_ARUs\IF09\SMM2-34_20260406_052400.wav
165.0,168.0,Corvus brachyrhynchos,American Crow,0.8773,D:\Bird_Anuran_ARUs\IF09\SMM2-34_20260406_052400.wav
165.0,168.0,Pipilo erythrophthalmus,Eastern Towhee,0.5345,D:\Bird_Anuran_ARUs\IF09\SMM2-34_20260406_052400.wav
168.0,171.0,Corvus brachyrhynchos,American Crow,0.6303,D:\Bird_Anuran_ARUs\IF09\SMM2-34_20260406_052400.wav
168.0,171.0,Seiurus aurocapilla,Ovenbird,0.6063,D:\Bird_Anuran_ARUs\IF09\SMM2-34_20260406_052400.wav
168.0,171.0,Pipilo erythrophthalmus,Eastern Towhee,0.2692,D:\Bird_Anuran_ARUs\IF09\SMM2-34_20260406_052400.wav
180.0,183.0,Corvus brachyrhynchos,American Crow,0.6885,D:\Bird_Anuran_ARUs\IF09\SMM2-34_20260406_052400.wav
183.0,186.0,Corvus brachyrhynchos,American Crow,0.4545,D:\Bird_Anuran_ARUs\IF09\SMM2-34_20260406_052400.wav
183.0,186.0,Pipilo erythrophthalmus,Eastern Towhee,0.3878,D:\Bird_Anuran_ARUs\IF09\SMM2-34_20260406_052400.wav
183.0,186.0,Setophaga pinus,Pine Warbler,0.2981,D:\Bird_Anuran_ARUs\IF09\SMM2-34_20260406_052400.wav
189.0,192.0,Setophaga pinus,Pine Warbler,0.4567,D:\Bird_Anuran_ARUs\IF09\SMM2-34_20260406_052400.wav
195.0,198.0,Seiurus aurocapilla,Ovenbird,0.8343,D:\Bird_Anuran_ARUs\IF09\SMM2-34_20260406_052400.wav
195.0,198.0,Cardinalis cardinalis,Northern Cardinal,0.5101,D:\Bird_Anuran_ARUs\IF09\SMM2-34_20260406_052400.wav
198.0,201.0,Meleagris gallopavo,Wild Turkey,0.3592,D:\Bird_Anuran_ARUs\IF09\SMM2-34_20260406_052400.wav
201.0,204.0,Setophaga pinus,Pine Warbler,0.3582,D:\Bird_Anuran_ARUs\IF09\SMM2-34_20260406_052400.wav
201.0,204.0,Cardinalis cardinalis,Northern Cardinal,0.2992,D:\Bird_Anuran_ARUs\IF09\SMM2-34_20260406_052400.wav
201.0,204.0,Pipilo erythrophthalmus,Eastern Towhee,0.2919,D:\Bird_Anuran_ARUs\IF09\SMM2-34_20260406_052400.wav
204.0,207.0,Cardinalis cardinalis,Northern Cardinal,0.6414,D:\Bird_Anuran_ARUs\IF09\SMM2-34_20260406_052400.wav
207.0,210.0,Corvus brachyrhynchos,American Crow,0.7130,D:\Bird_Anuran_ARUs\IF09\SMM2-34_20260406_052400.wav
210.0,213.0,Cardinalis cardinalis,Northern Cardinal,0.8107,D:\Bird_Anuran_ARUs\IF09\SMM2-34_20260406_052400.wav
210.0,213.0,Corvus brachyrhynchos,American Crow,0.6207,D:\Bird_Anuran_ARUs\IF09\SMM2-34_20260406_052400.wav
210.0,213.0,Pipilo erythrophthalmus,Eastern Towhee,0.3227,D:\Bird_Anuran_ARUs\IF09\SMM2-34_20260406_052400.wav
213.0,216.0,Corvus brachyrhynchos,American Crow,0.8963,D:\Bird_Anuran_ARUs\IF09\SMM2-34_20260406_052400.wav
213.0,216.0,Cardinalis cardinalis,Northern Cardinal,0.4545,D:\Bird_Anuran_ARUs\IF09\SMM2-34_20260406_052400.wav
213.0,216.0,Pipilo erythrophthalmus,Eastern Towhee,0.2973,D:\Bird_Anuran_ARUs\IF09\SMM2-34_20260406_052400.wav
216.0,219.0,Cardinalis cardinalis,Northern Cardinal,0.9732,D:\Bird_Anuran_ARUs\IF09\SMM2-34_20260406_052400.wav
216.0,219.0,Pipilo erythrophthalmus,Eastern Towhee,0.2762,D:\Bird_Anuran_ARUs\IF09\SMM2-34_20260406_052400.wav
216.0,219.0,Corvus brachyrhynchos,American Crow,0.2594,D:\Bird_Anuran_ARUs\IF09\SMM2-34_20260406_052400.wav
219.0,222.0,Seiurus aurocapilla,Ovenbird,0.4315,D:\Bird_Anuran_ARUs\IF09\SMM2-34_20260406_052400.wav
222.0,225.0,Seiurus aurocapilla,Ovenbird,0.9226,D:\Bird_Anuran_ARUs\IF09\SMM2-34_20260406_052400.wav
222.0,225.0,Corvus brachyrhynchos,American Crow,0.8936,D:\Bird_Anuran_ARUs\IF09\SMM2-34_20260406_052400.wav
222.0,225.0,Cardinalis cardinalis,Northern Cardinal,0.5966,D:\Bird_Anuran_ARUs\IF09\SMM2-34_20260406_052400.wav
222.0,225.0,Pipilo erythrophthalmus,Eastern Towhee,0.2866,D:\Bird_Anuran_ARUs\IF09\SMM2-34_20260406_052400.wav
225.0,228.0,Corvus brachyrhynchos,American Crow,0.3789,D:\Bird_Anuran_ARUs\IF09\SMM2-34_20260406_052400.wav
228.0,231.0,Corvus brachyrhynchos,American Crow,0.4423,D:\Bird_Anuran_ARUs\IF09\SMM2-34_20260406_052400.wav
228.0,231.0,Setophaga pinus,Pine Warbler,0.4288,D:\Bird_Anuran_ARUs\IF09\SMM2-34_20260406_052400.wav
231.0,234.0,Setophaga pinus,Pine Warbler,0.5296,D:\Bird_Anuran_ARUs\IF09\SMM2-34_20260406_052400.wav
231.0,234.0,Cardinalis cardinalis,Northern Cardinal,0.2635,D:\Bird_Anuran_ARUs\IF09\SMM2-34_20260406_052400.wav
234.0,237.0,Corvus brachyrhynchos,American Crow,0.5678,D:\Bird_Anuran_ARUs\IF09\SMM2-34_20260406_052400.wav
234.0,237.0,Pipilo erythrophthalmus,Eastern Towhee,0.3815,D:\Bird_Anuran_ARUs\IF09\SMM2-34_20260406_052400.wav
237.0,240.0,Corvus brachyrhynchos,American Crow,0.6643,D:\Bird_Anuran_ARUs\IF09\SMM2-34_20260406_052400.wav
237.0,240.0,Setophaga pinus,Pine Warbler,0.3324,D:\Bird_Anuran_ARUs\IF09\SMM2-34_20260406_052400.wav
240.0,243.0,Setophaga pinus,Pine Warbler,0.2588,D:\Bird_Anuran_ARUs\IF09\SMM2-34_20260406_052400.wav
246.0,249.0,Corvus brachyrhynchos,American Crow,0.7964,D:\Bird_Anuran_ARUs\IF09\SMM2-34_20260406_052400.wav
246.0,249.0,Seiurus aurocapilla,Ovenbird,0.7338,D:\Bird_Anuran_ARUs\IF09\SMM2-34_20260406_052400.wav
249.0,252.0,Corvus brachyrhynchos,American Crow,0.6623,D:\Bird_Anuran_ARUs\IF09\SMM2-34_20260406_052400.wav
252.0,255.0,Setophaga pinus,Pine Warbler,0.7256,D:\Bird_Anuran_ARUs\IF09\SMM2-34_20260406_052400.wav
255.0,258.0,Corvus brachyrhynchos,American Crow,0.5920,D:\Bird_Anuran_ARUs\IF09\SMM2-34_20260406_052400.wav
255.0,258.0,Cardinalis cardinalis,Northern Cardinal,0.3722,D:\Bird_Anuran_ARUs\IF09\SMM2-34_20260406_052400.wav
258.0,261.0,Corvus brachyrhynchos,American Crow,0.4075,D:\Bird_Anuran_ARUs\IF09\SMM2-34_20260406_052400.wav
258.0,261.0,Seiurus aurocapilla,Ovenbird,0.2966,D:\Bird_Anuran_ARUs\IF09\SMM2-34_20260406_052400.wav
261.0,264.0,Seiurus aurocapilla,Ovenbird,0.6572,D:\Bird_Anuran_ARUs\IF09\SMM2-34_20260406_052400.wav
261.0,264.0,Meleagris gallopavo,Wild Turkey,0.3463,D:\Bird_Anuran_ARUs\IF09\SMM2-34_20260406_052400.wav
264.0,267.0,Setophaga pinus,Pine Warbler,0.8429,D:\Bird_Anuran_ARUs\IF09\SMM2-34_20260406_052400.wav
264.0,267.0,Corvus brachyrhynchos,American Crow,0.2964,D:\Bird_Anuran_ARUs\IF09\SMM2-34_20260406_052400.wav
267.0,270.0,Corvus brachyrhynchos,American Crow,0.8297,D:\Bird_Anuran_ARUs\IF09\SMM2-34_20260406_052400.wav
267.0,270.0,Setophaga pinus,Pine Warbler,0.6478,D:\Bird_Anuran_ARUs\IF09\SMM2-34_20260406_052400.wav
270.0,273.0,Corvus brachyrhynchos,American Crow,0.9414,D:\Bird_Anuran_ARUs\IF09\SMM2-34_20260406_052400.wav
270.0,273.0,Seiurus aurocapilla,Ovenbird,0.5404,D:\Bird_Anuran_ARUs\IF09\SMM2-34_20260406_052400.wav
270.0,273.0,Pipilo erythrophthalmus,Eastern Towhee,0.3794,D:\Bird_Anuran_ARUs\IF09\SMM2-34_20260406_052400.wav
273.0,276.0,Setophaga pinus,Pine Warbler,0.3277,D:\Bird_Anuran_ARUs\IF09\SMM2-34_20260406_052400.wav
273.0,276.0,Pipilo erythrophthalmus,Eastern Towhee,0.2581,D:\Bird_Anuran_ARUs\IF09\SMM2-34_20260406_052400.wav
276.0,279.0,Setophaga pinus,Pine Warbler,0.2936,D:\Bird_Anuran_ARUs\IF09\SMM2-34_20260406_052400.wav
279.0,282.0,Seiurus aurocapilla,Ovenbird,0.3794,D:\Bird_Anuran_ARUs\IF09\SMM2-34_20260406_052400.wav
282.0,285.0,Seiurus aurocapilla,Ovenbird,0.7393,D:\Bird_Anuran_ARUs\IF09\SMM2-34_20260406_052400.wav
285.0,288.0,Cardinalis cardinalis,Northern Cardinal,0.3739,D:\Bird_Anuran_ARUs\IF09\SMM2-34_20260406_052400.wav
288.0,291.0,Corvus brachyrhynchos,American Crow,0.3063,D:\Bird_Anuran_ARUs\IF09\SMM2-34_20260406_052400.wav
288.0,291.0,Pipilo erythrophthalmus,Eastern Towhee,0.2782,D:\Bird_Anuran_ARUs\IF09\SMM2-34_20260406_052400.wav
291.0,294.0,Seiurus aurocapilla,Ovenbird,0.4052,D:\Bird_Anuran_ARUs\IF09\SMM2-34_20260406_052400.wav
300.0,303.0,Setophaga pinus,Pine Warbler,0.3804,D:\Bird_Anuran_ARUs\IF09\SMM2-34_20260406_052400.wav
306.0,309.0,Seiurus aurocapilla,Ovenbird,0.3723,D:\Bird_Anuran_ARUs\IF09\SMM2-34_20260406_052400.wav
312.0,315.0,Cardinalis cardinalis,Northern Cardinal,0.6488,D:\Bird_Anuran_ARUs\IF09\SMM2-34_20260406_052400.wav
315.0,318.0,Cardinalis cardinalis,Northern Cardinal,0.6161,D:\Bird_Anuran_ARUs\IF09\SMM2-34_20260406_052400.wav
318.0,321.0,Cardinalis cardinalis,Northern Cardinal,0.7738,D:\Bird_Anuran_ARUs\IF09\SMM2-34_20260406_052400.wav
318.0,321.0,Seiurus aurocapilla,Ovenbird,0.3068,D:\Bird_Anuran_ARUs\IF09\SMM2-34_20260406_052400.wav
318.0,321.0,Corvus brachyrhynchos,American Crow,0.2658,D:\Bird_Anuran_ARUs\IF09\SMM2-34_20260406_052400.wav
321.0,324.0,Cardinalis cardinalis,Northern Cardinal,0.4984,D:\Bird_Anuran_ARUs\IF09\SMM2-34_20260406_052400.wav
321.0,324.0,Seiurus aurocapilla,Ovenbird,0.4201,D:\Bird_Anuran_ARUs\IF09\SMM2-34_20260406_052400.wav
327.0,330.0,Seiurus aurocapilla,Ovenbird,0.8476,D:\Bird_Anuran_ARUs\IF09\SMM2-34_20260406_052400.wav
333.0,336.0,Cardinalis cardinalis,Northern Cardinal,0.2594,D:\Bird_Anuran_ARUs\IF09\SMM2-34_20260406_052400.wav
339.0,342.0,Seiurus aurocapilla,Ovenbird,0.7928,D:\Bird_Anuran_ARUs\IF09\SMM2-34_20260406_052400.wav
342.0,345.0,Cardinalis cardinalis,Northern Cardinal,0.5447,D:\Bird_Anuran_ARUs\IF09\SMM2-34_20260406_052400.wav
348.0,351.0,Cardinalis cardinalis,Northern Cardinal,0.5598,D:\Bird_Anuran_ARUs\IF09\SMM2-34_20260406_052400.wav
348.0,351.0,Pipilo erythrophthalmus,Eastern Towhee,0.4502,D:\Bird_Anuran_ARUs\IF09\SMM2-34_20260406_052400.wav
351.0,354.0,Seiurus aurocapilla,Ovenbird,0.9927,D:\Bird_Anuran_ARUs\IF09\SMM2-34_20260406_052400.wav
351.0,354.0,Corvus brachyrhynchos,American Crow,0.8767,D:\Bird_Anuran_ARUs\IF09\SMM2-34_20260406_052400.wav
351.0,354.0,Pipilo erythrophthalmus,Eastern Towhee,0.4830,D:\Bird_Anuran_ARUs\IF09\SMM2-34_20260406_052400.wav
351.0,354.0,Cardinalis cardinalis,Northern Cardinal,0.4192,D:\Bird_Anuran_ARUs\IF09\SMM2-34_20260406_052400.wav
354.0,357.0,Cardinalis cardinalis,Northern Cardinal,0.2716,D:\Bird_Anuran_ARUs\IF09\SMM2-34_20260406_052400.wav
360.0,363.0,Cardinalis cardinalis,Northern Cardinal,0.3050,D:\Bird_Anuran_ARUs\IF09\SMM2-34_20260406_052400.wav
363.0,366.0,Seiurus aurocapilla,Ovenbird,0.8958,D:\Bird_Anuran_ARUs\IF09\SMM2-34_20260406_052400.wav
369.0,372.0,Cardinalis cardinalis,Northern Cardinal,0.8908,D:\Bird_Anuran_ARUs\IF09\SMM2-34_20260406_052400.wav
375.0,378.0,Seiurus aurocapilla,Ovenbird,0.7988,D:\Bird_Anuran_ARUs\IF09\SMM2-34_20260406_052400.wav
378.0,381.0,Seiurus aurocapilla,Ovenbird,0.9431,D:\Bird_Anuran_ARUs\IF09\SMM2-34_20260406_052400.wav
381.0,384.0,Setophaga pinus,Pine Warbler,0.3838,D:\Bird_Anuran_ARUs\IF09\SMM2-34_20260406_052400.wav
384.0,387.0,Setophaga pinus,Pine Warbler,0.5183,D:\Bird_Anuran_ARUs\IF09\SMM2-34_20260406_052400.wav
390.0,393.0,Seiurus aurocapilla,Ovenbird,0.9589,D:\Bird_Anuran_ARUs\IF09\SMM2-34_20260406_052400.wav
396.0,399.0,Meleagris gallopavo,Wild Turkey,0.4539,D:\Bird_Anuran_ARUs\IF09\SMM2-34_20260406_052400.wav
399.0,402.0,Corvus brachyrhynchos,American Crow,0.3466,D:\Bird_Anuran_ARUs\IF09\SMM2-34_20260406_052400.wav
417.0,420.0,Setophaga pinus,Pine Warbler,0.3444,D:\Bird_Anuran_ARUs\IF09\SMM2-34_20260406_052400.wav
420.0,423.0,Colinus virginianus,Northern Bobwhite,0.2683,D:\Bird_Anuran_ARUs\IF09\SMM2-34_20260406_052400.wav
426.0,429.0,Corvus brachyrhynchos,American Crow,0.3146,D:\Bird_Anuran_ARUs\IF09\SMM2-34_20260406_052400.wav
429.0,432.0,Setophaga pinus,Pine Warbler,0.8048,D:\Bird_Anuran_ARUs\IF09\SMM2-34_20260406_052400.wav
441.0,444.0,Corvus brachyrhynchos,American Crow,0.9903,D:\Bird_Anuran_ARUs\IF09\SMM2-34_20260406_052400.wav
441.0,444.0,Seiurus aurocapilla,Ovenbird,0.2666,D:\Bird_Anuran_ARUs\IF09\SMM2-34_20260406_052400.wav
453.0,456.0,Cardinalis cardinalis,Northern Cardinal,0.3850,D:\Bird_Anuran_ARUs\IF09\SMM2-34_20260406_052400.wav
459.0,462.0,Setophaga pinus,Pine Warbler,0.7418,D:\Bird_Anuran_ARUs\IF09\SMM2-34_20260406_052400.wav
474.0,477.0,Setophaga pinus,Pine Warbler,0.3580,D:\Bird_Anuran_ARUs\IF09\SMM2-34_20260406_052400.wav
489.0,492.0,Setophaga pinus,Pine Warbler,0.3708,D:\Bird_Anuran_ARUs\IF09\SMM2-34_20260406_052400.wav
492.0,495.0,Setophaga pinus,Pine Warbler,0.2851,D:\Bird_Anuran_ARUs\IF09\SMM2-34_20260406_052400.wav
495.0,498.0,Setophaga pinus,Pine Warbler,0.7139,D:\Bird_Anuran_ARUs\IF09\SMM2-34_20260406_052400.wav
501.0,504.0,Corvus brachyrhynchos,American Crow,0.4168,D:\Bird_Anuran_ARUs\IF09\SMM2-34_20260406_052400.wav
507.0,510.0,Setophaga pinus,Pine Warbler,0.3699,D:\Bird_Anuran_ARUs\IF09\SMM2-34_20260406_052400.wav
513.0,516.0,Setophaga pinus,Pine Warbler,0.5124,D:\Bird_Anuran_ARUs\IF09\SMM2-34_20260406_052400.wav
519.0,522.0,Setophaga pinus,Pine Warbler,0.3940,D:\Bird_Anuran_ARUs\IF09\SMM2-34_20260406_052400.wav
519.0,522.0,Corvus brachyrhynchos,American Crow,0.3642,D:\Bird_Anuran_ARUs\IF09\SMM2-34_20260406_052400.wav
519.0,522.0,Cardinalis cardinalis,Northern Cardinal,0.2653,D:\Bird_Anuran_ARUs\IF09\SMM2-34_20260406_052400.wav
522.0,525.0,Corvus brachyrhynchos,American Crow,0.5004,D:\Bird_Anuran_ARUs\IF09\SMM2-34_20260406_052400.wav
525.0,528.0,Corvus brachyrhynchos,American Crow,0.9588,D:\Bird_Anuran_ARUs\IF09\SMM2-34_20260406_052400.wav
531.0,534.0,Corvus brachyrhynchos,American Crow,0.9453,D:\Bird_Anuran_ARUs\IF09\SMM2-34_20260406_052400.wav
534.0,537.0,Meleagris gallopavo,Wild Turkey,0.6592,D:\Bird_Anuran_ARUs\IF09\SMM2-34_20260406_052400.wav
537.0,540.0,Setophaga pinus,Pine Warbler,0.4605,D:\Bird_Anuran_ARUs\IF09\SMM2-34_20260406_052400.wav
543.0,546.0,Corvus brachyrhynchos,American Crow,0.6144,D:\Bird_Anuran_ARUs\IF09\SMM2-34_20260406_052400.wav
546.0,549.0,Corvus brachyrhynchos,American Crow,0.5489,D:\Bird_Anuran_ARUs\IF09\SMM2-34_20260406_052400.wav
561.0,564.0,Corvus brachyrhynchos,American Crow,0.7458,D:\Bird_Anuran_ARUs\IF09\SMM2-34_20260406_052400.wav
564.0,567.0,Cardinalis cardinalis,Northern Cardinal,0.5797,D:\Bird_Anuran_ARUs\IF09\SMM2-34_20260406_052400.wav
576.0,579.0,Setophaga pinus,Pine Warbler,0.3910,D:\Bird_Anuran_ARUs\IF09\SMM2-34_20260406_052400.wav
582.0,585.0,Cardinalis cardinalis,Northern Cardinal,0.3788,D:\Bird_Anuran_ARUs\IF09\SMM2-34_20260406_052400.wav
585.0,588.0,Corvus brachyrhynchos,American Crow,0.4595,D:\Bird_Anuran_ARUs\IF09\SMM2-34_20260406_052400.wav
585.0,588.0,Cardinalis cardinalis,Northern Cardinal,0.3879,D:\Bird_Anuran_ARUs\IF09\SMM2-34_20260406_052400.wav
588.0,591.0,Corvus brachyrhynchos,American Crow,0.3455,D:\Bird_Anuran_ARUs\IF09\SMM2-34_20260406_052400.wav
588.0,591.0,Cardinalis cardinalis,Northern Cardinal,0.3032,D:\Bird_Anuran_ARUs\IF09\SMM2-34_20260406_052400.wav
594.0,597.0,Cardinalis cardinalis,Northern Cardinal,0.2685,D:\Bird_Anuran_ARUs\IF09\SMM2-34_20260406_052400.wav
603.0,606.0,Cardinalis cardinalis,Northern Cardinal,0.3376,D:\Bird_Anuran_ARUs\IF09\SMM2-34_20260406_052400.wav
615.0,618.0,Setophaga pinus,Pine Warbler,0.3645,D:\Bird_Anuran_ARUs\IF09\SMM2-34_20260406_052400.wav
639.0,642.0,Corvus brachyrhynchos,American Crow,0.3988,D:\Bird_Anuran_ARUs\IF09\SMM2-34_20260406_052400.wav
648.0,651.0,Setophaga pinus,Pine Warbler,0.2933,D:\Bird_Anuran_ARUs\IF09\SMM2-34_20260406_052400.wav
657.0,660.0,Setophaga pinus,Pine Warbler,0.5179,D:\Bird_Anuran_ARUs\IF09\SMM2-34_20260406_052400.wav
666.0,669.0,Setophaga pinus,Pine Warbler,0.3666,D:\Bird_Anuran_ARUs\IF09\SMM2-34_20260406_052400.wav
669.0,672.0,Setophaga pinus,Pine Warbler,0.2878,D:\Bird_Anuran_ARUs\IF09\SMM2-34_20260406_052400.wav
681.0,684.0,Setophaga pinus,Pine Warbler,0.8688,D:\Bird_Anuran_ARUs\IF09\SMM2-34_20260406_052400.wav
684.0,687.0,Setophaga pinus,Pine Warbler,0.7761,D:\Bird_Anuran_ARUs\IF09\SMM2-34_20260406_052400.wav
687.0,690.0,Setophaga pinus,Pine Warbler,0.7935,D:\Bird_Anuran_ARUs\IF09\SMM2-34_20260406_052400.wav
690.0,693.0,Setophaga pinus,Pine Warbler,0.8479,D:\Bird_Anuran_ARUs\IF09\SMM2-34_20260406_052400.wav
693.0,696.0,Setophaga pinus,Pine Warbler,0.8356,D:\Bird_Anuran_ARUs\IF09\SMM2-34_20260406_052400.wav
696.0,699.0,Setophaga pinus,Pine Warbler,0.8714,D:\Bird_Anuran_ARUs\IF09\SMM2-34_20260406_052400.wav
699.0,702.0,Setophaga pinus,Pine Warbler,0.8430,D:\Bird_Anuran_ARUs\IF09\SMM2-34_20260406_052400.wav
702.0,705.0,Setophaga pinus,Pine Warbler,0.9742,D:\Bird_Anuran_ARUs\IF09\SMM2-34_20260406_052400.wav
705.0,708.0,Setophaga pinus,Pine Warbler,0.7737,D:\Bird_Anuran_ARUs\IF09\SMM2-34_20260406_052400.wav
708.0,711.0,Setophaga pinus,Pine Warbler,0.6980,D:\Bird_Anuran_ARUs\IF09\SMM2-34_20260406_052400.wav
711.0,714.0,Setophaga pinus,Pine Warbler,0.8971,D:\Bird_Anuran_ARUs\IF09\SMM2-34_20260406_052400.wav
714.0,717.0,Setophaga pinus,Pine Warbler,0.7340,D:\Bird_Anuran_ARUs\IF09\SMM2-34_20260406_052400.wav
717.0,720.0,Setophaga pinus,Pine Warbler,0.8216,D:\Bird_Anuran_ARUs\IF09\SMM2-34_20260406_052400.wav
717.0,720.0,Corvus brachyrhynchos,American Crow,0.7796,D:\Bird_Anuran_ARUs\IF09\SMM2-34_20260406_052400.wav
720.0,723.0,Setophaga pinus,Pine Warbler,0.9228,D:\Bird_Anuran_ARUs\IF09\SMM2-34_20260406_052400.wav
723.0,726.0,Setophaga pinus,Pine Warbler,0.7664,D:\Bird_Anuran_ARUs\IF09\SMM2-34_20260406_052400.wav
726.0,729.0,Setophaga pinus,Pine Warbler,0.4124,D:\Bird_Anuran_ARUs\IF09\SMM2-34_20260406_052400.wav
729.0,732.0,Setophaga pinus,Pine Warbler,0.8855,D:\Bird_Anuran_ARUs\IF09\SMM2-34_20260406_052400.wav
732.0,735.0,Setophaga pinus,Pine Warbler,0.7178,D:\Bird_Anuran_ARUs\IF09\SMM2-34_20260406_052400.wav
735.0,738.0,Pipilo erythrophthalmus,Eastern Towhee,0.4985,D:\Bird_Anuran_ARUs\IF09\SMM2-34_20260406_052400.wav
735.0,738.0,Corvus brachyrhynchos,American Crow,0.2982,D:\Bird_Anuran_ARUs\IF09\SMM2-34_20260406_052400.wav
735.0,738.0,Setophaga pinus,Pine Warbler,0.2662,D:\Bird_Anuran_ARUs\IF09\SMM2-34_20260406_052400.wav
738.0,741.0,Setophaga pinus,Pine Warbler,0.7837,D:\Bird_Anuran_ARUs\IF09\SMM2-34_20260406_052400.wav
741.0,744.0,Setophaga pinus,Pine Warbler,0.8850,D:\Bird_Anuran_ARUs\IF09\SMM2-34_20260406_052400.wav
744.0,747.0,Corvus brachyrhynchos,American Crow,0.9154,D:\Bird_Anuran_ARUs\IF09\SMM2-34_20260406_052400.wav
744.0,747.0,Setophaga pinus,Pine Warbler,0.8896,D:\Bird_Anuran_ARUs\IF09\SMM2-34_20260406_052400.wav
744.0,747.0,Pipilo erythrophthalmus,Eastern Towhee,0.4718,D:\Bird_Anuran_ARUs\IF09\SMM2-34_20260406_052400.wav
747.0,750.0,Setophaga pinus,Pine Warbler,0.8513,D:\Bird_Anuran_ARUs\IF09\SMM2-34_20260406_052400.wav
750.0,753.0,Setophaga pinus,Pine Warbler,0.8442,D:\Bird_Anuran_ARUs\IF09\SMM2-34_20260406_052400.wav
753.0,756.0,Setophaga pinus,Pine Warbler,0.8518,D:\Bird_Anuran_ARUs\IF09\SMM2-34_20260406_052400.wav
756.0,759.0,Setophaga pinus,Pine Warbler,0.9342,D:\Bird_Anuran_ARUs\IF09\SMM2-34_20260406_052400.wav
759.0,762.0,Corvus brachyrhynchos,American Crow,0.9806,D:\Bird_Anuran_ARUs\IF09\SMM2-34_20260406_052400.wav
759.0,762.0,Pipilo erythrophthalmus,Eastern Towhee,0.4999,D:\Bird_Anuran_ARUs\IF09\SMM2-34_20260406_052400.wav
762.0,765.0,Setophaga pinus,Pine Warbler,0.9305,D:\Bird_Anuran_ARUs\IF09\SMM2-34_20260406_052400.wav
765.0,768.0,Setophaga pinus,Pine Warbler,0.8150,D:\Bird_Anuran_ARUs\IF09\SMM2-34_20260406_052400.wav
768.0,771.0,Setophaga pinus,Pine Warbler,0.8179,D:\Bird_Anuran_ARUs\IF09\SMM2-34_20260406_052400.wav
771.0,774.0,Setophaga pinus,Pine Warbler,0.8737,D:\Bird_Anuran_ARUs\IF09\SMM2-34_20260406_052400.wav
774.0,777.0,Setophaga pinus,Pine Warbler,0.7725,D:\Bird_Anuran_ARUs\IF09\SMM2-34_20260406_052400.wav
774.0,777.0,Meleagris gallopavo,Wild Turkey,0.5910,D:\Bird_Anuran_ARUs\IF09\SMM2-34_20260406_052400.wav
777.0,780.0,Setophaga pinus,Pine Warbler,0.5178,D:\Bird_Anuran_ARUs\IF09\SMM2-34_20260406_052400.wav
780.0,783.0,Setophaga pinus,Pine Warbler,0.6266,D:\Bird_Anuran_ARUs\IF09\SMM2-34_20260406_052400.wav
783.0,786.0,Setophaga pinus,Pine Warbler,0.5415,D:\Bird_Anuran_ARUs\IF09\SMM2-34_20260406_052400.wav
786.0,789.0,Setophaga pinus,Pine Warbler,0.7987,D:\Bird_Anuran_ARUs\IF09\SMM2-34_20260406_052400.wav
789.0,792.0,Setophaga pinus,Pine Warbler,0.7409,D:\Bird_Anuran_ARUs\IF09\SMM2-34_20260406_052400.wav
792.0,795.0,Setophaga pinus,Pine Warbler,0.7261,D:\Bird_Anuran_ARUs\IF09\SMM2-34_20260406_052400.wav
795.0,798.0,Corvus brachyrhynchos,American Crow,0.4270,D:\Bird_Anuran_ARUs\IF09\SMM2-34_20260406_052400.wav
801.0,804.0,Setophaga pinus,Pine Warbler,0.7268,D:\Bird_Anuran_ARUs\IF09\SMM2-34_20260406_052400.wav
804.0,807.0,Setophaga pinus,Pine Warbler,0.5199,D:\Bird_Anuran_ARUs\IF09\SMM2-34_20260406_052400.wav
807.0,810.0,Setophaga pinus,Pine Warbler,0.2945,D:\Bird_Anuran_ARUs\IF09\SMM2-34_20260406_052400.wav
810.0,813.0,Setophaga pinus,Pine Warbler,0.5785,D:\Bird_Anuran_ARUs\IF09\SMM2-34_20260406_052400.wav
813.0,816.0,Setophaga pinus,Pine Warbler,0.9383,D:\Bird_Anuran_ARUs\IF09\SMM2-34_20260406_052400.wav
816.0,819.0,Setophaga pinus,Pine Warbler,0.5571,D:\Bird_Anuran_ARUs\IF09\SMM2-34_20260406_052400.wav
819.0,822.0,Setophaga pinus,Pine Warbler,0.6425,D:\Bird_Anuran_ARUs\IF09\SMM2-34_20260406_052400.wav
825.0,828.0,Setophaga pinus,Pine Warbler,0.7726,D:\Bird_Anuran_ARUs\IF09\SMM2-34_20260406_052400.wav
828.0,831.0,Setophaga pinus,Pine Warbler,0.5491,D:\Bird_Anuran_ARUs\IF09\SMM2-34_20260406_052400.wav
831.0,834.0,Setophaga pinus,Pine Warbler,0.9007,D:\Bird_Anuran_ARUs\IF09\SMM2-34_20260406_052400.wav
834.0,837.0,Setophaga pinus,Pine Warbler,0.8954,D:\Bird_Anuran_ARUs\IF09\SMM2-34_20260406_052400.wav
840.0,843.0,Setophaga pinus,Pine Warbler,0.3955,D:\Bird_Anuran_ARUs\IF09\SMM2-34_20260406_052400.wav
843.0,846.0,Setophaga pinus,Pine Warbler,0.8799,D:\Bird_Anuran_ARUs\IF09\SMM2-34_20260406_052400.wav
846.0,849.0,Setophaga pinus,Pine Warbler,0.3695,D:\Bird_Anuran_ARUs\IF09\SMM2-34_20260406_052400.wav
849.0,852.0,Setophaga pinus,Pine Warbler,0.7761,D:\Bird_Anuran_ARUs\IF09\SMM2-34_20260406_052400.wav
852.0,855.0,Setophaga pinus,Pine Warbler,0.8379,D:\Bird_Anuran_ARUs\IF09\SMM2-34_20260406_052400.wav
855.0,858.0,Setophaga pinus,Pine Warbler,0.8699,D:\Bird_Anuran_ARUs\IF09\SMM2-34_20260406_052400.wav
861.0,864.0,Setophaga pinus,Pine Warbler,0.7720,D:\Bird_Anuran_ARUs\IF09\SMM2-34_20260406_052400.wav
864.0,867.0,Setophaga pinus,Pine Warbler,0.8372,D:\Bird_Anuran_ARUs\IF09\SMM2-34_20260406_052400.wav
867.0,870.0,Setophaga pinus,Pine Warbler,0.7640,D:\Bird_Anuran_ARUs\IF09\SMM2-34_20260406_052400.wav
870.0,873.0,Setophaga pinus,Pine Warbler,0.7419,D:\Bird_Anuran_ARUs\IF09\SMM2-34_20260406_052400.wav
873.0,876.0,Setophaga pinus,Pine Warbler,0.3492,D:\Bird_Anuran_ARUs\IF09\SMM2-34_20260406_052400.wav
876.0,879.0,Setophaga pinus,Pine Warbler,0.6171,D:\Bird_Anuran_ARUs\IF09\SMM2-34_20260406_052400.wav
879.0,882.0,Setophaga pinus,Pine Warbler,0.9100,D:\Bird_Anuran_ARUs\IF09\SMM2-34_20260406_052400.wav
882.0,885.0,Setophaga pinus,Pine Warbler,0.7704,D:\Bird_Anuran_ARUs\IF09\SMM2-34_20260406_052400.wav
885.0,888.0,Corvus brachyrhynchos,American Crow,0.9714,D:\Bird_Anuran_ARUs\IF09\SMM2-34_20260406_052400.wav
885.0,888.0,Pipilo erythrophthalmus,Eastern Towhee,0.3495,D:\Bird_Anuran_ARUs\IF09\SMM2-34_20260406_052400.wav
888.0,891.0,Setophaga pinus,Pine Warbler,0.8938,D:\Bird_Anuran_ARUs\IF09\SMM2-34_20260406_052400.wav
891.0,894.0,Setophaga pinus,Pine Warbler,0.8265,D:\Bird_Anuran_ARUs\IF09\SMM2-34_20260406_052400.wav
894.0,897.0,Setophaga pinus,Pine Warbler,0.9673,D:\Bird_Anuran_ARUs\IF09\SMM2-34_20260406_052400.wav
897.0,900.0,Setophaga pinus,Pine Warbler,0.4088,D:\Bird_Anuran_ARUs\IF09\SMM2-34_20260406_052400.wav
900.0,903.0,Setophaga pinus,Pine Warbler,0.9802,D:\Bird_Anuran_ARUs\IF09\SMM2-34_20260406_052400.wav
903.0,906.0,Setophaga pinus,Pine Warbler,0.9181,D:\Bird_Anuran_ARUs\IF09\SMM2-34_20260406_052400.wav
906.0,909.0,Setophaga pinus,Pine Warbler,0.9119,D:\Bird_Anuran_ARUs\IF09\SMM2-34_20260406_052400.wav
909.0,912.0,Setophaga pinus,Pine Warbler,0.9901,D:\Bird_Anuran_ARUs\IF09\SMM2-34_20260406_052400.wav
912.0,915.0,Setophaga pinus,Pine Warbler,0.8986,D:\Bird_Anuran_ARUs\IF09\SMM2-34_20260406_052400.wav
915.0,918.0,Setophaga pinus,Pine Warbler,0.3337,D:\Bird_Anuran_ARUs\IF09\SMM2-34_20260406_052400.wav
918.0,921.0,Setophaga pinus,Pine Warbler,0.6228,D:\Bird_Anuran_ARUs\IF09\SMM2-34_20260406_052400.wav
921.0,924.0,Setophaga pinus,Pine Warbler,0.9014,D:\Bird_Anuran_ARUs\IF09\SMM2-34_20260406_052400.wav
924.0,927.0,Pipilo erythrophthalmus,Eastern Towhee,0.5168,D:\Bird_Anuran_ARUs\IF09\SMM2-34_20260406_052400.wav
924.0,927.0,Corvus brachyrhynchos,American Crow,0.2586,D:\Bird_Anuran_ARUs\IF09\SMM2-34_20260406_052400.wav
927.0,930.0,Setophaga pinus,Pine Warbler,0.8456,D:\Bird_Anuran_ARUs\IF09\SMM2-34_20260406_052400.wav
930.0,933.0,Setophaga pinus,Pine Warbler,0.9713,D:\Bird_Anuran_ARUs\IF09\SMM2-34_20260406_052400.wav
933.0,936.0,Setophaga pinus,Pine Warbler,0.8642,D:\Bird_Anuran_ARUs\IF09\SMM2-34_20260406_052400.wav
936.0,939.0,Setophaga pinus,Pine Warbler,0.9797,D:\Bird_Anuran_ARUs\IF09\SMM2-34_20260406_052400.wav
939.0,942.0,Setophaga pinus,Pine Warbler,0.6449,D:\Bird_Anuran_ARUs\IF09\SMM2-34_20260406_052400.wav
942.0,945.0,Setophaga pinus,Pine Warbler,0.8228,D:\Bird_Anuran_ARUs\IF09\SMM2-34_20260406_052400.wav
945.0,948.0,Pipilo erythrophthalmus,Eastern Towhee,0.2716,D:\Bird_Anuran_ARUs\IF09\SMM2-34_20260406_052400.wav
948.0,951.0,Setophaga pinus,Pine Warbler,0.9823,D:\Bird_Anuran_ARUs\IF09\SMM2-34_20260406_052400.wav
951.0,954.0,Setophaga pinus,Pine Warbler,0.9442,D:\Bird_Anuran_ARUs\IF09\SMM2-34_20260406_052400.wav
954.0,957.0,Setophaga pinus,Pine Warbler,0.5081,D:\Bird_Anuran_ARUs\IF09\SMM2-34_20260406_052400.wav
957.0,960.0,Setophaga pinus,Pine Warbler,0.9200,D:\Bird_Anuran_ARUs\IF09\SMM2-34_20260406_052400.wav
960.0,963.0,Setophaga pinus,Pine Warbler,0.6027,D:\Bird_Anuran_ARUs\IF09\SMM2-34_20260406_052400.wav
963.0,966.0,Setophaga pinus,Pine Warbler,0.6673,D:\Bird_Anuran_ARUs\IF09\SMM2-34_20260406_052400.wav
966.0,969.0,Setophaga pinus,Pine Warbler,0.9596,D:\Bird_Anuran_ARUs\IF09\SMM2-34_20260406_052400.wav
969.0,972.0,Setophaga pinus,Pine Warbler,0.9423,D:\Bird_Anuran_ARUs\IF09\SMM2-34_20260406_052400.wav
972.0,975.0,Setophaga pinus,Pine Warbler,0.5940,D:\Bird_Anuran_ARUs\IF09\SMM2-34_20260406_052400.wav
975.0,978.0,Setophaga pinus,Pine Warbler,0.6940,D:\Bird_Anuran_ARUs\IF09\SMM2-34_20260406_052400.wav
978.0,981.0,Setophaga pinus,Pine Warbler,0.7501,D:\Bird_Anuran_ARUs\IF09\SMM2-34_20260406_052400.wav
981.0,984.0,Setophaga pinus,Pine Warbler,0.9049,D:\Bird_Anuran_ARUs\IF09\SMM2-34_20260406_052400.wav
984.0,987.0,Cardinalis cardinalis,Northern Cardinal,0.7492,D:\Bird_Anuran_ARUs\IF09\SMM2-34_20260406_052400.wav
984.0,987.0,Corvus brachyrhynchos,American Crow,0.2505,D:\Bird_Anuran_ARUs\IF09\SMM2-34_20260406_052400.wav
987.0,990.0,Setophaga pinus,Pine Warbler,0.8263,D:\Bird_Anuran_ARUs\IF09\SMM2-34_20260406_052400.wav
990.0,993.0,Corvus brachyrhynchos,American Crow,0.7743,D:\Bird_Anuran_ARUs\IF09\SMM2-34_20260406_052400.wav
990.0,993.0,Seiurus aurocapilla,Ovenbird,0.7594,D:\Bird_Anuran_ARUs\IF09\SMM2-34_20260406_052400.wav
990.0,993.0,Cardinalis cardinalis,Northern Cardinal,0.4306,D:\Bird_Anuran_ARUs\IF09\SMM2-34_20260406_052400.wav
996.0,999.0,Setophaga pinus,Pine Warbler,0.8078,D:\Bird_Anuran_ARUs\IF09\SMM2-34_20260406_052400.wav
999.0,1002.0,Setophaga pinus,Pine Warbler,0.5850,D:\Bird_Anuran_ARUs\IF09\SMM2-34_20260406_052400.wav
999.0,1002.0,Pipilo erythrophthalmus,Eastern Towhee,0.3311,D:\Bird_Anuran_ARUs\IF09\SMM2-34_20260406_052400.wav
1002.0,1005.0,Setophaga pinus,Pine Warbler,0.8389,D:\Bird_Anuran_ARUs\IF09\SMM2-34_20260406_052400.wav
1005.0,1008.0,Setophaga pinus,Pine Warbler,0.6753,D:\Bird_Anuran_ARUs\IF09\SMM2-34_20260406_052400.wav
1008.0,1011.0,Corvus brachyrhynchos,American Crow,0.5545,D:\Bird_Anuran_ARUs\IF09\SMM2-34_20260406_052400.wav
1008.0,1011.0,Pipilo erythrophthalmus,Eastern Towhee,0.3666,D:\Bird_Anuran_ARUs\IF09\SMM2-34_20260406_052400.wav
1011.0,1014.0,Setophaga pinus,Pine Warbler,0.8250,D:\Bird_Anuran_ARUs\IF09\SMM2-34_20260406_052400.wav
1014.0,1017.0,Setophaga pinus,Pine Warbler,0.9416,D:\Bird_Anuran_ARUs\IF09\SMM2-34_20260406_052400.wav
1017.0,1020.0,Setophaga pinus,Pine Warbler,0.7353,D:\Bird_Anuran_ARUs\IF09\SMM2-34_20260406_052400.wav
1020.0,1023.0,Cardinalis cardinalis,Northern Cardinal,0.2577,D:\Bird_Anuran_ARUs\IF09\SMM2-34_20260406_052400.wav
1023.0,1026.0,Setophaga pinus,Pine Warbler,0.7805,D:\Bird_Anuran_ARUs\IF09\SMM2-34_20260406_052400.wav
1026.0,1029.0,Cardinalis cardinalis,Northern Cardinal,0.3305,D:\Bird_Anuran_ARUs\IF09\SMM2-34_20260406_052400.wav
1026.0,1029.0,Myiarchus crinitus,Great Crested Flycatcher,0.3196,D:\Bird_Anuran_ARUs\IF09\SMM2-34_20260406_052400.wav
1029.0,1032.0,Setophaga pinus,Pine Warbler,0.7133,D:\Bird_Anuran_ARUs\IF09\SMM2-34_20260406_052400.wav
1035.0,1038.0,Setophaga pinus,Pine Warbler,0.8112,D:\Bird_Anuran_ARUs\IF09\SMM2-34_20260406_052400.wav
1038.0,1041.0,Setophaga pinus,Pine Warbler,0.8273,D:\Bird_Anuran_ARUs\IF09\SMM2-34_20260406_052400.wav
1041.0,1044.0,Setophaga pinus,Pine Warbler,0.8881,D:\Bird_Anuran_ARUs\IF09\SMM2-34_20260406_052400.wav
1044.0,1047.0,Setophaga pinus,Pine Warbler,0.5209,D:\Bird_Anuran_ARUs\IF09\SMM2-34_20260406_052400.wav
1047.0,1050.0,Cardinalis cardinalis,Northern Cardinal,0.4267,D:\Bird_Anuran_ARUs\IF09\SMM2-34_20260406_052400.wav
1050.0,1053.0,Setophaga pinus,Pine Warbler,0.6602,D:\Bird_Anuran_ARUs\IF09\SMM2-34_20260406_052400.wav
1053.0,1056.0,Cardinalis cardinalis,Northern Cardinal,0.9036,D:\Bird_Anuran_ARUs\IF09\SMM2-34_20260406_052400.wav
1056.0,1059.0,Setophaga pinus,Pine Warbler,0.8570,D:\Bird_Anuran_ARUs\IF09\SMM2-34_20260406_052400.wav
1056.0,1059.0,Cardinalis cardinalis,Northern Cardinal,0.2584,D:\Bird_Anuran_ARUs\IF09\SMM2-34_20260406_052400.wav
1059.0,1062.0,Setophaga pinus,Pine Warbler,0.7831,D:\Bird_Anuran_ARUs\IF09\SMM2-34_20260406_052400.wav
1062.0,1065.0,Cardinalis cardinalis,Northern Cardinal,0.4864,D:\Bird_Anuran_ARUs\IF09\SMM2-34_20260406_052400.wav
1065.0,1068.0,Setophaga pinus,Pine Warbler,0.4370,D:\Bird_Anuran_ARUs\IF09\SMM2-34_20260406_052400.wav
1068.0,1071.0,Cardinalis cardinalis,Northern Cardinal,0.9225,D:\Bird_Anuran_ARUs\IF09\SMM2-34_20260406_052400.wav
1071.0,1074.0,Setophaga pinus,Pine Warbler,0.7971,D:\Bird_Anuran_ARUs\IF09\SMM2-34_20260406_052400.wav
1074.0,1077.0,Setophaga pinus,Pine Warbler,0.6419,D:\Bird_Anuran_ARUs\IF09\SMM2-34_20260406_052400.wav
1080.0,1083.0,Setophaga pinus,Pine Warbler,0.5536,D:\Bird_Anuran_ARUs\IF09\SMM2-34_20260406_052400.wav
1083.0,1086.0,Cardinalis cardinalis,Northern Cardinal,0.8007,D:\Bird_Anuran_ARUs\IF09\SMM2-34_20260406_052400.wav
1086.0,1089.0,Seiurus aurocapilla,Ovenbird,0.4958,D:\Bird_Anuran_ARUs\IF09\SMM2-34_20260406_052400.wav
1089.0,1092.0,Corvus brachyrhynchos,American Crow,0.4351,D:\Bird_Anuran_ARUs\IF09\SMM2-34_20260406_052400.wav
1089.0,1092.0,Pipilo erythrophthalmus,Eastern Towhee,0.2677,D:\Bird_Anuran_ARUs\IF09\SMM2-34_20260406_052400.wav
1092.0,1095.0,Corvus brachyrhynchos,American Crow,0.9571,D:\Bird_Anuran_ARUs\IF09\SMM2-34_20260406_052400.wav
1092.0,1095.0,Cardinalis cardinalis,Northern Cardinal,0.5564,D:\Bird_Anuran_ARUs\IF09\SMM2-34_20260406_052400.wav
1092.0,1095.0,Pipilo erythrophthalmus,Eastern Towhee,0.4644,D:\Bird_Anuran_ARUs\IF09\SMM2-34_20260406_052400.wav
1095.0,1098.0,Molothrus ater,Brown-headed Cowbird,0.7638,D:\Bird_Anuran_ARUs\IF09\SMM2-34_20260406_052400.wav
1098.0,1101.0,Corvus brachyrhynchos,American Crow,0.8708,D:\Bird_Anuran_ARUs\IF09\SMM2-34_20260406_052400.wav
1098.0,1101.0,Cardinalis cardinalis,Northern Cardinal,0.7439,D:\Bird_Anuran_ARUs\IF09\SMM2-34_20260406_052400.wav
1098.0,1101.0,Seiurus aurocapilla,Ovenbird,0.4576,D:\Bird_Anuran_ARUs\IF09\SMM2-34_20260406_052400.wav
1101.0,1104.0,Cardinalis cardinalis,Northern Cardinal,0.3805,D:\Bird_Anuran_ARUs\IF09\SMM2-34_20260406_052400.wav
1104.0,1107.0,Cardinalis cardinalis,Northern Cardinal,0.6782,D:\Bird_Anuran_ARUs\IF09\SMM2-34_20260406_052400.wav
1107.0,1110.0,Cardinalis cardinalis,Northern Cardinal,0.7159,D:\Bird_Anuran_ARUs\IF09\SMM2-34_20260406_052400.wav
1110.0,1113.0,Pipilo erythrophthalmus,Eastern Towhee,0.5081,D:\Bird_Anuran_ARUs\IF09\SMM2-34_20260406_052400.wav
1110.0,1113.0,Corvus brachyrhynchos,American Crow,0.4902,D:\Bird_Anuran_ARUs\IF09\SMM2-34_20260406_052400.wav
1110.0,1113.0,Seiurus aurocapilla,Ovenbird,0.3435,D:\Bird_Anuran_ARUs\IF09\SMM2-34_20260406_052400.wav
1113.0,1116.0,Cardinalis cardinalis,Northern Cardinal,0.3669,D:\Bird_Anuran_ARUs\IF09\SMM2-34_20260406_052400.wav
1119.0,1122.0,Cardinalis cardinalis,Northern Cardinal,0.4720,D:\Bird_Anuran_ARUs\IF09\SMM2-34_20260406_052400.wav
1122.0,1125.0,Cardinalis cardinalis,Northern Cardinal,0.2999,D:\Bird_Anuran_ARUs\IF09\SMM2-34_20260406_052400.wav
1125.0,1128.0,Cardinalis cardinalis,Northern Cardinal,0.5594,D:\Bird_Anuran_ARUs\IF09\SMM2-34_20260406_052400.wav
1137.0,1140.0,Cardinalis cardinalis,Northern Cardinal,0.9270,D:\Bird_Anuran_ARUs\IF09\SMM2-34_20260406_052400.wav
1140.0,1143.0,Corvus brachyrhynchos,American Crow,0.9119,D:\Bird_Anuran_ARUs\IF09\SMM2-34_20260406_052400.wav
1140.0,1143.0,Cardinalis cardinalis,Northern Cardinal,0.8480,D:\Bird_Anuran_ARUs\IF09\SMM2-34_20260406_052400.wav
1140.0,1143.0,Pipilo erythrophthalmus,Eastern Towhee,0.3521,D:\Bird_Anuran_ARUs\IF09\SMM2-34_20260406_052400.wav
1146.0,1149.0,Molothrus ater,Brown-headed Cowbird,0.7735,D:\Bird_Anuran_ARUs\IF09\SMM2-34_20260406_052400.wav
1146.0,1149.0,Seiurus aurocapilla,Ovenbird,0.2773,D:\Bird_Anuran_ARUs\IF09\SMM2-34_20260406_052400.wav
1149.0,1152.0,Corvus brachyrhynchos,American Crow,0.7771,D:\Bird_Anuran_ARUs\IF09\SMM2-34_20260406_052400.wav
1149.0,1152.0,Pipilo erythrophthalmus,Eastern Towhee,0.3974,D:\Bird_Anuran_ARUs\IF09\SMM2-34_20260406_052400.wav
1152.0,1155.0,Cardinalis cardinalis,Northern Cardinal,0.8044,D:\Bird_Anuran_ARUs\IF09\SMM2-34_20260406_052400.wav
1161.0,1164.0,Cardinalis cardinalis,Northern Cardinal,0.4838,D:\Bird_Anuran_ARUs\IF09\SMM2-34_20260406_052400.wav
1167.0,1170.0,Cardinalis cardinalis,Northern Cardinal,0.8278,D:\Bird_Anuran_ARUs\IF09\SMM2-34_20260406_052400.wav
1170.0,1173.0,Setophaga pinus,Pine Warbler,0.3593,D:\Bird_Anuran_ARUs\IF09\SMM2-34_20260406_052400.wav
1173.0,1176.0,Cardinalis cardinalis,Northern Cardinal,0.2874,D:\Bird_Anuran_ARUs\IF09\SMM2-34_20260406_052400.wav
1176.0,1179.0,Cardinalis cardinalis,Northern Cardinal,0.7348,D:\Bird_Anuran_ARUs\IF09\SMM2-34_20260406_052400.wav
1179.0,1182.0,Seiurus aurocapilla,Ovenbird,0.7509,D:\Bird_Anuran_ARUs\IF09\SMM2-34_20260406_052400.wav
1179.0,1182.0,Corvus brachyrhynchos,American Crow,0.4557,D:\Bird_Anuran_ARUs\IF09\SMM2-34_20260406_052400.wav
1185.0,1188.0,Corvus brachyrhynchos,American Crow,0.7944,D:\Bird_Anuran_ARUs\IF09\SMM2-34_20260406_052400.wav
1185.0,1188.0,Cardinalis cardinalis,Northern Cardinal,0.4049,D:\Bird_Anuran_ARUs\IF09\SMM2-34_20260406_052400.wav
1185.0,1188.0,Setophaga pinus,Pine Warbler,0.2783,D:\Bird_Anuran_ARUs\IF09\SMM2-34_20260406_052400.wav
1191.0,1194.0,Setophaga pinus,Pine Warbler,0.4891,D:\Bird_Anuran_ARUs\IF09\SMM2-34_20260406_052400.wav
1191.0,1194.0,Cardinalis cardinalis,Northern Cardinal,0.3680,D:\Bird_Anuran_ARUs\IF09\SMM2-34_20260406_052400.wav
1194.0,1197.0,Setophaga pinus,Pine Warbler,0.3544,D:\Bird_Anuran_ARUs\IF09\SMM2-34_20260406_052400.wav
1200.0,1203.0,Setophaga pinus,Pine Warbler,0.5725,D:\Bird_Anuran_ARUs\IF09\SMM2-34_20260406_052400.wav
1203.0,1206.0,Cardinalis cardinalis,Northern Cardinal,0.3993,D:\Bird_Anuran_ARUs\IF09\SMM2-34_20260406_052400.wav
1212.0,1215.0,Cardinalis cardinalis,Northern Cardinal,0.4010,D:\Bird_Anuran_ARUs\IF09\SMM2-34_20260406_052400.wav
1218.0,1221.0,Cardinalis cardinalis,Northern Cardinal,0.4433,D:\Bird_Anuran_ARUs\IF09\SMM2-34_20260406_052400.wav
1221.0,1224.0,Molothrus ater,Brown-headed Cowbird,0.6998,D:\Bird_Anuran_ARUs\IF09\SMM2-34_20260406_052400.wav
1221.0,1224.0,Corvus brachyrhynchos,American Crow,0.3533,D:\Bird_Anuran_ARUs\IF09\SMM2-34_20260406_052400.wav
1227.0,1230.0,Cardinalis cardinalis,Northern Cardinal,0.3350,D:\Bird_Anuran_ARUs\IF09\SMM2-34_20260406_052400.wav
1236.0,1239.0,Molothrus ater,Brown-headed Cowbird,0.4288,D:\Bird_Anuran_ARUs\IF09\SMM2-34_20260406_052400.wav
1248.0,1251.0,Setophaga pinus,Pine Warbler,0.2669,D:\Bird_Anuran_ARUs\IF09\SMM2-34_20260406_052400.wav
1275.0,1278.0,Setophaga pinus,Pine Warbler,0.7289,D:\Bird_Anuran_ARUs\IF09\SMM2-34_20260406_052400.wav
1278.0,1281.0,Seiurus aurocapilla,Ovenbird,0.4993,D:\Bird_Anuran_ARUs\IF09\SMM2-34_20260406_052400.wav
1290.0,1293.0,Cardinalis cardinalis,Northern Cardinal,0.4421,D:\Bird_Anuran_ARUs\IF09\SMM2-34_20260406_052400.wav
1293.0,1296.0,Molothrus ater,Brown-headed Cowbird,0.6375,D:\Bird_Anuran_ARUs\IF09\SMM2-34_20260406_052400.wav
1296.0,1299.0,Cardinalis cardinalis,Northern Cardinal,0.5874,D:\Bird_Anuran_ARUs\IF09\SMM2-34_20260406_052400.wav
1299.0,1302.0,Setophaga pinus,Pine Warbler,0.4648,D:\Bird_Anuran_ARUs\IF09\SMM2-34_20260406_052400.wav
1302.0,1305.0,Seiurus aurocapilla,Ovenbird,0.6365,D:\Bird_Anuran_ARUs\IF09\SMM2-34_20260406_052400.wav
1305.0,1308.0,Setophaga pinus,Pine Warbler,0.4781,D:\Bird_Anuran_ARUs\IF09\SMM2-34_20260406_052400.wav
1305.0,1308.0,Cardinalis cardinalis,Northern Cardinal,0.2986,D:\Bird_Anuran_ARUs\IF09\SMM2-34_20260406_052400.wav
1308.0,1311.0,Cardinalis cardinalis,Northern Cardinal,0.4022,D:\Bird_Anuran_ARUs\IF09\SMM2-34_20260406_052400.wav
1311.0,1314.0,Setophaga pinus,Pine Warbler,0.3343,D:\Bird_Anuran_ARUs\IF09\SMM2-34_20260406_052400.wav
1311.0,1314.0,Cardinalis cardinalis,Northern Cardinal,0.2865,D:\Bird_Anuran_ARUs\IF09\SMM2-34_20260406_052400.wav
1317.0,1320.0,Cardinalis cardinalis,Northern Cardinal,0.6794,D:\Bird_Anuran_ARUs\IF09\SMM2-34_20260406_052400.wav
1320.0,1323.0,Setophaga pinus,Pine Warbler,0.2890,D:\Bird_Anuran_ARUs\IF09\SMM2-34_20260406_052400.wav
1332.0,1335.0,Setophaga pinus,Pine Warbler,0.4282,D:\Bird_Anuran_ARUs\IF09\SMM2-34_20260406_052400.wav
1338.0,1341.0,Setophaga pinus,Pine Warbler,0.9120,D:\Bird_Anuran_ARUs\IF09\SMM2-34_20260406_052400.wav
1341.0,1344.0,Cardinalis cardinalis,Northern Cardinal,0.7253,D:\Bird_Anuran_ARUs\IF09\SMM2-34_20260406_052400.wav
1344.0,1347.0,Setophaga pinus,Pine Warbler,0.4393,D:\Bird_Anuran_ARUs\IF09\SMM2-34_20260406_052400.wav
1347.0,1350.0,Cardinalis cardinalis,Northern Cardinal,0.2531,D:\Bird_Anuran_ARUs\IF09\SMM2-34_20260406_052400.wav
1350.0,1353.0,Cardinalis cardinalis,Northern Cardinal,0.3270,D:\Bird_Anuran_ARUs\IF09\SMM2-34_20260406_052400.wav
1353.0,1356.0,Setophaga pinus,Pine Warbler,0.4605,D:\Bird_Anuran_ARUs\IF09\SMM2-34_20260406_052400.wav
1356.0,1359.0,Cardinalis cardinalis,Northern Cardinal,0.6781,D:\Bird_Anuran_ARUs\IF09\SMM2-34_20260406_052400.wav
1362.0,1365.0,Cardinalis cardinalis,Northern Cardinal,0.6658,D:\Bird_Anuran_ARUs\IF09\SMM2-34_20260406_052400.wav
1365.0,1368.0,Seiurus aurocapilla,Ovenbird,0.2512,D:\Bird_Anuran_ARUs\IF09\SMM2-34_20260406_052400.wav
1368.0,1371.0,Cardinalis cardinalis,Northern Cardinal,0.5362,D:\Bird_Anuran_ARUs\IF09\SMM2-34_20260406_052400.wav
1371.0,1374.0,Setophaga pinus,Pine Warbler,0.3080,D:\Bird_Anuran_ARUs\IF09\SMM2-34_20260406_052400.wav
1377.0,1380.0,Cardinalis cardinalis,Northern Cardinal,0.9303,D:\Bird_Anuran_ARUs\IF09\SMM2-34_20260406_052400.wav
1383.0,1386.0,Setophaga pinus,Pine Warbler,0.7856,D:\Bird_Anuran_ARUs\IF09\SMM2-34_20260406_052400.wav
1386.0,1389.0,Seiurus aurocapilla,Ovenbird,0.6806,D:\Bird_Anuran_ARUs\IF09\SMM2-34_20260406_052400.wav
1389.0,1392.0,Setophaga pinus,Pine Warbler,0.2798,D:\Bird_Anuran_ARUs\IF09\SMM2-34_20260406_052400.wav
1392.0,1395.0,Cardinalis cardinalis,Northern Cardinal,0.6989,D:\Bird_Anuran_ARUs\IF09\SMM2-34_20260406_052400.wav
1395.0,1398.0,Cardinalis cardinalis,Northern Cardinal,0.5970,D:\Bird_Anuran_ARUs\IF09\SMM2-34_20260406_052400.wav
1404.0,1407.0,Molothrus ater,Brown-headed Cowbird,0.6233,D:\Bird_Anuran_ARUs\IF09\SMM2-34_20260406_052400.wav
1407.0,1410.0,Seiurus aurocapilla,Ovenbird,0.4885,D:\Bird_Anuran_ARUs\IF09\SMM2-34_20260406_052400.wav
1410.0,1413.0,Seiurus aurocapilla,Ovenbird,0.5486,D:\Bird_Anuran_ARUs\IF09\SMM2-34_20260406_052400.wav
1410.0,1413.0,Molothrus ater,Brown-headed Cowbird,0.4202,D:\Bird_Anuran_ARUs\IF09\SMM2-34_20260406_052400.wav
1413.0,1416.0,Cardinalis cardinalis,Northern Cardinal,0.9355,D:\Bird_Anuran_ARUs\IF09\SMM2-34_20260406_052400.wav
1413.0,1416.0,Seiurus aurocapilla,Ovenbird,0.2805,D:\Bird_Anuran_ARUs\IF09\SMM2-34_20260406_052400.wav
1416.0,1419.0,Molothrus ater,Brown-headed Cowbird,0.7433,D:\Bird_Anuran_ARUs\IF09\SMM2-34_20260406_052400.wav
1419.0,1422.0,Cardinalis cardinalis,Northern Cardinal,0.3018,D:\Bird_Anuran_ARUs\IF09\SMM2-34_20260406_052400.wav
1428.0,1431.0,Cardinalis cardinalis,Northern Cardinal,0.4913,D:\Bird_Anuran_ARUs\IF09\SMM2-34_20260406_052400.wav
1431.0,1434.0,Meleagris gallopavo,Wild Turkey,0.3344,D:\Bird_Anuran_ARUs\IF09\SMM2-34_20260406_052400.wav
1434.0,1437.0,Seiurus aurocapilla,Ovenbird,0.9372,D:\Bird_Anuran_ARUs\IF09\SMM2-34_20260406_052400.wav
1437.0,1440.0,Cardinalis cardinalis,Northern Cardinal,0.2958,D:\Bird_Anuran_ARUs\IF09\SMM2-34_20260406_052400.wav
1443.0,1446.0,Setophaga pinus,Pine Warbler,0.4195,D:\Bird_Anuran_ARUs\IF09\SMM2-34_20260406_052400.wav
1446.0,1449.0,Cardinalis cardinalis,Northern Cardinal,0.3316,D:\Bird_Anuran_ARUs\IF09\SMM2-34_20260406_052400.wav
1449.0,1452.0,Cardinalis cardinalis,Northern Cardinal,0.5922,D:\Bird_Anuran_ARUs\IF09\SMM2-34_20260406_052400.wav
1455.0,1458.0,Seiurus aurocapilla,Ovenbird,0.6009,D:\Bird_Anuran_ARUs\IF09\SMM2-34_20260406_052400.wav
1464.0,1467.0,Cardinalis cardinalis,Northern Cardinal,0.2552,D:\Bird_Anuran_ARUs\IF09\SMM2-34_20260406_052400.wav
1473.0,1476.0,Cardinalis cardinalis,Northern Cardinal,0.4429,D:\Bird_Anuran_ARUs\IF09\SMM2-34_20260406_052400.wav
1476.0,1479.0,Seiurus aurocapilla,Ovenbird,0.5052,D:\Bird_Anuran_ARUs\IF09\SMM2-34_20260406_052400.wav
1485.0,1488.0,Corvus brachyrhynchos,American Crow,0.9405,D:\Bird_Anuran_ARUs\IF09\SMM2-34_20260406_052400.wav
1485.0,1488.0,Pipilo erythrophthalmus,Eastern Towhee,0.3292,D:\Bird_Anuran_ARUs\IF09\SMM2-34_20260406_052400.wav
1491.0,1494.0,Cardinalis cardinalis,Northern Cardinal,0.3685,D:\Bird_Anuran_ARUs\IF09\SMM2-34_20260406_052400.wav
1491.0,1494.0,Corvus brachyrhynchos,American Crow,0.3072,D:\Bird_Anuran_ARUs\IF09\SMM2-34_20260406_052400.wav
1494.0,1497.0,Poecile carolinensis,Carolina Chickadee,0.2887,D:\Bird_Anuran_ARUs\IF09\SMM2-34_20260406_052400.wav
1497.0,1500.0,Seiurus aurocapilla,Ovenbird,0.6752,D:\Bird_Anuran_ARUs\IF09\SMM2-34_20260406_052400.wav
1500.0,1503.0,Meleagris gallopavo,Wild Turkey,0.8569,D:\Bird_Anuran_ARUs\IF09\SMM2-34_20260406_052400.wav
1518.0,1521.0,Setophaga citrina,Hooded Warbler,0.2737,D:\Bird_Anuran_ARUs\IF09\SMM2-34_20260406_052400.wav
1524.0,1527.0,Seiurus aurocapilla,Ovenbird,0.5323,D:\Bird_Anuran_ARUs\IF09\SMM2-34_20260406_052400.wav
1536.0,1539.0,Seiurus aurocapilla,Ovenbird,0.7940,D:\Bird_Anuran_ARUs\IF09\SMM2-34_20260406_052400.wav
1539.0,1542.0,Cardinalis cardinalis,Northern Cardinal,0.3360,D:\Bird_Anuran_ARUs\IF09\SMM2-34_20260406_052400.wav
1548.0,1551.0,Pipilo erythrophthalmus,Eastern Towhee,0.2852,D:\Bird_Anuran_ARUs\IF09\SMM2-34_20260406_052400.wav
1554.0,1557.0,Seiurus aurocapilla,Ovenbird,0.8139,D:\Bird_Anuran_ARUs\IF09\SMM2-34_20260406_052400.wav
1557.0,1560.0,Corvus brachyrhynchos,American Crow,0.8489,D:\Bird_Anuran_ARUs\IF09\SMM2-34_20260406_052400.wav
1560.0,1563.0,Corvus brachyrhynchos,American Crow,0.9527,D:\Bird_Anuran_ARUs\IF09\SMM2-34_20260406_052400.wav
1560.0,1563.0,Cardinalis cardinalis,Northern Cardinal,0.6327,D:\Bird_Anuran_ARUs\IF09\SMM2-34_20260406_052400.wav
1560.0,1563.0,Pipilo erythrophthalmus,Eastern Towhee,0.4723,D:\Bird_Anuran_ARUs\IF09\SMM2-34_20260406_052400.wav
1566.0,1569.0,Cardinalis cardinalis,Northern Cardinal,0.3314,D:\Bird_Anuran_ARUs\IF09\SMM2-34_20260406_052400.wav
1569.0,1572.0,Seiurus aurocapilla,Ovenbird,0.4627,D:\Bird_Anuran_ARUs\IF09\SMM2-34_20260406_052400.wav
1572.0,1575.0,Cardinalis cardinalis,Northern Cardinal,0.8685,D:\Bird_Anuran_ARUs\IF09\SMM2-34_20260406_052400.wav
1572.0,1575.0,Corvus brachyrhynchos,American Crow,0.5373,D:\Bird_Anuran_ARUs\IF09\SMM2-34_20260406_052400.wav
1584.0,1587.0,Pipilo erythrophthalmus,Eastern Towhee,0.4748,D:\Bird_Anuran_ARUs\IF09\SMM2-34_20260406_052400.wav
1587.0,1590.0,Cardinalis cardinalis,Northern Cardinal,0.8208,D:\Bird_Anuran_ARUs\IF09\SMM2-34_20260406_052400.wav
1587.0,1590.0,Corvus brachyrhynchos,American Crow,0.3078,D:\Bird_Anuran_ARUs\IF09\SMM2-34_20260406_052400.wav
1593.0,1596.0,Seiurus aurocapilla,Ovenbird,0.8918,D:\Bird_Anuran_ARUs\IF09\SMM2-34_20260406_052400.wav
1599.0,1602.0,Cardinalis cardinalis,Northern Cardinal,0.4192,D:\Bird_Anuran_ARUs\IF09\SMM2-34_20260406_052400.wav
1602.0,1605.0,Cardinalis cardinalis,Northern Cardinal,0.9789,D:\Bird_Anuran_ARUs\IF09\SMM2-34_20260406_052400.wav
1608.0,1611.0,Cardinalis cardinalis,Northern Cardinal,0.6047,D:\Bird_Anuran_ARUs\IF09\SMM2-34_20260406_052400.wav
1611.0,1614.0,Cardinalis cardinalis,Northern Cardinal,0.7241,D:\Bird_Anuran_ARUs\IF09\SMM2-34_20260406_052400.wav
1611.0,1614.0,Pipilo erythrophthalmus,Eastern Towhee,0.2846,D:\Bird_Anuran_ARUs\IF09\SMM2-34_20260406_052400.wav
1620.0,1623.0,Seiurus aurocapilla,Ovenbird,0.7054,D:\Bird_Anuran_ARUs\IF09\SMM2-34_20260406_052400.wav
1620.0,1623.0,Corvus brachyrhynchos,American Crow,0.6326,D:\Bird_Anuran_ARUs\IF09\SMM2-34_20260406_052400.wav
1620.0,1623.0,Cardinalis cardinalis,Northern Cardinal,0.3534,D:\Bird_Anuran_ARUs\IF09\SMM2-34_20260406_052400.wav
1623.0,1626.0,Cardinalis cardinalis,Northern Cardinal,0.4030,D:\Bird_Anuran_ARUs\IF09\SMM2-34_20260406_052400.wav
1626.0,1629.0,Cardinalis cardinalis,Northern Cardinal,0.3351,D:\Bird_Anuran_ARUs\IF09\SMM2-34_20260406_052400.wav
1632.0,1635.0,Molothrus ater,Brown-headed Cowbird,0.8624,D:\Bird_Anuran_ARUs\IF09\SMM2-34_20260406_052400.wav
1638.0,1641.0,Cardinalis cardinalis,Northern Cardinal,0.4374,D:\Bird_Anuran_ARUs\IF09\SMM2-34_20260406_052400.wav
1641.0,1644.0,Seiurus aurocapilla,Ovenbird,0.8347,D:\Bird_Anuran_ARUs\IF09\SMM2-34_20260406_052400.wav
1644.0,1647.0,Seiurus aurocapilla,Ovenbird,0.5285,D:\Bird_Anuran_ARUs\IF09\SMM2-34_20260406_052400.wav
1653.0,1656.0,Corvus brachyrhynchos,American Crow,0.5018,D:\Bird_Anuran_ARUs\IF09\SMM2-34_20260406_052400.wav
1662.0,1665.0,Seiurus aurocapilla,Ovenbird,0.9182,D:\Bird_Anuran_ARUs\IF09\SMM2-34_20260406_052400.wav
1665.0,1668.0,Cardinalis cardinalis,Northern Cardinal,0.4291,D:\Bird_Anuran_ARUs\IF09\SMM2-34_20260406_052400.wav
1674.0,1677.0,Cardinalis cardinalis,Northern Cardinal,0.4759,D:\Bird_Anuran_ARUs\IF09\SMM2-34_20260406_052400.wav
1677.0,1680.0,Molothrus ater,Brown-headed Cowbird,0.5022,D:\Bird_Anuran_ARUs\IF09\SMM2-34_20260406_052400.wav
1680.0,1683.0,Cardinalis cardinalis,Northern Cardinal,0.8171,D:\Bird_Anuran_ARUs\IF09\SMM2-34_20260406_052400.wav
1680.0,1683.0,Corvus brachyrhynchos,American Crow,0.4247,D:\Bird_Anuran_ARUs\IF09\SMM2-34_20260406_052400.wav
1683.0,1686.0,Seiurus aurocapilla,Ovenbird,0.7977,D:\Bird_Anuran_ARUs\IF09\SMM2-34_20260406_052400.wav
1686.0,1689.0,Seiurus aurocapilla,Ovenbird,0.7998,D:\Bird_Anuran_ARUs\IF09\SMM2-34_20260406_052400.wav
1686.0,1689.0,Cardinalis cardinalis,Northern Cardinal,0.2626,D:\Bird_Anuran_ARUs\IF09\SMM2-34_20260406_052400.wav
1692.0,1695.0,Seiurus aurocapilla,Ovenbird,0.2964,D:\Bird_Anuran_ARUs\IF09\SMM2-34_20260406_052400.wav
1695.0,1698.0,Molothrus ater,Brown-headed Cowbird,0.6936,D:\Bird_Anuran_ARUs\IF09\SMM2-34_20260406_052400.wav
1698.0,1701.0,Cardinalis cardinalis,Northern Cardinal,0.8660,D:\Bird_Anuran_ARUs\IF09\SMM2-34_20260406_052400.wav
1701.0,1704.0,Cardinalis cardinalis,Northern Cardinal,0.2635,D:\Bird_Anuran_ARUs\IF09\SMM2-34_20260406_052400.wav
1704.0,1707.0,Molothrus ater,Brown-headed Cowbird,0.6637,D:\Bird_Anuran_ARUs\IF09\SMM2-34_20260406_052400.wav
1710.0,1713.0,Seiurus aurocapilla,Ovenbird,0.9357,D:\Bird_Anuran_ARUs\IF09\SMM2-34_20260406_052400.wav
1710.0,1713.0,Cardinalis cardinalis,Northern Cardinal,0.7343,D:\Bird_Anuran_ARUs\IF09\SMM2-34_20260406_052400.wav
1713.0,1716.0,Cardinalis cardinalis,Northern Cardinal,0.3245,D:\Bird_Anuran_ARUs\IF09\SMM2-34_20260406_052400.wav
1716.0,1719.0,Seiurus aurocapilla,Ovenbird,0.2944,D:\Bird_Anuran_ARUs\IF09\SMM2-34_20260406_052400.wav
1725.0,1728.0,Cardinalis cardinalis,Northern Cardinal,0.3608,D:\Bird_Anuran_ARUs\IF09\SMM2-34_20260406_052400.wav
1728.0,1731.0,Molothrus ater,Brown-headed Cowbird,0.6044,D:\Bird_Anuran_ARUs\IF09\SMM2-34_20260406_052400.wav
1731.0,1734.0,Seiurus aurocapilla,Ovenbird,0.7221,D:\Bird_Anuran_ARUs\IF09\SMM2-34_20260406_052400.wav
1746.0,1749.0,Cardinalis cardinalis,Northern Cardinal,0.2632,D:\Bird_Anuran_ARUs\IF09\SMM2-34_20260406_052400.wav
1752.0,1755.0,Seiurus aurocapilla,Ovenbird,0.8894,D:\Bird_Anuran_ARUs\IF09\SMM2-34_20260406_052400.wav
1752.0,1755.0,Corvus brachyrhynchos,American Crow,0.4500,D:\Bird_Anuran_ARUs\IF09\SMM2-34_20260406_052400.wav
1752.0,1755.0,Cardinalis cardinalis,Northern Cardinal,0.2631,D:\Bird_Anuran_ARUs\IF09\SMM2-34_20260406_052400.wav
1758.0,1761.0,Seiurus aurocapilla,Ovenbird,0.5054,D:\Bird_Anuran_ARUs\IF09\SMM2-34_20260406_052400.wav
1770.0,1773.0,Seiurus aurocapilla,Ovenbird,0.9609,D:\Bird_Anuran_ARUs\IF09\SMM2-34_20260406_052400.wav
1770.0,1773.0,Corvus brachyrhynchos,American Crow,0.5370,D:\Bird_Anuran_ARUs\IF09\SMM2-34_20260406_052400.wav
1773.0,1776.0,Seiurus aurocapilla,Ovenbird,0.7705,D:\Bird_Anuran_ARUs\IF09\SMM2-34_20260406_052400.wav
1776.0,1779.0,Corvus brachyrhynchos,American Crow,0.4930,D:\Bird_Anuran_ARUs\IF09\SMM2-34_20260406_052400.wav
1776.0,1779.0,Cardinalis cardinalis,Northern Cardinal,0.4656,D:\Bird_Anuran_ARUs\IF09\SMM2-34_20260406_052400.wav
1779.0,1782.0,Corvus brachyrhynchos,American Crow,0.3116,D:\Bird_Anuran_ARUs\IF09\SMM2-34_20260406_052400.wav
1785.0,1788.0,Seiurus aurocapilla,Ovenbird,0.3132,D:\Bird_Anuran_ARUs\IF09\SMM2-34_20260406_052400.wav
1785.0,1788.0,Corvus brachyrhynchos,American Crow,0.2744,D:\Bird_Anuran_ARUs\IF09\SMM2-34_20260406_052400.wav
1794.0,1797.0,Seiurus aurocapilla,Ovenbird,0.8892,D:\Bird_Anuran_ARUs\IF09\SMM2-34_20260406_052400.wav
1794.0,1797.0,Corvus brachyrhynchos,American Crow,0.3233,D:\Bird_Anuran_ARUs\IF09\SMM2-34_20260406_052400.wav
1800.0,1803.0,Corvus brachyrhynchos,American Crow,0.5464,D:\Bird_Anuran_ARUs\IF09\SMM2-34_20260406_052400.wav
1800.0,1803.0,Baeolophus bicolor,Tufted Titmouse,0.3084,D:\Bird_Anuran_ARUs\IF09\SMM2-34_20260406_052400.wav
1803.0,1806.0,Seiurus aurocapilla,Ovenbird,0.5837,D:\Bird_Anuran_ARUs\IF09\SMM2-34_20260406_052400.wav
1815.0,1818.0,Molothrus ater,Brown-headed Cowbird,0.5562,D:\Bird_Anuran_ARUs\IF09\SMM2-34_20260406_052400.wav
1815.0,1818.0,Seiurus aurocapilla,Ovenbird,0.3041,D:\Bird_Anuran_ARUs\IF09\SMM2-34_20260406_052400.wav
1830.0,1833.0,Corvus brachyrhynchos,American Crow,0.8311,D:\Bird_Anuran_ARUs\IF09\SMM2-34_20260406_052400.wav
1833.0,1836.0,Corvus brachyrhynchos,American Crow,0.8661,D:\Bird_Anuran_ARUs\IF09\SMM2-34_20260406_052400.wav
1833.0,1836.0,Pipilo erythrophthalmus,Eastern Towhee,0.5410,D:\Bird_Anuran_ARUs\IF09\SMM2-34_20260406_052400.wav
1839.0,1842.0,Seiurus aurocapilla,Ovenbird,0.7146,D:\Bird_Anuran_ARUs\IF09\SMM2-34_20260406_052400.wav
1851.0,1854.0,Molothrus ater,Brown-headed Cowbird,0.4851,D:\Bird_Anuran_ARUs\IF09\SMM2-34_20260406_052400.wav
1857.0,1860.0,Seiurus aurocapilla,Ovenbird,0.7820,D:\Bird_Anuran_ARUs\IF09\SMM2-34_20260406_052400.wav
1860.0,1863.0,Seiurus aurocapilla,Ovenbird,0.8755,D:\Bird_Anuran_ARUs\IF09\SMM2-34_20260406_052400.wav
1863.0,1866.0,Cardinalis cardinalis,Northern Cardinal,0.3755,D:\Bird_Anuran_ARUs\IF09\SMM2-34_20260406_052400.wav
1869.0,1872.0,Cardinalis cardinalis,Northern Cardinal,0.3652,D:\Bird_Anuran_ARUs\IF09\SMM2-34_20260406_052400.wav
1875.0,1878.0,Cardinalis cardinalis,Northern Cardinal,0.6014,D:\Bird_Anuran_ARUs\IF09\SMM2-34_20260406_052400.wav
1878.0,1881.0,Seiurus aurocapilla,Ovenbird,0.8058,D:\Bird_Anuran_ARUs\IF09\SMM2-34_20260406_052400.wav
1878.0,1881.0,Cardinalis cardinalis,Northern Cardinal,0.6744,D:\Bird_Anuran_ARUs\IF09\SMM2-34_20260406_052400.wav
1878.0,1881.0,Corvus brachyrhynchos,American Crow,0.2936,D:\Bird_Anuran_ARUs\IF09\SMM2-34_20260406_052400.wav
1881.0,1884.0,Seiurus aurocapilla,Ovenbird,0.7620,D:\Bird_Anuran_ARUs\IF09\SMM2-34_20260406_052400.wav
1881.0,1884.0,Corvus brachyrhynchos,American Crow,0.6703,D:\Bird_Anuran_ARUs\IF09\SMM2-34_20260406_052400.wav
1881.0,1884.0,Pipilo erythrophthalmus,Eastern Towhee,0.3239,D:\Bird_Anuran_ARUs\IF09\SMM2-34_20260406_052400.wav
1884.0,1887.0,Cardinalis cardinalis,Northern Cardinal,0.5366,D:\Bird_Anuran_ARUs\IF09\SMM2-34_20260406_052400.wav
1887.0,1890.0,Cardinalis cardinalis,Northern Cardinal,0.4134,D:\Bird_Anuran_ARUs\IF09\SMM2-34_20260406_052400.wav
1890.0,1893.0,Cardinalis cardinalis,Northern Cardinal,0.7175,D:\Bird_Anuran_ARUs\IF09\SMM2-34_20260406_052400.wav
1893.0,1896.0,Cardinalis cardinalis,Northern Cardinal,0.6212,D:\Bird_Anuran_ARUs\IF09\SMM2-34_20260406_052400.wav
1896.0,1899.0,Seiurus aurocapilla,Ovenbird,0.2736,D:\Bird_Anuran_ARUs\IF09\SMM2-34_20260406_052400.wav
1899.0,1902.0,Setophaga pinus,Pine Warbler,0.7521,D:\Bird_Anuran_ARUs\IF09\SMM2-34_20260406_052400.wav
1905.0,1908.0,Seiurus aurocapilla,Ovenbird,0.3354,D:\Bird_Anuran_ARUs\IF09\SMM2-34_20260406_052400.wav
1908.0,1911.0,Cardinalis cardinalis,Northern Cardinal,0.2663,D:\Bird_Anuran_ARUs\IF09\SMM2-34_20260406_052400.wav
1911.0,1914.0,Setophaga pinus,Pine Warbler,0.4506,D:\Bird_Anuran_ARUs\IF09\SMM2-34_20260406_052400.wav
1917.0,1920.0,Cardinalis cardinalis,Northern Cardinal,0.4566,D:\Bird_Anuran_ARUs\IF09\SMM2-34_20260406_052400.wav
1926.0,1929.0,Cardinalis cardinalis,Northern Cardinal,0.4476,D:\Bird_Anuran_ARUs\IF09\SMM2-34_20260406_052400.wav
1929.0,1932.0,Cardinalis cardinalis,Northern Cardinal,0.4641,D:\Bird_Anuran_ARUs\IF09\SMM2-34_20260406_052400.wav
1932.0,1935.0,Cardinalis cardinalis,Northern Cardinal,0.6198,D:\Bird_Anuran_ARUs\IF09\SMM2-34_20260406_052400.wav
1935.0,1938.0,Cardinalis cardinalis,Northern Cardinal,0.3348,D:\Bird_Anuran_ARUs\IF09\SMM2-34_20260406_052400.wav
1941.0,1944.0,Cardinalis cardinalis,Northern Cardinal,0.3365,D:\Bird_Anuran_ARUs\IF09\SMM2-34_20260406_052400.wav
1944.0,1947.0,Seiurus aurocapilla,Ovenbird,0.2686,D:\Bird_Anuran_ARUs\IF09\SMM2-34_20260406_052400.wav
1947.0,1950.0,Seiurus aurocapilla,Ovenbird,0.6524,D:\Bird_Anuran_ARUs\IF09\SMM2-34_20260406_052400.wav
1950.0,1953.0,Setophaga pinus,Pine Warbler,0.4905,D:\Bird_Anuran_ARUs\IF09\SMM2-34_20260406_052400.wav
1953.0,1956.0,Setophaga pinus,Pine Warbler,0.5352,D:\Bird_Anuran_ARUs\IF09\SMM2-34_20260406_052400.wav
1965.0,1968.0,Seiurus aurocapilla,Ovenbird,0.4750,D:\Bird_Anuran_ARUs\IF09\SMM2-34_20260406_052400.wav
1968.0,1971.0,Seiurus aurocapilla,Ovenbird,0.2824,D:\Bird_Anuran_ARUs\IF09\SMM2-34_20260406_052400.wav
1974.0,1977.0,Setophaga pinus,Pine Warbler,0.2921,D:\Bird_Anuran_ARUs\IF09\SMM2-34_20260406_052400.wav
1977.0,1980.0,Setophaga pinus,Pine Warbler,0.3005,D:\Bird_Anuran_ARUs\IF09\SMM2-34_20260406_052400.wav
1980.0,1983.0,Cardinalis cardinalis,Northern Cardinal,0.6803,D:\Bird_Anuran_ARUs\IF09\SMM2-34_20260406_052400.wav
1986.0,1989.0,Cardinalis cardinalis,Northern Cardinal,0.8277,D:\Bird_Anuran_ARUs\IF09\SMM2-34_20260406_052400.wav
1992.0,1995.0,Seiurus aurocapilla,Ovenbird,0.2732,D:\Bird_Anuran_ARUs\IF09\SMM2-34_20260406_052400.wav
1998.0,2001.0,Cardinalis cardinalis,Northern Cardinal,0.4344,D:\Bird_Anuran_ARUs\IF09\SMM2-34_20260406_052400.wav
2001.0,2004.0,Cardinalis cardinalis,Northern Cardinal,0.3123,D:\Bird_Anuran_ARUs\IF09\SMM2-34_20260406_052400.wav
2007.0,2010.0,Setophaga pinus,Pine Warbler,0.2920,D:\Bird_Anuran_ARUs\IF09\SMM2-34_20260406_052400.wav
2016.0,2019.0,Seiurus aurocapilla,Ovenbird,0.7205,D:\Bird_Anuran_ARUs\IF09\SMM2-34_20260406_052400.wav
2016.0,2019.0,Cardinalis cardinalis,Northern Cardinal,0.4252,D:\Bird_Anuran_ARUs\IF09\SMM2-34_20260406_052400.wav
2031.0,2034.0,Cardinalis cardinalis,Northern Cardinal,0.5779,D:\Bird_Anuran_ARUs\IF09\SMM2-34_20260406_052400.wav
2043.0,2046.0,Seiurus aurocapilla,Ovenbird,0.4519,D:\Bird_Anuran_ARUs\IF09\SMM2-34_20260406_052400.wav
2046.0,2049.0,Cardinalis cardinalis,Northern Cardinal,0.5106,D:\Bird_Anuran_ARUs\IF09\SMM2-34_20260406_052400.wav
2064.0,2067.0,Molothrus ater,Brown-headed Cowbird,0.4601,D:\Bird_Anuran_ARUs\IF09\SMM2-34_20260406_052400.wav
2064.0,2067.0,Corvus brachyrhynchos,American Crow,0.4186,D:\Bird_Anuran_ARUs\IF09\SMM2-34_20260406_052400.wav
2070.0,2073.0,Molothrus ater,Brown-headed Cowbird,0.8149,D:\Bird_Anuran_ARUs\IF09\SMM2-34_20260406_052400.wav
2079.0,2082.0,Cardinalis cardinalis,Northern Cardinal,0.9004,D:\Bird_Anuran_ARUs\IF09\SMM2-34_20260406_052400.wav
2082.0,2085.0,Corvus brachyrhynchos,American Crow,0.8009,D:\Bird_Anuran_ARUs\IF09\SMM2-34_20260406_052400.wav
2082.0,2085.0,Cardinalis cardinalis,Northern Cardinal,0.4577,D:\Bird_Anuran_ARUs\IF09\SMM2-34_20260406_052400.wav
2085.0,2088.0,Seiurus aurocapilla,Ovenbird,0.8465,D:\Bird_Anuran_ARUs\IF09\SMM2-34_20260406_052400.wav
2091.0,2094.0,Cardinalis cardinalis,Northern Cardinal,0.5663,D:\Bird_Anuran_ARUs\IF09\SMM2-34_20260406_052400.wav
2094.0,2097.0,Cardinalis cardinalis,Northern Cardinal,0.4460,D:\Bird_Anuran_ARUs\IF09\SMM2-34_20260406_052400.wav
2097.0,2100.0,Cardinalis cardinalis,Northern Cardinal,0.2964,D:\Bird_Anuran_ARUs\IF09\SMM2-34_20260406_052400.wav
2100.0,2103.0,Cardinalis cardinalis,Northern Cardinal,0.9132,D:\Bird_Anuran_ARUs\IF09\SMM2-34_20260406_052400.wav
2103.0,2106.0,Seiurus aurocapilla,Ovenbird,0.9119,D:\Bird_Anuran_ARUs\IF09\SMM2-34_20260406_052400.wav
2103.0,2106.0,Corvus brachyrhynchos,American Crow,0.4579,D:\Bird_Anuran_ARUs\IF09\SMM2-34_20260406_052400.wav
2118.0,2121.0,Corvus brachyrhynchos,American Crow,0.6577,D:\Bird_Anuran_ARUs\IF09\SMM2-34_20260406_052400.wav
2118.0,2121.0,Hylocichla mustelina,Wood Thrush,0.4217,D:\Bird_Anuran_ARUs\IF09\SMM2-34_20260406_052400.wav
2118.0,2121.0,Molothrus ater,Brown-headed Cowbird,0.3771,D:\Bird_Anuran_ARUs\IF09\SMM2-34_20260406_052400.wav
2124.0,2127.0,Corvus brachyrhynchos,American Crow,0.3934,D:\Bird_Anuran_ARUs\IF09\SMM2-34_20260406_052400.wav
2124.0,2127.0,Hylocichla mustelina,Wood Thrush,0.2947,D:\Bird_Anuran_ARUs\IF09\SMM2-34_20260406_052400.wav
2127.0,2130.0,Seiurus aurocapilla,Ovenbird,0.8939,D:\Bird_Anuran_ARUs\IF09\SMM2-34_20260406_052400.wav
2130.0,2133.0,Corvus brachyrhynchos,American Crow,0.5058,D:\Bird_Anuran_ARUs\IF09\SMM2-34_20260406_052400.wav
2130.0,2133.0,Seiurus aurocapilla,Ovenbird,0.3599,D:\Bird_Anuran_ARUs\IF09\SMM2-34_20260406_052400.wav
2133.0,2136.0,Corvus brachyrhynchos,American Crow,0.5236,D:\Bird_Anuran_ARUs\IF09\SMM2-34_20260406_052400.wav
2133.0,2136.0,Cardinalis cardinalis,Northern Cardinal,0.2734,D:\Bird_Anuran_ARUs\IF09\SMM2-34_20260406_052400.wav
2136.0,2139.0,Cardinalis cardinalis,Northern Cardinal,0.6917,D:\Bird_Anuran_ARUs\IF09\SMM2-34_20260406_052400.wav
2139.0,2142.0,Molothrus ater,Brown-headed Cowbird,0.9374,D:\Bird_Anuran_ARUs\IF09\SMM2-34_20260406_052400.wav
2145.0,2148.0,Cardinalis cardinalis,Northern Cardinal,0.8926,D:\Bird_Anuran_ARUs\IF09\SMM2-34_20260406_052400.wav
2148.0,2151.0,Seiurus aurocapilla,Ovenbird,0.5824,D:\Bird_Anuran_ARUs\IF09\SMM2-34_20260406_052400.wav
2148.0,2151.0,Corvus brachyrhynchos,American Crow,0.3327,D:\Bird_Anuran_ARUs\IF09\SMM2-34_20260406_052400.wav
2151.0,2154.0,Cardinalis cardinalis,Northern Cardinal,0.8444,D:\Bird_Anuran_ARUs\IF09\SMM2-34_20260406_052400.wav
2154.0,2157.0,Cardinalis cardinalis,Northern Cardinal,0.5472,D:\Bird_Anuran_ARUs\IF09\SMM2-34_20260406_052400.wav
2157.0,2160.0,Cardinalis cardinalis,Northern Cardinal,0.5382,D:\Bird_Anuran_ARUs\IF09\SMM2-34_20260406_052400.wav
2160.0,2163.0,Cardinalis cardinalis,Northern Cardinal,0.6782,D:\Bird_Anuran_ARUs\IF09\SMM2-34_20260406_052400.wav
2163.0,2166.0,Molothrus ater,Brown-headed Cowbird,0.9176,D:\Bird_Anuran_ARUs\IF09\SMM2-34_20260406_052400.wav
2169.0,2172.0,Cardinalis cardinalis,Northern Cardinal,0.6433,D:\Bird_Anuran_ARUs\IF09\SMM2-34_20260406_052400.wav
2172.0,2175.0,Seiurus aurocapilla,Ovenbird,0.9445,D:\Bird_Anuran_ARUs\IF09\SMM2-34_20260406_052400.wav
2172.0,2175.0,Corvus brachyrhynchos,American Crow,0.5257,D:\Bird_Anuran_ARUs\IF09\SMM2-34_20260406_052400.wav
2175.0,2178.0,Molothrus ater,Brown-headed Cowbird,0.6925,D:\Bird_Anuran_ARUs\IF09\SMM2-34_20260406_052400.wav
2178.0,2181.0,Cardinalis cardinalis,Northern Cardinal,0.6291,D:\Bird_Anuran_ARUs\IF09\SMM2-34_20260406_052400.wav
2181.0,2184.0,Cardinalis cardinalis,Northern Cardinal,0.8550,D:\Bird_Anuran_ARUs\IF09\SMM2-34_20260406_052400.wav
2184.0,2187.0,Corvus brachyrhynchos,American Crow,0.3292,D:\Bird_Anuran_ARUs\IF09\SMM2-34_20260406_052400.wav
2190.0,2193.0,Cardinalis cardinalis,Northern Cardinal,0.8916,D:\Bird_Anuran_ARUs\IF09\SMM2-34_20260406_052400.wav
2196.0,2199.0,Seiurus aurocapilla,Ovenbird,0.9511,D:\Bird_Anuran_ARUs\IF09\SMM2-34_20260406_052400.wav
2199.0,2202.0,Cardinalis cardinalis,Northern Cardinal,0.6566,D:\Bird_Anuran_ARUs\IF09\SMM2-34_20260406_052400.wav
2202.0,2205.0,Cardinalis cardinalis,Northern Cardinal,0.3216,D:\Bird_Anuran_ARUs\IF09\SMM2-34_20260406_052400.wav
2208.0,2211.0,Cardinalis cardinalis,Northern Cardinal,0.9184,D:\Bird_Anuran_ARUs\IF09\SMM2-34_20260406_052400.wav
2211.0,2214.0,Molothrus ater,Brown-headed Cowbird,0.9686,D:\Bird_Anuran_ARUs\IF09\SMM2-34_20260406_052400.wav
2217.0,2220.0,Cardinalis cardinalis,Northern Cardinal,0.6586,D:\Bird_Anuran_ARUs\IF09\SMM2-34_20260406_052400.wav
2217.0,2220.0,Seiurus aurocapilla,Ovenbird,0.3844,D:\Bird_Anuran_ARUs\IF09\SMM2-34_20260406_052400.wav
2220.0,2223.0,Seiurus aurocapilla,Ovenbird,0.5400,D:\Bird_Anuran_ARUs\IF09\SMM2-34_20260406_052400.wav
2226.0,2229.0,Cardinalis cardinalis,Northern Cardinal,0.8054,D:\Bird_Anuran_ARUs\IF09\SMM2-34_20260406_052400.wav
2229.0,2232.0,Corvus brachyrhynchos,American Crow,0.7766,D:\Bird_Anuran_ARUs\IF09\SMM2-34_20260406_052400.wav
2235.0,2238.0,Cardinalis cardinalis,Northern Cardinal,0.3701,D:\Bird_Anuran_ARUs\IF09\SMM2-34_20260406_052400.wav
2238.0,2241.0,Seiurus aurocapilla,Ovenbird,0.8607,D:\Bird_Anuran_ARUs\IF09\SMM2-34_20260406_052400.wav
2244.0,2247.0,Cardinalis cardinalis,Northern Cardinal,0.8708,D:\Bird_Anuran_ARUs\IF09\SMM2-34_20260406_052400.wav
2253.0,2256.0,Cardinalis cardinalis,Northern Cardinal,0.9067,D:\Bird_Anuran_ARUs\IF09\SMM2-34_20260406_052400.wav
2256.0,2259.0,Molothrus ater,Brown-headed Cowbird,0.8812,D:\Bird_Anuran_ARUs\IF09\SMM2-34_20260406_052400.wav
2259.0,2262.0,Cardinalis cardinalis,Northern Cardinal,0.5457,D:\Bird_Anuran_ARUs\IF09\SMM2-34_20260406_052400.wav
2262.0,2265.0,Cardinalis cardinalis,Northern Cardinal,0.4018,D:\Bird_Anuran_ARUs\IF09\SMM2-34_20260406_052400.wav
2268.0,2271.0,Cardinalis cardinalis,Northern Cardinal,0.8641,D:\Bird_Anuran_ARUs\IF09\SMM2-34_20260406_052400.wav
2274.0,2277.0,Cardinalis cardinalis,Northern Cardinal,0.5979,D:\Bird_Anuran_ARUs\IF09\SMM2-34_20260406_052400.wav
2277.0,2280.0,Cardinalis cardinalis,Northern Cardinal,0.7388,D:\Bird_Anuran_ARUs\IF09\SMM2-34_20260406_052400.wav
2280.0,2283.0,Seiurus aurocapilla,Ovenbird,0.7741,D:\Bird_Anuran_ARUs\IF09\SMM2-34_20260406_052400.wav
2286.0,2289.0,Cardinalis cardinalis,Northern Cardinal,0.6594,D:\Bird_Anuran_ARUs\IF09\SMM2-34_20260406_052400.wav
2292.0,2295.0,Cardinalis cardinalis,Northern Cardinal,0.9042,D:\Bird_Anuran_ARUs\IF09\SMM2-34_20260406_052400.wav
2295.0,2298.0,Cardinalis cardinalis,Northern Cardinal,0.6597,D:\Bird_Anuran_ARUs\IF09\SMM2-34_20260406_052400.wav
2301.0,2304.0,Cardinalis cardinalis,Northern Cardinal,0.6944,D:\Bird_Anuran_ARUs\IF09\SMM2-34_20260406_052400.wav
2304.0,2307.0,Cardinalis cardinalis,Northern Cardinal,0.4485,D:\Bird_Anuran_ARUs\IF09\SMM2-34_20260406_052400.wav
2307.0,2310.0,Seiurus aurocapilla,Ovenbird,0.8726,D:\Bird_Anuran_ARUs\IF09\SMM2-34_20260406_052400.wav
2310.0,2313.0,Cardinalis cardinalis,Northern Cardinal,0.3442,D:\Bird_Anuran_ARUs\IF09\SMM2-34_20260406_052400.wav
2313.0,2316.0,Cardinalis cardinalis,Northern Cardinal,0.9391,D:\Bird_Anuran_ARUs\IF09\SMM2-34_20260406_052400.wav
2319.0,2322.0,Cardinalis cardinalis,Northern Cardinal,0.8693,D:\Bird_Anuran_ARUs\IF09\SMM2-34_20260406_052400.wav
2322.0,2325.0,Cardinalis cardinalis,Northern Cardinal,0.6543,D:\Bird_Anuran_ARUs\IF09\SMM2-34_20260406_052400.wav
2331.0,2334.0,Seiurus aurocapilla,Ovenbird,0.8481,D:\Bird_Anuran_ARUs\IF09\SMM2-34_20260406_052400.wav
2334.0,2337.0,Cardinalis cardinalis,Northern Cardinal,0.8261,D:\Bird_Anuran_ARUs\IF09\SMM2-34_20260406_052400.wav
2337.0,2340.0,Cardinalis cardinalis,Northern Cardinal,0.6699,D:\Bird_Anuran_ARUs\IF09\SMM2-34_20260406_052400.wav
2340.0,2343.0,Cardinalis cardinalis,Northern Cardinal,0.5893,D:\Bird_Anuran_ARUs\IF09\SMM2-34_20260406_052400.wav
2343.0,2346.0,Setophaga pinus,Pine Warbler,0.7456,D:\Bird_Anuran_ARUs\IF09\SMM2-34_20260406_052400.wav
2346.0,2349.0,Cardinalis cardinalis,Northern Cardinal,0.9701,D:\Bird_Anuran_ARUs\IF09\SMM2-34_20260406_052400.wav
2352.0,2355.0,Cardinalis cardinalis,Northern Cardinal,0.9277,D:\Bird_Anuran_ARUs\IF09\SMM2-34_20260406_052400.wav
2355.0,2358.0,Cardinalis cardinalis,Northern Cardinal,0.9724,D:\Bird_Anuran_ARUs\IF09\SMM2-34_20260406_052400.wav
2361.0,2364.0,Cardinalis cardinalis,Northern Cardinal,0.8659,D:\Bird_Anuran_ARUs\IF09\SMM2-34_20260406_052400.wav
2364.0,2367.0,Cardinalis cardinalis,Northern Cardinal,0.6737,D:\Bird_Anuran_ARUs\IF09\SMM2-34_20260406_052400.wav
2367.0,2370.0,Cardinalis cardinalis,Northern Cardinal,0.9355,D:\Bird_Anuran_ARUs\IF09\SMM2-34_20260406_052400.wav
2370.0,2373.0,Cardinalis cardinalis,Northern Cardinal,0.9815,D:\Bird_Anuran_ARUs\IF09\SMM2-34_20260406_052400.wav
2373.0,2376.0,Cardinalis cardinalis,Northern Cardinal,0.7843,D:\Bird_Anuran_ARUs\IF09\SMM2-34_20260406_052400.wav
2376.0,2379.0,Cardinalis cardinalis,Northern Cardinal,0.9886,D:\Bird_Anuran_ARUs\IF09\SMM2-34_20260406_052400.wav
2379.0,2382.0,Setophaga pinus,Pine Warbler,0.2598,D:\Bird_Anuran_ARUs\IF09\SMM2-34_20260406_052400.wav
2382.0,2385.0,Cardinalis cardinalis,Northern Cardinal,0.9426,D:\Bird_Anuran_ARUs\IF09\SMM2-34_20260406_052400.wav
2385.0,2388.0,Cardinalis cardinalis,Northern Cardinal,0.9845,D:\Bird_Anuran_ARUs\IF09\SMM2-34_20260406_052400.wav
2388.0,2391.0,Setophaga pinus,Pine Warbler,0.4585,D:\Bird_Anuran_ARUs\IF09\SMM2-34_20260406_052400.wav
2391.0,2394.0,Cardinalis cardinalis,Northern Cardinal,0.8923,D:\Bird_Anuran_ARUs\IF09\SMM2-34_20260406_052400.wav
2394.0,2397.0,Cardinalis cardinalis,Northern Cardinal,0.9523,D:\Bird_Anuran_ARUs\IF09\SMM2-34_20260406_052400.wav
2397.0,2400.0,Cardinalis cardinalis,Northern Cardinal,0.2826,D:\Bird_Anuran_ARUs\IF09\SMM2-34_20260406_052400.wav
2400.0,2403.0,Cardinalis cardinalis,Northern Cardinal,0.9233,D:\Bird_Anuran_ARUs\IF09\SMM2-34_20260406_052400.wav
2403.0,2406.0,Molothrus ater,Brown-headed Cowbird,0.7304,D:\Bird_Anuran_ARUs\IF09\SMM2-34_20260406_052400.wav
2406.0,2409.0,Cardinalis cardinalis,Northern Cardinal,0.6397,D:\Bird_Anuran_ARUs\IF09\SMM2-34_20260406_052400.wav
2409.0,2412.0,Cardinalis cardinalis,Northern Cardinal,0.9543,D:\Bird_Anuran_ARUs\IF09\SMM2-34_20260406_052400.wav
2415.0,2418.0,Cardinalis cardinalis,Northern Cardinal,0.9879,D:\Bird_Anuran_ARUs\IF09\SMM2-34_20260406_052400.wav
2418.0,2421.0,Setophaga pinus,Pine Warbler,0.2999,D:\Bird_Anuran_ARUs\IF09\SMM2-34_20260406_052400.wav
2424.0,2427.0,Cardinalis cardinalis,Northern Cardinal,0.9861,D:\Bird_Anuran_ARUs\IF09\SMM2-34_20260406_052400.wav
2427.0,2430.0,Setophaga pinus,Pine Warbler,0.5752,D:\Bird_Anuran_ARUs\IF09\SMM2-34_20260406_052400.wav
2430.0,2433.0,Setophaga pinus,Pine Warbler,0.4139,D:\Bird_Anuran_ARUs\IF09\SMM2-34_20260406_052400.wav
2433.0,2436.0,Cardinalis cardinalis,Northern Cardinal,0.8547,D:\Bird_Anuran_ARUs\IF09\SMM2-34_20260406_052400.wav
2436.0,2439.0,Cardinalis cardinalis,Northern Cardinal,0.7746,D:\Bird_Anuran_ARUs\IF09\SMM2-34_20260406_052400.wav
2439.0,2442.0,Cardinalis cardinalis,Northern Cardinal,0.3086,D:\Bird_Anuran_ARUs\IF09\SMM2-34_20260406_052400.wav
2442.0,2445.0,Cardinalis cardinalis,Northern Cardinal,0.9915,D:\Bird_Anuran_ARUs\IF09\SMM2-34_20260406_052400.wav
2445.0,2448.0,Cardinalis cardinalis,Northern Cardinal,0.5154,D:\Bird_Anuran_ARUs\IF09\SMM2-34_20260406_052400.wav
2448.0,2451.0,Seiurus aurocapilla,Ovenbird,0.4872,D:\Bird_Anuran_ARUs\IF09\SMM2-34_20260406_052400.wav
2451.0,2454.0,Cardinalis cardinalis,Northern Cardinal,0.8155,D:\Bird_Anuran_ARUs\IF09\SMM2-34_20260406_052400.wav
2454.0,2457.0,Cardinalis cardinalis,Northern Cardinal,0.9602,D:\Bird_Anuran_ARUs\IF09\SMM2-34_20260406_052400.wav
2460.0,2463.0,Cardinalis cardinalis,Northern Cardinal,0.9851,D:\Bird_Anuran_ARUs\IF09\SMM2-34_20260406_052400.wav
2463.0,2466.0,Cardinalis cardinalis,Northern Cardinal,0.4329,D:\Bird_Anuran_ARUs\IF09\SMM2-34_20260406_052400.wav
2466.0,2469.0,Cardinalis cardinalis,Northern Cardinal,0.9225,D:\Bird_Anuran_ARUs\IF09\SMM2-34_20260406_052400.wav
2469.0,2472.0,Cardinalis cardinalis,Northern Cardinal,0.9909,D:\Bird_Anuran_ARUs\IF09\SMM2-34_20260406_052400.wav
2472.0,2475.0,Seiurus aurocapilla,Ovenbird,0.5980,D:\Bird_Anuran_ARUs\IF09\SMM2-34_20260406_052400.wav
2472.0,2475.0,Corvus brachyrhynchos,American Crow,0.5653,D:\Bird_Anuran_ARUs\IF09\SMM2-34_20260406_052400.wav
2475.0,2478.0,Cardinalis cardinalis,Northern Cardinal,0.9818,D:\Bird_Anuran_ARUs\IF09\SMM2-34_20260406_052400.wav
2478.0,2481.0,Cardinalis cardinalis,Northern Cardinal,0.5301,D:\Bird_Anuran_ARUs\IF09\SMM2-34_20260406_052400.wav
2481.0,2484.0,Cardinalis cardinalis,Northern Cardinal,0.8104,D:\Bird_Anuran_ARUs\IF09\SMM2-34_20260406_052400.wav
2484.0,2487.0,Cardinalis cardinalis,Northern Cardinal,0.9954,D:\Bird_Anuran_ARUs\IF09\SMM2-34_20260406_052400.wav
2490.0,2493.0,Cardinalis cardinalis,Northern Cardinal,0.4886,D:\Bird_Anuran_ARUs\IF09\SMM2-34_20260406_052400.wav
2493.0,2496.0,Cardinalis cardinalis,Northern Cardinal,0.9552,D:\Bird_Anuran_ARUs\IF09\SMM2-34_20260406_052400.wav
2496.0,2499.0,Seiurus aurocapilla,Ovenbird,0.3281,D:\Bird_Anuran_ARUs\IF09\SMM2-34_20260406_052400.wav
2499.0,2502.0,Cardinalis cardinalis,Northern Cardinal,0.9714,D:\Bird_Anuran_ARUs\IF09\SMM2-34_20260406_052400.wav
2502.0,2505.0,Cardinalis cardinalis,Northern Cardinal,0.7696,D:\Bird_Anuran_ARUs\IF09\SMM2-34_20260406_052400.wav
2505.0,2508.0,Cardinalis cardinalis,Northern Cardinal,0.5854,D:\Bird_Anuran_ARUs\IF09\SMM2-34_20260406_052400.wav
2508.0,2511.0,Cardinalis cardinalis,Northern Cardinal,0.9903,D:\Bird_Anuran_ARUs\IF09\SMM2-34_20260406_052400.wav
2517.0,2520.0,Cardinalis cardinalis,Northern Cardinal,0.9916,D:\Bird_Anuran_ARUs\IF09\SMM2-34_20260406_052400.wav
2520.0,2523.0,Poecile carolinensis,Carolina Chickadee,0.2956,D:\Bird_Anuran_ARUs\IF09\SMM2-34_20260406_052400.wav
2523.0,2526.0,Cardinalis cardinalis,Northern Cardinal,0.9130,D:\Bird_Anuran_ARUs\IF09\SMM2-34_20260406_052400.wav
2526.0,2529.0,Cardinalis cardinalis,Northern Cardinal,0.9751,D:\Bird_Anuran_ARUs\IF09\SMM2-34_20260406_052400.wav
2529.0,2532.0,Seiurus aurocapilla,Ovenbird,0.2570,D:\Bird_Anuran_ARUs\IF09\SMM2-34_20260406_052400.wav
2532.0,2535.0,Cardinalis cardinalis,Northern Cardinal,0.9409,D:\Bird_Anuran_ARUs\IF09\SMM2-34_20260406_052400.wav
2535.0,2538.0,Cardinalis cardinalis,Northern Cardinal,0.9471,D:\Bird_Anuran_ARUs\IF09\SMM2-34_20260406_052400.wav
2538.0,2541.0,Cardinalis cardinalis,Northern Cardinal,0.9534,D:\Bird_Anuran_ARUs\IF09\SMM2-34_20260406_052400.wav
2541.0,2544.0,Cardinalis cardinalis,Northern Cardinal,0.9919,D:\Bird_Anuran_ARUs\IF09\SMM2-34_20260406_052400.wav
2544.0,2547.0,Cardinalis cardinalis,Northern Cardinal,0.6611,D:\Bird_Anuran_ARUs\IF09\SMM2-34_20260406_052400.wav
2547.0,2550.0,Cardinalis cardinalis,Northern Cardinal,0.9515,D:\Bird_Anuran_ARUs\IF09\SMM2-34_20260406_052400.wav
2550.0,2553.0,Cardinalis cardinalis,Northern Cardinal,0.8957,D:\Bird_Anuran_ARUs\IF09\SMM2-34_20260406_052400.wav
2553.0,2556.0,Cardinalis cardinalis,Northern Cardinal,0.3715,D:\Bird_Anuran_ARUs\IF09\SMM2-34_20260406_052400.wav
2556.0,2559.0,Cardinalis cardinalis,Northern Cardinal,0.9816,D:\Bird_Anuran_ARUs\IF09\SMM2-34_20260406_052400.wav
2562.0,2565.0,Cardinalis cardinalis,Northern Cardinal,0.7492,D:\Bird_Anuran_ARUs\IF09\SMM2-34_20260406_052400.wav
2565.0,2568.0,Cardinalis cardinalis,Northern Cardinal,0.9820,D:\Bird_Anuran_ARUs\IF09\SMM2-34_20260406_052400.wav
2571.0,2574.0,Cardinalis cardinalis,Northern Cardinal,0.8123,D:\Bird_Anuran_ARUs\IF09\SMM2-34_20260406_052400.wav
2574.0,2577.0,Cardinalis cardinalis,Northern Cardinal,0.9633,D:\Bird_Anuran_ARUs\IF09\SMM2-34_20260406_052400.wav
2577.0,2580.0,Seiurus aurocapilla,Ovenbird,0.4625,D:\Bird_Anuran_ARUs\IF09\SMM2-34_20260406_052400.wav
2580.0,2583.0,Cardinalis cardinalis,Northern Cardinal,0.9565,D:\Bird_Anuran_ARUs\IF09\SMM2-34_20260406_052400.wav
2583.0,2586.0,Cardinalis cardinalis,Northern Cardinal,0.9547,D:\Bird_Anuran_ARUs\IF09\SMM2-34_20260406_052400.wav
2589.0,2592.0,Cardinalis cardinalis,Northern Cardinal,0.9666,D:\Bird_Anuran_ARUs\IF09\SMM2-34_20260406_052400.wav
2592.0,2595.0,Cardinalis cardinalis,Northern Cardinal,0.8839,D:\Bird_Anuran_ARUs\IF09\SMM2-34_20260406_052400.wav
2595.0,2598.0,Cardinalis cardinalis,Northern Cardinal,0.3825,D:\Bird_Anuran_ARUs\IF09\SMM2-34_20260406_052400.wav
2598.0,2601.0,Cardinalis cardinalis,Northern Cardinal,0.9844,D:\Bird_Anuran_ARUs\IF09\SMM2-34_20260406_052400.wav
2601.0,2604.0,Seiurus aurocapilla,Ovenbird,0.7965,D:\Bird_Anuran_ARUs\IF09\SMM2-34_20260406_052400.wav
2604.0,2607.0,Cardinalis cardinalis,Northern Cardinal,0.8939,D:\Bird_Anuran_ARUs\IF09\SMM2-34_20260406_052400.wav
2607.0,2610.0,Cardinalis cardinalis,Northern Cardinal,0.9693,D:\Bird_Anuran_ARUs\IF09\SMM2-34_20260406_052400.wav
2613.0,2616.0,Cardinalis cardinalis,Northern Cardinal,0.7761,D:\Bird_Anuran_ARUs\IF09\SMM2-34_20260406_052400.wav
2616.0,2619.0,Cardinalis cardinalis,Northern Cardinal,0.8861,D:\Bird_Anuran_ARUs\IF09\SMM2-34_20260406_052400.wav
2619.0,2622.0,Setophaga pinus,Pine Warbler,0.8194,D:\Bird_Anuran_ARUs\IF09\SMM2-34_20260406_052400.wav
2622.0,2625.0,Cardinalis cardinalis,Northern Cardinal,0.5368,D:\Bird_Anuran_ARUs\IF09\SMM2-34_20260406_052400.wav
2625.0,2628.0,Cardinalis cardinalis,Northern Cardinal,0.9217,D:\Bird_Anuran_ARUs\IF09\SMM2-34_20260406_052400.wav
2628.0,2631.0,Molothrus ater,Brown-headed Cowbird,0.9645,D:\Bird_Anuran_ARUs\IF09\SMM2-34_20260406_052400.wav
2631.0,2634.0,Cardinalis cardinalis,Northern Cardinal,0.8997,D:\Bird_Anuran_ARUs\IF09\SMM2-34_20260406_052400.wav
2634.0,2637.0,Cardinalis cardinalis,Northern Cardinal,0.5229,D:\Bird_Anuran_ARUs\IF09\SMM2-34_20260406_052400.wav
2640.0,2643.0,Molothrus ater,Brown-headed Cowbird,0.5477,D:\Bird_Anuran_ARUs\IF09\SMM2-34_20260406_052400.wav
2643.0,2646.0,Cardinalis cardinalis,Northern Cardinal,0.9871,D:\Bird_Anuran_ARUs\IF09\SMM2-34_20260406_052400.wav
2649.0,2652.0,Cardinalis cardinalis,Northern Cardinal,0.9395,D:\Bird_Anuran_ARUs\IF09\SMM2-34_20260406_052400.wav
2652.0,2655.0,Cardinalis cardinalis,Northern Cardinal,0.8976,D:\Bird_Anuran_ARUs\IF09\SMM2-34_20260406_052400.wav
2661.0,2664.0,Cardinalis cardinalis,Northern Cardinal,0.9583,D:\Bird_Anuran_ARUs\IF09\SMM2-34_20260406_052400.wav
2664.0,2667.0,Cardinalis cardinalis,Northern Cardinal,0.9363,D:\Bird_Anuran_ARUs\IF09\SMM2-34_20260406_052400.wav
2667.0,2670.0,Cardinalis cardinalis,Northern Cardinal,0.9804,D:\Bird_Anuran_ARUs\IF09\SMM2-34_20260406_052400.wav
2670.0,2673.0,Cardinalis cardinalis,Northern Cardinal,0.9659,D:\Bird_Anuran_ARUs\IF09\SMM2-34_20260406_052400.wav
2673.0,2676.0,Seiurus aurocapilla,Ovenbird,0.8837,D:\Bird_Anuran_ARUs\IF09\SMM2-34_20260406_052400.wav
2673.0,2676.0,Cardinalis cardinalis,Northern Cardinal,0.2915,D:\Bird_Anuran_ARUs\IF09\SMM2-34_20260406_052400.wav
2676.0,2679.0,Cardinalis cardinalis,Northern Cardinal,0.9868,D:\Bird_Anuran_ARUs\IF09\SMM2-34_20260406_052400.wav
2679.0,2682.0,Cardinalis cardinalis,Northern Cardinal,0.9494,D:\Bird_Anuran_ARUs\IF09\SMM2-34_20260406_052400.wav
2685.0,2688.0,Cardinalis cardinalis,Northern Cardinal,0.9400,D:\Bird_Anuran_ARUs\IF09\SMM2-34_20260406_052400.wav
2688.0,2691.0,Cardinalis cardinalis,Northern Cardinal,0.9712,D:\Bird_Anuran_ARUs\IF09\SMM2-34_20260406_052400.wav
2694.0,2697.0,Cardinalis cardinalis,Northern Cardinal,0.9605,D:\Bird_Anuran_ARUs\IF09\SMM2-34_20260406_052400.wav
2697.0,2700.0,Seiurus aurocapilla,Ovenbird,0.2566,D:\Bird_Anuran_ARUs\IF09\SMM2-34_20260406_052400.wav
2700.0,2703.0,Cardinalis cardinalis,Northern Cardinal,0.8522,D:\Bird_Anuran_ARUs\IF09\SMM2-34_20260406_052400.wav
2703.0,2706.0,Cardinalis cardinalis,Northern Cardinal,0.9889,D:\Bird_Anuran_ARUs\IF09\SMM2-34_20260406_052400.wav
2709.0,2712.0,Cardinalis cardinalis,Northern Cardinal,0.6800,D:\Bird_Anuran_ARUs\IF09\SMM2-34_20260406_052400.wav
2712.0,2715.0,Cardinalis cardinalis,Northern Cardinal,0.9479,D:\Bird_Anuran_ARUs\IF09\SMM2-34_20260406_052400.wav
2718.0,2721.0,Seiurus aurocapilla,Ovenbird,0.7183,D:\Bird_Anuran_ARUs\IF09\SMM2-34_20260406_052400.wav
2721.0,2724.0,Cardinalis cardinalis,Northern Cardinal,0.9647,D:\Bird_Anuran_ARUs\IF09\SMM2-34_20260406_052400.wav
2724.0,2727.0,Cardinalis cardinalis,Northern Cardinal,0.6545,D:\Bird_Anuran_ARUs\IF09\SMM2-34_20260406_052400.wav
2727.0,2730.0,Cardinalis cardinalis,Northern Cardinal,0.2994,D:\Bird_Anuran_ARUs\IF09\SMM2-34_20260406_052400.wav
2730.0,2733.0,Cardinalis cardinalis,Northern Cardinal,0.9803,D:\Bird_Anuran_ARUs\IF09\SMM2-34_20260406_052400.wav
2736.0,2739.0,Cardinalis cardinalis,Northern Cardinal,0.9409,D:\Bird_Anuran_ARUs\IF09\SMM2-34_20260406_052400.wav
2739.0,2742.0,Cardinalis cardinalis,Northern Cardinal,0.7612,D:\Bird_Anuran_ARUs\IF09\SMM2-34_20260406_052400.wav
2742.0,2745.0,Cardinalis cardinalis,Northern Cardinal,0.8996,D:\Bird_Anuran_ARUs\IF09\SMM2-34_20260406_052400.wav
2745.0,2748.0,Cardinalis cardinalis,Northern Cardinal,0.9827,D:\Bird_Anuran_ARUs\IF09\SMM2-34_20260406_052400.wav
2751.0,2754.0,Cardinalis cardinalis,Northern Cardinal,0.8951,D:\Bird_Anuran_ARUs\IF09\SMM2-34_20260406_052400.wav
2754.0,2757.0,Cardinalis cardinalis,Northern Cardinal,0.9377,D:\Bird_Anuran_ARUs\IF09\SMM2-34_20260406_052400.wav
2760.0,2763.0,Cardinalis cardinalis,Northern Cardinal,0.9742,D:\Bird_Anuran_ARUs\IF09\SMM2-34_20260406_052400.wav
2763.0,2766.0,Cardinalis cardinalis,Northern Cardinal,0.8029,D:\Bird_Anuran_ARUs\IF09\SMM2-34_20260406_052400.wav
2766.0,2769.0,Cardinalis cardinalis,Northern Cardinal,0.8109,D:\Bird_Anuran_ARUs\IF09\SMM2-34_20260406_052400.wav
2766.0,2769.0,Seiurus aurocapilla,Ovenbird,0.4550,D:\Bird_Anuran_ARUs\IF09\SMM2-34_20260406_052400.wav
2769.0,2772.0,Cardinalis cardinalis,Northern Cardinal,0.9335,D:\Bird_Anuran_ARUs\IF09\SMM2-34_20260406_052400.wav
2772.0,2775.0,Corvus brachyrhynchos,American Crow,0.8347,D:\Bird_Anuran_ARUs\IF09\SMM2-34_20260406_052400.wav
2787.0,2790.0,Seiurus aurocapilla,Ovenbird,0.8731,D:\Bird_Anuran_ARUs\IF09\SMM2-34_20260406_052400.wav
2790.0,2793.0,Seiurus aurocapilla,Ovenbird,0.7171,D:\Bird_Anuran_ARUs\IF09\SMM2-34_20260406_052400.wav
2793.0,2796.0,Cardinalis cardinalis,Northern Cardinal,0.3704,D:\Bird_Anuran_ARUs\IF09\SMM2-34_20260406_052400.wav
2796.0,2799.0,Cardinalis cardinalis,Northern Cardinal,0.9645,D:\Bird_Anuran_ARUs\IF09\SMM2-34_20260406_052400.wav
2799.0,2802.0,Cardinalis cardinalis,Northern Cardinal,0.4285,D:\Bird_Anuran_ARUs\IF09\SMM2-34_20260406_052400.wav
2802.0,2805.0,Cardinalis cardinalis,Northern Cardinal,0.9716,D:\Bird_Anuran_ARUs\IF09\SMM2-34_20260406_052400.wav
2805.0,2808.0,Cardinalis cardinalis,Northern Cardinal,0.7699,D:\Bird_Anuran_ARUs\IF09\SMM2-34_20260406_052400.wav
2811.0,2814.0,Cardinalis cardinalis,Northern Cardinal,0.9887,D:\Bird_Anuran_ARUs\IF09\SMM2-34_20260406_052400.wav
2814.0,2817.0,Cardinalis cardinalis,Northern Cardinal,0.5621,D:\Bird_Anuran_ARUs\IF09\SMM2-34_20260406_052400.wav
2820.0,2823.0,Setophaga pinus,Pine Warbler,0.6010,D:\Bird_Anuran_ARUs\IF09\SMM2-34_20260406_052400.wav
2826.0,2829.0,Cardinalis cardinalis,Northern Cardinal,0.6381,D:\Bird_Anuran_ARUs\IF09\SMM2-34_20260406_052400.wav
2829.0,2832.0,Cardinalis cardinalis,Northern Cardinal,0.5574,D:\Bird_Anuran_ARUs\IF09\SMM2-34_20260406_052400.wav
2832.0,2835.0,Setophaga pinus,Pine Warbler,0.2596,D:\Bird_Anuran_ARUs\IF09\SMM2-34_20260406_052400.wav
2835.0,2838.0,Cardinalis cardinalis,Northern Cardinal,0.9382,D:\Bird_Anuran_ARUs\IF09\SMM2-34_20260406_052400.wav
2838.0,2841.0,Cardinalis cardinalis,Northern Cardinal,0.8485,D:\Bird_Anuran_ARUs\IF09\SMM2-34_20260406_052400.wav
2841.0,2844.0,Cardinalis cardinalis,Northern Cardinal,0.3180,D:\Bird_Anuran_ARUs\IF09\SMM2-34_20260406_052400.wav
2841.0,2844.0,Seiurus aurocapilla,Ovenbird,0.3000,D:\Bird_Anuran_ARUs\IF09\SMM2-34_20260406_052400.wav
2844.0,2847.0,Cardinalis cardinalis,Northern Cardinal,0.7634,D:\Bird_Anuran_ARUs\IF09\SMM2-34_20260406_052400.wav
2847.0,2850.0,Cardinalis cardinalis,Northern Cardinal,0.8730,D:\Bird_Anuran_ARUs\IF09\SMM2-34_20260406_052400.wav
2853.0,2856.0,Cardinalis cardinalis,Northern Cardinal,0.6934,D:\Bird_Anuran_ARUs\IF09\SMM2-34_20260406_052400.wav
2856.0,2859.0,Cardinalis cardinalis,Northern Cardinal,0.8091,D:\Bird_Anuran_ARUs\IF09\SMM2-34_20260406_052400.wav
2859.0,2862.0,Setophaga pinus,Pine Warbler,0.6419,D:\Bird_Anuran_ARUs\IF09\SMM2-34_20260406_052400.wav
2862.0,2865.0,Setophaga pinus,Pine Warbler,0.3713,D:\Bird_Anuran_ARUs\IF09\SMM2-34_20260406_052400.wav
2865.0,2868.0,Cardinalis cardinalis,Northern Cardinal,0.8408,D:\Bird_Anuran_ARUs\IF09\SMM2-34_20260406_052400.wav
2868.0,2871.0,Cardinalis cardinalis,Northern Cardinal,0.8128,D:\Bird_Anuran_ARUs\IF09\SMM2-34_20260406_052400.wav
2871.0,2874.0,Cardinalis cardinalis,Northern Cardinal,0.2572,D:\Bird_Anuran_ARUs\IF09\SMM2-34_20260406_052400.wav
2874.0,2877.0,Cardinalis cardinalis,Northern Cardinal,0.8571,D:\Bird_Anuran_ARUs\IF09\SMM2-34_20260406_052400.wav
2877.0,2880.0,Cardinalis cardinalis,Northern Cardinal,0.3285,D:\Bird_Anuran_ARUs\IF09\SMM2-34_20260406_052400.wav
2880.0,2883.0,Cardinalis cardinalis,Northern Cardinal,0.2531,D:\Bird_Anuran_ARUs\IF09\SMM2-34_20260406_052400.wav
2883.0,2886.0,Cardinalis cardinalis,Northern Cardinal,0.9157,D:\Bird_Anuran_ARUs\IF09\SMM2-34_20260406_052400.wav
2889.0,2892.0,Cardinalis cardinalis,Northern Cardinal,0.2629,D:\Bird_Anuran_ARUs\IF09\SMM2-34_20260406_052400.wav
2898.0,2901.0,Cardinalis cardinalis,Northern Cardinal,0.3851,D:\Bird_Anuran_ARUs\IF09\SMM2-34_20260406_052400.wav
2901.0,2904.0,Cardinalis cardinalis,Northern Cardinal,0.9275,D:\Bird_Anuran_ARUs\IF09\SMM2-34_20260406_052400.wav
2907.0,2910.0,Strix varia,Barred Owl,0.2677,D:\Bird_Anuran_ARUs\IF09\SMM2-34_20260406_052400.wav
2910.0,2913.0,Seiurus aurocapilla,Ovenbird,0.9711,D:\Bird_Anuran_ARUs\IF09\SMM2-34_20260406_052400.wav
2910.0,2913.0,Hylocichla mustelina,Wood Thrush,0.8418,D:\Bird_Anuran_ARUs\IF09\SMM2-34_20260406_052400.wav
2913.0,2916.0,Hylocichla mustelina,Wood Thrush,0.3575,D:\Bird_Anuran_ARUs\IF09\SMM2-34_20260406_052400.wav
2913.0,2916.0,Seiurus aurocapilla,Ovenbird,0.3188,D:\Bird_Anuran_ARUs\IF09\SMM2-34_20260406_052400.wav
2916.0,2919.0,Seiurus aurocapilla,Ovenbird,0.5073,D:\Bird_Anuran_ARUs\IF09\SMM2-34_20260406_052400.wav
2931.0,2934.0,Hylocichla mustelina,Wood Thrush,0.3999,D:\Bird_Anuran_ARUs\IF09\SMM2-34_20260406_052400.wav
2931.0,2934.0,Cardinalis cardinalis,Northern Cardinal,0.3071,D:\Bird_Anuran_ARUs\IF09\SMM2-34_20260406_052400.wav
2934.0,2937.0,Cardinalis cardinalis,Northern Cardinal,0.4246,D:\Bird_Anuran_ARUs\IF09\SMM2-34_20260406_052400.wav
2937.0,2940.0,Seiurus aurocapilla,Ovenbird,0.4470,D:\Bird_Anuran_ARUs\IF09\SMM2-34_20260406_052400.wav
2937.0,2940.0,Hylocichla mustelina,Wood Thrush,0.3601,D:\Bird_Anuran_ARUs\IF09\SMM2-34_20260406_052400.wav
2940.0,2943.0,Seiurus aurocapilla,Ovenbird,0.4097,D:\Bird_Anuran_ARUs\IF09\SMM2-34_20260406_052400.wav
2943.0,2946.0,Seiurus aurocapilla,Ovenbird,0.7904,D:\Bird_Anuran_ARUs\IF09\SMM2-34_20260406_052400.wav
2949.0,2952.0,Setophaga pinus,Pine Warbler,0.3467,D:\Bird_Anuran_ARUs\IF09\SMM2-34_20260406_052400.wav
2955.0,2958.0,Setophaga pinus,Pine Warbler,0.7139,D:\Bird_Anuran_ARUs\IF09\SMM2-34_20260406_052400.wav
2958.0,2961.0,Cardinalis cardinalis,Northern Cardinal,0.4519,D:\Bird_Anuran_ARUs\IF09\SMM2-34_20260406_052400.wav
2961.0,2964.0,Cardinalis cardinalis,Northern Cardinal,0.5946,D:\Bird_Anuran_ARUs\IF09\SMM2-34_20260406_052400.wav
2961.0,2964.0,Seiurus aurocapilla,Ovenbird,0.4723,D:\Bird_Anuran_ARUs\IF09\SMM2-34_20260406_052400.wav
2964.0,2967.0,Seiurus aurocapilla,Ovenbird,0.8087,D:\Bird_Anuran_ARUs\IF09\SMM2-34_20260406_052400.wav
2973.0,2976.0,Poecile carolinensis,Carolina Chickadee,0.3364,D:\Bird_Anuran_ARUs\IF09\SMM2-34_20260406_052400.wav
2976.0,2979.0,Cardinalis cardinalis,Northern Cardinal,0.5507,D:\Bird_Anuran_ARUs\IF09\SMM2-34_20260406_052400.wav
2979.0,2982.0,Cardinalis cardinalis,Northern Cardinal,0.6970,D:\Bird_Anuran_ARUs\IF09\SMM2-34_20260406_052400.wav
2982.0,2985.0,Cardinalis cardinalis,Northern Cardinal,0.3951,D:\Bird_Anuran_ARUs\IF09\SMM2-34_20260406_052400.wav
2991.0,2994.0,Cardinalis cardinalis,Northern Cardinal,0.7010,D:\Bird_Anuran_ARUs\IF09\SMM2-34_20260406_052400.wav
2994.0,2997.0,Cardinalis cardinalis,Northern Cardinal,0.2511,D:\Bird_Anuran_ARUs\IF09\SMM2-34_20260406_052400.wav
3000.0,3003.0,Cardinalis cardinalis,Northern Cardinal,0.7687,D:\Bird_Anuran_ARUs\IF09\SMM2-34_20260406_052400.wav
3003.0,3006.0,Molothrus ater,Brown-headed Cowbird,0.2712,D:\Bird_Anuran_ARUs\IF09\SMM2-34_20260406_052400.wav
3006.0,3009.0,Cardinalis cardinalis,Northern Cardinal,0.5126,D:\Bird_Anuran_ARUs\IF09\SMM2-34_20260406_052400.wav
3012.0,3015.0,Cardinalis cardinalis,Northern Cardinal,0.3014,D:\Bird_Anuran_ARUs\IF09\SMM2-34_20260406_052400.wav
3018.0,3021.0,Setophaga pinus,Pine Warbler,0.4056,D:\Bird_Anuran_ARUs\IF09\SMM2-34_20260406_052400.wav
3024.0,3027.0,Seiurus aurocapilla,Ovenbird,0.2986,D:\Bird_Anuran_ARUs\IF09\SMM2-34_20260406_052400.wav
3027.0,3030.0,Setophaga pinus,Pine Warbler,0.2926,D:\Bird_Anuran_ARUs\IF09\SMM2-34_20260406_052400.wav
3036.0,3039.0,Setophaga pinus,Pine Warbler,0.2839,D:\Bird_Anuran_ARUs\IF09\SMM2-34_20260406_052400.wav
3039.0,3042.0,Seiurus aurocapilla,Ovenbird,0.8427,D:\Bird_Anuran_ARUs\IF09\SMM2-34_20260406_052400.wav
3042.0,3045.0,Molothrus ater,Brown-headed Cowbird,0.5171,D:\Bird_Anuran_ARUs\IF09\SMM2-34_20260406_052400.wav
3045.0,3048.0,Setophaga pinus,Pine Warbler,0.6865,D:\Bird_Anuran_ARUs\IF09\SMM2-34_20260406_052400.wav
3048.0,3051.0,Cardinalis cardinalis,Northern Cardinal,0.8273,D:\Bird_Anuran_ARUs\IF09\SMM2-34_20260406_052400.wav
3054.0,3057.0,Setophaga pinus,Pine Warbler,0.8603,D:\Bird_Anuran_ARUs\IF09\SMM2-34_20260406_052400.wav
3057.0,3060.0,Cardinalis cardinalis,Northern Cardinal,0.9029,D:\Bird_Anuran_ARUs\IF09\SMM2-34_20260406_052400.wav
3060.0,3063.0,Cardinalis cardinalis,Northern Cardinal,0.4493,D:\Bird_Anuran_ARUs\IF09\SMM2-34_20260406_052400.wav
3060.0,3063.0,Setophaga pinus,Pine Warbler,0.2516,D:\Bird_Anuran_ARUs\IF09\SMM2-34_20260406_052400.wav
3066.0,3069.0,Seiurus aurocapilla,Ovenbird,0.7195,D:\Bird_Anuran_ARUs\IF09\SMM2-34_20260406_052400.wav
3066.0,3069.0,Cardinalis cardinalis,Northern Cardinal,0.3057,D:\Bird_Anuran_ARUs\IF09\SMM2-34_20260406_052400.wav
3069.0,3072.0,Cardinalis cardinalis,Northern Cardinal,0.8473,D:\Bird_Anuran_ARUs\IF09\SMM2-34_20260406_052400.wav
3075.0,3078.0,Seiurus aurocapilla,Ovenbird,0.4055,D:\Bird_Anuran_ARUs\IF09\SMM2-34_20260406_052400.wav
3075.0,3078.0,Cardinalis cardinalis,Northern Cardinal,0.3952,D:\Bird_Anuran_ARUs\IF09\SMM2-34_20260406_052400.wav
3078.0,3081.0,Cardinalis cardinalis,Northern Cardinal,0.9141,D:\Bird_Anuran_ARUs\IF09\SMM2-34_20260406_052400.wav
3081.0,3084.0,Cardinalis cardinalis,Northern Cardinal,0.2617,D:\Bird_Anuran_ARUs\IF09\SMM2-34_20260406_052400.wav
3084.0,3087.0,Cardinalis cardinalis,Northern Cardinal,0.8771,D:\Bird_Anuran_ARUs\IF09\SMM2-34_20260406_052400.wav
3087.0,3090.0,Cardinalis cardinalis,Northern Cardinal,0.5120,D:\Bird_Anuran_ARUs\IF09\SMM2-34_20260406_052400.wav
3093.0,3096.0,Cardinalis cardinalis,Northern Cardinal,0.8304,D:\Bird_Anuran_ARUs\IF09\SMM2-34_20260406_052400.wav
3096.0,3099.0,Cardinalis cardinalis,Northern Cardinal,0.9049,D:\Bird_Anuran_ARUs\IF09\SMM2-34_20260406_052400.wav
3102.0,3105.0,Cardinalis cardinalis,Northern Cardinal,0.5347,D:\Bird_Anuran_ARUs\IF09\SMM2-34_20260406_052400.wav
3105.0,3108.0,Cardinalis cardinalis,Northern Cardinal,0.4216,D:\Bird_Anuran_ARUs\IF09\SMM2-34_20260406_052400.wav
3111.0,3114.0,Cardinalis cardinalis,Northern Cardinal,0.3798,D:\Bird_Anuran_ARUs\IF09\SMM2-34_20260406_052400.wav
3114.0,3117.0,Seiurus aurocapilla,Ovenbird,0.5206,D:\Bird_Anuran_ARUs\IF09\SMM2-34_20260406_052400.wav
3123.0,3126.0,Poecile carolinensis,Carolina Chickadee,0.4949,D:\Bird_Anuran_ARUs\IF09\SMM2-34_20260406_052400.wav
3123.0,3126.0,Cardinalis cardinalis,Northern Cardinal,0.4735,D:\Bird_Anuran_ARUs\IF09\SMM2-34_20260406_052400.wav
3129.0,3132.0,Cardinalis cardinalis,Northern Cardinal,0.7970,D:\Bird_Anuran_ARUs\IF09\SMM2-34_20260406_052400.wav
3129.0,3132.0,Poecile carolinensis,Carolina Chickadee,0.7355,D:\Bird_Anuran_ARUs\IF09\SMM2-34_20260406_052400.wav
3132.0,3135.0,Seiurus aurocapilla,Ovenbird,0.6114,D:\Bird_Anuran_ARUs\IF09\SMM2-34_20260406_052400.wav
3132.0,3135.0,Cardinalis cardinalis,Northern Cardinal,0.3437,D:\Bird_Anuran_ARUs\IF09\SMM2-34_20260406_052400.wav
3135.0,3138.0,Cardinalis cardinalis,Northern Cardinal,0.6637,D:\Bird_Anuran_ARUs\IF09\SMM2-34_20260406_052400.wav
3138.0,3141.0,Poecile carolinensis,Carolina Chickadee,0.8711,D:\Bird_Anuran_ARUs\IF09\SMM2-34_20260406_052400.wav
3141.0,3144.0,Cardinalis cardinalis,Northern Cardinal,0.3325,D:\Bird_Anuran_ARUs\IF09\SMM2-34_20260406_052400.wav
3150.0,3153.0,Cardinalis cardinalis,Northern Cardinal,0.2888,D:\Bird_Anuran_ARUs\IF09\SMM2-34_20260406_052400.wav
3156.0,3159.0,Cardinalis cardinalis,Northern Cardinal,0.5498,D:\Bird_Anuran_ARUs\IF09\SMM2-34_20260406_052400.wav
3162.0,3165.0,Seiurus aurocapilla,Ovenbird,0.5192,D:\Bird_Anuran_ARUs\IF09\SMM2-34_20260406_052400.wav
3171.0,3174.0,Poecile carolinensis,Carolina Chickadee,0.2680,D:\Bird_Anuran_ARUs\IF09\SMM2-34_20260406_052400.wav
3177.0,3180.0,Cardinalis cardinalis,Northern Cardinal,0.4573,D:\Bird_Anuran_ARUs\IF09\SMM2-34_20260406_052400.wav
3186.0,3189.0,Cardinalis cardinalis,Northern Cardinal,0.5410,D:\Bird_Anuran_ARUs\IF09\SMM2-34_20260406_052400.wav
3192.0,3195.0,Poecile carolinensis,Carolina Chickadee,0.3024,D:\Bird_Anuran_ARUs\IF09\SMM2-34_20260406_052400.wav
3216.0,3219.0,Cardinalis cardinalis,Northern Cardinal,0.6006,D:\Bird_Anuran_ARUs\IF09\SMM2-34_20260406_052400.wav
3222.0,3225.0,Seiurus aurocapilla,Ovenbird,0.4375,D:\Bird_Anuran_ARUs\IF09\SMM2-34_20260406_052400.wav
3228.0,3231.0,Cardinalis cardinalis,Northern Cardinal,0.7092,D:\Bird_Anuran_ARUs\IF09\SMM2-34_20260406_052400.wav
3234.0,3237.0,Hylocichla mustelina,Wood Thrush,0.4922,D:\Bird_Anuran_ARUs\IF09\SMM2-34_20260406_052400.wav
3243.0,3246.0,Poecile carolinensis,Carolina Chickadee,0.2510,D:\Bird_Anuran_ARUs\IF09\SMM2-34_20260406_052400.wav
3264.0,3267.0,Cardinalis cardinalis,Northern Cardinal,0.3099,D:\Bird_Anuran_ARUs\IF09\SMM2-34_20260406_052400.wav
3285.0,3288.0,Cardinalis cardinalis,Northern Cardinal,0.3351,D:\Bird_Anuran_ARUs\IF09\SMM2-34_20260406_052400.wav
3294.0,3297.0,Cardinalis cardinalis,Northern Cardinal,0.3210,D:\Bird_Anuran_ARUs\IF09\SMM2-34_20260406_052400.wav
3297.0,3300.0,Cardinalis cardinalis,Northern Cardinal,0.3061,D:\Bird_Anuran_ARUs\IF09\SMM2-34_20260406_052400.wav
3300.0,3303.0,Poecile carolinensis,Carolina Chickadee,0.6597,D:\Bird_Anuran_ARUs\IF09\SMM2-34_20260406_052400.wav
3303.0,3306.0,Cardinalis cardinalis,Northern Cardinal,0.2853,D:\Bird_Anuran_ARUs\IF09\SMM2-34_20260406_052400.wav
3315.0,3318.0,Cardinalis cardinalis,Northern Cardinal,0.6489,D:\Bird_Anuran_ARUs\IF09\SMM2-34_20260406_052400.wav
3315.0,3318.0,Hylocichla mustelina,Wood Thrush,0.4503,D:\Bird_Anuran_ARUs\IF09\SMM2-34_20260406_052400.wav
3321.0,3324.0,Pipilo erythrophthalmus,Eastern Towhee,0.7005,D:\Bird_Anuran_ARUs\IF09\SMM2-34_20260406_052400.wav
3324.0,3327.0,Cardinalis cardinalis,Northern Cardinal,0.5655,D:\Bird_Anuran_ARUs\IF09\SMM2-34_20260406_052400.wav
3345.0,3348.0,Cardinalis cardinalis,Northern Cardinal,0.2992,D:\Bird_Anuran_ARUs\IF09\SMM2-34_20260406_052400.wav
3354.0,3357.0,Molothrus ater,Brown-headed Cowbird,0.8745,D:\Bird_Anuran_ARUs\IF09\SMM2-34_20260406_052400.wav
3366.0,3369.0,Cardinalis cardinalis,Northern Cardinal,0.5185,D:\Bird_Anuran_ARUs\IF09\SMM2-34_20260406_052400.wav
3372.0,3375.0,Cardinalis cardinalis,Northern Cardinal,0.3384,D:\Bird_Anuran_ARUs\IF09\SMM2-34_20260406_052400.wav
3375.0,3378.0,Cardinalis cardinalis,Northern Cardinal,0.5883,D:\Bird_Anuran_ARUs\IF09\SMM2-34_20260406_052400.wav
3378.0,3381.0,Poecile carolinensis,Carolina Chickadee,0.3029,D:\Bird_Anuran_ARUs\IF09\SMM2-34_20260406_052400.wav
3381.0,3384.0,Cardinalis cardinalis,Northern Cardinal,0.6551,D:\Bird_Anuran_ARUs\IF09\SMM2-34_20260406_052400.wav
3390.0,3393.0,Cardinalis cardinalis,Northern Cardinal,0.8001,D:\Bird_Anuran_ARUs\IF09\SMM2-34_20260406_052400.wav
3399.0,3402.0,Cardinalis cardinalis,Northern Cardinal,0.8833,D:\Bird_Anuran_ARUs\IF09\SMM2-34_20260406_052400.wav
3408.0,3411.0,Cardinalis cardinalis,Northern Cardinal,0.8347,D:\Bird_Anuran_ARUs\IF09\SMM2-34_20260406_052400.wav
3411.0,3414.0,Cardinalis cardinalis,Northern Cardinal,0.3228,D:\Bird_Anuran_ARUs\IF09\SMM2-34_20260406_052400.wav
3417.0,3420.0,Cardinalis cardinalis,Northern Cardinal,0.7559,D:\Bird_Anuran_ARUs\IF09\SMM2-34_20260406_052400.wav
3426.0,3429.0,Cardinalis cardinalis,Northern Cardinal,0.8943,D:\Bird_Anuran_ARUs\IF09\SMM2-34_20260406_052400.wav
3435.0,3438.0,Cardinalis cardinalis,Northern Cardinal,0.7900,D:\Bird_Anuran_ARUs\IF09\SMM2-34_20260406_052400.wav
3441.0,3444.0,Cardinalis cardinalis,Northern Cardinal,0.3127,D:\Bird_Anuran_ARUs\IF09\SMM2-34_20260406_052400.wav
3444.0,3447.0,Cardinalis cardinalis,Northern Cardinal,0.3646,D:\Bird_Anuran_ARUs\IF09\SMM2-34_20260406_052400.wav
3465.0,3468.0,Cardinalis cardinalis,Northern Cardinal,0.4393,D:\Bird_Anuran_ARUs\IF09\SMM2-34_20260406_052400.wav
3468.0,3471.0,Cardinalis cardinalis,Northern Cardinal,0.7522,D:\Bird_Anuran_ARUs\IF09\SMM2-34_20260406_052400.wav
3474.0,3477.0,Cardinalis cardinalis,Northern Cardinal,0.5606,D:\Bird_Anuran_ARUs\IF09\SMM2-34_20260406_052400.wav
3498.0,3501.0,Seiurus aurocapilla,Ovenbird,0.4013,D:\Bird_Anuran_ARUs\IF09\SMM2-34_20260406_052400.wav
3534.0,3537.0,Molothrus ater,Brown-headed Cowbird,0.5020,D:\Bird_Anuran_ARUs\IF09\SMM2-34_20260406_052400.wav
3570.0,3573.0,Hylocichla mustelina,Wood Thrush,0.2701,D:\Bird_Anuran_ARUs\IF09\SMM2-34_20260406_052400.wav
3582.0,3585.0,Thryothorus ludovicianus,Carolina Wren,0.3881,D:\Bird_Anuran_ARUs\IF09\SMM2-34_20260406_052400.wav
3594.0,3597.0,Seiurus aurocapilla,Ovenbird,0.2615,D:\Bird_Anuran_ARUs\IF09\SMM2-34_20260406_052400.wav
