Start (s),End (s),Scientific name,Common name,Confidence,File
24.0,27.0,Setophaga pinus,Pine Warbler,0.3967,D:\Bird_Anuran_ARUs\IF01\SMM2-27_20260403_052800.wav
39.0,42.0,Geothlypis trichas,Common Yellowthroat,0.4340,D:\Bird_Anuran_ARUs\IF01\SMM2-27_20260403_052800.wav
42.0,45.0,Pipilo erythrophthalmus,Eastern Towhee,0.3263,D:\Bird_Anuran_ARUs\IF01\SMM2-27_20260403_052800.wav
66.0,69.0,Vireo flavifrons,Yellow-throated Vireo,0.5260,D:\Bird_Anuran_ARUs\IF01\SMM2-27_20260403_052800.wav
72.0,75.0,Setophaga pinus,Pine Warbler,0.2598,D:\Bird_Anuran_ARUs\IF01\SMM2-27_20260403_052800.wav
81.0,84.0,Setophaga pinus,Pine Warbler,0.3200,D:\Bird_Anuran_ARUs\IF01\SMM2-27_20260403_052800.wav
114.0,117.0,Setophaga pinus,Pine Warbler,0.4819,D:\Bird_Anuran_ARUs\IF01\SMM2-27_20260403_052800.wav
117.0,120.0,Seiurus aurocapilla,Ovenbird,0.2506,D:\Bird_Anuran_ARUs\IF01\SMM2-27_20260403_052800.wav
168.0,171.0,Seiurus aurocapilla,Ovenbird,0.5783,D:\Bird_Anuran_ARUs\IF01\SMM2-27_20260403_052800.wav
180.0,183.0,Parkesia motacilla,Louisiana Waterthrush,0.3601,D:\Bird_Anuran_ARUs\IF01\SMM2-27_20260403_052800.wav
180.0,183.0,Setophaga dominica,Yellow-throated Warbler,0.3039,D:\Bird_Anuran_ARUs\IF01\SMM2-27_20260403_052800.wav
183.0,186.0,Pipilo erythrophthalmus,Eastern Towhee,0.4308,D:\Bird_Anuran_ARUs\IF01\SMM2-27_20260403_052800.wav
189.0,192.0,Setophaga pinus,Pine Warbler,0.2963,D:\Bird_Anuran_ARUs\IF01\SMM2-27_20260403_052800.wav
210.0,213.0,Seiurus aurocapilla,Ovenbird,0.6292,D:\Bird_Anuran_ARUs\IF01\SMM2-27_20260403_052800.wav
225.0,228.0,Seiurus aurocapilla,Ovenbird,0.2835,D:\Bird_Anuran_ARUs\IF01\SMM2-27_20260403_052800.wav
225.0,228.0,Setophaga pinus,Pine Warbler,0.2716,D:\Bird_Anuran_ARUs\IF01\SMM2-27_20260403_052800.wav
234.0,237.0,Geothlypis trichas,Common Yellowthroat,0.7690,D:\Bird_Anuran_ARUs\IF01\SMM2-27_20260403_052800.wav
237.0,240.0,Seiurus aurocapilla,Ovenbird,0.4478,D:\Bird_Anuran_ARUs\IF01\SMM2-27_20260403_052800.wav
243.0,246.0,Geothlypis trichas,Common Yellowthroat,0.8646,D:\Bird_Anuran_ARUs\IF01\SMM2-27_20260403_052800.wav
249.0,252.0,Corvus brachyrhynchos,American Crow,0.7647,D:\Bird_Anuran_ARUs\IF01\SMM2-27_20260403_052800.wav
249.0,252.0,Geothlypis trichas,Common Yellowthroat,0.3390,D:\Bird_Anuran_ARUs\IF01\SMM2-27_20260403_052800.wav
252.0,255.0,Geothlypis trichas,Common Yellowthroat,0.3204,D:\Bird_Anuran_ARUs\IF01\SMM2-27_20260403_052800.wav
261.0,264.0,Geothlypis trichas,Common Yellowthroat,0.8759,D:\Bird_Anuran_ARUs\IF01\SMM2-27_20260403_052800.wav
270.0,273.0,Geothlypis trichas,Common Yellowthroat,0.8879,D:\Bird_Anuran_ARUs\IF01\SMM2-27_20260403_052800.wav
273.0,276.0,Setophaga pinus,Pine Warbler,0.3851,D:\Bird_Anuran_ARUs\IF01\SMM2-27_20260403_052800.wav
273.0,276.0,Geothlypis trichas,Common Yellowthroat,0.2997,D:\Bird_Anuran_ARUs\IF01\SMM2-27_20260403_052800.wav
276.0,279.0,Seiurus aurocapilla,Ovenbird,0.8241,D:\Bird_Anuran_ARUs\IF01\SMM2-27_20260403_052800.wav
291.0,294.0,Seiurus aurocapilla,Ovenbird,0.7509,D:\Bird_Anuran_ARUs\IF01\SMM2-27_20260403_052800.wav
294.0,297.0,Geothlypis trichas,Common Yellowthroat,0.4352,D:\Bird_Anuran_ARUs\IF01\SMM2-27_20260403_052800.wav
297.0,300.0,Setophaga citrina,Hooded Warbler,0.3329,D:\Bird_Anuran_ARUs\IF01\SMM2-27_20260403_052800.wav
300.0,303.0,Mniotilta varia,Black-and-white Warbler,0.5845,D:\Bird_Anuran_ARUs\IF01\SMM2-27_20260403_052800.wav
303.0,306.0,Seiurus aurocapilla,Ovenbird,0.4083,D:\Bird_Anuran_ARUs\IF01\SMM2-27_20260403_052800.wav
312.0,315.0,Mniotilta varia,Black-and-white Warbler,0.3764,D:\Bird_Anuran_ARUs\IF01\SMM2-27_20260403_052800.wav
324.0,327.0,Geothlypis trichas,Common Yellowthroat,0.3728,D:\Bird_Anuran_ARUs\IF01\SMM2-27_20260403_052800.wav
330.0,333.0,Mniotilta varia,Black-and-white Warbler,0.5355,D:\Bird_Anuran_ARUs\IF01\SMM2-27_20260403_052800.wav
333.0,336.0,Geothlypis trichas,Common Yellowthroat,0.4233,D:\Bird_Anuran_ARUs\IF01\SMM2-27_20260403_052800.wav
333.0,336.0,Corvus brachyrhynchos,American Crow,0.3171,D:\Bird_Anuran_ARUs\IF01\SMM2-27_20260403_052800.wav
336.0,339.0,Setophaga citrina,Hooded Warbler,0.9270,D:\Bird_Anuran_ARUs\IF01\SMM2-27_20260403_052800.wav
339.0,342.0,Pipilo erythrophthalmus,Eastern Towhee,0.5011,D:\Bird_Anuran_ARUs\IF01\SMM2-27_20260403_052800.wav
342.0,345.0,Pipilo erythrophthalmus,Eastern Towhee,0.5757,D:\Bird_Anuran_ARUs\IF01\SMM2-27_20260403_052800.wav
345.0,348.0,Geothlypis trichas,Common Yellowthroat,0.2764,D:\Bird_Anuran_ARUs\IF01\SMM2-27_20260403_052800.wav
348.0,351.0,Seiurus aurocapilla,Ovenbird,0.8820,D:\Bird_Anuran_ARUs\IF01\SMM2-27_20260403_052800.wav
354.0,357.0,Geothlypis trichas,Common Yellowthroat,0.5735,D:\Bird_Anuran_ARUs\IF01\SMM2-27_20260403_052800.wav
357.0,360.0,Pipilo erythrophthalmus,Eastern Towhee,0.7891,D:\Bird_Anuran_ARUs\IF01\SMM2-27_20260403_052800.wav
363.0,366.0,Pipilo erythrophthalmus,Eastern Towhee,0.6062,D:\Bird_Anuran_ARUs\IF01\SMM2-27_20260403_052800.wav
369.0,372.0,Pipilo erythrophthalmus,Eastern Towhee,0.5168,D:\Bird_Anuran_ARUs\IF01\SMM2-27_20260403_052800.wav
372.0,375.0,Pipilo erythrophthalmus,Eastern Towhee,0.3726,D:\Bird_Anuran_ARUs\IF01\SMM2-27_20260403_052800.wav
372.0,375.0,Piranga olivacea,Scarlet Tanager,0.2690,D:\Bird_Anuran_ARUs\IF01\SMM2-27_20260403_052800.wav
375.0,378.0,Pipilo erythrophthalmus,Eastern Towhee,0.8495,D:\Bird_Anuran_ARUs\IF01\SMM2-27_20260403_052800.wav
375.0,378.0,Geothlypis trichas,Common Yellowthroat,0.2866,D:\Bird_Anuran_ARUs\IF01\SMM2-27_20260403_052800.wav
381.0,384.0,Pipilo erythrophthalmus,Eastern Towhee,0.6558,D:\Bird_Anuran_ARUs\IF01\SMM2-27_20260403_052800.wav
384.0,387.0,Pipilo erythrophthalmus,Eastern Towhee,0.8790,D:\Bird_Anuran_ARUs\IF01\SMM2-27_20260403_052800.wav
387.0,390.0,Geothlypis trichas,Common Yellowthroat,0.5243,D:\Bird_Anuran_ARUs\IF01\SMM2-27_20260403_052800.wav
387.0,390.0,Pipilo erythrophthalmus,Eastern Towhee,0.4351,D:\Bird_Anuran_ARUs\IF01\SMM2-27_20260403_052800.wav
390.0,393.0,Pipilo erythrophthalmus,Eastern Towhee,0.8432,D:\Bird_Anuran_ARUs\IF01\SMM2-27_20260403_052800.wav
396.0,399.0,Pipilo erythrophthalmus,Eastern Towhee,0.2748,D:\Bird_Anuran_ARUs\IF01\SMM2-27_20260403_052800.wav
399.0,402.0,Geothlypis trichas,Common Yellowthroat,0.4422,D:\Bird_Anuran_ARUs\IF01\SMM2-27_20260403_052800.wav
399.0,402.0,Corvus brachyrhynchos,American Crow,0.3304,D:\Bird_Anuran_ARUs\IF01\SMM2-27_20260403_052800.wav
402.0,405.0,Pipilo erythrophthalmus,Eastern Towhee,0.6194,D:\Bird_Anuran_ARUs\IF01\SMM2-27_20260403_052800.wav
402.0,405.0,Setophaga pinus,Pine Warbler,0.4197,D:\Bird_Anuran_ARUs\IF01\SMM2-27_20260403_052800.wav
411.0,414.0,Pipilo erythrophthalmus,Eastern Towhee,0.3564,D:\Bird_Anuran_ARUs\IF01\SMM2-27_20260403_052800.wav
414.0,417.0,Setophaga pinus,Pine Warbler,0.5977,D:\Bird_Anuran_ARUs\IF01\SMM2-27_20260403_052800.wav
420.0,423.0,Seiurus aurocapilla,Ovenbird,0.5913,D:\Bird_Anuran_ARUs\IF01\SMM2-27_20260403_052800.wav
423.0,426.0,Pipilo erythrophthalmus,Eastern Towhee,0.7897,D:\Bird_Anuran_ARUs\IF01\SMM2-27_20260403_052800.wav
426.0,429.0,Pipilo erythrophthalmus,Eastern Towhee,0.5187,D:\Bird_Anuran_ARUs\IF01\SMM2-27_20260403_052800.wav
429.0,432.0,Pipilo erythrophthalmus,Eastern Towhee,0.6511,D:\Bird_Anuran_ARUs\IF01\SMM2-27_20260403_052800.wav
432.0,435.0,Pipilo erythrophthalmus,Eastern Towhee,0.9150,D:\Bird_Anuran_ARUs\IF01\SMM2-27_20260403_052800.wav
435.0,438.0,Seiurus aurocapilla,Ovenbird,0.4556,D:\Bird_Anuran_ARUs\IF01\SMM2-27_20260403_052800.wav
438.0,441.0,Pipilo erythrophthalmus,Eastern Towhee,0.7521,D:\Bird_Anuran_ARUs\IF01\SMM2-27_20260403_052800.wav
441.0,444.0,Pipilo erythrophthalmus,Eastern Towhee,0.3901,D:\Bird_Anuran_ARUs\IF01\SMM2-27_20260403_052800.wav
444.0,447.0,Pipilo erythrophthalmus,Eastern Towhee,0.7523,D:\Bird_Anuran_ARUs\IF01\SMM2-27_20260403_052800.wav
447.0,450.0,Geothlypis trichas,Common Yellowthroat,0.4042,D:\Bird_Anuran_ARUs\IF01\SMM2-27_20260403_052800.wav
447.0,450.0,Setophaga citrina,Hooded Warbler,0.3943,D:\Bird_Anuran_ARUs\IF01\SMM2-27_20260403_052800.wav
450.0,453.0,Pipilo erythrophthalmus,Eastern Towhee,0.3375,D:\Bird_Anuran_ARUs\IF01\SMM2-27_20260403_052800.wav
456.0,459.0,Pipilo erythrophthalmus,Eastern Towhee,0.7327,D:\Bird_Anuran_ARUs\IF01\SMM2-27_20260403_052800.wav
462.0,465.0,Pipilo erythrophthalmus,Eastern Towhee,0.9381,D:\Bird_Anuran_ARUs\IF01\SMM2-27_20260403_052800.wav
465.0,468.0,Pipilo erythrophthalmus,Eastern Towhee,0.8874,D:\Bird_Anuran_ARUs\IF01\SMM2-27_20260403_052800.wav
468.0,471.0,Setophaga pinus,Pine Warbler,0.6652,D:\Bird_Anuran_ARUs\IF01\SMM2-27_20260403_052800.wav
471.0,474.0,Pipilo erythrophthalmus,Eastern Towhee,0.7011,D:\Bird_Anuran_ARUs\IF01\SMM2-27_20260403_052800.wav
474.0,477.0,Setophaga pinus,Pine Warbler,0.6617,D:\Bird_Anuran_ARUs\IF01\SMM2-27_20260403_052800.wav
477.0,480.0,Pipilo erythrophthalmus,Eastern Towhee,0.5727,D:\Bird_Anuran_ARUs\IF01\SMM2-27_20260403_052800.wav
477.0,480.0,Seiurus aurocapilla,Ovenbird,0.4246,D:\Bird_Anuran_ARUs\IF01\SMM2-27_20260403_052800.wav
480.0,483.0,Setophaga pinus,Pine Warbler,0.2888,D:\Bird_Anuran_ARUs\IF01\SMM2-27_20260403_052800.wav
480.0,483.0,Corvus brachyrhynchos,American Crow,0.2679,D:\Bird_Anuran_ARUs\IF01\SMM2-27_20260403_052800.wav
483.0,486.0,Pipilo erythrophthalmus,Eastern Towhee,0.8212,D:\Bird_Anuran_ARUs\IF01\SMM2-27_20260403_052800.wav
492.0,495.0,Seiurus aurocapilla,Ovenbird,0.4827,D:\Bird_Anuran_ARUs\IF01\SMM2-27_20260403_052800.wav
495.0,498.0,Mniotilta varia,Black-and-white Warbler,0.6131,D:\Bird_Anuran_ARUs\IF01\SMM2-27_20260403_052800.wav
495.0,498.0,Pipilo erythrophthalmus,Eastern Towhee,0.2681,D:\Bird_Anuran_ARUs\IF01\SMM2-27_20260403_052800.wav
498.0,501.0,Pipilo erythrophthalmus,Eastern Towhee,0.8117,D:\Bird_Anuran_ARUs\IF01\SMM2-27_20260403_052800.wav
510.0,513.0,Pipilo erythrophthalmus,Eastern Towhee,0.5954,D:\Bird_Anuran_ARUs\IF01\SMM2-27_20260403_052800.wav
510.0,513.0,Setophaga pinus,Pine Warbler,0.5523,D:\Bird_Anuran_ARUs\IF01\SMM2-27_20260403_052800.wav
513.0,516.0,Geothlypis trichas,Common Yellowthroat,0.3753,D:\Bird_Anuran_ARUs\IF01\SMM2-27_20260403_052800.wav
516.0,519.0,Pipilo erythrophthalmus,Eastern Towhee,0.8770,D:\Bird_Anuran_ARUs\IF01\SMM2-27_20260403_052800.wav
516.0,519.0,Corvus brachyrhynchos,American Crow,0.2542,D:\Bird_Anuran_ARUs\IF01\SMM2-27_20260403_052800.wav
522.0,525.0,Pipilo erythrophthalmus,Eastern Towhee,0.8679,D:\Bird_Anuran_ARUs\IF01\SMM2-27_20260403_052800.wav
525.0,528.0,Geothlypis trichas,Common Yellowthroat,0.5733,D:\Bird_Anuran_ARUs\IF01\SMM2-27_20260403_052800.wav
528.0,531.0,Pipilo erythrophthalmus,Eastern Towhee,0.8185,D:\Bird_Anuran_ARUs\IF01\SMM2-27_20260403_052800.wav
531.0,534.0,Seiurus aurocapilla,Ovenbird,0.3372,D:\Bird_Anuran_ARUs\IF01\SMM2-27_20260403_052800.wav
534.0,537.0,Pipilo erythrophthalmus,Eastern Towhee,0.6456,D:\Bird_Anuran_ARUs\IF01\SMM2-27_20260403_052800.wav
537.0,540.0,Pipilo erythrophthalmus,Eastern Towhee,0.3946,D:\Bird_Anuran_ARUs\IF01\SMM2-27_20260403_052800.wav
540.0,543.0,Pipilo erythrophthalmus,Eastern Towhee,0.2754,D:\Bird_Anuran_ARUs\IF01\SMM2-27_20260403_052800.wav
543.0,546.0,Pipilo erythrophthalmus,Eastern Towhee,0.6992,D:\Bird_Anuran_ARUs\IF01\SMM2-27_20260403_052800.wav
546.0,549.0,Pipilo erythrophthalmus,Eastern Towhee,0.8524,D:\Bird_Anuran_ARUs\IF01\SMM2-27_20260403_052800.wav
546.0,549.0,Setophaga pinus,Pine Warbler,0.5695,D:\Bird_Anuran_ARUs\IF01\SMM2-27_20260403_052800.wav
549.0,552.0,Geothlypis trichas,Common Yellowthroat,0.5125,D:\Bird_Anuran_ARUs\IF01\SMM2-27_20260403_052800.wav
552.0,555.0,Pipilo erythrophthalmus,Eastern Towhee,0.9691,D:\Bird_Anuran_ARUs\IF01\SMM2-27_20260403_052800.wav
558.0,561.0,Geothlypis trichas,Common Yellowthroat,0.8275,D:\Bird_Anuran_ARUs\IF01\SMM2-27_20260403_052800.wav
561.0,564.0,Pipilo erythrophthalmus,Eastern Towhee,0.9495,D:\Bird_Anuran_ARUs\IF01\SMM2-27_20260403_052800.wav
564.0,567.0,Setophaga pinus,Pine Warbler,0.4879,D:\Bird_Anuran_ARUs\IF01\SMM2-27_20260403_052800.wav
567.0,570.0,Geothlypis trichas,Common Yellowthroat,0.7704,D:\Bird_Anuran_ARUs\IF01\SMM2-27_20260403_052800.wav
570.0,573.0,Pipilo erythrophthalmus,Eastern Towhee,0.8235,D:\Bird_Anuran_ARUs\IF01\SMM2-27_20260403_052800.wav
570.0,573.0,Setophaga pinus,Pine Warbler,0.3481,D:\Bird_Anuran_ARUs\IF01\SMM2-27_20260403_052800.wav
576.0,579.0,Geothlypis trichas,Common Yellowthroat,0.6112,D:\Bird_Anuran_ARUs\IF01\SMM2-27_20260403_052800.wav
579.0,582.0,Pipilo erythrophthalmus,Eastern Towhee,0.2837,D:\Bird_Anuran_ARUs\IF01\SMM2-27_20260403_052800.wav
579.0,582.0,Setophaga citrina,Hooded Warbler,0.2711,D:\Bird_Anuran_ARUs\IF01\SMM2-27_20260403_052800.wav
582.0,585.0,Setophaga pinus,Pine Warbler,0.3104,D:\Bird_Anuran_ARUs\IF01\SMM2-27_20260403_052800.wav
582.0,585.0,Mniotilta varia,Black-and-white Warbler,0.3063,D:\Bird_Anuran_ARUs\IF01\SMM2-27_20260403_052800.wav
588.0,591.0,Geothlypis trichas,Common Yellowthroat,0.6579,D:\Bird_Anuran_ARUs\IF01\SMM2-27_20260403_052800.wav
591.0,594.0,Pipilo erythrophthalmus,Eastern Towhee,0.7001,D:\Bird_Anuran_ARUs\IF01\SMM2-27_20260403_052800.wav
594.0,597.0,Pipilo erythrophthalmus,Eastern Towhee,0.8859,D:\Bird_Anuran_ARUs\IF01\SMM2-27_20260403_052800.wav
597.0,600.0,Geothlypis trichas,Common Yellowthroat,0.7594,D:\Bird_Anuran_ARUs\IF01\SMM2-27_20260403_052800.wav
600.0,603.0,Pipilo erythrophthalmus,Eastern Towhee,0.2947,D:\Bird_Anuran_ARUs\IF01\SMM2-27_20260403_052800.wav
603.0,606.0,Setophaga pinus,Pine Warbler,0.8196,D:\Bird_Anuran_ARUs\IF01\SMM2-27_20260403_052800.wav
603.0,606.0,Seiurus aurocapilla,Ovenbird,0.2761,D:\Bird_Anuran_ARUs\IF01\SMM2-27_20260403_052800.wav
606.0,609.0,Pipilo erythrophthalmus,Eastern Towhee,0.5696,D:\Bird_Anuran_ARUs\IF01\SMM2-27_20260403_052800.wav
612.0,615.0,Pipilo erythrophthalmus,Eastern Towhee,0.8209,D:\Bird_Anuran_ARUs\IF01\SMM2-27_20260403_052800.wav
615.0,618.0,Pipilo erythrophthalmus,Eastern Towhee,0.9248,D:\Bird_Anuran_ARUs\IF01\SMM2-27_20260403_052800.wav
618.0,621.0,Geothlypis trichas,Common Yellowthroat,0.6839,D:\Bird_Anuran_ARUs\IF01\SMM2-27_20260403_052800.wav
624.0,627.0,Setophaga pinus,Pine Warbler,0.3270,D:\Bird_Anuran_ARUs\IF01\SMM2-27_20260403_052800.wav
627.0,630.0,Pipilo erythrophthalmus,Eastern Towhee,0.7936,D:\Bird_Anuran_ARUs\IF01\SMM2-27_20260403_052800.wav
630.0,633.0,Geothlypis trichas,Common Yellowthroat,0.9160,D:\Bird_Anuran_ARUs\IF01\SMM2-27_20260403_052800.wav
633.0,636.0,Pipilo erythrophthalmus,Eastern Towhee,0.9032,D:\Bird_Anuran_ARUs\IF01\SMM2-27_20260403_052800.wav
636.0,639.0,Mniotilta varia,Black-and-white Warbler,0.4932,D:\Bird_Anuran_ARUs\IF01\SMM2-27_20260403_052800.wav
639.0,642.0,Pipilo erythrophthalmus,Eastern Towhee,0.6685,D:\Bird_Anuran_ARUs\IF01\SMM2-27_20260403_052800.wav
642.0,645.0,Geothlypis trichas,Common Yellowthroat,0.4980,D:\Bird_Anuran_ARUs\IF01\SMM2-27_20260403_052800.wav
642.0,645.0,Pipilo erythrophthalmus,Eastern Towhee,0.2559,D:\Bird_Anuran_ARUs\IF01\SMM2-27_20260403_052800.wav
645.0,648.0,Pipilo erythrophthalmus,Eastern Towhee,0.8213,D:\Bird_Anuran_ARUs\IF01\SMM2-27_20260403_052800.wav
648.0,651.0,Pipilo erythrophthalmus,Eastern Towhee,0.9310,D:\Bird_Anuran_ARUs\IF01\SMM2-27_20260403_052800.wav
654.0,657.0,Pipilo erythrophthalmus,Eastern Towhee,0.9069,D:\Bird_Anuran_ARUs\IF01\SMM2-27_20260403_052800.wav
660.0,663.0,Geothlypis trichas,Common Yellowthroat,0.3446,D:\Bird_Anuran_ARUs\IF01\SMM2-27_20260403_052800.wav
663.0,666.0,Pipilo erythrophthalmus,Eastern Towhee,0.8445,D:\Bird_Anuran_ARUs\IF01\SMM2-27_20260403_052800.wav
669.0,672.0,Pipilo erythrophthalmus,Eastern Towhee,0.8424,D:\Bird_Anuran_ARUs\IF01\SMM2-27_20260403_052800.wav
672.0,675.0,Pipilo erythrophthalmus,Eastern Towhee,0.7885,D:\Bird_Anuran_ARUs\IF01\SMM2-27_20260403_052800.wav
675.0,678.0,Pipilo erythrophthalmus,Eastern Towhee,0.3418,D:\Bird_Anuran_ARUs\IF01\SMM2-27_20260403_052800.wav
681.0,684.0,Pipilo erythrophthalmus,Eastern Towhee,0.8207,D:\Bird_Anuran_ARUs\IF01\SMM2-27_20260403_052800.wav
684.0,687.0,Setophaga pinus,Pine Warbler,0.4768,D:\Bird_Anuran_ARUs\IF01\SMM2-27_20260403_052800.wav
687.0,690.0,Pipilo erythrophthalmus,Eastern Towhee,0.6391,D:\Bird_Anuran_ARUs\IF01\SMM2-27_20260403_052800.wav
690.0,693.0,Geothlypis trichas,Common Yellowthroat,0.3899,D:\Bird_Anuran_ARUs\IF01\SMM2-27_20260403_052800.wav
693.0,696.0,Pipilo erythrophthalmus,Eastern Towhee,0.9405,D:\Bird_Anuran_ARUs\IF01\SMM2-27_20260403_052800.wav
696.0,699.0,Setophaga pinus,Pine Warbler,0.3072,D:\Bird_Anuran_ARUs\IF01\SMM2-27_20260403_052800.wav
699.0,702.0,Pipilo erythrophthalmus,Eastern Towhee,0.8899,D:\Bird_Anuran_ARUs\IF01\SMM2-27_20260403_052800.wav
705.0,708.0,Pipilo erythrophthalmus,Eastern Towhee,0.5558,D:\Bird_Anuran_ARUs\IF01\SMM2-27_20260403_052800.wav
711.0,714.0,Pipilo erythrophthalmus,Eastern Towhee,0.6394,D:\Bird_Anuran_ARUs\IF01\SMM2-27_20260403_052800.wav
714.0,717.0,Pipilo erythrophthalmus,Eastern Towhee,0.6606,D:\Bird_Anuran_ARUs\IF01\SMM2-27_20260403_052800.wav
717.0,720.0,Pipilo erythrophthalmus,Eastern Towhee,0.5826,D:\Bird_Anuran_ARUs\IF01\SMM2-27_20260403_052800.wav
720.0,723.0,Piranga olivacea,Scarlet Tanager,0.3996,D:\Bird_Anuran_ARUs\IF01\SMM2-27_20260403_052800.wav
723.0,726.0,Pipilo erythrophthalmus,Eastern Towhee,0.3173,D:\Bird_Anuran_ARUs\IF01\SMM2-27_20260403_052800.wav
729.0,732.0,Pipilo erythrophthalmus,Eastern Towhee,0.7624,D:\Bird_Anuran_ARUs\IF01\SMM2-27_20260403_052800.wav
735.0,738.0,Pipilo erythrophthalmus,Eastern Towhee,0.7718,D:\Bird_Anuran_ARUs\IF01\SMM2-27_20260403_052800.wav
738.0,741.0,Piranga olivacea,Scarlet Tanager,0.2722,D:\Bird_Anuran_ARUs\IF01\SMM2-27_20260403_052800.wav
741.0,744.0,Pipilo erythrophthalmus,Eastern Towhee,0.8237,D:\Bird_Anuran_ARUs\IF01\SMM2-27_20260403_052800.wav
747.0,750.0,Pipilo erythrophthalmus,Eastern Towhee,0.9023,D:\Bird_Anuran_ARUs\IF01\SMM2-27_20260403_052800.wav
750.0,753.0,Setophaga pinus,Pine Warbler,0.3461,D:\Bird_Anuran_ARUs\IF01\SMM2-27_20260403_052800.wav
756.0,759.0,Pipilo erythrophthalmus,Eastern Towhee,0.4294,D:\Bird_Anuran_ARUs\IF01\SMM2-27_20260403_052800.wav
759.0,762.0,Geothlypis trichas,Common Yellowthroat,0.6789,D:\Bird_Anuran_ARUs\IF01\SMM2-27_20260403_052800.wav
762.0,765.0,Pipilo erythrophthalmus,Eastern Towhee,0.6797,D:\Bird_Anuran_ARUs\IF01\SMM2-27_20260403_052800.wav
765.0,768.0,Setophaga pinus,Pine Warbler,0.5889,D:\Bird_Anuran_ARUs\IF01\SMM2-27_20260403_052800.wav
771.0,774.0,Pipilo erythrophthalmus,Eastern Towhee,0.5555,D:\Bird_Anuran_ARUs\IF01\SMM2-27_20260403_052800.wav
774.0,777.0,Pipilo erythrophthalmus,Eastern Towhee,0.4788,D:\Bird_Anuran_ARUs\IF01\SMM2-27_20260403_052800.wav
774.0,777.0,Setophaga pinus,Pine Warbler,0.3531,D:\Bird_Anuran_ARUs\IF01\SMM2-27_20260403_052800.wav
777.0,780.0,Geothlypis trichas,Common Yellowthroat,0.5901,D:\Bird_Anuran_ARUs\IF01\SMM2-27_20260403_052800.wav
786.0,789.0,Setophaga pinus,Pine Warbler,0.4410,D:\Bird_Anuran_ARUs\IF01\SMM2-27_20260403_052800.wav
786.0,789.0,Pipilo erythrophthalmus,Eastern Towhee,0.3742,D:\Bird_Anuran_ARUs\IF01\SMM2-27_20260403_052800.wav
792.0,795.0,Pipilo erythrophthalmus,Eastern Towhee,0.7952,D:\Bird_Anuran_ARUs\IF01\SMM2-27_20260403_052800.wav
798.0,801.0,Geothlypis trichas,Common Yellowthroat,0.3951,D:\Bird_Anuran_ARUs\IF01\SMM2-27_20260403_052800.wav
804.0,807.0,Pipilo erythrophthalmus,Eastern Towhee,0.4226,D:\Bird_Anuran_ARUs\IF01\SMM2-27_20260403_052800.wav
804.0,807.0,Setophaga pinus,Pine Warbler,0.2931,D:\Bird_Anuran_ARUs\IF01\SMM2-27_20260403_052800.wav
807.0,810.0,Pipilo erythrophthalmus,Eastern Towhee,0.5788,D:\Bird_Anuran_ARUs\IF01\SMM2-27_20260403_052800.wav
810.0,813.0,Geothlypis trichas,Common Yellowthroat,0.9346,D:\Bird_Anuran_ARUs\IF01\SMM2-27_20260403_052800.wav
813.0,816.0,Pipilo erythrophthalmus,Eastern Towhee,0.6516,D:\Bird_Anuran_ARUs\IF01\SMM2-27_20260403_052800.wav
816.0,819.0,Mniotilta varia,Black-and-white Warbler,0.2699,D:\Bird_Anuran_ARUs\IF01\SMM2-27_20260403_052800.wav
819.0,822.0,Pipilo erythrophthalmus,Eastern Towhee,0.8199,D:\Bird_Anuran_ARUs\IF01\SMM2-27_20260403_052800.wav
822.0,825.0,Geothlypis trichas,Common Yellowthroat,0.3197,D:\Bird_Anuran_ARUs\IF01\SMM2-27_20260403_052800.wav
825.0,828.0,Pipilo erythrophthalmus,Eastern Towhee,0.6440,D:\Bird_Anuran_ARUs\IF01\SMM2-27_20260403_052800.wav
837.0,840.0,Pipilo erythrophthalmus,Eastern Towhee,0.5991,D:\Bird_Anuran_ARUs\IF01\SMM2-27_20260403_052800.wav
837.0,840.0,Setophaga pinus,Pine Warbler,0.4260,D:\Bird_Anuran_ARUs\IF01\SMM2-27_20260403_052800.wav
840.0,843.0,Seiurus aurocapilla,Ovenbird,0.8614,D:\Bird_Anuran_ARUs\IF01\SMM2-27_20260403_052800.wav
846.0,849.0,Pipilo erythrophthalmus,Eastern Towhee,0.3378,D:\Bird_Anuran_ARUs\IF01\SMM2-27_20260403_052800.wav
849.0,852.0,Setophaga pinus,Pine Warbler,0.8239,D:\Bird_Anuran_ARUs\IF01\SMM2-27_20260403_052800.wav
852.0,855.0,Geothlypis trichas,Common Yellowthroat,0.7818,D:\Bird_Anuran_ARUs\IF01\SMM2-27_20260403_052800.wav
858.0,861.0,Pipilo erythrophthalmus,Eastern Towhee,0.3323,D:\Bird_Anuran_ARUs\IF01\SMM2-27_20260403_052800.wav
858.0,861.0,Setophaga pinus,Pine Warbler,0.2940,D:\Bird_Anuran_ARUs\IF01\SMM2-27_20260403_052800.wav
861.0,864.0,Pipilo erythrophthalmus,Eastern Towhee,0.3711,D:\Bird_Anuran_ARUs\IF01\SMM2-27_20260403_052800.wav
861.0,864.0,Seiurus aurocapilla,Ovenbird,0.2896,D:\Bird_Anuran_ARUs\IF01\SMM2-27_20260403_052800.wav
867.0,870.0,Setophaga pinus,Pine Warbler,0.2673,D:\Bird_Anuran_ARUs\IF01\SMM2-27_20260403_052800.wav
870.0,873.0,Pipilo erythrophthalmus,Eastern Towhee,0.2791,D:\Bird_Anuran_ARUs\IF01\SMM2-27_20260403_052800.wav
873.0,876.0,Geothlypis trichas,Common Yellowthroat,0.6592,D:\Bird_Anuran_ARUs\IF01\SMM2-27_20260403_052800.wav
876.0,879.0,Setophaga citrina,Hooded Warbler,0.3183,D:\Bird_Anuran_ARUs\IF01\SMM2-27_20260403_052800.wav
879.0,882.0,Seiurus aurocapilla,Ovenbird,0.4723,D:\Bird_Anuran_ARUs\IF01\SMM2-27_20260403_052800.wav
879.0,882.0,Pipilo erythrophthalmus,Eastern Towhee,0.3865,D:\Bird_Anuran_ARUs\IF01\SMM2-27_20260403_052800.wav
882.0,885.0,Pipilo erythrophthalmus,Eastern Towhee,0.3545,D:\Bird_Anuran_ARUs\IF01\SMM2-27_20260403_052800.wav
885.0,888.0,Geothlypis trichas,Common Yellowthroat,0.7166,D:\Bird_Anuran_ARUs\IF01\SMM2-27_20260403_052800.wav
888.0,891.0,Pipilo erythrophthalmus,Eastern Towhee,0.9321,D:\Bird_Anuran_ARUs\IF01\SMM2-27_20260403_052800.wav
891.0,894.0,Setophaga pinus,Pine Warbler,0.8339,D:\Bird_Anuran_ARUs\IF01\SMM2-27_20260403_052800.wav
894.0,897.0,Geothlypis trichas,Common Yellowthroat,0.7407,D:\Bird_Anuran_ARUs\IF01\SMM2-27_20260403_052800.wav
897.0,900.0,Setophaga citrina,Hooded Warbler,0.6014,D:\Bird_Anuran_ARUs\IF01\SMM2-27_20260403_052800.wav
900.0,903.0,Pipilo erythrophthalmus,Eastern Towhee,0.7783,D:\Bird_Anuran_ARUs\IF01\SMM2-27_20260403_052800.wav
903.0,906.0,Setophaga pinus,Pine Warbler,0.8416,D:\Bird_Anuran_ARUs\IF01\SMM2-27_20260403_052800.wav
906.0,909.0,Geothlypis trichas,Common Yellowthroat,0.8993,D:\Bird_Anuran_ARUs\IF01\SMM2-27_20260403_052800.wav
909.0,912.0,Seiurus aurocapilla,Ovenbird,0.6950,D:\Bird_Anuran_ARUs\IF01\SMM2-27_20260403_052800.wav
912.0,915.0,Pipilo erythrophthalmus,Eastern Towhee,0.8604,D:\Bird_Anuran_ARUs\IF01\SMM2-27_20260403_052800.wav
912.0,915.0,Corvus brachyrhynchos,American Crow,0.5166,D:\Bird_Anuran_ARUs\IF01\SMM2-27_20260403_052800.wav
915.0,918.0,Geothlypis trichas,Common Yellowthroat,0.8028,D:\Bird_Anuran_ARUs\IF01\SMM2-27_20260403_052800.wav
918.0,921.0,Pipilo erythrophthalmus,Eastern Towhee,0.8963,D:\Bird_Anuran_ARUs\IF01\SMM2-27_20260403_052800.wav
918.0,921.0,Setophaga pinus,Pine Warbler,0.2559,D:\Bird_Anuran_ARUs\IF01\SMM2-27_20260403_052800.wav
921.0,924.0,Seiurus aurocapilla,Ovenbird,0.9605,D:\Bird_Anuran_ARUs\IF01\SMM2-27_20260403_052800.wav
924.0,927.0,Pipilo erythrophthalmus,Eastern Towhee,0.4169,D:\Bird_Anuran_ARUs\IF01\SMM2-27_20260403_052800.wav
927.0,930.0,Geothlypis trichas,Common Yellowthroat,0.4286,D:\Bird_Anuran_ARUs\IF01\SMM2-27_20260403_052800.wav
930.0,933.0,Pipilo erythrophthalmus,Eastern Towhee,0.7011,D:\Bird_Anuran_ARUs\IF01\SMM2-27_20260403_052800.wav
936.0,939.0,Geothlypis trichas,Common Yellowthroat,0.6742,D:\Bird_Anuran_ARUs\IF01\SMM2-27_20260403_052800.wav
936.0,939.0,Pipilo erythrophthalmus,Eastern Towhee,0.5189,D:\Bird_Anuran_ARUs\IF01\SMM2-27_20260403_052800.wav
939.0,942.0,Seiurus aurocapilla,Ovenbird,0.9219,D:\Bird_Anuran_ARUs\IF01\SMM2-27_20260403_052800.wav
942.0,945.0,Pipilo erythrophthalmus,Eastern Towhee,0.8127,D:\Bird_Anuran_ARUs\IF01\SMM2-27_20260403_052800.wav
945.0,948.0,Setophaga pinus,Pine Warbler,0.8825,D:\Bird_Anuran_ARUs\IF01\SMM2-27_20260403_052800.wav
948.0,951.0,Geothlypis trichas,Common Yellowthroat,0.3078,D:\Bird_Anuran_ARUs\IF01\SMM2-27_20260403_052800.wav
951.0,954.0,Setophaga pinus,Pine Warbler,0.8052,D:\Bird_Anuran_ARUs\IF01\SMM2-27_20260403_052800.wav
954.0,957.0,Seiurus aurocapilla,Ovenbird,0.9261,D:\Bird_Anuran_ARUs\IF01\SMM2-27_20260403_052800.wav
957.0,960.0,Pipilo erythrophthalmus,Eastern Towhee,0.6257,D:\Bird_Anuran_ARUs\IF01\SMM2-27_20260403_052800.wav
957.0,960.0,Setophaga pinus,Pine Warbler,0.3254,D:\Bird_Anuran_ARUs\IF01\SMM2-27_20260403_052800.wav
960.0,963.0,Geothlypis trichas,Common Yellowthroat,0.8927,D:\Bird_Anuran_ARUs\IF01\SMM2-27_20260403_052800.wav
963.0,966.0,Setophaga pinus,Pine Warbler,0.3385,D:\Bird_Anuran_ARUs\IF01\SMM2-27_20260403_052800.wav
966.0,969.0,Pipilo erythrophthalmus,Eastern Towhee,0.7757,D:\Bird_Anuran_ARUs\IF01\SMM2-27_20260403_052800.wav
969.0,972.0,Geothlypis trichas,Common Yellowthroat,0.6742,D:\Bird_Anuran_ARUs\IF01\SMM2-27_20260403_052800.wav
972.0,975.0,Pipilo erythrophthalmus,Eastern Towhee,0.3678,D:\Bird_Anuran_ARUs\IF01\SMM2-27_20260403_052800.wav
978.0,981.0,Setophaga pinus,Pine Warbler,0.3706,D:\Bird_Anuran_ARUs\IF01\SMM2-27_20260403_052800.wav
978.0,981.0,Pipilo erythrophthalmus,Eastern Towhee,0.3380,D:\Bird_Anuran_ARUs\IF01\SMM2-27_20260403_052800.wav
981.0,984.0,Geothlypis trichas,Common Yellowthroat,0.3874,D:\Bird_Anuran_ARUs\IF01\SMM2-27_20260403_052800.wav
987.0,990.0,Setophaga pinus,Pine Warbler,0.3545,D:\Bird_Anuran_ARUs\IF01\SMM2-27_20260403_052800.wav
990.0,993.0,Pipilo erythrophthalmus,Eastern Towhee,0.7377,D:\Bird_Anuran_ARUs\IF01\SMM2-27_20260403_052800.wav
993.0,996.0,Setophaga pinus,Pine Warbler,0.2628,D:\Bird_Anuran_ARUs\IF01\SMM2-27_20260403_052800.wav
996.0,999.0,Pipilo erythrophthalmus,Eastern Towhee,0.6712,D:\Bird_Anuran_ARUs\IF01\SMM2-27_20260403_052800.wav
999.0,1002.0,Pipilo erythrophthalmus,Eastern Towhee,0.2616,D:\Bird_Anuran_ARUs\IF01\SMM2-27_20260403_052800.wav
1008.0,1011.0,Setophaga pinus,Pine Warbler,0.7917,D:\Bird_Anuran_ARUs\IF01\SMM2-27_20260403_052800.wav
1011.0,1014.0,Pipilo erythrophthalmus,Eastern Towhee,0.8095,D:\Bird_Anuran_ARUs\IF01\SMM2-27_20260403_052800.wav
1020.0,1023.0,Seiurus aurocapilla,Ovenbird,0.6077,D:\Bird_Anuran_ARUs\IF01\SMM2-27_20260403_052800.wav
1023.0,1026.0,Seiurus aurocapilla,Ovenbird,0.6388,D:\Bird_Anuran_ARUs\IF01\SMM2-27_20260403_052800.wav
1026.0,1029.0,Geothlypis trichas,Common Yellowthroat,0.4252,D:\Bird_Anuran_ARUs\IF01\SMM2-27_20260403_052800.wav
1029.0,1032.0,Setophaga pinus,Pine Warbler,0.6063,D:\Bird_Anuran_ARUs\IF01\SMM2-27_20260403_052800.wav
1032.0,1035.0,Corvus brachyrhynchos,American Crow,0.4778,D:\Bird_Anuran_ARUs\IF01\SMM2-27_20260403_052800.wav
1032.0,1035.0,Geothlypis trichas,Common Yellowthroat,0.3408,D:\Bird_Anuran_ARUs\IF01\SMM2-27_20260403_052800.wav
1035.0,1038.0,Pipilo erythrophthalmus,Eastern Towhee,0.8944,D:\Bird_Anuran_ARUs\IF01\SMM2-27_20260403_052800.wav
1038.0,1041.0,Seiurus aurocapilla,Ovenbird,0.6447,D:\Bird_Anuran_ARUs\IF01\SMM2-27_20260403_052800.wav
1041.0,1044.0,Pipilo erythrophthalmus,Eastern Towhee,0.9210,D:\Bird_Anuran_ARUs\IF01\SMM2-27_20260403_052800.wav
1041.0,1044.0,Seiurus aurocapilla,Ovenbird,0.4914,D:\Bird_Anuran_ARUs\IF01\SMM2-27_20260403_052800.wav
1047.0,1050.0,Pipilo erythrophthalmus,Eastern Towhee,0.5192,D:\Bird_Anuran_ARUs\IF01\SMM2-27_20260403_052800.wav
1047.0,1050.0,Hylocichla mustelina,Wood Thrush,0.2858,D:\Bird_Anuran_ARUs\IF01\SMM2-27_20260403_052800.wav
1050.0,1053.0,Geothlypis trichas,Common Yellowthroat,0.3144,D:\Bird_Anuran_ARUs\IF01\SMM2-27_20260403_052800.wav
1053.0,1056.0,Setophaga pinus,Pine Warbler,0.3039,D:\Bird_Anuran_ARUs\IF01\SMM2-27_20260403_052800.wav
1056.0,1059.0,Seiurus aurocapilla,Ovenbird,0.4533,D:\Bird_Anuran_ARUs\IF01\SMM2-27_20260403_052800.wav
1056.0,1059.0,Pipilo erythrophthalmus,Eastern Towhee,0.2856,D:\Bird_Anuran_ARUs\IF01\SMM2-27_20260403_052800.wav
1059.0,1062.0,Seiurus aurocapilla,Ovenbird,0.7145,D:\Bird_Anuran_ARUs\IF01\SMM2-27_20260403_052800.wav
1062.0,1065.0,Pipilo erythrophthalmus,Eastern Towhee,0.4811,D:\Bird_Anuran_ARUs\IF01\SMM2-27_20260403_052800.wav
1062.0,1065.0,Setophaga pinus,Pine Warbler,0.3142,D:\Bird_Anuran_ARUs\IF01\SMM2-27_20260403_052800.wav
1065.0,1068.0,Pipilo erythrophthalmus,Eastern Towhee,0.3880,D:\Bird_Anuran_ARUs\IF01\SMM2-27_20260403_052800.wav
1065.0,1068.0,Piranga olivacea,Scarlet Tanager,0.2930,D:\Bird_Anuran_ARUs\IF01\SMM2-27_20260403_052800.wav
1068.0,1071.0,Pipilo erythrophthalmus,Eastern Towhee,0.4720,D:\Bird_Anuran_ARUs\IF01\SMM2-27_20260403_052800.wav
1074.0,1077.0,Seiurus aurocapilla,Ovenbird,0.4711,D:\Bird_Anuran_ARUs\IF01\SMM2-27_20260403_052800.wav
1074.0,1077.0,Pipilo erythrophthalmus,Eastern Towhee,0.2724,D:\Bird_Anuran_ARUs\IF01\SMM2-27_20260403_052800.wav
1077.0,1080.0,Pipilo erythrophthalmus,Eastern Towhee,0.2607,D:\Bird_Anuran_ARUs\IF01\SMM2-27_20260403_052800.wav
1080.0,1083.0,Mniotilta varia,Black-and-white Warbler,0.2964,D:\Bird_Anuran_ARUs\IF01\SMM2-27_20260403_052800.wav
1086.0,1089.0,Pipilo erythrophthalmus,Eastern Towhee,0.2924,D:\Bird_Anuran_ARUs\IF01\SMM2-27_20260403_052800.wav
1089.0,1092.0,Seiurus aurocapilla,Ovenbird,0.5477,D:\Bird_Anuran_ARUs\IF01\SMM2-27_20260403_052800.wav
1092.0,1095.0,Pipilo erythrophthalmus,Eastern Towhee,0.8765,D:\Bird_Anuran_ARUs\IF01\SMM2-27_20260403_052800.wav
1092.0,1095.0,Seiurus aurocapilla,Ovenbird,0.7691,D:\Bird_Anuran_ARUs\IF01\SMM2-27_20260403_052800.wav
1095.0,1098.0,Geothlypis trichas,Common Yellowthroat,0.5363,D:\Bird_Anuran_ARUs\IF01\SMM2-27_20260403_052800.wav
1098.0,1101.0,Pipilo erythrophthalmus,Eastern Towhee,0.4589,D:\Bird_Anuran_ARUs\IF01\SMM2-27_20260403_052800.wav
1101.0,1104.0,Pipilo erythrophthalmus,Eastern Towhee,0.3214,D:\Bird_Anuran_ARUs\IF01\SMM2-27_20260403_052800.wav
1104.0,1107.0,Pipilo erythrophthalmus,Eastern Towhee,0.5955,D:\Bird_Anuran_ARUs\IF01\SMM2-27_20260403_052800.wav
1107.0,1110.0,Geothlypis trichas,Common Yellowthroat,0.4081,D:\Bird_Anuran_ARUs\IF01\SMM2-27_20260403_052800.wav
1113.0,1116.0,Seiurus aurocapilla,Ovenbird,0.4468,D:\Bird_Anuran_ARUs\IF01\SMM2-27_20260403_052800.wav
1119.0,1122.0,Pipilo erythrophthalmus,Eastern Towhee,0.6660,D:\Bird_Anuran_ARUs\IF01\SMM2-27_20260403_052800.wav
1122.0,1125.0,Geothlypis trichas,Common Yellowthroat,0.2646,D:\Bird_Anuran_ARUs\IF01\SMM2-27_20260403_052800.wav
1128.0,1131.0,Pipilo erythrophthalmus,Eastern Towhee,0.7566,D:\Bird_Anuran_ARUs\IF01\SMM2-27_20260403_052800.wav
1131.0,1134.0,Seiurus aurocapilla,Ovenbird,0.9586,D:\Bird_Anuran_ARUs\IF01\SMM2-27_20260403_052800.wav
1131.0,1134.0,Corvus brachyrhynchos,American Crow,0.9405,D:\Bird_Anuran_ARUs\IF01\SMM2-27_20260403_052800.wav
1131.0,1134.0,Pipilo erythrophthalmus,Eastern Towhee,0.3714,D:\Bird_Anuran_ARUs\IF01\SMM2-27_20260403_052800.wav
1131.0,1134.0,Geothlypis trichas,Common Yellowthroat,0.3599,D:\Bird_Anuran_ARUs\IF01\SMM2-27_20260403_052800.wav
1140.0,1143.0,Mniotilta varia,Black-and-white Warbler,0.4346,D:\Bird_Anuran_ARUs\IF01\SMM2-27_20260403_052800.wav
1146.0,1149.0,Seiurus aurocapilla,Ovenbird,0.7407,D:\Bird_Anuran_ARUs\IF01\SMM2-27_20260403_052800.wav
1149.0,1152.0,Seiurus aurocapilla,Ovenbird,0.4814,D:\Bird_Anuran_ARUs\IF01\SMM2-27_20260403_052800.wav
1152.0,1155.0,Mniotilta varia,Black-and-white Warbler,0.3438,D:\Bird_Anuran_ARUs\IF01\SMM2-27_20260403_052800.wav
1152.0,1155.0,Corvus brachyrhynchos,American Crow,0.3271,D:\Bird_Anuran_ARUs\IF01\SMM2-27_20260403_052800.wav
1155.0,1158.0,Geothlypis trichas,Common Yellowthroat,0.2795,D:\Bird_Anuran_ARUs\IF01\SMM2-27_20260403_052800.wav
1158.0,1161.0,Pipilo erythrophthalmus,Eastern Towhee,0.8602,D:\Bird_Anuran_ARUs\IF01\SMM2-27_20260403_052800.wav
1161.0,1164.0,Setophaga pinus,Pine Warbler,0.8784,D:\Bird_Anuran_ARUs\IF01\SMM2-27_20260403_052800.wav
1164.0,1167.0,Setophaga pinus,Pine Warbler,0.3178,D:\Bird_Anuran_ARUs\IF01\SMM2-27_20260403_052800.wav
1167.0,1170.0,Seiurus aurocapilla,Ovenbird,0.3098,D:\Bird_Anuran_ARUs\IF01\SMM2-27_20260403_052800.wav
1170.0,1173.0,Setophaga pinus,Pine Warbler,0.9145,D:\Bird_Anuran_ARUs\IF01\SMM2-27_20260403_052800.wav
1176.0,1179.0,Setophaga pinus,Pine Warbler,0.6808,D:\Bird_Anuran_ARUs\IF01\SMM2-27_20260403_052800.wav
1179.0,1182.0,Geothlypis trichas,Common Yellowthroat,0.3202,D:\Bird_Anuran_ARUs\IF01\SMM2-27_20260403_052800.wav
1182.0,1185.0,Seiurus aurocapilla,Ovenbird,0.8867,D:\Bird_Anuran_ARUs\IF01\SMM2-27_20260403_052800.wav
1185.0,1188.0,Seiurus aurocapilla,Ovenbird,0.7889,D:\Bird_Anuran_ARUs\IF01\SMM2-27_20260403_052800.wav
1188.0,1191.0,Setophaga pinus,Pine Warbler,0.9454,D:\Bird_Anuran_ARUs\IF01\SMM2-27_20260403_052800.wav
1191.0,1194.0,Geothlypis trichas,Common Yellowthroat,0.6117,D:\Bird_Anuran_ARUs\IF01\SMM2-27_20260403_052800.wav
1194.0,1197.0,Setophaga pinus,Pine Warbler,0.9436,D:\Bird_Anuran_ARUs\IF01\SMM2-27_20260403_052800.wav
1200.0,1203.0,Seiurus aurocapilla,Ovenbird,0.6993,D:\Bird_Anuran_ARUs\IF01\SMM2-27_20260403_052800.wav
1203.0,1206.0,Geothlypis trichas,Common Yellowthroat,0.3925,D:\Bird_Anuran_ARUs\IF01\SMM2-27_20260403_052800.wav
1206.0,1209.0,Cardinalis cardinalis,Northern Cardinal,0.6992,D:\Bird_Anuran_ARUs\IF01\SMM2-27_20260403_052800.wav
1209.0,1212.0,Mniotilta varia,Black-and-white Warbler,0.5466,D:\Bird_Anuran_ARUs\IF01\SMM2-27_20260403_052800.wav
1212.0,1215.0,Geothlypis trichas,Common Yellowthroat,0.6087,D:\Bird_Anuran_ARUs\IF01\SMM2-27_20260403_052800.wav
1215.0,1218.0,Setophaga citrina,Hooded Warbler,0.3867,D:\Bird_Anuran_ARUs\IF01\SMM2-27_20260403_052800.wav
1218.0,1221.0,Seiurus aurocapilla,Ovenbird,0.9288,D:\Bird_Anuran_ARUs\IF01\SMM2-27_20260403_052800.wav
1221.0,1224.0,Pipilo erythrophthalmus,Eastern Towhee,0.8037,D:\Bird_Anuran_ARUs\IF01\SMM2-27_20260403_052800.wav
1224.0,1227.0,Geothlypis trichas,Common Yellowthroat,0.7189,D:\Bird_Anuran_ARUs\IF01\SMM2-27_20260403_052800.wav
1227.0,1230.0,Pipilo erythrophthalmus,Eastern Towhee,0.7183,D:\Bird_Anuran_ARUs\IF01\SMM2-27_20260403_052800.wav
1236.0,1239.0,Seiurus aurocapilla,Ovenbird,0.2713,D:\Bird_Anuran_ARUs\IF01\SMM2-27_20260403_052800.wav
1239.0,1242.0,Seiurus aurocapilla,Ovenbird,0.9120,D:\Bird_Anuran_ARUs\IF01\SMM2-27_20260403_052800.wav
1245.0,1248.0,Setophaga pinus,Pine Warbler,0.8488,D:\Bird_Anuran_ARUs\IF01\SMM2-27_20260403_052800.wav
1248.0,1251.0,Pipilo erythrophthalmus,Eastern Towhee,0.4873,D:\Bird_Anuran_ARUs\IF01\SMM2-27_20260403_052800.wav
1251.0,1254.0,Pipilo erythrophthalmus,Eastern Towhee,0.3838,D:\Bird_Anuran_ARUs\IF01\SMM2-27_20260403_052800.wav
1254.0,1257.0,Setophaga pinus,Pine Warbler,0.9565,D:\Bird_Anuran_ARUs\IF01\SMM2-27_20260403_052800.wav
1257.0,1260.0,Seiurus aurocapilla,Ovenbird,0.7097,D:\Bird_Anuran_ARUs\IF01\SMM2-27_20260403_052800.wav
1260.0,1263.0,Setophaga pinus,Pine Warbler,0.8568,D:\Bird_Anuran_ARUs\IF01\SMM2-27_20260403_052800.wav
1263.0,1266.0,Setophaga pinus,Pine Warbler,0.9637,D:\Bird_Anuran_ARUs\IF01\SMM2-27_20260403_052800.wav
1266.0,1269.0,Hylocichla mustelina,Wood Thrush,0.4075,D:\Bird_Anuran_ARUs\IF01\SMM2-27_20260403_052800.wav
1266.0,1269.0,Pipilo erythrophthalmus,Eastern Towhee,0.3032,D:\Bird_Anuran_ARUs\IF01\SMM2-27_20260403_052800.wav
1272.0,1275.0,Setophaga pinus,Pine Warbler,0.9512,D:\Bird_Anuran_ARUs\IF01\SMM2-27_20260403_052800.wav
1275.0,1278.0,Seiurus aurocapilla,Ovenbird,0.8265,D:\Bird_Anuran_ARUs\IF01\SMM2-27_20260403_052800.wav
1278.0,1281.0,Setophaga pinus,Pine Warbler,0.9601,D:\Bird_Anuran_ARUs\IF01\SMM2-27_20260403_052800.wav
1281.0,1284.0,Setophaga pinus,Pine Warbler,0.3649,D:\Bird_Anuran_ARUs\IF01\SMM2-27_20260403_052800.wav
1281.0,1284.0,Pipilo erythrophthalmus,Eastern Towhee,0.2689,D:\Bird_Anuran_ARUs\IF01\SMM2-27_20260403_052800.wav
1284.0,1287.0,Pipilo erythrophthalmus,Eastern Towhee,0.8644,D:\Bird_Anuran_ARUs\IF01\SMM2-27_20260403_052800.wav
1287.0,1290.0,Setophaga pinus,Pine Warbler,0.9824,D:\Bird_Anuran_ARUs\IF01\SMM2-27_20260403_052800.wav
1290.0,1293.0,Setophaga pinus,Pine Warbler,0.9124,D:\Bird_Anuran_ARUs\IF01\SMM2-27_20260403_052800.wav
1290.0,1293.0,Pipilo erythrophthalmus,Eastern Towhee,0.8183,D:\Bird_Anuran_ARUs\IF01\SMM2-27_20260403_052800.wav
1296.0,1299.0,Setophaga pinus,Pine Warbler,0.9143,D:\Bird_Anuran_ARUs\IF01\SMM2-27_20260403_052800.wav
1299.0,1302.0,Pipilo erythrophthalmus,Eastern Towhee,0.8866,D:\Bird_Anuran_ARUs\IF01\SMM2-27_20260403_052800.wav
1302.0,1305.0,Setophaga pinus,Pine Warbler,0.7894,D:\Bird_Anuran_ARUs\IF01\SMM2-27_20260403_052800.wav
1305.0,1308.0,Setophaga pinus,Pine Warbler,0.9334,D:\Bird_Anuran_ARUs\IF01\SMM2-27_20260403_052800.wav
1308.0,1311.0,Pipilo erythrophthalmus,Eastern Towhee,0.2693,D:\Bird_Anuran_ARUs\IF01\SMM2-27_20260403_052800.wav
1311.0,1314.0,Seiurus aurocapilla,Ovenbird,0.9268,D:\Bird_Anuran_ARUs\IF01\SMM2-27_20260403_052800.wav
1311.0,1314.0,Pipilo erythrophthalmus,Eastern Towhee,0.4514,D:\Bird_Anuran_ARUs\IF01\SMM2-27_20260403_052800.wav
1314.0,1317.0,Setophaga pinus,Pine Warbler,0.8366,D:\Bird_Anuran_ARUs\IF01\SMM2-27_20260403_052800.wav
1317.0,1320.0,Geothlypis trichas,Common Yellowthroat,0.3831,D:\Bird_Anuran_ARUs\IF01\SMM2-27_20260403_052800.wav
1320.0,1323.0,Setophaga pinus,Pine Warbler,0.3941,D:\Bird_Anuran_ARUs\IF01\SMM2-27_20260403_052800.wav
1323.0,1326.0,Setophaga pinus,Pine Warbler,0.9662,D:\Bird_Anuran_ARUs\IF01\SMM2-27_20260403_052800.wav
1326.0,1329.0,Pipilo erythrophthalmus,Eastern Towhee,0.3490,D:\Bird_Anuran_ARUs\IF01\SMM2-27_20260403_052800.wav
1329.0,1332.0,Pipilo erythrophthalmus,Eastern Towhee,0.5208,D:\Bird_Anuran_ARUs\IF01\SMM2-27_20260403_052800.wav
1332.0,1335.0,Setophaga pinus,Pine Warbler,0.8125,D:\Bird_Anuran_ARUs\IF01\SMM2-27_20260403_052800.wav
1338.0,1341.0,Seiurus aurocapilla,Ovenbird,0.7867,D:\Bird_Anuran_ARUs\IF01\SMM2-27_20260403_052800.wav
1341.0,1344.0,Setophaga pinus,Pine Warbler,0.9361,D:\Bird_Anuran_ARUs\IF01\SMM2-27_20260403_052800.wav
1350.0,1353.0,Setophaga pinus,Pine Warbler,0.8583,D:\Bird_Anuran_ARUs\IF01\SMM2-27_20260403_052800.wav
1353.0,1356.0,Seiurus aurocapilla,Ovenbird,0.9524,D:\Bird_Anuran_ARUs\IF01\SMM2-27_20260403_052800.wav
1356.0,1359.0,Geothlypis trichas,Common Yellowthroat,0.4447,D:\Bird_Anuran_ARUs\IF01\SMM2-27_20260403_052800.wav
1356.0,1359.0,Pipilo erythrophthalmus,Eastern Towhee,0.4074,D:\Bird_Anuran_ARUs\IF01\SMM2-27_20260403_052800.wav
1359.0,1362.0,Setophaga pinus,Pine Warbler,0.9396,D:\Bird_Anuran_ARUs\IF01\SMM2-27_20260403_052800.wav
1362.0,1365.0,Pipilo erythrophthalmus,Eastern Towhee,0.4981,D:\Bird_Anuran_ARUs\IF01\SMM2-27_20260403_052800.wav
1362.0,1365.0,Setophaga pinus,Pine Warbler,0.2809,D:\Bird_Anuran_ARUs\IF01\SMM2-27_20260403_052800.wav
1365.0,1368.0,Pipilo erythrophthalmus,Eastern Towhee,0.4112,D:\Bird_Anuran_ARUs\IF01\SMM2-27_20260403_052800.wav
1368.0,1371.0,Seiurus aurocapilla,Ovenbird,0.9270,D:\Bird_Anuran_ARUs\IF01\SMM2-27_20260403_052800.wav
1371.0,1374.0,Setophaga pinus,Pine Warbler,0.3145,D:\Bird_Anuran_ARUs\IF01\SMM2-27_20260403_052800.wav
1380.0,1383.0,Setophaga pinus,Pine Warbler,0.9047,D:\Bird_Anuran_ARUs\IF01\SMM2-27_20260403_052800.wav
1383.0,1386.0,Pipilo erythrophthalmus,Eastern Towhee,0.3521,D:\Bird_Anuran_ARUs\IF01\SMM2-27_20260403_052800.wav
1386.0,1389.0,Setophaga pinus,Pine Warbler,0.7162,D:\Bird_Anuran_ARUs\IF01\SMM2-27_20260403_052800.wav
1389.0,1392.0,Setophaga pinus,Pine Warbler,0.9641,D:\Bird_Anuran_ARUs\IF01\SMM2-27_20260403_052800.wav
1395.0,1398.0,Setophaga pinus,Pine Warbler,0.8275,D:\Bird_Anuran_ARUs\IF01\SMM2-27_20260403_052800.wav
1398.0,1401.0,Seiurus aurocapilla,Ovenbird,0.6294,D:\Bird_Anuran_ARUs\IF01\SMM2-27_20260403_052800.wav
1398.0,1401.0,Setophaga pinus,Pine Warbler,0.3688,D:\Bird_Anuran_ARUs\IF01\SMM2-27_20260403_052800.wav
1404.0,1407.0,Setophaga citrina,Hooded Warbler,0.7664,D:\Bird_Anuran_ARUs\IF01\SMM2-27_20260403_052800.wav
1407.0,1410.0,Pipilo erythrophthalmus,Eastern Towhee,0.4433,D:\Bird_Anuran_ARUs\IF01\SMM2-27_20260403_052800.wav
1410.0,1413.0,Setophaga pinus,Pine Warbler,0.9786,D:\Bird_Anuran_ARUs\IF01\SMM2-27_20260403_052800.wav
1413.0,1416.0,Setophaga citrina,Hooded Warbler,0.3758,D:\Bird_Anuran_ARUs\IF01\SMM2-27_20260403_052800.wav
1419.0,1422.0,Setophaga pinus,Pine Warbler,0.4255,D:\Bird_Anuran_ARUs\IF01\SMM2-27_20260403_052800.wav
1422.0,1425.0,Seiurus aurocapilla,Ovenbird,0.4589,D:\Bird_Anuran_ARUs\IF01\SMM2-27_20260403_052800.wav
1428.0,1431.0,Setophaga pinus,Pine Warbler,0.9433,D:\Bird_Anuran_ARUs\IF01\SMM2-27_20260403_052800.wav
1431.0,1434.0,Setophaga pinus,Pine Warbler,0.9729,D:\Bird_Anuran_ARUs\IF01\SMM2-27_20260403_052800.wav
1440.0,1443.0,Setophaga pinus,Pine Warbler,0.5649,D:\Bird_Anuran_ARUs\IF01\SMM2-27_20260403_052800.wav
1449.0,1452.0,Setophaga pinus,Pine Warbler,0.9412,D:\Bird_Anuran_ARUs\IF01\SMM2-27_20260403_052800.wav
1455.0,1458.0,Seiurus aurocapilla,Ovenbird,0.8639,D:\Bird_Anuran_ARUs\IF01\SMM2-27_20260403_052800.wav
1458.0,1461.0,Setophaga pinus,Pine Warbler,0.7472,D:\Bird_Anuran_ARUs\IF01\SMM2-27_20260403_052800.wav
1461.0,1464.0,Geothlypis trichas,Common Yellowthroat,0.6979,D:\Bird_Anuran_ARUs\IF01\SMM2-27_20260403_052800.wav
1467.0,1470.0,Setophaga pinus,Pine Warbler,0.9874,D:\Bird_Anuran_ARUs\IF01\SMM2-27_20260403_052800.wav
1470.0,1473.0,Pipilo erythrophthalmus,Eastern Towhee,0.8223,D:\Bird_Anuran_ARUs\IF01\SMM2-27_20260403_052800.wav
1473.0,1476.0,Geothlypis trichas,Common Yellowthroat,0.4403,D:\Bird_Anuran_ARUs\IF01\SMM2-27_20260403_052800.wav
1476.0,1479.0,Setophaga pinus,Pine Warbler,0.9364,D:\Bird_Anuran_ARUs\IF01\SMM2-27_20260403_052800.wav
1479.0,1482.0,Setophaga pinus,Pine Warbler,0.9630,D:\Bird_Anuran_ARUs\IF01\SMM2-27_20260403_052800.wav
1485.0,1488.0,Setophaga pinus,Pine Warbler,0.8435,D:\Bird_Anuran_ARUs\IF01\SMM2-27_20260403_052800.wav
1488.0,1491.0,Setophaga pinus,Pine Warbler,0.7544,D:\Bird_Anuran_ARUs\IF01\SMM2-27_20260403_052800.wav
1491.0,1494.0,Pipilo erythrophthalmus,Eastern Towhee,0.3110,D:\Bird_Anuran_ARUs\IF01\SMM2-27_20260403_052800.wav
1494.0,1497.0,Pipilo erythrophthalmus,Eastern Towhee,0.2835,D:\Bird_Anuran_ARUs\IF01\SMM2-27_20260403_052800.wav
1497.0,1500.0,Setophaga pinus,Pine Warbler,0.5804,D:\Bird_Anuran_ARUs\IF01\SMM2-27_20260403_052800.wav
1506.0,1509.0,Setophaga pinus,Pine Warbler,0.5921,D:\Bird_Anuran_ARUs\IF01\SMM2-27_20260403_052800.wav
1509.0,1512.0,Setophaga pinus,Pine Warbler,0.9407,D:\Bird_Anuran_ARUs\IF01\SMM2-27_20260403_052800.wav
1512.0,1515.0,Geothlypis trichas,Common Yellowthroat,0.2871,D:\Bird_Anuran_ARUs\IF01\SMM2-27_20260403_052800.wav
1515.0,1518.0,Setophaga pinus,Pine Warbler,0.3369,D:\Bird_Anuran_ARUs\IF01\SMM2-27_20260403_052800.wav
1515.0,1518.0,Pipilo erythrophthalmus,Eastern Towhee,0.2945,D:\Bird_Anuran_ARUs\IF01\SMM2-27_20260403_052800.wav
1518.0,1521.0,Setophaga pinus,Pine Warbler,0.9620,D:\Bird_Anuran_ARUs\IF01\SMM2-27_20260403_052800.wav
1521.0,1524.0,Setophaga pinus,Pine Warbler,0.2861,D:\Bird_Anuran_ARUs\IF01\SMM2-27_20260403_052800.wav
1521.0,1524.0,Pipilo erythrophthalmus,Eastern Towhee,0.2846,D:\Bird_Anuran_ARUs\IF01\SMM2-27_20260403_052800.wav
1524.0,1527.0,Geothlypis trichas,Common Yellowthroat,0.4120,D:\Bird_Anuran_ARUs\IF01\SMM2-27_20260403_052800.wav
1527.0,1530.0,Setophaga pinus,Pine Warbler,0.9347,D:\Bird_Anuran_ARUs\IF01\SMM2-27_20260403_052800.wav
1536.0,1539.0,Setophaga pinus,Pine Warbler,0.6526,D:\Bird_Anuran_ARUs\IF01\SMM2-27_20260403_052800.wav
1539.0,1542.0,Seiurus aurocapilla,Ovenbird,0.8579,D:\Bird_Anuran_ARUs\IF01\SMM2-27_20260403_052800.wav
1542.0,1545.0,Setophaga pinus,Pine Warbler,0.4990,D:\Bird_Anuran_ARUs\IF01\SMM2-27_20260403_052800.wav
1545.0,1548.0,Setophaga pinus,Pine Warbler,0.9129,D:\Bird_Anuran_ARUs\IF01\SMM2-27_20260403_052800.wav
1548.0,1551.0,Setophaga citrina,Hooded Warbler,0.3019,D:\Bird_Anuran_ARUs\IF01\SMM2-27_20260403_052800.wav
1548.0,1551.0,Geothlypis trichas,Common Yellowthroat,0.2538,D:\Bird_Anuran_ARUs\IF01\SMM2-27_20260403_052800.wav
1554.0,1557.0,Setophaga pinus,Pine Warbler,0.9893,D:\Bird_Anuran_ARUs\IF01\SMM2-27_20260403_052800.wav
1557.0,1560.0,Seiurus aurocapilla,Ovenbird,0.4465,D:\Bird_Anuran_ARUs\IF01\SMM2-27_20260403_052800.wav
1563.0,1566.0,Setophaga pinus,Pine Warbler,0.9654,D:\Bird_Anuran_ARUs\IF01\SMM2-27_20260403_052800.wav
1563.0,1566.0,Setophaga dominica,Yellow-throated Warbler,0.4232,D:\Bird_Anuran_ARUs\IF01\SMM2-27_20260403_052800.wav
1566.0,1569.0,Setophaga pinus,Pine Warbler,0.9545,D:\Bird_Anuran_ARUs\IF01\SMM2-27_20260403_052800.wav
1569.0,1572.0,Mniotilta varia,Black-and-white Warbler,0.4771,D:\Bird_Anuran_ARUs\IF01\SMM2-27_20260403_052800.wav
1572.0,1575.0,Setophaga pinus,Pine Warbler,0.4793,D:\Bird_Anuran_ARUs\IF01\SMM2-27_20260403_052800.wav
1578.0,1581.0,Pipilo erythrophthalmus,Eastern Towhee,0.2547,D:\Bird_Anuran_ARUs\IF01\SMM2-27_20260403_052800.wav
1581.0,1584.0,Setophaga pinus,Pine Warbler,0.8836,D:\Bird_Anuran_ARUs\IF01\SMM2-27_20260403_052800.wav
1584.0,1587.0,Setophaga pinus,Pine Warbler,0.4106,D:\Bird_Anuran_ARUs\IF01\SMM2-27_20260403_052800.wav
1584.0,1587.0,Geothlypis trichas,Common Yellowthroat,0.3667,D:\Bird_Anuran_ARUs\IF01\SMM2-27_20260403_052800.wav
1587.0,1590.0,Setophaga citrina,Hooded Warbler,0.2663,D:\Bird_Anuran_ARUs\IF01\SMM2-27_20260403_052800.wav
1587.0,1590.0,Geothlypis trichas,Common Yellowthroat,0.2576,D:\Bird_Anuran_ARUs\IF01\SMM2-27_20260403_052800.wav
1590.0,1593.0,Setophaga pinus,Pine Warbler,0.8625,D:\Bird_Anuran_ARUs\IF01\SMM2-27_20260403_052800.wav
1593.0,1596.0,Setophaga pinus,Pine Warbler,0.9755,D:\Bird_Anuran_ARUs\IF01\SMM2-27_20260403_052800.wav
1596.0,1599.0,Setophaga pinus,Pine Warbler,0.6711,D:\Bird_Anuran_ARUs\IF01\SMM2-27_20260403_052800.wav
1599.0,1602.0,Setophaga pinus,Pine Warbler,0.5915,D:\Bird_Anuran_ARUs\IF01\SMM2-27_20260403_052800.wav
1602.0,1605.0,Setophaga pinus,Pine Warbler,0.9903,D:\Bird_Anuran_ARUs\IF01\SMM2-27_20260403_052800.wav
1605.0,1608.0,Geothlypis trichas,Common Yellowthroat,0.8324,D:\Bird_Anuran_ARUs\IF01\SMM2-27_20260403_052800.wav
1608.0,1611.0,Setophaga pinus,Pine Warbler,0.9072,D:\Bird_Anuran_ARUs\IF01\SMM2-27_20260403_052800.wav
1611.0,1614.0,Setophaga pinus,Pine Warbler,0.9740,D:\Bird_Anuran_ARUs\IF01\SMM2-27_20260403_052800.wav
1614.0,1617.0,Pipilo erythrophthalmus,Eastern Towhee,0.2822,D:\Bird_Anuran_ARUs\IF01\SMM2-27_20260403_052800.wav
1620.0,1623.0,Geothlypis trichas,Common Yellowthroat,0.3879,D:\Bird_Anuran_ARUs\IF01\SMM2-27_20260403_052800.wav
1626.0,1629.0,Setophaga pinus,Pine Warbler,0.9669,D:\Bird_Anuran_ARUs\IF01\SMM2-27_20260403_052800.wav
1629.0,1632.0,Setophaga pinus,Pine Warbler,0.8779,D:\Bird_Anuran_ARUs\IF01\SMM2-27_20260403_052800.wav
1632.0,1635.0,Geothlypis trichas,Common Yellowthroat,0.5841,D:\Bird_Anuran_ARUs\IF01\SMM2-27_20260403_052800.wav
1635.0,1638.0,Setophaga pinus,Pine Warbler,0.5036,D:\Bird_Anuran_ARUs\IF01\SMM2-27_20260403_052800.wav
1638.0,1641.0,Setophaga pinus,Pine Warbler,0.7942,D:\Bird_Anuran_ARUs\IF01\SMM2-27_20260403_052800.wav
1638.0,1641.0,Seiurus aurocapilla,Ovenbird,0.4896,D:\Bird_Anuran_ARUs\IF01\SMM2-27_20260403_052800.wav
1644.0,1647.0,Setophaga pinus,Pine Warbler,0.9983,D:\Bird_Anuran_ARUs\IF01\SMM2-27_20260403_052800.wav
1647.0,1650.0,Geothlypis trichas,Common Yellowthroat,0.9689,D:\Bird_Anuran_ARUs\IF01\SMM2-27_20260403_052800.wav
1656.0,1659.0,Setophaga pinus,Pine Warbler,0.9970,D:\Bird_Anuran_ARUs\IF01\SMM2-27_20260403_052800.wav
1662.0,1665.0,Geothlypis trichas,Common Yellowthroat,0.7527,D:\Bird_Anuran_ARUs\IF01\SMM2-27_20260403_052800.wav
1662.0,1665.0,Setophaga citrina,Hooded Warbler,0.2685,D:\Bird_Anuran_ARUs\IF01\SMM2-27_20260403_052800.wav
1665.0,1668.0,Mniotilta varia,Black-and-white Warbler,0.4924,D:\Bird_Anuran_ARUs\IF01\SMM2-27_20260403_052800.wav
1668.0,1671.0,Setophaga pinus,Pine Warbler,0.6962,D:\Bird_Anuran_ARUs\IF01\SMM2-27_20260403_052800.wav
1668.0,1671.0,Pipilo erythrophthalmus,Eastern Towhee,0.3419,D:\Bird_Anuran_ARUs\IF01\SMM2-27_20260403_052800.wav
1671.0,1674.0,Geothlypis trichas,Common Yellowthroat,0.8362,D:\Bird_Anuran_ARUs\IF01\SMM2-27_20260403_052800.wav
1674.0,1677.0,Pipilo erythrophthalmus,Eastern Towhee,0.3865,D:\Bird_Anuran_ARUs\IF01\SMM2-27_20260403_052800.wav
1677.0,1680.0,Seiurus aurocapilla,Ovenbird,0.9287,D:\Bird_Anuran_ARUs\IF01\SMM2-27_20260403_052800.wav
1680.0,1683.0,Seiurus aurocapilla,Ovenbird,0.7340,D:\Bird_Anuran_ARUs\IF01\SMM2-27_20260403_052800.wav
1683.0,1686.0,Geothlypis trichas,Common Yellowthroat,0.9195,D:\Bird_Anuran_ARUs\IF01\SMM2-27_20260403_052800.wav
1686.0,1689.0,Setophaga pinus,Pine Warbler,0.9487,D:\Bird_Anuran_ARUs\IF01\SMM2-27_20260403_052800.wav
1692.0,1695.0,Setophaga pinus,Pine Warbler,0.3351,D:\Bird_Anuran_ARUs\IF01\SMM2-27_20260403_052800.wav
1692.0,1695.0,Pipilo erythrophthalmus,Eastern Towhee,0.3246,D:\Bird_Anuran_ARUs\IF01\SMM2-27_20260403_052800.wav
1695.0,1698.0,Geothlypis trichas,Common Yellowthroat,0.9404,D:\Bird_Anuran_ARUs\IF01\SMM2-27_20260403_052800.wav
1698.0,1701.0,Seiurus aurocapilla,Ovenbird,0.9109,D:\Bird_Anuran_ARUs\IF01\SMM2-27_20260403_052800.wav
1701.0,1704.0,Seiurus aurocapilla,Ovenbird,0.5449,D:\Bird_Anuran_ARUs\IF01\SMM2-27_20260403_052800.wav
1704.0,1707.0,Setophaga pinus,Pine Warbler,0.3434,D:\Bird_Anuran_ARUs\IF01\SMM2-27_20260403_052800.wav
1707.0,1710.0,Geothlypis trichas,Common Yellowthroat,0.7738,D:\Bird_Anuran_ARUs\IF01\SMM2-27_20260403_052800.wav
1713.0,1716.0,Pipilo erythrophthalmus,Eastern Towhee,0.4171,D:\Bird_Anuran_ARUs\IF01\SMM2-27_20260403_052800.wav
1716.0,1719.0,Setophaga pinus,Pine Warbler,0.2863,D:\Bird_Anuran_ARUs\IF01\SMM2-27_20260403_052800.wav
1719.0,1722.0,Geothlypis trichas,Common Yellowthroat,0.9235,D:\Bird_Anuran_ARUs\IF01\SMM2-27_20260403_052800.wav
1722.0,1725.0,Seiurus aurocapilla,Ovenbird,0.9779,D:\Bird_Anuran_ARUs\IF01\SMM2-27_20260403_052800.wav
1722.0,1725.0,Cardinalis cardinalis,Northern Cardinal,0.2537,D:\Bird_Anuran_ARUs\IF01\SMM2-27_20260403_052800.wav
1725.0,1728.0,Setophaga pinus,Pine Warbler,0.9598,D:\Bird_Anuran_ARUs\IF01\SMM2-27_20260403_052800.wav
1728.0,1731.0,Geothlypis trichas,Common Yellowthroat,0.5874,D:\Bird_Anuran_ARUs\IF01\SMM2-27_20260403_052800.wav
1728.0,1731.0,Setophaga pinus,Pine Warbler,0.2840,D:\Bird_Anuran_ARUs\IF01\SMM2-27_20260403_052800.wav
1731.0,1734.0,Geothlypis trichas,Common Yellowthroat,0.7800,D:\Bird_Anuran_ARUs\IF01\SMM2-27_20260403_052800.wav
1734.0,1737.0,Setophaga pinus,Pine Warbler,0.8256,D:\Bird_Anuran_ARUs\IF01\SMM2-27_20260403_052800.wav
1737.0,1740.0,Setophaga pinus,Pine Warbler,0.9243,D:\Bird_Anuran_ARUs\IF01\SMM2-27_20260403_052800.wav
1740.0,1743.0,Geothlypis trichas,Common Yellowthroat,0.6901,D:\Bird_Anuran_ARUs\IF01\SMM2-27_20260403_052800.wav
1743.0,1746.0,Geothlypis trichas,Common Yellowthroat,0.6749,D:\Bird_Anuran_ARUs\IF01\SMM2-27_20260403_052800.wav
1746.0,1749.0,Setophaga pinus,Pine Warbler,0.8727,D:\Bird_Anuran_ARUs\IF01\SMM2-27_20260403_052800.wav
1746.0,1749.0,Seiurus aurocapilla,Ovenbird,0.3438,D:\Bird_Anuran_ARUs\IF01\SMM2-27_20260403_052800.wav
1749.0,1752.0,Setophaga pinus,Pine Warbler,0.9873,D:\Bird_Anuran_ARUs\IF01\SMM2-27_20260403_052800.wav
1752.0,1755.0,Geothlypis trichas,Common Yellowthroat,0.8600,D:\Bird_Anuran_ARUs\IF01\SMM2-27_20260403_052800.wav
1755.0,1758.0,Parkesia motacilla,Louisiana Waterthrush,0.3595,D:\Bird_Anuran_ARUs\IF01\SMM2-27_20260403_052800.wav
1755.0,1758.0,Setophaga citrina,Hooded Warbler,0.3279,D:\Bird_Anuran_ARUs\IF01\SMM2-27_20260403_052800.wav
1758.0,1761.0,Setophaga pinus,Pine Warbler,0.8069,D:\Bird_Anuran_ARUs\IF01\SMM2-27_20260403_052800.wav
1761.0,1764.0,Setophaga pinus,Pine Warbler,0.7245,D:\Bird_Anuran_ARUs\IF01\SMM2-27_20260403_052800.wav
1764.0,1767.0,Geothlypis trichas,Common Yellowthroat,0.6437,D:\Bird_Anuran_ARUs\IF01\SMM2-27_20260403_052800.wav
1767.0,1770.0,Setophaga pinus,Pine Warbler,0.5497,D:\Bird_Anuran_ARUs\IF01\SMM2-27_20260403_052800.wav
1770.0,1773.0,Seiurus aurocapilla,Ovenbird,0.6908,D:\Bird_Anuran_ARUs\IF01\SMM2-27_20260403_052800.wav
1776.0,1779.0,Setophaga pinus,Pine Warbler,0.9781,D:\Bird_Anuran_ARUs\IF01\SMM2-27_20260403_052800.wav
1779.0,1782.0,Geothlypis trichas,Common Yellowthroat,0.4517,D:\Bird_Anuran_ARUs\IF01\SMM2-27_20260403_052800.wav
1779.0,1782.0,Setophaga pinus,Pine Warbler,0.2532,D:\Bird_Anuran_ARUs\IF01\SMM2-27_20260403_052800.wav
1782.0,1785.0,Pipilo erythrophthalmus,Eastern Towhee,0.8316,D:\Bird_Anuran_ARUs\IF01\SMM2-27_20260403_052800.wav
1785.0,1788.0,Cardinalis cardinalis,Northern Cardinal,0.4459,D:\Bird_Anuran_ARUs\IF01\SMM2-27_20260403_052800.wav
1788.0,1791.0,Setophaga pinus,Pine Warbler,0.9888,D:\Bird_Anuran_ARUs\IF01\SMM2-27_20260403_052800.wav
1791.0,1794.0,Geothlypis trichas,Common Yellowthroat,0.9279,D:\Bird_Anuran_ARUs\IF01\SMM2-27_20260403_052800.wav
1794.0,1797.0,Setophaga pinus,Pine Warbler,0.7852,D:\Bird_Anuran_ARUs\IF01\SMM2-27_20260403_052800.wav
1797.0,1800.0,Setophaga pinus,Pine Warbler,0.9745,D:\Bird_Anuran_ARUs\IF01\SMM2-27_20260403_052800.wav
1800.0,1803.0,Pipilo erythrophthalmus,Eastern Towhee,0.4168,D:\Bird_Anuran_ARUs\IF01\SMM2-27_20260403_052800.wav
1803.0,1806.0,Geothlypis trichas,Common Yellowthroat,0.9662,D:\Bird_Anuran_ARUs\IF01\SMM2-27_20260403_052800.wav
1806.0,1809.0,Setophaga pinus,Pine Warbler,0.9815,D:\Bird_Anuran_ARUs\IF01\SMM2-27_20260403_052800.wav
1809.0,1812.0,Setophaga pinus,Pine Warbler,0.9728,D:\Bird_Anuran_ARUs\IF01\SMM2-27_20260403_052800.wav
1812.0,1815.0,Pipilo erythrophthalmus,Eastern Towhee,0.3662,D:\Bird_Anuran_ARUs\IF01\SMM2-27_20260403_052800.wav
1815.0,1818.0,Geothlypis trichas,Common Yellowthroat,0.3630,D:\Bird_Anuran_ARUs\IF01\SMM2-27_20260403_052800.wav
1818.0,1821.0,Setophaga citrina,Hooded Warbler,0.6377,D:\Bird_Anuran_ARUs\IF01\SMM2-27_20260403_052800.wav
1818.0,1821.0,Parkesia motacilla,Louisiana Waterthrush,0.2932,D:\Bird_Anuran_ARUs\IF01\SMM2-27_20260403_052800.wav
1821.0,1824.0,Setophaga pinus,Pine Warbler,0.9204,D:\Bird_Anuran_ARUs\IF01\SMM2-27_20260403_052800.wav
1824.0,1827.0,Setophaga pinus,Pine Warbler,0.9940,D:\Bird_Anuran_ARUs\IF01\SMM2-27_20260403_052800.wav
1827.0,1830.0,Geothlypis trichas,Common Yellowthroat,0.8993,D:\Bird_Anuran_ARUs\IF01\SMM2-27_20260403_052800.wav
1830.0,1833.0,Geothlypis trichas,Common Yellowthroat,0.4297,D:\Bird_Anuran_ARUs\IF01\SMM2-27_20260403_052800.wav
1830.0,1833.0,Setophaga citrina,Hooded Warbler,0.3702,D:\Bird_Anuran_ARUs\IF01\SMM2-27_20260403_052800.wav
1830.0,1833.0,Setophaga dominica,Yellow-throated Warbler,0.2555,D:\Bird_Anuran_ARUs\IF01\SMM2-27_20260403_052800.wav
1833.0,1836.0,Setophaga pinus,Pine Warbler,0.9451,D:\Bird_Anuran_ARUs\IF01\SMM2-27_20260403_052800.wav
1836.0,1839.0,Seiurus aurocapilla,Ovenbird,0.6527,D:\Bird_Anuran_ARUs\IF01\SMM2-27_20260403_052800.wav
1839.0,1842.0,Setophaga pinus,Pine Warbler,0.9693,D:\Bird_Anuran_ARUs\IF01\SMM2-27_20260403_052800.wav
1842.0,1845.0,Setophaga pinus,Pine Warbler,0.9892,D:\Bird_Anuran_ARUs\IF01\SMM2-27_20260403_052800.wav
1851.0,1854.0,Setophaga pinus,Pine Warbler,0.9792,D:\Bird_Anuran_ARUs\IF01\SMM2-27_20260403_052800.wav
1854.0,1857.0,Setophaga pinus,Pine Warbler,0.9620,D:\Bird_Anuran_ARUs\IF01\SMM2-27_20260403_052800.wav
1857.0,1860.0,Geothlypis trichas,Common Yellowthroat,0.2839,D:\Bird_Anuran_ARUs\IF01\SMM2-27_20260403_052800.wav
1863.0,1866.0,Setophaga pinus,Pine Warbler,0.9891,D:\Bird_Anuran_ARUs\IF01\SMM2-27_20260403_052800.wav
1866.0,1869.0,Setophaga pinus,Pine Warbler,0.9059,D:\Bird_Anuran_ARUs\IF01\SMM2-27_20260403_052800.wav
1869.0,1872.0,Cardinalis cardinalis,Northern Cardinal,0.2800,D:\Bird_Anuran_ARUs\IF01\SMM2-27_20260403_052800.wav
1872.0,1875.0,Setophaga pinus,Pine Warbler,0.9300,D:\Bird_Anuran_ARUs\IF01\SMM2-27_20260403_052800.wav
1875.0,1878.0,Setophaga pinus,Pine Warbler,0.9898,D:\Bird_Anuran_ARUs\IF01\SMM2-27_20260403_052800.wav
1881.0,1884.0,Setophaga pinus,Pine Warbler,0.4125,D:\Bird_Anuran_ARUs\IF01\SMM2-27_20260403_052800.wav
1884.0,1887.0,Setophaga pinus,Pine Warbler,0.8223,D:\Bird_Anuran_ARUs\IF01\SMM2-27_20260403_052800.wav
1887.0,1890.0,Setophaga pinus,Pine Warbler,0.4695,D:\Bird_Anuran_ARUs\IF01\SMM2-27_20260403_052800.wav
1893.0,1896.0,Setophaga pinus,Pine Warbler,0.9255,D:\Bird_Anuran_ARUs\IF01\SMM2-27_20260403_052800.wav
1896.0,1899.0,Seiurus aurocapilla,Ovenbird,0.7992,D:\Bird_Anuran_ARUs\IF01\SMM2-27_20260403_052800.wav
1899.0,1902.0,Setophaga pinus,Pine Warbler,0.7849,D:\Bird_Anuran_ARUs\IF01\SMM2-27_20260403_052800.wav
1902.0,1905.0,Setophaga pinus,Pine Warbler,0.7100,D:\Bird_Anuran_ARUs\IF01\SMM2-27_20260403_052800.wav
1905.0,1908.0,Setophaga pinus,Pine Warbler,0.9396,D:\Bird_Anuran_ARUs\IF01\SMM2-27_20260403_052800.wav
1908.0,1911.0,Setophaga pinus,Pine Warbler,0.9911,D:\Bird_Anuran_ARUs\IF01\SMM2-27_20260403_052800.wav
1914.0,1917.0,Setophaga pinus,Pine Warbler,0.8295,D:\Bird_Anuran_ARUs\IF01\SMM2-27_20260403_052800.wav
1917.0,1920.0,Setophaga pinus,Pine Warbler,0.7867,D:\Bird_Anuran_ARUs\IF01\SMM2-27_20260403_052800.wav
1920.0,1923.0,Setophaga pinus,Pine Warbler,0.8655,D:\Bird_Anuran_ARUs\IF01\SMM2-27_20260403_052800.wav
1923.0,1926.0,Setophaga pinus,Pine Warbler,0.9762,D:\Bird_Anuran_ARUs\IF01\SMM2-27_20260403_052800.wav
1926.0,1929.0,Setophaga pinus,Pine Warbler,0.9791,D:\Bird_Anuran_ARUs\IF01\SMM2-27_20260403_052800.wav
1929.0,1932.0,Setophaga pinus,Pine Warbler,0.8694,D:\Bird_Anuran_ARUs\IF01\SMM2-27_20260403_052800.wav
1932.0,1935.0,Seiurus aurocapilla,Ovenbird,0.7251,D:\Bird_Anuran_ARUs\IF01\SMM2-27_20260403_052800.wav
1935.0,1938.0,Setophaga pinus,Pine Warbler,0.8284,D:\Bird_Anuran_ARUs\IF01\SMM2-27_20260403_052800.wav
1938.0,1941.0,Setophaga pinus,Pine Warbler,0.9821,D:\Bird_Anuran_ARUs\IF01\SMM2-27_20260403_052800.wav
1941.0,1944.0,Setophaga pinus,Pine Warbler,0.9628,D:\Bird_Anuran_ARUs\IF01\SMM2-27_20260403_052800.wav
1944.0,1947.0,Setophaga pinus,Pine Warbler,0.5904,D:\Bird_Anuran_ARUs\IF01\SMM2-27_20260403_052800.wav
1944.0,1947.0,Pipilo erythrophthalmus,Eastern Towhee,0.4862,D:\Bird_Anuran_ARUs\IF01\SMM2-27_20260403_052800.wav
1947.0,1950.0,Setophaga pinus,Pine Warbler,0.9897,D:\Bird_Anuran_ARUs\IF01\SMM2-27_20260403_052800.wav
1950.0,1953.0,Pipilo erythrophthalmus,Eastern Towhee,0.6940,D:\Bird_Anuran_ARUs\IF01\SMM2-27_20260403_052800.wav
1953.0,1956.0,Corvus brachyrhynchos,American Crow,0.7093,D:\Bird_Anuran_ARUs\IF01\SMM2-27_20260403_052800.wav
1953.0,1956.0,Pipilo erythrophthalmus,Eastern Towhee,0.2786,D:\Bird_Anuran_ARUs\IF01\SMM2-27_20260403_052800.wav
1956.0,1959.0,Setophaga pinus,Pine Warbler,0.9393,D:\Bird_Anuran_ARUs\IF01\SMM2-27_20260403_052800.wav
1959.0,1962.0,Setophaga pinus,Pine Warbler,0.8655,D:\Bird_Anuran_ARUs\IF01\SMM2-27_20260403_052800.wav
1962.0,1965.0,Seiurus aurocapilla,Ovenbird,0.7105,D:\Bird_Anuran_ARUs\IF01\SMM2-27_20260403_052800.wav
1965.0,1968.0,Setophaga pinus,Pine Warbler,0.9530,D:\Bird_Anuran_ARUs\IF01\SMM2-27_20260403_052800.wav
1968.0,1971.0,Setophaga citrina,Hooded Warbler,0.2543,D:\Bird_Anuran_ARUs\IF01\SMM2-27_20260403_052800.wav
1971.0,1974.0,Setophaga pinus,Pine Warbler,0.2634,D:\Bird_Anuran_ARUs\IF01\SMM2-27_20260403_052800.wav
1974.0,1977.0,Setophaga pinus,Pine Warbler,0.9799,D:\Bird_Anuran_ARUs\IF01\SMM2-27_20260403_052800.wav
1977.0,1980.0,Pipilo erythrophthalmus,Eastern Towhee,0.4860,D:\Bird_Anuran_ARUs\IF01\SMM2-27_20260403_052800.wav
1977.0,1980.0,Setophaga citrina,Hooded Warbler,0.3134,D:\Bird_Anuran_ARUs\IF01\SMM2-27_20260403_052800.wav
1980.0,1983.0,Setophaga citrina,Hooded Warbler,0.8348,D:\Bird_Anuran_ARUs\IF01\SMM2-27_20260403_052800.wav
1983.0,1986.0,Seiurus aurocapilla,Ovenbird,0.5656,D:\Bird_Anuran_ARUs\IF01\SMM2-27_20260403_052800.wav
1983.0,1986.0,Setophaga pinus,Pine Warbler,0.4669,D:\Bird_Anuran_ARUs\IF01\SMM2-27_20260403_052800.wav
1986.0,1989.0,Geothlypis trichas,Common Yellowthroat,0.4494,D:\Bird_Anuran_ARUs\IF01\SMM2-27_20260403_052800.wav
1989.0,1992.0,Setophaga pinus,Pine Warbler,0.7443,D:\Bird_Anuran_ARUs\IF01\SMM2-27_20260403_052800.wav
1992.0,1995.0,Corvus brachyrhynchos,American Crow,0.3253,D:\Bird_Anuran_ARUs\IF01\SMM2-27_20260403_052800.wav
1998.0,2001.0,Setophaga pinus,Pine Warbler,0.9818,D:\Bird_Anuran_ARUs\IF01\SMM2-27_20260403_052800.wav
2001.0,2004.0,Setophaga pinus,Pine Warbler,0.8267,D:\Bird_Anuran_ARUs\IF01\SMM2-27_20260403_052800.wav
2004.0,2007.0,Seiurus aurocapilla,Ovenbird,0.5758,D:\Bird_Anuran_ARUs\IF01\SMM2-27_20260403_052800.wav
2007.0,2010.0,Setophaga pinus,Pine Warbler,0.4500,D:\Bird_Anuran_ARUs\IF01\SMM2-27_20260403_052800.wav
2013.0,2016.0,Pipilo erythrophthalmus,Eastern Towhee,0.7794,D:\Bird_Anuran_ARUs\IF01\SMM2-27_20260403_052800.wav
2016.0,2019.0,Setophaga pinus,Pine Warbler,0.9399,D:\Bird_Anuran_ARUs\IF01\SMM2-27_20260403_052800.wav
2016.0,2019.0,Pipilo erythrophthalmus,Eastern Towhee,0.2990,D:\Bird_Anuran_ARUs\IF01\SMM2-27_20260403_052800.wav
2019.0,2022.0,Geothlypis trichas,Common Yellowthroat,0.7897,D:\Bird_Anuran_ARUs\IF01\SMM2-27_20260403_052800.wav
2022.0,2025.0,Pipilo erythrophthalmus,Eastern Towhee,0.6813,D:\Bird_Anuran_ARUs\IF01\SMM2-27_20260403_052800.wav
2025.0,2028.0,Seiurus aurocapilla,Ovenbird,0.7813,D:\Bird_Anuran_ARUs\IF01\SMM2-27_20260403_052800.wav
2028.0,2031.0,Pipilo erythrophthalmus,Eastern Towhee,0.6244,D:\Bird_Anuran_ARUs\IF01\SMM2-27_20260403_052800.wav
2034.0,2037.0,Setophaga pinus,Pine Warbler,0.4425,D:\Bird_Anuran_ARUs\IF01\SMM2-27_20260403_052800.wav
2034.0,2037.0,Pipilo erythrophthalmus,Eastern Towhee,0.3696,D:\Bird_Anuran_ARUs\IF01\SMM2-27_20260403_052800.wav
2040.0,2043.0,Pipilo erythrophthalmus,Eastern Towhee,0.9563,D:\Bird_Anuran_ARUs\IF01\SMM2-27_20260403_052800.wav
2040.0,2043.0,Corvus brachyrhynchos,American Crow,0.5254,D:\Bird_Anuran_ARUs\IF01\SMM2-27_20260403_052800.wav
2043.0,2046.0,Setophaga pinus,Pine Warbler,0.8499,D:\Bird_Anuran_ARUs\IF01\SMM2-27_20260403_052800.wav
2052.0,2055.0,Setophaga pinus,Pine Warbler,0.7562,D:\Bird_Anuran_ARUs\IF01\SMM2-27_20260403_052800.wav
2055.0,2058.0,Setophaga pinus,Pine Warbler,0.4298,D:\Bird_Anuran_ARUs\IF01\SMM2-27_20260403_052800.wav
2055.0,2058.0,Pipilo erythrophthalmus,Eastern Towhee,0.2683,D:\Bird_Anuran_ARUs\IF01\SMM2-27_20260403_052800.wav
2058.0,2061.0,Geothlypis trichas,Common Yellowthroat,0.3997,D:\Bird_Anuran_ARUs\IF01\SMM2-27_20260403_052800.wav
2061.0,2064.0,Setophaga pinus,Pine Warbler,0.5684,D:\Bird_Anuran_ARUs\IF01\SMM2-27_20260403_052800.wav
2067.0,2070.0,Seiurus aurocapilla,Ovenbird,0.4218,D:\Bird_Anuran_ARUs\IF01\SMM2-27_20260403_052800.wav
2070.0,2073.0,Corvus brachyrhynchos,American Crow,0.8164,D:\Bird_Anuran_ARUs\IF01\SMM2-27_20260403_052800.wav
2070.0,2073.0,Pipilo erythrophthalmus,Eastern Towhee,0.3612,D:\Bird_Anuran_ARUs\IF01\SMM2-27_20260403_052800.wav
2070.0,2073.0,Geothlypis trichas,Common Yellowthroat,0.3138,D:\Bird_Anuran_ARUs\IF01\SMM2-27_20260403_052800.wav
2073.0,2076.0,Setophaga pinus,Pine Warbler,0.4229,D:\Bird_Anuran_ARUs\IF01\SMM2-27_20260403_052800.wav
2076.0,2079.0,Setophaga pinus,Pine Warbler,0.7943,D:\Bird_Anuran_ARUs\IF01\SMM2-27_20260403_052800.wav
2085.0,2088.0,Setophaga pinus,Pine Warbler,0.9794,D:\Bird_Anuran_ARUs\IF01\SMM2-27_20260403_052800.wav
2088.0,2091.0,Seiurus aurocapilla,Ovenbird,0.7417,D:\Bird_Anuran_ARUs\IF01\SMM2-27_20260403_052800.wav
2091.0,2094.0,Setophaga citrina,Hooded Warbler,0.3935,D:\Bird_Anuran_ARUs\IF01\SMM2-27_20260403_052800.wav
2091.0,2094.0,Corvus brachyrhynchos,American Crow,0.2889,D:\Bird_Anuran_ARUs\IF01\SMM2-27_20260403_052800.wav
2094.0,2097.0,Setophaga pinus,Pine Warbler,0.5031,D:\Bird_Anuran_ARUs\IF01\SMM2-27_20260403_052800.wav
2100.0,2103.0,Pipilo erythrophthalmus,Eastern Towhee,0.8187,D:\Bird_Anuran_ARUs\IF01\SMM2-27_20260403_052800.wav
2103.0,2106.0,Setophaga citrina,Hooded Warbler,0.4155,D:\Bird_Anuran_ARUs\IF01\SMM2-27_20260403_052800.wav
2109.0,2112.0,Seiurus aurocapilla,Ovenbird,0.8632,D:\Bird_Anuran_ARUs\IF01\SMM2-27_20260403_052800.wav
2112.0,2115.0,Setophaga pinus,Pine Warbler,0.8385,D:\Bird_Anuran_ARUs\IF01\SMM2-27_20260403_052800.wav
2115.0,2118.0,Geothlypis trichas,Common Yellowthroat,0.6317,D:\Bird_Anuran_ARUs\IF01\SMM2-27_20260403_052800.wav
2121.0,2124.0,Setophaga pinus,Pine Warbler,0.6283,D:\Bird_Anuran_ARUs\IF01\SMM2-27_20260403_052800.wav
2124.0,2127.0,Seiurus aurocapilla,Ovenbird,0.5557,D:\Bird_Anuran_ARUs\IF01\SMM2-27_20260403_052800.wav
2130.0,2133.0,Setophaga pinus,Pine Warbler,0.6532,D:\Bird_Anuran_ARUs\IF01\SMM2-27_20260403_052800.wav
2133.0,2136.0,Seiurus aurocapilla,Ovenbird,0.3022,D:\Bird_Anuran_ARUs\IF01\SMM2-27_20260403_052800.wav
2136.0,2139.0,Mniotilta varia,Black-and-white Warbler,0.7962,D:\Bird_Anuran_ARUs\IF01\SMM2-27_20260403_052800.wav
2139.0,2142.0,Mniotilta varia,Black-and-white Warbler,0.3069,D:\Bird_Anuran_ARUs\IF01\SMM2-27_20260403_052800.wav
2145.0,2148.0,Seiurus aurocapilla,Ovenbird,0.9077,D:\Bird_Anuran_ARUs\IF01\SMM2-27_20260403_052800.wav
2148.0,2151.0,Seiurus aurocapilla,Ovenbird,0.5055,D:\Bird_Anuran_ARUs\IF01\SMM2-27_20260403_052800.wav
2148.0,2151.0,Setophaga pinus,Pine Warbler,0.4917,D:\Bird_Anuran_ARUs\IF01\SMM2-27_20260403_052800.wav
2151.0,2154.0,Mniotilta varia,Black-and-white Warbler,0.4834,D:\Bird_Anuran_ARUs\IF01\SMM2-27_20260403_052800.wav
2154.0,2157.0,Setophaga pinus,Pine Warbler,0.4514,D:\Bird_Anuran_ARUs\IF01\SMM2-27_20260403_052800.wav
2157.0,2160.0,Setophaga pinus,Pine Warbler,0.4996,D:\Bird_Anuran_ARUs\IF01\SMM2-27_20260403_052800.wav
2160.0,2163.0,Seiurus aurocapilla,Ovenbird,0.6472,D:\Bird_Anuran_ARUs\IF01\SMM2-27_20260403_052800.wav
2163.0,2166.0,Geothlypis trichas,Common Yellowthroat,0.3520,D:\Bird_Anuran_ARUs\IF01\SMM2-27_20260403_052800.wav
2166.0,2169.0,Mniotilta varia,Black-and-white Warbler,0.4652,D:\Bird_Anuran_ARUs\IF01\SMM2-27_20260403_052800.wav
2169.0,2172.0,Mniotilta varia,Black-and-white Warbler,0.7990,D:\Bird_Anuran_ARUs\IF01\SMM2-27_20260403_052800.wav
2175.0,2178.0,Seiurus aurocapilla,Ovenbird,0.7734,D:\Bird_Anuran_ARUs\IF01\SMM2-27_20260403_052800.wav
2181.0,2184.0,Setophaga pinus,Pine Warbler,0.9638,D:\Bird_Anuran_ARUs\IF01\SMM2-27_20260403_052800.wav
2187.0,2190.0,Setophaga pinus,Pine Warbler,0.4512,D:\Bird_Anuran_ARUs\IF01\SMM2-27_20260403_052800.wav
2190.0,2193.0,Mniotilta varia,Black-and-white Warbler,0.6817,D:\Bird_Anuran_ARUs\IF01\SMM2-27_20260403_052800.wav
2193.0,2196.0,Corvus brachyrhynchos,American Crow,0.3781,D:\Bird_Anuran_ARUs\IF01\SMM2-27_20260403_052800.wav
2193.0,2196.0,Geothlypis trichas,Common Yellowthroat,0.3637,D:\Bird_Anuran_ARUs\IF01\SMM2-27_20260403_052800.wav
2196.0,2199.0,Setophaga pinus,Pine Warbler,0.8681,D:\Bird_Anuran_ARUs\IF01\SMM2-27_20260403_052800.wav
2199.0,2202.0,Seiurus aurocapilla,Ovenbird,0.9050,D:\Bird_Anuran_ARUs\IF01\SMM2-27_20260403_052800.wav
2202.0,2205.0,Geothlypis trichas,Common Yellowthroat,0.3152,D:\Bird_Anuran_ARUs\IF01\SMM2-27_20260403_052800.wav
2208.0,2211.0,Seiurus aurocapilla,Ovenbird,0.2588,D:\Bird_Anuran_ARUs\IF01\SMM2-27_20260403_052800.wav
2214.0,2217.0,Geothlypis trichas,Common Yellowthroat,0.3352,D:\Bird_Anuran_ARUs\IF01\SMM2-27_20260403_052800.wav
2220.0,2223.0,Melanerpes carolinus,Red-bellied Woodpecker,0.4573,D:\Bird_Anuran_ARUs\IF01\SMM2-27_20260403_052800.wav
2223.0,2226.0,Seiurus aurocapilla,Ovenbird,0.6242,D:\Bird_Anuran_ARUs\IF01\SMM2-27_20260403_052800.wav
2232.0,2235.0,Seiurus aurocapilla,Ovenbird,0.3866,D:\Bird_Anuran_ARUs\IF01\SMM2-27_20260403_052800.wav
2235.0,2238.0,Pipilo erythrophthalmus,Eastern Towhee,0.7519,D:\Bird_Anuran_ARUs\IF01\SMM2-27_20260403_052800.wav
2244.0,2247.0,Setophaga pinus,Pine Warbler,0.3524,D:\Bird_Anuran_ARUs\IF01\SMM2-27_20260403_052800.wav
2244.0,2247.0,Melanerpes carolinus,Red-bellied Woodpecker,0.2762,D:\Bird_Anuran_ARUs\IF01\SMM2-27_20260403_052800.wav
2247.0,2250.0,Seiurus aurocapilla,Ovenbird,0.4825,D:\Bird_Anuran_ARUs\IF01\SMM2-27_20260403_052800.wav
2250.0,2253.0,Setophaga pinus,Pine Warbler,0.8002,D:\Bird_Anuran_ARUs\IF01\SMM2-27_20260403_052800.wav
2253.0,2256.0,Geothlypis trichas,Common Yellowthroat,0.2652,D:\Bird_Anuran_ARUs\IF01\SMM2-27_20260403_052800.wav
2259.0,2262.0,Setophaga pinus,Pine Warbler,0.7702,D:\Bird_Anuran_ARUs\IF01\SMM2-27_20260403_052800.wav
2268.0,2271.0,Seiurus aurocapilla,Ovenbird,0.5563,D:\Bird_Anuran_ARUs\IF01\SMM2-27_20260403_052800.wav
2271.0,2274.0,Seiurus aurocapilla,Ovenbird,0.4294,D:\Bird_Anuran_ARUs\IF01\SMM2-27_20260403_052800.wav
2277.0,2280.0,Parkesia motacilla,Louisiana Waterthrush,0.2556,D:\Bird_Anuran_ARUs\IF01\SMM2-27_20260403_052800.wav
2280.0,2283.0,Geothlypis trichas,Common Yellowthroat,0.3348,D:\Bird_Anuran_ARUs\IF01\SMM2-27_20260403_052800.wav
2280.0,2283.0,Setophaga citrina,Hooded Warbler,0.3277,D:\Bird_Anuran_ARUs\IF01\SMM2-27_20260403_052800.wav
2283.0,2286.0,Setophaga citrina,Hooded Warbler,0.3794,D:\Bird_Anuran_ARUs\IF01\SMM2-27_20260403_052800.wav
2286.0,2289.0,Setophaga pinus,Pine Warbler,0.3143,D:\Bird_Anuran_ARUs\IF01\SMM2-27_20260403_052800.wav
2289.0,2292.0,Seiurus aurocapilla,Ovenbird,0.7018,D:\Bird_Anuran_ARUs\IF01\SMM2-27_20260403_052800.wav
2292.0,2295.0,Geothlypis trichas,Common Yellowthroat,0.3660,D:\Bird_Anuran_ARUs\IF01\SMM2-27_20260403_052800.wav
2298.0,2301.0,Setophaga pinus,Pine Warbler,0.4792,D:\Bird_Anuran_ARUs\IF01\SMM2-27_20260403_052800.wav
2301.0,2304.0,Setophaga pinus,Pine Warbler,0.5335,D:\Bird_Anuran_ARUs\IF01\SMM2-27_20260403_052800.wav
2307.0,2310.0,Seiurus aurocapilla,Ovenbird,0.2820,D:\Bird_Anuran_ARUs\IF01\SMM2-27_20260403_052800.wav
2310.0,2313.0,Seiurus aurocapilla,Ovenbird,0.8235,D:\Bird_Anuran_ARUs\IF01\SMM2-27_20260403_052800.wav
2325.0,2328.0,Mniotilta varia,Black-and-white Warbler,0.3615,D:\Bird_Anuran_ARUs\IF01\SMM2-27_20260403_052800.wav
2328.0,2331.0,Setophaga pinus,Pine Warbler,0.4428,D:\Bird_Anuran_ARUs\IF01\SMM2-27_20260403_052800.wav
2340.0,2343.0,Setophaga pinus,Pine Warbler,0.3663,D:\Bird_Anuran_ARUs\IF01\SMM2-27_20260403_052800.wav
2346.0,2349.0,Geothlypis trichas,Common Yellowthroat,0.6363,D:\Bird_Anuran_ARUs\IF01\SMM2-27_20260403_052800.wav
2349.0,2352.0,Setophaga pinus,Pine Warbler,0.2961,D:\Bird_Anuran_ARUs\IF01\SMM2-27_20260403_052800.wav
2352.0,2355.0,Seiurus aurocapilla,Ovenbird,0.7709,D:\Bird_Anuran_ARUs\IF01\SMM2-27_20260403_052800.wav
2361.0,2364.0,Setophaga citrina,Hooded Warbler,0.3437,D:\Bird_Anuran_ARUs\IF01\SMM2-27_20260403_052800.wav
2364.0,2367.0,Parkesia motacilla,Louisiana Waterthrush,0.3863,D:\Bird_Anuran_ARUs\IF01\SMM2-27_20260403_052800.wav
2367.0,2370.0,Setophaga pinus,Pine Warbler,0.8234,D:\Bird_Anuran_ARUs\IF01\SMM2-27_20260403_052800.wav
2370.0,2373.0,Seiurus aurocapilla,Ovenbird,0.3298,D:\Bird_Anuran_ARUs\IF01\SMM2-27_20260403_052800.wav
2376.0,2379.0,Seiurus aurocapilla,Ovenbird,0.9855,D:\Bird_Anuran_ARUs\IF01\SMM2-27_20260403_052800.wav
2382.0,2385.0,Mniotilta varia,Black-and-white Warbler,0.5346,D:\Bird_Anuran_ARUs\IF01\SMM2-27_20260403_052800.wav
2388.0,2391.0,Geothlypis trichas,Common Yellowthroat,0.3457,D:\Bird_Anuran_ARUs\IF01\SMM2-27_20260403_052800.wav
2391.0,2394.0,Seiurus aurocapilla,Ovenbird,0.8643,D:\Bird_Anuran_ARUs\IF01\SMM2-27_20260403_052800.wav
2397.0,2400.0,Piranga olivacea,Scarlet Tanager,0.2727,D:\Bird_Anuran_ARUs\IF01\SMM2-27_20260403_052800.wav
2400.0,2403.0,Pipilo erythrophthalmus,Eastern Towhee,0.6776,D:\Bird_Anuran_ARUs\IF01\SMM2-27_20260403_052800.wav
2403.0,2406.0,Setophaga citrina,Hooded Warbler,0.5376,D:\Bird_Anuran_ARUs\IF01\SMM2-27_20260403_052800.wav
2406.0,2409.0,Setophaga pinus,Pine Warbler,0.7251,D:\Bird_Anuran_ARUs\IF01\SMM2-27_20260403_052800.wav
2409.0,2412.0,Pipilo erythrophthalmus,Eastern Towhee,0.5723,D:\Bird_Anuran_ARUs\IF01\SMM2-27_20260403_052800.wav
2412.0,2415.0,Geothlypis trichas,Common Yellowthroat,0.4412,D:\Bird_Anuran_ARUs\IF01\SMM2-27_20260403_052800.wav
2412.0,2415.0,Setophaga citrina,Hooded Warbler,0.3572,D:\Bird_Anuran_ARUs\IF01\SMM2-27_20260403_052800.wav
2415.0,2418.0,Seiurus aurocapilla,Ovenbird,0.6793,D:\Bird_Anuran_ARUs\IF01\SMM2-27_20260403_052800.wav
2418.0,2421.0,Pipilo erythrophthalmus,Eastern Towhee,0.8703,D:\Bird_Anuran_ARUs\IF01\SMM2-27_20260403_052800.wav
2424.0,2427.0,Setophaga pinus,Pine Warbler,0.6940,D:\Bird_Anuran_ARUs\IF01\SMM2-27_20260403_052800.wav
2433.0,2436.0,Pipilo erythrophthalmus,Eastern Towhee,0.5337,D:\Bird_Anuran_ARUs\IF01\SMM2-27_20260403_052800.wav
2433.0,2436.0,Setophaga pinus,Pine Warbler,0.2948,D:\Bird_Anuran_ARUs\IF01\SMM2-27_20260403_052800.wav
2436.0,2439.0,Seiurus aurocapilla,Ovenbird,0.5889,D:\Bird_Anuran_ARUs\IF01\SMM2-27_20260403_052800.wav
2439.0,2442.0,Geothlypis trichas,Common Yellowthroat,0.5057,D:\Bird_Anuran_ARUs\IF01\SMM2-27_20260403_052800.wav
2442.0,2445.0,Pipilo erythrophthalmus,Eastern Towhee,0.8413,D:\Bird_Anuran_ARUs\IF01\SMM2-27_20260403_052800.wav
2445.0,2448.0,Setophaga pinus,Pine Warbler,0.8303,D:\Bird_Anuran_ARUs\IF01\SMM2-27_20260403_052800.wav
2448.0,2451.0,Pipilo erythrophthalmus,Eastern Towhee,0.6001,D:\Bird_Anuran_ARUs\IF01\SMM2-27_20260403_052800.wav
2448.0,2451.0,Mniotilta varia,Black-and-white Warbler,0.4013,D:\Bird_Anuran_ARUs\IF01\SMM2-27_20260403_052800.wav
2454.0,2457.0,Pipilo erythrophthalmus,Eastern Towhee,0.5275,D:\Bird_Anuran_ARUs\IF01\SMM2-27_20260403_052800.wav
2457.0,2460.0,Seiurus aurocapilla,Ovenbird,0.7885,D:\Bird_Anuran_ARUs\IF01\SMM2-27_20260403_052800.wav
2460.0,2463.0,Pipilo erythrophthalmus,Eastern Towhee,0.3962,D:\Bird_Anuran_ARUs\IF01\SMM2-27_20260403_052800.wav
2466.0,2469.0,Pipilo erythrophthalmus,Eastern Towhee,0.5965,D:\Bird_Anuran_ARUs\IF01\SMM2-27_20260403_052800.wav
2472.0,2475.0,Parkesia motacilla,Louisiana Waterthrush,0.7907,D:\Bird_Anuran_ARUs\IF01\SMM2-27_20260403_052800.wav
2472.0,2475.0,Pipilo erythrophthalmus,Eastern Towhee,0.3105,D:\Bird_Anuran_ARUs\IF01\SMM2-27_20260403_052800.wav
2481.0,2484.0,Pipilo erythrophthalmus,Eastern Towhee,0.7756,D:\Bird_Anuran_ARUs\IF01\SMM2-27_20260403_052800.wav
2484.0,2487.0,Setophaga pinus,Pine Warbler,0.6459,D:\Bird_Anuran_ARUs\IF01\SMM2-27_20260403_052800.wav
2487.0,2490.0,Pipilo erythrophthalmus,Eastern Towhee,0.9172,D:\Bird_Anuran_ARUs\IF01\SMM2-27_20260403_052800.wav
2490.0,2493.0,Geothlypis trichas,Common Yellowthroat,0.6137,D:\Bird_Anuran_ARUs\IF01\SMM2-27_20260403_052800.wav
2493.0,2496.0,Pipilo erythrophthalmus,Eastern Towhee,0.2941,D:\Bird_Anuran_ARUs\IF01\SMM2-27_20260403_052800.wav
2499.0,2502.0,Pipilo erythrophthalmus,Eastern Towhee,0.9117,D:\Bird_Anuran_ARUs\IF01\SMM2-27_20260403_052800.wav
2499.0,2502.0,Seiurus aurocapilla,Ovenbird,0.4290,D:\Bird_Anuran_ARUs\IF01\SMM2-27_20260403_052800.wav
2505.0,2508.0,Pipilo erythrophthalmus,Eastern Towhee,0.3715,D:\Bird_Anuran_ARUs\IF01\SMM2-27_20260403_052800.wav
2508.0,2511.0,Setophaga pinus,Pine Warbler,0.3231,D:\Bird_Anuran_ARUs\IF01\SMM2-27_20260403_052800.wav
2511.0,2514.0,Pipilo erythrophthalmus,Eastern Towhee,0.7863,D:\Bird_Anuran_ARUs\IF01\SMM2-27_20260403_052800.wav
2520.0,2523.0,Seiurus aurocapilla,Ovenbird,0.3943,D:\Bird_Anuran_ARUs\IF01\SMM2-27_20260403_052800.wav
2523.0,2526.0,Pipilo erythrophthalmus,Eastern Towhee,0.9047,D:\Bird_Anuran_ARUs\IF01\SMM2-27_20260403_052800.wav
2529.0,2532.0,Pipilo erythrophthalmus,Eastern Towhee,0.2554,D:\Bird_Anuran_ARUs\IF01\SMM2-27_20260403_052800.wav
2538.0,2541.0,Setophaga citrina,Hooded Warbler,0.2811,D:\Bird_Anuran_ARUs\IF01\SMM2-27_20260403_052800.wav
2541.0,2544.0,Pipilo erythrophthalmus,Eastern Towhee,0.9373,D:\Bird_Anuran_ARUs\IF01\SMM2-27_20260403_052800.wav
2541.0,2544.0,Seiurus aurocapilla,Ovenbird,0.4005,D:\Bird_Anuran_ARUs\IF01\SMM2-27_20260403_052800.wav
2547.0,2550.0,Pipilo erythrophthalmus,Eastern Towhee,0.6611,D:\Bird_Anuran_ARUs\IF01\SMM2-27_20260403_052800.wav
2550.0,2553.0,Corvus brachyrhynchos,American Crow,0.3146,D:\Bird_Anuran_ARUs\IF01\SMM2-27_20260403_052800.wav
2553.0,2556.0,Setophaga pinus,Pine Warbler,0.2848,D:\Bird_Anuran_ARUs\IF01\SMM2-27_20260403_052800.wav
2556.0,2559.0,Pipilo erythrophthalmus,Eastern Towhee,0.5249,D:\Bird_Anuran_ARUs\IF01\SMM2-27_20260403_052800.wav
2562.0,2565.0,Pipilo erythrophthalmus,Eastern Towhee,0.9620,D:\Bird_Anuran_ARUs\IF01\SMM2-27_20260403_052800.wav
2565.0,2568.0,Geothlypis trichas,Common Yellowthroat,0.2582,D:\Bird_Anuran_ARUs\IF01\SMM2-27_20260403_052800.wav
2568.0,2571.0,Pipilo erythrophthalmus,Eastern Towhee,0.6808,D:\Bird_Anuran_ARUs\IF01\SMM2-27_20260403_052800.wav
2571.0,2574.0,Geothlypis trichas,Common Yellowthroat,0.5560,D:\Bird_Anuran_ARUs\IF01\SMM2-27_20260403_052800.wav
2574.0,2577.0,Pipilo erythrophthalmus,Eastern Towhee,0.9793,D:\Bird_Anuran_ARUs\IF01\SMM2-27_20260403_052800.wav
2577.0,2580.0,Seiurus aurocapilla,Ovenbird,0.4660,D:\Bird_Anuran_ARUs\IF01\SMM2-27_20260403_052800.wav
2580.0,2583.0,Pipilo erythrophthalmus,Eastern Towhee,0.5185,D:\Bird_Anuran_ARUs\IF01\SMM2-27_20260403_052800.wav
2586.0,2589.0,Setophaga citrina,Hooded Warbler,0.4842,D:\Bird_Anuran_ARUs\IF01\SMM2-27_20260403_052800.wav
2589.0,2592.0,Setophaga pinus,Pine Warbler,0.6875,D:\Bird_Anuran_ARUs\IF01\SMM2-27_20260403_052800.wav
2595.0,2598.0,Parkesia motacilla,Louisiana Waterthrush,0.6813,D:\Bird_Anuran_ARUs\IF01\SMM2-27_20260403_052800.wav
2598.0,2601.0,Geothlypis trichas,Common Yellowthroat,0.3927,D:\Bird_Anuran_ARUs\IF01\SMM2-27_20260403_052800.wav
2601.0,2604.0,Pipilo erythrophthalmus,Eastern Towhee,0.7794,D:\Bird_Anuran_ARUs\IF01\SMM2-27_20260403_052800.wav
2601.0,2604.0,Seiurus aurocapilla,Ovenbird,0.7273,D:\Bird_Anuran_ARUs\IF01\SMM2-27_20260403_052800.wav
2604.0,2607.0,Pipilo erythrophthalmus,Eastern Towhee,0.8719,D:\Bird_Anuran_ARUs\IF01\SMM2-27_20260403_052800.wav
2607.0,2610.0,Setophaga pinus,Pine Warbler,0.6416,D:\Bird_Anuran_ARUs\IF01\SMM2-27_20260403_052800.wav
2616.0,2619.0,Setophaga pinus,Pine Warbler,0.5851,D:\Bird_Anuran_ARUs\IF01\SMM2-27_20260403_052800.wav
2619.0,2622.0,Pipilo erythrophthalmus,Eastern Towhee,0.8885,D:\Bird_Anuran_ARUs\IF01\SMM2-27_20260403_052800.wav
2628.0,2631.0,Seiurus aurocapilla,Ovenbird,0.7051,D:\Bird_Anuran_ARUs\IF01\SMM2-27_20260403_052800.wav
2628.0,2631.0,Pipilo erythrophthalmus,Eastern Towhee,0.3480,D:\Bird_Anuran_ARUs\IF01\SMM2-27_20260403_052800.wav
2631.0,2634.0,Pipilo erythrophthalmus,Eastern Towhee,0.6989,D:\Bird_Anuran_ARUs\IF01\SMM2-27_20260403_052800.wav
2634.0,2637.0,Setophaga pinus,Pine Warbler,0.2892,D:\Bird_Anuran_ARUs\IF01\SMM2-27_20260403_052800.wav
2637.0,2640.0,Pipilo erythrophthalmus,Eastern Towhee,0.7345,D:\Bird_Anuran_ARUs\IF01\SMM2-27_20260403_052800.wav
2637.0,2640.0,Setophaga pinus,Pine Warbler,0.2770,D:\Bird_Anuran_ARUs\IF01\SMM2-27_20260403_052800.wav
2640.0,2643.0,Mniotilta varia,Black-and-white Warbler,0.2886,D:\Bird_Anuran_ARUs\IF01\SMM2-27_20260403_052800.wav
2643.0,2646.0,Pipilo erythrophthalmus,Eastern Towhee,0.7029,D:\Bird_Anuran_ARUs\IF01\SMM2-27_20260403_052800.wav
2646.0,2649.0,Limnothlypis swainsonii,Swainson's Warbler,0.2632,D:\Bird_Anuran_ARUs\IF01\SMM2-27_20260403_052800.wav
2649.0,2652.0,Pipilo erythrophthalmus,Eastern Towhee,0.7228,D:\Bird_Anuran_ARUs\IF01\SMM2-27_20260403_052800.wav
2649.0,2652.0,Geothlypis trichas,Common Yellowthroat,0.2948,D:\Bird_Anuran_ARUs\IF01\SMM2-27_20260403_052800.wav
2652.0,2655.0,Seiurus aurocapilla,Ovenbird,0.8162,D:\Bird_Anuran_ARUs\IF01\SMM2-27_20260403_052800.wav
2655.0,2658.0,Pipilo erythrophthalmus,Eastern Towhee,0.6089,D:\Bird_Anuran_ARUs\IF01\SMM2-27_20260403_052800.wav
2655.0,2658.0,Mniotilta varia,Black-and-white Warbler,0.4043,D:\Bird_Anuran_ARUs\IF01\SMM2-27_20260403_052800.wav
2658.0,2661.0,Parkesia motacilla,Louisiana Waterthrush,0.3458,D:\Bird_Anuran_ARUs\IF01\SMM2-27_20260403_052800.wav
2670.0,2673.0,Mniotilta varia,Black-and-white Warbler,0.4326,D:\Bird_Anuran_ARUs\IF01\SMM2-27_20260403_052800.wav
2670.0,2673.0,Pipilo erythrophthalmus,Eastern Towhee,0.3246,D:\Bird_Anuran_ARUs\IF01\SMM2-27_20260403_052800.wav
2673.0,2676.0,Seiurus aurocapilla,Ovenbird,0.3427,D:\Bird_Anuran_ARUs\IF01\SMM2-27_20260403_052800.wav
2676.0,2679.0,Sitta pusilla,Brown-headed Nuthatch,0.8004,D:\Bird_Anuran_ARUs\IF01\SMM2-27_20260403_052800.wav
2676.0,2679.0,Pipilo erythrophthalmus,Eastern Towhee,0.4232,D:\Bird_Anuran_ARUs\IF01\SMM2-27_20260403_052800.wav
2679.0,2682.0,Sitta pusilla,Brown-headed Nuthatch,0.9474,D:\Bird_Anuran_ARUs\IF01\SMM2-27_20260403_052800.wav
2682.0,2685.0,Sitta pusilla,Brown-headed Nuthatch,0.8935,D:\Bird_Anuran_ARUs\IF01\SMM2-27_20260403_052800.wav
2682.0,2685.0,Setophaga pinus,Pine Warbler,0.4592,D:\Bird_Anuran_ARUs\IF01\SMM2-27_20260403_052800.wav
2688.0,2691.0,Pipilo erythrophthalmus,Eastern Towhee,0.7765,D:\Bird_Anuran_ARUs\IF01\SMM2-27_20260403_052800.wav
2691.0,2694.0,Sitta pusilla,Brown-headed Nuthatch,0.9662,D:\Bird_Anuran_ARUs\IF01\SMM2-27_20260403_052800.wav
2694.0,2697.0,Setophaga pinus,Pine Warbler,0.5161,D:\Bird_Anuran_ARUs\IF01\SMM2-27_20260403_052800.wav
2697.0,2700.0,Sitta pusilla,Brown-headed Nuthatch,0.9753,D:\Bird_Anuran_ARUs\IF01\SMM2-27_20260403_052800.wav
2703.0,2706.0,Pipilo erythrophthalmus,Eastern Towhee,0.3706,D:\Bird_Anuran_ARUs\IF01\SMM2-27_20260403_052800.wav
2706.0,2709.0,Sitta pusilla,Brown-headed Nuthatch,0.9978,D:\Bird_Anuran_ARUs\IF01\SMM2-27_20260403_052800.wav
2709.0,2712.0,Pipilo erythrophthalmus,Eastern Towhee,0.5262,D:\Bird_Anuran_ARUs\IF01\SMM2-27_20260403_052800.wav
2712.0,2715.0,Sitta pusilla,Brown-headed Nuthatch,0.9782,D:\Bird_Anuran_ARUs\IF01\SMM2-27_20260403_052800.wav
2712.0,2715.0,Setophaga pinus,Pine Warbler,0.7185,D:\Bird_Anuran_ARUs\IF01\SMM2-27_20260403_052800.wav
2718.0,2721.0,Sitta pusilla,Brown-headed Nuthatch,0.2783,D:\Bird_Anuran_ARUs\IF01\SMM2-27_20260403_052800.wav
2721.0,2724.0,Sitta pusilla,Brown-headed Nuthatch,0.9781,D:\Bird_Anuran_ARUs\IF01\SMM2-27_20260403_052800.wav
2724.0,2727.0,Pipilo erythrophthalmus,Eastern Towhee,0.9398,D:\Bird_Anuran_ARUs\IF01\SMM2-27_20260403_052800.wav
2730.0,2733.0,Pipilo erythrophthalmus,Eastern Towhee,0.9042,D:\Bird_Anuran_ARUs\IF01\SMM2-27_20260403_052800.wav
2733.0,2736.0,Sitta pusilla,Brown-headed Nuthatch,0.9900,D:\Bird_Anuran_ARUs\IF01\SMM2-27_20260403_052800.wav
2736.0,2739.0,Pipilo erythrophthalmus,Eastern Towhee,0.2955,D:\Bird_Anuran_ARUs\IF01\SMM2-27_20260403_052800.wav
2745.0,2748.0,Sitta pusilla,Brown-headed Nuthatch,0.4316,D:\Bird_Anuran_ARUs\IF01\SMM2-27_20260403_052800.wav
2748.0,2751.0,Setophaga pinus,Pine Warbler,0.7113,D:\Bird_Anuran_ARUs\IF01\SMM2-27_20260403_052800.wav
2748.0,2751.0,Sitta pusilla,Brown-headed Nuthatch,0.2730,D:\Bird_Anuran_ARUs\IF01\SMM2-27_20260403_052800.wav
2751.0,2754.0,Sitta pusilla,Brown-headed Nuthatch,0.6415,D:\Bird_Anuran_ARUs\IF01\SMM2-27_20260403_052800.wav
2751.0,2754.0,Setophaga pinus,Pine Warbler,0.3481,D:\Bird_Anuran_ARUs\IF01\SMM2-27_20260403_052800.wav
2754.0,2757.0,Pipilo erythrophthalmus,Eastern Towhee,0.6980,D:\Bird_Anuran_ARUs\IF01\SMM2-27_20260403_052800.wav
2757.0,2760.0,Sitta pusilla,Brown-headed Nuthatch,0.8574,D:\Bird_Anuran_ARUs\IF01\SMM2-27_20260403_052800.wav
2757.0,2760.0,Setophaga pinus,Pine Warbler,0.2870,D:\Bird_Anuran_ARUs\IF01\SMM2-27_20260403_052800.wav
2760.0,2763.0,Seiurus aurocapilla,Ovenbird,0.3793,D:\Bird_Anuran_ARUs\IF01\SMM2-27_20260403_052800.wav
2766.0,2769.0,Sitta pusilla,Brown-headed Nuthatch,0.9777,D:\Bird_Anuran_ARUs\IF01\SMM2-27_20260403_052800.wav
2769.0,2772.0,Setophaga pinus,Pine Warbler,0.3362,D:\Bird_Anuran_ARUs\IF01\SMM2-27_20260403_052800.wav
2772.0,2775.0,Setophaga pinus,Pine Warbler,0.6553,D:\Bird_Anuran_ARUs\IF01\SMM2-27_20260403_052800.wav
2775.0,2778.0,Pipilo erythrophthalmus,Eastern Towhee,0.7611,D:\Bird_Anuran_ARUs\IF01\SMM2-27_20260403_052800.wav
2778.0,2781.0,Sitta pusilla,Brown-headed Nuthatch,0.5433,D:\Bird_Anuran_ARUs\IF01\SMM2-27_20260403_052800.wav
2778.0,2781.0,Setophaga pinus,Pine Warbler,0.3604,D:\Bird_Anuran_ARUs\IF01\SMM2-27_20260403_052800.wav
2781.0,2784.0,Piranga olivacea,Scarlet Tanager,0.3378,D:\Bird_Anuran_ARUs\IF01\SMM2-27_20260403_052800.wav
2784.0,2787.0,Pipilo erythrophthalmus,Eastern Towhee,0.4813,D:\Bird_Anuran_ARUs\IF01\SMM2-27_20260403_052800.wav
2787.0,2790.0,Seiurus aurocapilla,Ovenbird,0.4369,D:\Bird_Anuran_ARUs\IF01\SMM2-27_20260403_052800.wav
2790.0,2793.0,Pipilo erythrophthalmus,Eastern Towhee,0.7560,D:\Bird_Anuran_ARUs\IF01\SMM2-27_20260403_052800.wav
2793.0,2796.0,Sitta pusilla,Brown-headed Nuthatch,0.7684,D:\Bird_Anuran_ARUs\IF01\SMM2-27_20260403_052800.wav
2799.0,2802.0,Seiurus aurocapilla,Ovenbird,0.4008,D:\Bird_Anuran_ARUs\IF01\SMM2-27_20260403_052800.wav
2802.0,2805.0,Seiurus aurocapilla,Ovenbird,0.7428,D:\Bird_Anuran_ARUs\IF01\SMM2-27_20260403_052800.wav
2802.0,2805.0,Pipilo erythrophthalmus,Eastern Towhee,0.4143,D:\Bird_Anuran_ARUs\IF01\SMM2-27_20260403_052800.wav
2808.0,2811.0,Pipilo erythrophthalmus,Eastern Towhee,0.6933,D:\Bird_Anuran_ARUs\IF01\SMM2-27_20260403_052800.wav
2814.0,2817.0,Pipilo erythrophthalmus,Eastern Towhee,0.3312,D:\Bird_Anuran_ARUs\IF01\SMM2-27_20260403_052800.wav
2826.0,2829.0,Seiurus aurocapilla,Ovenbird,0.4132,D:\Bird_Anuran_ARUs\IF01\SMM2-27_20260403_052800.wav
2835.0,2838.0,Pipilo erythrophthalmus,Eastern Towhee,0.6623,D:\Bird_Anuran_ARUs\IF01\SMM2-27_20260403_052800.wav
2841.0,2844.0,Setophaga pinus,Pine Warbler,0.7004,D:\Bird_Anuran_ARUs\IF01\SMM2-27_20260403_052800.wav
2844.0,2847.0,Seiurus aurocapilla,Ovenbird,0.4405,D:\Bird_Anuran_ARUs\IF01\SMM2-27_20260403_052800.wav
2847.0,2850.0,Pipilo erythrophthalmus,Eastern Towhee,0.4185,D:\Bird_Anuran_ARUs\IF01\SMM2-27_20260403_052800.wav
2850.0,2853.0,Mniotilta varia,Black-and-white Warbler,0.2854,D:\Bird_Anuran_ARUs\IF01\SMM2-27_20260403_052800.wav
2853.0,2856.0,Setophaga pinus,Pine Warbler,0.3667,D:\Bird_Anuran_ARUs\IF01\SMM2-27_20260403_052800.wav
2856.0,2859.0,Setophaga pinus,Pine Warbler,0.8042,D:\Bird_Anuran_ARUs\IF01\SMM2-27_20260403_052800.wav
2859.0,2862.0,Pipilo erythrophthalmus,Eastern Towhee,0.7683,D:\Bird_Anuran_ARUs\IF01\SMM2-27_20260403_052800.wav
2859.0,2862.0,Geothlypis trichas,Common Yellowthroat,0.2505,D:\Bird_Anuran_ARUs\IF01\SMM2-27_20260403_052800.wav
2862.0,2865.0,Seiurus aurocapilla,Ovenbird,0.8135,D:\Bird_Anuran_ARUs\IF01\SMM2-27_20260403_052800.wav
2865.0,2868.0,Setophaga pinus,Pine Warbler,0.3276,D:\Bird_Anuran_ARUs\IF01\SMM2-27_20260403_052800.wav
2865.0,2868.0,Pipilo erythrophthalmus,Eastern Towhee,0.2764,D:\Bird_Anuran_ARUs\IF01\SMM2-27_20260403_052800.wav
2868.0,2871.0,Seiurus aurocapilla,Ovenbird,0.4109,D:\Bird_Anuran_ARUs\IF01\SMM2-27_20260403_052800.wav
2871.0,2874.0,Seiurus aurocapilla,Ovenbird,0.4487,D:\Bird_Anuran_ARUs\IF01\SMM2-27_20260403_052800.wav
2874.0,2877.0,Geothlypis trichas,Common Yellowthroat,0.6108,D:\Bird_Anuran_ARUs\IF01\SMM2-27_20260403_052800.wav
2877.0,2880.0,Pipilo erythrophthalmus,Eastern Towhee,0.2794,D:\Bird_Anuran_ARUs\IF01\SMM2-27_20260403_052800.wav
2880.0,2883.0,Pipilo erythrophthalmus,Eastern Towhee,0.3203,D:\Bird_Anuran_ARUs\IF01\SMM2-27_20260403_052800.wav
2886.0,2889.0,Pipilo erythrophthalmus,Eastern Towhee,0.5572,D:\Bird_Anuran_ARUs\IF01\SMM2-27_20260403_052800.wav
2886.0,2889.0,Geothlypis trichas,Common Yellowthroat,0.2725,D:\Bird_Anuran_ARUs\IF01\SMM2-27_20260403_052800.wav
2889.0,2892.0,Seiurus aurocapilla,Ovenbird,0.2661,D:\Bird_Anuran_ARUs\IF01\SMM2-27_20260403_052800.wav
2892.0,2895.0,Seiurus aurocapilla,Ovenbird,0.5043,D:\Bird_Anuran_ARUs\IF01\SMM2-27_20260403_052800.wav
2895.0,2898.0,Seiurus aurocapilla,Ovenbird,0.3479,D:\Bird_Anuran_ARUs\IF01\SMM2-27_20260403_052800.wav
2895.0,2898.0,Setophaga pinus,Pine Warbler,0.3120,D:\Bird_Anuran_ARUs\IF01\SMM2-27_20260403_052800.wav
2898.0,2901.0,Pipilo erythrophthalmus,Eastern Towhee,0.4731,D:\Bird_Anuran_ARUs\IF01\SMM2-27_20260403_052800.wav
2904.0,2907.0,Setophaga pinus,Pine Warbler,0.5596,D:\Bird_Anuran_ARUs\IF01\SMM2-27_20260403_052800.wav
2910.0,2913.0,Pipilo erythrophthalmus,Eastern Towhee,0.7080,D:\Bird_Anuran_ARUs\IF01\SMM2-27_20260403_052800.wav
2916.0,2919.0,Seiurus aurocapilla,Ovenbird,0.6880,D:\Bird_Anuran_ARUs\IF01\SMM2-27_20260403_052800.wav
2919.0,2922.0,Parkesia motacilla,Louisiana Waterthrush,0.2922,D:\Bird_Anuran_ARUs\IF01\SMM2-27_20260403_052800.wav
2922.0,2925.0,Pipilo erythrophthalmus,Eastern Towhee,0.9077,D:\Bird_Anuran_ARUs\IF01\SMM2-27_20260403_052800.wav
2925.0,2928.0,Setophaga pinus,Pine Warbler,0.5938,D:\Bird_Anuran_ARUs\IF01\SMM2-27_20260403_052800.wav
2931.0,2934.0,Setophaga dominica,Yellow-throated Warbler,0.3888,D:\Bird_Anuran_ARUs\IF01\SMM2-27_20260403_052800.wav
2934.0,2937.0,Sitta pusilla,Brown-headed Nuthatch,0.9662,D:\Bird_Anuran_ARUs\IF01\SMM2-27_20260403_052800.wav
2934.0,2937.0,Pipilo erythrophthalmus,Eastern Towhee,0.5595,D:\Bird_Anuran_ARUs\IF01\SMM2-27_20260403_052800.wav
2937.0,2940.0,Sitta pusilla,Brown-headed Nuthatch,0.6350,D:\Bird_Anuran_ARUs\IF01\SMM2-27_20260403_052800.wav
2940.0,2943.0,Seiurus aurocapilla,Ovenbird,0.5362,D:\Bird_Anuran_ARUs\IF01\SMM2-27_20260403_052800.wav
2940.0,2943.0,Pipilo erythrophthalmus,Eastern Towhee,0.4087,D:\Bird_Anuran_ARUs\IF01\SMM2-27_20260403_052800.wav
2946.0,2949.0,Sitta pusilla,Brown-headed Nuthatch,0.8774,D:\Bird_Anuran_ARUs\IF01\SMM2-27_20260403_052800.wav
2949.0,2952.0,Sitta pusilla,Brown-headed Nuthatch,0.9950,D:\Bird_Anuran_ARUs\IF01\SMM2-27_20260403_052800.wav
2952.0,2955.0,Setophaga pinus,Pine Warbler,0.2558,D:\Bird_Anuran_ARUs\IF01\SMM2-27_20260403_052800.wav
2955.0,2958.0,Sitta pusilla,Brown-headed Nuthatch,0.9963,D:\Bird_Anuran_ARUs\IF01\SMM2-27_20260403_052800.wav
2955.0,2958.0,Pipilo erythrophthalmus,Eastern Towhee,0.3666,D:\Bird_Anuran_ARUs\IF01\SMM2-27_20260403_052800.wav
2961.0,2964.0,Pipilo erythrophthalmus,Eastern Towhee,0.6973,D:\Bird_Anuran_ARUs\IF01\SMM2-27_20260403_052800.wav
2964.0,2967.0,Sitta pusilla,Brown-headed Nuthatch,0.8879,D:\Bird_Anuran_ARUs\IF01\SMM2-27_20260403_052800.wav
2964.0,2967.0,Setophaga pinus,Pine Warbler,0.5338,D:\Bird_Anuran_ARUs\IF01\SMM2-27_20260403_052800.wav
2967.0,2970.0,Sitta pusilla,Brown-headed Nuthatch,0.9709,D:\Bird_Anuran_ARUs\IF01\SMM2-27_20260403_052800.wav
2967.0,2970.0,Pipilo erythrophthalmus,Eastern Towhee,0.3443,D:\Bird_Anuran_ARUs\IF01\SMM2-27_20260403_052800.wav
2970.0,2973.0,Seiurus aurocapilla,Ovenbird,0.8281,D:\Bird_Anuran_ARUs\IF01\SMM2-27_20260403_052800.wav
2979.0,2982.0,Sitta pusilla,Brown-headed Nuthatch,0.9640,D:\Bird_Anuran_ARUs\IF01\SMM2-27_20260403_052800.wav
2982.0,2985.0,Setophaga pinus,Pine Warbler,0.6905,D:\Bird_Anuran_ARUs\IF01\SMM2-27_20260403_052800.wav
2985.0,2988.0,Setophaga pinus,Pine Warbler,0.4047,D:\Bird_Anuran_ARUs\IF01\SMM2-27_20260403_052800.wav
2985.0,2988.0,Sitta pusilla,Brown-headed Nuthatch,0.2744,D:\Bird_Anuran_ARUs\IF01\SMM2-27_20260403_052800.wav
2988.0,2991.0,Pipilo erythrophthalmus,Eastern Towhee,0.5837,D:\Bird_Anuran_ARUs\IF01\SMM2-27_20260403_052800.wav
2991.0,2994.0,Sitta pusilla,Brown-headed Nuthatch,0.7182,D:\Bird_Anuran_ARUs\IF01\SMM2-27_20260403_052800.wav
2994.0,2997.0,Seiurus aurocapilla,Ovenbird,0.3519,D:\Bird_Anuran_ARUs\IF01\SMM2-27_20260403_052800.wav
3000.0,3003.0,Sitta pusilla,Brown-headed Nuthatch,0.5988,D:\Bird_Anuran_ARUs\IF01\SMM2-27_20260403_052800.wav
3003.0,3006.0,Sitta pusilla,Brown-headed Nuthatch,0.7847,D:\Bird_Anuran_ARUs\IF01\SMM2-27_20260403_052800.wav
3006.0,3009.0,Sitta pusilla,Brown-headed Nuthatch,0.9170,D:\Bird_Anuran_ARUs\IF01\SMM2-27_20260403_052800.wav
3009.0,3012.0,Sitta pusilla,Brown-headed Nuthatch,0.9812,D:\Bird_Anuran_ARUs\IF01\SMM2-27_20260403_052800.wav
3009.0,3012.0,Pipilo erythrophthalmus,Eastern Towhee,0.3859,D:\Bird_Anuran_ARUs\IF01\SMM2-27_20260403_052800.wav
3018.0,3021.0,Seiurus aurocapilla,Ovenbird,0.6121,D:\Bird_Anuran_ARUs\IF01\SMM2-27_20260403_052800.wav
3021.0,3024.0,Sitta pusilla,Brown-headed Nuthatch,0.9706,D:\Bird_Anuran_ARUs\IF01\SMM2-27_20260403_052800.wav
3024.0,3027.0,Sitta pusilla,Brown-headed Nuthatch,0.9963,D:\Bird_Anuran_ARUs\IF01\SMM2-27_20260403_052800.wav
3024.0,3027.0,Setophaga pinus,Pine Warbler,0.4614,D:\Bird_Anuran_ARUs\IF01\SMM2-27_20260403_052800.wav
3030.0,3033.0,Pipilo erythrophthalmus,Eastern Towhee,0.4598,D:\Bird_Anuran_ARUs\IF01\SMM2-27_20260403_052800.wav
3033.0,3036.0,Setophaga pinus,Pine Warbler,0.9406,D:\Bird_Anuran_ARUs\IF01\SMM2-27_20260403_052800.wav
3036.0,3039.0,Sitta pusilla,Brown-headed Nuthatch,0.7051,D:\Bird_Anuran_ARUs\IF01\SMM2-27_20260403_052800.wav
3039.0,3042.0,Pipilo erythrophthalmus,Eastern Towhee,0.8166,D:\Bird_Anuran_ARUs\IF01\SMM2-27_20260403_052800.wav
3045.0,3048.0,Pipilo erythrophthalmus,Eastern Towhee,0.7610,D:\Bird_Anuran_ARUs\IF01\SMM2-27_20260403_052800.wav
3048.0,3051.0,Seiurus aurocapilla,Ovenbird,0.5103,D:\Bird_Anuran_ARUs\IF01\SMM2-27_20260403_052800.wav
3051.0,3054.0,Setophaga pinus,Pine Warbler,0.6779,D:\Bird_Anuran_ARUs\IF01\SMM2-27_20260403_052800.wav
3054.0,3057.0,Sitta pusilla,Brown-headed Nuthatch,0.8531,D:\Bird_Anuran_ARUs\IF01\SMM2-27_20260403_052800.wav
3057.0,3060.0,Pipilo erythrophthalmus,Eastern Towhee,0.5856,D:\Bird_Anuran_ARUs\IF01\SMM2-27_20260403_052800.wav
3060.0,3063.0,Setophaga pinus,Pine Warbler,0.8461,D:\Bird_Anuran_ARUs\IF01\SMM2-27_20260403_052800.wav
3063.0,3066.0,Pipilo erythrophthalmus,Eastern Towhee,0.3405,D:\Bird_Anuran_ARUs\IF01\SMM2-27_20260403_052800.wav
3066.0,3069.0,Seiurus aurocapilla,Ovenbird,0.7919,D:\Bird_Anuran_ARUs\IF01\SMM2-27_20260403_052800.wav
3072.0,3075.0,Pipilo erythrophthalmus,Eastern Towhee,0.3090,D:\Bird_Anuran_ARUs\IF01\SMM2-27_20260403_052800.wav
3075.0,3078.0,Sitta pusilla,Brown-headed Nuthatch,0.5745,D:\Bird_Anuran_ARUs\IF01\SMM2-27_20260403_052800.wav
3078.0,3081.0,Pipilo erythrophthalmus,Eastern Towhee,0.9545,D:\Bird_Anuran_ARUs\IF01\SMM2-27_20260403_052800.wav
3081.0,3084.0,Setophaga pinus,Pine Warbler,0.7802,D:\Bird_Anuran_ARUs\IF01\SMM2-27_20260403_052800.wav
3084.0,3087.0,Pipilo erythrophthalmus,Eastern Towhee,0.8156,D:\Bird_Anuran_ARUs\IF01\SMM2-27_20260403_052800.wav
3084.0,3087.0,Geothlypis trichas,Common Yellowthroat,0.3956,D:\Bird_Anuran_ARUs\IF01\SMM2-27_20260403_052800.wav
3090.0,3093.0,Seiurus aurocapilla,Ovenbird,0.8984,D:\Bird_Anuran_ARUs\IF01\SMM2-27_20260403_052800.wav
3090.0,3093.0,Pipilo erythrophthalmus,Eastern Towhee,0.7532,D:\Bird_Anuran_ARUs\IF01\SMM2-27_20260403_052800.wav
3093.0,3096.0,Sitta pusilla,Brown-headed Nuthatch,0.9858,D:\Bird_Anuran_ARUs\IF01\SMM2-27_20260403_052800.wav
3093.0,3096.0,Setophaga pinus,Pine Warbler,0.2688,D:\Bird_Anuran_ARUs\IF01\SMM2-27_20260403_052800.wav
3096.0,3099.0,Setophaga pinus,Pine Warbler,0.7172,D:\Bird_Anuran_ARUs\IF01\SMM2-27_20260403_052800.wav
3096.0,3099.0,Pipilo erythrophthalmus,Eastern Towhee,0.4217,D:\Bird_Anuran_ARUs\IF01\SMM2-27_20260403_052800.wav
3099.0,3102.0,Sitta pusilla,Brown-headed Nuthatch,0.3658,D:\Bird_Anuran_ARUs\IF01\SMM2-27_20260403_052800.wav
3108.0,3111.0,Sitta pusilla,Brown-headed Nuthatch,0.4442,D:\Bird_Anuran_ARUs\IF01\SMM2-27_20260403_052800.wav
3111.0,3114.0,Seiurus aurocapilla,Ovenbird,0.5681,D:\Bird_Anuran_ARUs\IF01\SMM2-27_20260403_052800.wav
3114.0,3117.0,Sitta pusilla,Brown-headed Nuthatch,0.9235,D:\Bird_Anuran_ARUs\IF01\SMM2-27_20260403_052800.wav
3117.0,3120.0,Sitta pusilla,Brown-headed Nuthatch,0.6530,D:\Bird_Anuran_ARUs\IF01\SMM2-27_20260403_052800.wav
3120.0,3123.0,Sitta pusilla,Brown-headed Nuthatch,0.9315,D:\Bird_Anuran_ARUs\IF01\SMM2-27_20260403_052800.wav
3120.0,3123.0,Setophaga pinus,Pine Warbler,0.7398,D:\Bird_Anuran_ARUs\IF01\SMM2-27_20260403_052800.wav
3123.0,3126.0,Corvus brachyrhynchos,American Crow,0.9411,D:\Bird_Anuran_ARUs\IF01\SMM2-27_20260403_052800.wav
3123.0,3126.0,Pipilo erythrophthalmus,Eastern Towhee,0.8146,D:\Bird_Anuran_ARUs\IF01\SMM2-27_20260403_052800.wav
3123.0,3126.0,Seiurus aurocapilla,Ovenbird,0.4129,D:\Bird_Anuran_ARUs\IF01\SMM2-27_20260403_052800.wav
3126.0,3129.0,Geothlypis trichas,Common Yellowthroat,0.7947,D:\Bird_Anuran_ARUs\IF01\SMM2-27_20260403_052800.wav
3126.0,3129.0,Corvus brachyrhynchos,American Crow,0.3704,D:\Bird_Anuran_ARUs\IF01\SMM2-27_20260403_052800.wav
3129.0,3132.0,Pipilo erythrophthalmus,Eastern Towhee,0.4593,D:\Bird_Anuran_ARUs\IF01\SMM2-27_20260403_052800.wav
3132.0,3135.0,Sitta pusilla,Brown-headed Nuthatch,0.9755,D:\Bird_Anuran_ARUs\IF01\SMM2-27_20260403_052800.wav
3135.0,3138.0,Sitta pusilla,Brown-headed Nuthatch,0.7607,D:\Bird_Anuran_ARUs\IF01\SMM2-27_20260403_052800.wav
3135.0,3138.0,Setophaga pinus,Pine Warbler,0.3634,D:\Bird_Anuran_ARUs\IF01\SMM2-27_20260403_052800.wav
3138.0,3141.0,Sitta pusilla,Brown-headed Nuthatch,0.9301,D:\Bird_Anuran_ARUs\IF01\SMM2-27_20260403_052800.wav
3141.0,3144.0,Pipilo erythrophthalmus,Eastern Towhee,0.7743,D:\Bird_Anuran_ARUs\IF01\SMM2-27_20260403_052800.wav
3141.0,3144.0,Corvus brachyrhynchos,American Crow,0.3163,D:\Bird_Anuran_ARUs\IF01\SMM2-27_20260403_052800.wav
3144.0,3147.0,Setophaga pinus,Pine Warbler,0.4479,D:\Bird_Anuran_ARUs\IF01\SMM2-27_20260403_052800.wav
3147.0,3150.0,Sitta pusilla,Brown-headed Nuthatch,0.9828,D:\Bird_Anuran_ARUs\IF01\SMM2-27_20260403_052800.wav
3147.0,3150.0,Pipilo erythrophthalmus,Eastern Towhee,0.4213,D:\Bird_Anuran_ARUs\IF01\SMM2-27_20260403_052800.wav
3153.0,3156.0,Setophaga pinus,Pine Warbler,0.5065,D:\Bird_Anuran_ARUs\IF01\SMM2-27_20260403_052800.wav
3153.0,3156.0,Pipilo erythrophthalmus,Eastern Towhee,0.3279,D:\Bird_Anuran_ARUs\IF01\SMM2-27_20260403_052800.wav
3156.0,3159.0,Mniotilta varia,Black-and-white Warbler,0.7170,D:\Bird_Anuran_ARUs\IF01\SMM2-27_20260403_052800.wav
3159.0,3162.0,Seiurus aurocapilla,Ovenbird,0.5106,D:\Bird_Anuran_ARUs\IF01\SMM2-27_20260403_052800.wav
3162.0,3165.0,Sitta pusilla,Brown-headed Nuthatch,0.9789,D:\Bird_Anuran_ARUs\IF01\SMM2-27_20260403_052800.wav
3162.0,3165.0,Setophaga pinus,Pine Warbler,0.8661,D:\Bird_Anuran_ARUs\IF01\SMM2-27_20260403_052800.wav
3165.0,3168.0,Pipilo erythrophthalmus,Eastern Towhee,0.2724,D:\Bird_Anuran_ARUs\IF01\SMM2-27_20260403_052800.wav
3168.0,3171.0,Mniotilta varia,Black-and-white Warbler,0.7628,D:\Bird_Anuran_ARUs\IF01\SMM2-27_20260403_052800.wav
3171.0,3174.0,Sitta pusilla,Brown-headed Nuthatch,0.4189,D:\Bird_Anuran_ARUs\IF01\SMM2-27_20260403_052800.wav
3171.0,3174.0,Mniotilta varia,Black-and-white Warbler,0.3534,D:\Bird_Anuran_ARUs\IF01\SMM2-27_20260403_052800.wav
3174.0,3177.0,Pipilo erythrophthalmus,Eastern Towhee,0.4496,D:\Bird_Anuran_ARUs\IF01\SMM2-27_20260403_052800.wav
3177.0,3180.0,Sitta pusilla,Brown-headed Nuthatch,0.9789,D:\Bird_Anuran_ARUs\IF01\SMM2-27_20260403_052800.wav
3180.0,3183.0,Sitta pusilla,Brown-headed Nuthatch,0.9191,D:\Bird_Anuran_ARUs\IF01\SMM2-27_20260403_052800.wav
3186.0,3189.0,Mniotilta varia,Black-and-white Warbler,0.8673,D:\Bird_Anuran_ARUs\IF01\SMM2-27_20260403_052800.wav
3189.0,3192.0,Setophaga pinus,Pine Warbler,0.8265,D:\Bird_Anuran_ARUs\IF01\SMM2-27_20260403_052800.wav
3192.0,3195.0,Pipilo erythrophthalmus,Eastern Towhee,0.8427,D:\Bird_Anuran_ARUs\IF01\SMM2-27_20260403_052800.wav
3195.0,3198.0,Mniotilta varia,Black-and-white Warbler,0.9805,D:\Bird_Anuran_ARUs\IF01\SMM2-27_20260403_052800.wav
3198.0,3201.0,Mniotilta varia,Black-and-white Warbler,0.4731,D:\Bird_Anuran_ARUs\IF01\SMM2-27_20260403_052800.wav
3198.0,3201.0,Setophaga pinus,Pine Warbler,0.4135,D:\Bird_Anuran_ARUs\IF01\SMM2-27_20260403_052800.wav
3201.0,3204.0,Seiurus aurocapilla,Ovenbird,0.9680,D:\Bird_Anuran_ARUs\IF01\SMM2-27_20260403_052800.wav
3204.0,3207.0,Corvus brachyrhynchos,American Crow,0.5537,D:\Bird_Anuran_ARUs\IF01\SMM2-27_20260403_052800.wav
3204.0,3207.0,Pipilo erythrophthalmus,Eastern Towhee,0.3003,D:\Bird_Anuran_ARUs\IF01\SMM2-27_20260403_052800.wav
3204.0,3207.0,Seiurus aurocapilla,Ovenbird,0.2653,D:\Bird_Anuran_ARUs\IF01\SMM2-27_20260403_052800.wav
3207.0,3210.0,Setophaga pinus,Pine Warbler,0.9515,D:\Bird_Anuran_ARUs\IF01\SMM2-27_20260403_052800.wav
3210.0,3213.0,Setophaga pinus,Pine Warbler,0.5865,D:\Bird_Anuran_ARUs\IF01\SMM2-27_20260403_052800.wav
3213.0,3216.0,Mniotilta varia,Black-and-white Warbler,0.6207,D:\Bird_Anuran_ARUs\IF01\SMM2-27_20260403_052800.wav
3216.0,3219.0,Pipilo erythrophthalmus,Eastern Towhee,0.8134,D:\Bird_Anuran_ARUs\IF01\SMM2-27_20260403_052800.wav
3225.0,3228.0,Mniotilta varia,Black-and-white Warbler,0.2698,D:\Bird_Anuran_ARUs\IF01\SMM2-27_20260403_052800.wav
3228.0,3231.0,Pipilo erythrophthalmus,Eastern Towhee,0.7550,D:\Bird_Anuran_ARUs\IF01\SMM2-27_20260403_052800.wav
3234.0,3237.0,Pipilo erythrophthalmus,Eastern Towhee,0.7890,D:\Bird_Anuran_ARUs\IF01\SMM2-27_20260403_052800.wav
3240.0,3243.0,Mniotilta varia,Black-and-white Warbler,0.6508,D:\Bird_Anuran_ARUs\IF01\SMM2-27_20260403_052800.wav
3246.0,3249.0,Pipilo erythrophthalmus,Eastern Towhee,0.4837,D:\Bird_Anuran_ARUs\IF01\SMM2-27_20260403_052800.wav
3249.0,3252.0,Mniotilta varia,Black-and-white Warbler,0.2755,D:\Bird_Anuran_ARUs\IF01\SMM2-27_20260403_052800.wav
3252.0,3255.0,Mniotilta varia,Black-and-white Warbler,0.4904,D:\Bird_Anuran_ARUs\IF01\SMM2-27_20260403_052800.wav
3255.0,3258.0,Seiurus aurocapilla,Ovenbird,0.6698,D:\Bird_Anuran_ARUs\IF01\SMM2-27_20260403_052800.wav
3261.0,3264.0,Corvus brachyrhynchos,American Crow,0.9784,D:\Bird_Anuran_ARUs\IF01\SMM2-27_20260403_052800.wav
3261.0,3264.0,Pipilo erythrophthalmus,Eastern Towhee,0.9768,D:\Bird_Anuran_ARUs\IF01\SMM2-27_20260403_052800.wav
3264.0,3267.0,Mniotilta varia,Black-and-white Warbler,0.7943,D:\Bird_Anuran_ARUs\IF01\SMM2-27_20260403_052800.wav
3267.0,3270.0,Mniotilta varia,Black-and-white Warbler,0.2808,D:\Bird_Anuran_ARUs\IF01\SMM2-27_20260403_052800.wav
3273.0,3276.0,Pipilo erythrophthalmus,Eastern Towhee,0.8941,D:\Bird_Anuran_ARUs\IF01\SMM2-27_20260403_052800.wav
3276.0,3279.0,Corvus brachyrhynchos,American Crow,0.3486,D:\Bird_Anuran_ARUs\IF01\SMM2-27_20260403_052800.wav
3279.0,3282.0,Mniotilta varia,Black-and-white Warbler,0.5510,D:\Bird_Anuran_ARUs\IF01\SMM2-27_20260403_052800.wav
3282.0,3285.0,Seiurus aurocapilla,Ovenbird,0.7555,D:\Bird_Anuran_ARUs\IF01\SMM2-27_20260403_052800.wav
3285.0,3288.0,Pipilo erythrophthalmus,Eastern Towhee,0.3486,D:\Bird_Anuran_ARUs\IF01\SMM2-27_20260403_052800.wav
3285.0,3288.0,Seiurus aurocapilla,Ovenbird,0.2667,D:\Bird_Anuran_ARUs\IF01\SMM2-27_20260403_052800.wav
3291.0,3294.0,Mniotilta varia,Black-and-white Warbler,0.4804,D:\Bird_Anuran_ARUs\IF01\SMM2-27_20260403_052800.wav
3294.0,3297.0,Mniotilta varia,Black-and-white Warbler,0.9023,D:\Bird_Anuran_ARUs\IF01\SMM2-27_20260403_052800.wav
3297.0,3300.0,Pipilo erythrophthalmus,Eastern Towhee,0.8469,D:\Bird_Anuran_ARUs\IF01\SMM2-27_20260403_052800.wav
3303.0,3306.0,Mniotilta varia,Black-and-white Warbler,0.6903,D:\Bird_Anuran_ARUs\IF01\SMM2-27_20260403_052800.wav
3306.0,3309.0,Geothlypis trichas,Common Yellowthroat,0.7684,D:\Bird_Anuran_ARUs\IF01\SMM2-27_20260403_052800.wav
3309.0,3312.0,Pipilo erythrophthalmus,Eastern Towhee,0.5245,D:\Bird_Anuran_ARUs\IF01\SMM2-27_20260403_052800.wav
3309.0,3312.0,Seiurus aurocapilla,Ovenbird,0.2778,D:\Bird_Anuran_ARUs\IF01\SMM2-27_20260403_052800.wav
3315.0,3318.0,Pipilo erythrophthalmus,Eastern Towhee,0.8401,D:\Bird_Anuran_ARUs\IF01\SMM2-27_20260403_052800.wav
3318.0,3321.0,Mniotilta varia,Black-and-white Warbler,0.8321,D:\Bird_Anuran_ARUs\IF01\SMM2-27_20260403_052800.wav
3321.0,3324.0,Pipilo erythrophthalmus,Eastern Towhee,0.7927,D:\Bird_Anuran_ARUs\IF01\SMM2-27_20260403_052800.wav
3327.0,3330.0,Pipilo erythrophthalmus,Eastern Towhee,0.5526,D:\Bird_Anuran_ARUs\IF01\SMM2-27_20260403_052800.wav
3330.0,3333.0,Geothlypis trichas,Common Yellowthroat,0.8689,D:\Bird_Anuran_ARUs\IF01\SMM2-27_20260403_052800.wav
3333.0,3336.0,Pipilo erythrophthalmus,Eastern Towhee,0.6331,D:\Bird_Anuran_ARUs\IF01\SMM2-27_20260403_052800.wav
3339.0,3342.0,Seiurus aurocapilla,Ovenbird,0.5052,D:\Bird_Anuran_ARUs\IF01\SMM2-27_20260403_052800.wav
3342.0,3345.0,Geothlypis trichas,Common Yellowthroat,0.6201,D:\Bird_Anuran_ARUs\IF01\SMM2-27_20260403_052800.wav
3345.0,3348.0,Pipilo erythrophthalmus,Eastern Towhee,0.4507,D:\Bird_Anuran_ARUs\IF01\SMM2-27_20260403_052800.wav
3348.0,3351.0,Mniotilta varia,Black-and-white Warbler,0.9296,D:\Bird_Anuran_ARUs\IF01\SMM2-27_20260403_052800.wav
3351.0,3354.0,Pipilo erythrophthalmus,Eastern Towhee,0.4258,D:\Bird_Anuran_ARUs\IF01\SMM2-27_20260403_052800.wav
3351.0,3354.0,Mniotilta varia,Black-and-white Warbler,0.3201,D:\Bird_Anuran_ARUs\IF01\SMM2-27_20260403_052800.wav
3357.0,3360.0,Pipilo erythrophthalmus,Eastern Towhee,0.7353,D:\Bird_Anuran_ARUs\IF01\SMM2-27_20260403_052800.wav
3366.0,3369.0,Geothlypis trichas,Common Yellowthroat,0.9091,D:\Bird_Anuran_ARUs\IF01\SMM2-27_20260403_052800.wav
3372.0,3375.0,Mniotilta varia,Black-and-white Warbler,0.7070,D:\Bird_Anuran_ARUs\IF01\SMM2-27_20260403_052800.wav
3378.0,3381.0,Setophaga pinus,Pine Warbler,0.4058,D:\Bird_Anuran_ARUs\IF01\SMM2-27_20260403_052800.wav
3384.0,3387.0,Setophaga pinus,Pine Warbler,0.5881,D:\Bird_Anuran_ARUs\IF01\SMM2-27_20260403_052800.wav
3387.0,3390.0,Geothlypis trichas,Common Yellowthroat,0.9556,D:\Bird_Anuran_ARUs\IF01\SMM2-27_20260403_052800.wav
3390.0,3393.0,Pipilo erythrophthalmus,Eastern Towhee,0.2873,D:\Bird_Anuran_ARUs\IF01\SMM2-27_20260403_052800.wav
3393.0,3396.0,Mniotilta varia,Black-and-white Warbler,0.3403,D:\Bird_Anuran_ARUs\IF01\SMM2-27_20260403_052800.wav
3402.0,3405.0,Geothlypis trichas,Common Yellowthroat,0.9092,D:\Bird_Anuran_ARUs\IF01\SMM2-27_20260403_052800.wav
3405.0,3408.0,Geothlypis trichas,Common Yellowthroat,0.3735,D:\Bird_Anuran_ARUs\IF01\SMM2-27_20260403_052800.wav
3408.0,3411.0,Setophaga pinus,Pine Warbler,0.4161,D:\Bird_Anuran_ARUs\IF01\SMM2-27_20260403_052800.wav
3414.0,3417.0,Piranga olivacea,Scarlet Tanager,0.3537,D:\Bird_Anuran_ARUs\IF01\SMM2-27_20260403_052800.wav
3417.0,3420.0,Geothlypis trichas,Common Yellowthroat,0.6082,D:\Bird_Anuran_ARUs\IF01\SMM2-27_20260403_052800.wav
3420.0,3423.0,Pipilo erythrophthalmus,Eastern Towhee,0.4186,D:\Bird_Anuran_ARUs\IF01\SMM2-27_20260403_052800.wav
3426.0,3429.0,Pipilo erythrophthalmus,Eastern Towhee,0.6548,D:\Bird_Anuran_ARUs\IF01\SMM2-27_20260403_052800.wav
3426.0,3429.0,Setophaga pinus,Pine Warbler,0.2559,D:\Bird_Anuran_ARUs\IF01\SMM2-27_20260403_052800.wav
3432.0,3435.0,Geothlypis trichas,Common Yellowthroat,0.4150,D:\Bird_Anuran_ARUs\IF01\SMM2-27_20260403_052800.wav
3435.0,3438.0,Mniotilta varia,Black-and-white Warbler,0.2949,D:\Bird_Anuran_ARUs\IF01\SMM2-27_20260403_052800.wav
3441.0,3444.0,Geothlypis trichas,Common Yellowthroat,0.7388,D:\Bird_Anuran_ARUs\IF01\SMM2-27_20260403_052800.wav
3444.0,3447.0,Geothlypis trichas,Common Yellowthroat,0.5314,D:\Bird_Anuran_ARUs\IF01\SMM2-27_20260403_052800.wav
3444.0,3447.0,Setophaga citrina,Hooded Warbler,0.3062,D:\Bird_Anuran_ARUs\IF01\SMM2-27_20260403_052800.wav
3447.0,3450.0,Setophaga pinus,Pine Warbler,0.6106,D:\Bird_Anuran_ARUs\IF01\SMM2-27_20260403_052800.wav
3450.0,3453.0,Mniotilta varia,Black-and-white Warbler,0.9393,D:\Bird_Anuran_ARUs\IF01\SMM2-27_20260403_052800.wav
3453.0,3456.0,Setophaga pinus,Pine Warbler,0.3587,D:\Bird_Anuran_ARUs\IF01\SMM2-27_20260403_052800.wav
3462.0,3465.0,Setophaga pinus,Pine Warbler,0.3453,D:\Bird_Anuran_ARUs\IF01\SMM2-27_20260403_052800.wav
3465.0,3468.0,Mniotilta varia,Black-and-white Warbler,0.9329,D:\Bird_Anuran_ARUs\IF01\SMM2-27_20260403_052800.wav
3468.0,3471.0,Mniotilta varia,Black-and-white Warbler,0.5988,D:\Bird_Anuran_ARUs\IF01\SMM2-27_20260403_052800.wav
3471.0,3474.0,Setophaga pinus,Pine Warbler,0.4065,D:\Bird_Anuran_ARUs\IF01\SMM2-27_20260403_052800.wav
3474.0,3477.0,Seiurus aurocapilla,Ovenbird,0.9696,D:\Bird_Anuran_ARUs\IF01\SMM2-27_20260403_052800.wav
3477.0,3480.0,Pipilo erythrophthalmus,Eastern Towhee,0.9410,D:\Bird_Anuran_ARUs\IF01\SMM2-27_20260403_052800.wav
3480.0,3483.0,Mniotilta varia,Black-and-white Warbler,0.5853,D:\Bird_Anuran_ARUs\IF01\SMM2-27_20260403_052800.wav
3480.0,3483.0,Setophaga pinus,Pine Warbler,0.3033,D:\Bird_Anuran_ARUs\IF01\SMM2-27_20260403_052800.wav
3483.0,3486.0,Setophaga pinus,Pine Warbler,0.2930,D:\Bird_Anuran_ARUs\IF01\SMM2-27_20260403_052800.wav
3489.0,3492.0,Setophaga pinus,Pine Warbler,0.6669,D:\Bird_Anuran_ARUs\IF01\SMM2-27_20260403_052800.wav
3492.0,3495.0,Pipilo erythrophthalmus,Eastern Towhee,0.7360,D:\Bird_Anuran_ARUs\IF01\SMM2-27_20260403_052800.wav
3495.0,3498.0,Mniotilta varia,Black-and-white Warbler,0.4894,D:\Bird_Anuran_ARUs\IF01\SMM2-27_20260403_052800.wav
3498.0,3501.0,Mniotilta varia,Black-and-white Warbler,0.8240,D:\Bird_Anuran_ARUs\IF01\SMM2-27_20260403_052800.wav
3501.0,3504.0,Setophaga pinus,Pine Warbler,0.2812,D:\Bird_Anuran_ARUs\IF01\SMM2-27_20260403_052800.wav
3504.0,3507.0,Seiurus aurocapilla,Ovenbird,0.9244,D:\Bird_Anuran_ARUs\IF01\SMM2-27_20260403_052800.wav
3507.0,3510.0,Pipilo erythrophthalmus,Eastern Towhee,0.5606,D:\Bird_Anuran_ARUs\IF01\SMM2-27_20260403_052800.wav
3510.0,3513.0,Setophaga pinus,Pine Warbler,0.5484,D:\Bird_Anuran_ARUs\IF01\SMM2-27_20260403_052800.wav
3513.0,3516.0,Mniotilta varia,Black-and-white Warbler,0.8584,D:\Bird_Anuran_ARUs\IF01\SMM2-27_20260403_052800.wav
3516.0,3519.0,Pipilo erythrophthalmus,Eastern Towhee,0.4769,D:\Bird_Anuran_ARUs\IF01\SMM2-27_20260403_052800.wav
3519.0,3522.0,Setophaga pinus,Pine Warbler,0.9889,D:\Bird_Anuran_ARUs\IF01\SMM2-27_20260403_052800.wav
3522.0,3525.0,Pipilo erythrophthalmus,Eastern Towhee,0.7031,D:\Bird_Anuran_ARUs\IF01\SMM2-27_20260403_052800.wav
3525.0,3528.0,Mniotilta varia,Black-and-white Warbler,0.4589,D:\Bird_Anuran_ARUs\IF01\SMM2-27_20260403_052800.wav
3528.0,3531.0,Pipilo erythrophthalmus,Eastern Towhee,0.5999,D:\Bird_Anuran_ARUs\IF01\SMM2-27_20260403_052800.wav
3531.0,3534.0,Setophaga pinus,Pine Warbler,0.2988,D:\Bird_Anuran_ARUs\IF01\SMM2-27_20260403_052800.wav
3540.0,3543.0,Geothlypis trichas,Common Yellowthroat,0.3455,D:\Bird_Anuran_ARUs\IF01\SMM2-27_20260403_052800.wav
3543.0,3546.0,Pipilo erythrophthalmus,Eastern Towhee,0.3157,D:\Bird_Anuran_ARUs\IF01\SMM2-27_20260403_052800.wav
3546.0,3549.0,Mniotilta varia,Black-and-white Warbler,0.8090,D:\Bird_Anuran_ARUs\IF01\SMM2-27_20260403_052800.wav
3546.0,3549.0,Setophaga pinus,Pine Warbler,0.2560,D:\Bird_Anuran_ARUs\IF01\SMM2-27_20260403_052800.wav
3549.0,3552.0,Cardinalis cardinalis,Northern Cardinal,0.7328,D:\Bird_Anuran_ARUs\IF01\SMM2-27_20260403_052800.wav
3552.0,3555.0,Pipilo erythrophthalmus,Eastern Towhee,0.2964,D:\Bird_Anuran_ARUs\IF01\SMM2-27_20260403_052800.wav
3558.0,3561.0,Seiurus aurocapilla,Ovenbird,0.2829,D:\Bird_Anuran_ARUs\IF01\SMM2-27_20260403_052800.wav
3561.0,3564.0,Pipilo erythrophthalmus,Eastern Towhee,0.8969,D:\Bird_Anuran_ARUs\IF01\SMM2-27_20260403_052800.wav
3564.0,3567.0,Geothlypis trichas,Common Yellowthroat,0.3499,D:\Bird_Anuran_ARUs\IF01\SMM2-27_20260403_052800.wav
3567.0,3570.0,Pipilo erythrophthalmus,Eastern Towhee,0.3205,D:\Bird_Anuran_ARUs\IF01\SMM2-27_20260403_052800.wav
3570.0,3573.0,Mniotilta varia,Black-and-white Warbler,0.9011,D:\Bird_Anuran_ARUs\IF01\SMM2-27_20260403_052800.wav
3573.0,3576.0,Setophaga pinus,Pine Warbler,0.3407,D:\Bird_Anuran_ARUs\IF01\SMM2-27_20260403_052800.wav
3573.0,3576.0,Pipilo erythrophthalmus,Eastern Towhee,0.3274,D:\Bird_Anuran_ARUs\IF01\SMM2-27_20260403_052800.wav
3576.0,3579.0,Setophaga pinus,Pine Warbler,0.7139,D:\Bird_Anuran_ARUs\IF01\SMM2-27_20260403_052800.wav
3582.0,3585.0,Seiurus aurocapilla,Ovenbird,0.9774,D:\Bird_Anuran_ARUs\IF01\SMM2-27_20260403_052800.wav
3585.0,3588.0,Mniotilta varia,Black-and-white Warbler,0.8627,D:\Bird_Anuran_ARUs\IF01\SMM2-27_20260403_052800.wav
3588.0,3591.0,Mniotilta varia,Black-and-white Warbler,0.7032,D:\Bird_Anuran_ARUs\IF01\SMM2-27_20260403_052800.wav
3591.0,3594.0,Pipilo erythrophthalmus,Eastern Towhee,0.7349,D:\Bird_Anuran_ARUs\IF01\SMM2-27_20260403_052800.wav
3597.0,3600.0,Cardinalis cardinalis,Northern Cardinal,0.2562,D:\Bird_Anuran_ARUs\IF01\SMM2-27_20260403_052800.wav
