Start (s),End (s),Scientific name,Common name,Confidence,File
0.0,3.0,Hylocichla mustelina,Wood Thrush,0.5034,D:\Bird_Anuran_ARUs\IF05\SMM2-22_20260418_060802.wav
6.0,9.0,Hylocichla mustelina,Wood Thrush,0.7245,D:\Bird_Anuran_ARUs\IF05\SMM2-22_20260418_060802.wav
9.0,12.0,Hylocichla mustelina,Wood Thrush,0.3658,D:\Bird_Anuran_ARUs\IF05\SMM2-22_20260418_060802.wav
18.0,21.0,Hylocichla mustelina,Wood Thrush,0.8396,D:\Bird_Anuran_ARUs\IF05\SMM2-22_20260418_060802.wav
21.0,24.0,Corvus brachyrhynchos,American Crow,0.6574,D:\Bird_Anuran_ARUs\IF05\SMM2-22_20260418_060802.wav
24.0,27.0,Melanerpes carolinus,Red-bellied Woodpecker,0.2501,D:\Bird_Anuran_ARUs\IF05\SMM2-22_20260418_060802.wav
27.0,30.0,Piranga olivacea,Scarlet Tanager,0.6102,D:\Bird_Anuran_ARUs\IF05\SMM2-22_20260418_060802.wav
33.0,36.0,Hylocichla mustelina,Wood Thrush,0.5963,D:\Bird_Anuran_ARUs\IF05\SMM2-22_20260418_060802.wav
39.0,42.0,Hylocichla mustelina,Wood Thrush,0.8032,D:\Bird_Anuran_ARUs\IF05\SMM2-22_20260418_060802.wav
45.0,48.0,Setophaga pinus,Pine Warbler,0.5002,D:\Bird_Anuran_ARUs\IF05\SMM2-22_20260418_060802.wav
54.0,57.0,Piranga olivacea,Scarlet Tanager,0.6075,D:\Bird_Anuran_ARUs\IF05\SMM2-22_20260418_060802.wav
57.0,60.0,Hylocichla mustelina,Wood Thrush,0.6389,D:\Bird_Anuran_ARUs\IF05\SMM2-22_20260418_060802.wav
60.0,63.0,Hylocichla mustelina,Wood Thrush,0.8125,D:\Bird_Anuran_ARUs\IF05\SMM2-22_20260418_060802.wav
69.0,72.0,Hylocichla mustelina,Wood Thrush,0.4366,D:\Bird_Anuran_ARUs\IF05\SMM2-22_20260418_060802.wav
69.0,72.0,Piranga olivacea,Scarlet Tanager,0.2918,D:\Bird_Anuran_ARUs\IF05\SMM2-22_20260418_060802.wav
72.0,75.0,Hylocichla mustelina,Wood Thrush,0.6142,D:\Bird_Anuran_ARUs\IF05\SMM2-22_20260418_060802.wav
75.0,78.0,Hylocichla mustelina,Wood Thrush,0.7061,D:\Bird_Anuran_ARUs\IF05\SMM2-22_20260418_060802.wav
81.0,84.0,Piranga olivacea,Scarlet Tanager,0.5498,D:\Bird_Anuran_ARUs\IF05\SMM2-22_20260418_060802.wav
84.0,87.0,Piranga olivacea,Scarlet Tanager,0.4332,D:\Bird_Anuran_ARUs\IF05\SMM2-22_20260418_060802.wav
84.0,87.0,Hylocichla mustelina,Wood Thrush,0.3505,D:\Bird_Anuran_ARUs\IF05\SMM2-22_20260418_060802.wav
93.0,96.0,Hylocichla mustelina,Wood Thrush,0.4400,D:\Bird_Anuran_ARUs\IF05\SMM2-22_20260418_060802.wav
96.0,99.0,Piranga olivacea,Scarlet Tanager,0.2976,D:\Bird_Anuran_ARUs\IF05\SMM2-22_20260418_060802.wav
99.0,102.0,Hylocichla mustelina,Wood Thrush,0.8826,D:\Bird_Anuran_ARUs\IF05\SMM2-22_20260418_060802.wav
102.0,105.0,Hylocichla mustelina,Wood Thrush,0.9126,D:\Bird_Anuran_ARUs\IF05\SMM2-22_20260418_060802.wav
111.0,114.0,Seiurus aurocapilla,Ovenbird,0.9605,D:\Bird_Anuran_ARUs\IF05\SMM2-22_20260418_060802.wav
114.0,117.0,Seiurus aurocapilla,Ovenbird,0.9890,D:\Bird_Anuran_ARUs\IF05\SMM2-22_20260418_060802.wav
120.0,123.0,Hylocichla mustelina,Wood Thrush,0.9399,D:\Bird_Anuran_ARUs\IF05\SMM2-22_20260418_060802.wav
126.0,129.0,Hylocichla mustelina,Wood Thrush,0.6219,D:\Bird_Anuran_ARUs\IF05\SMM2-22_20260418_060802.wav
132.0,135.0,Seiurus aurocapilla,Ovenbird,0.9267,D:\Bird_Anuran_ARUs\IF05\SMM2-22_20260418_060802.wav
135.0,138.0,Seiurus aurocapilla,Ovenbird,0.9271,D:\Bird_Anuran_ARUs\IF05\SMM2-22_20260418_060802.wav
138.0,141.0,Hylocichla mustelina,Wood Thrush,0.7783,D:\Bird_Anuran_ARUs\IF05\SMM2-22_20260418_060802.wav
144.0,147.0,Hylocichla mustelina,Wood Thrush,0.5270,D:\Bird_Anuran_ARUs\IF05\SMM2-22_20260418_060802.wav
147.0,150.0,Seiurus aurocapilla,Ovenbird,0.9866,D:\Bird_Anuran_ARUs\IF05\SMM2-22_20260418_060802.wav
168.0,171.0,Piranga olivacea,Scarlet Tanager,0.5722,D:\Bird_Anuran_ARUs\IF05\SMM2-22_20260418_060802.wav
186.0,189.0,Seiurus aurocapilla,Ovenbird,0.7964,D:\Bird_Anuran_ARUs\IF05\SMM2-22_20260418_060802.wav
192.0,195.0,Seiurus aurocapilla,Ovenbird,0.9317,D:\Bird_Anuran_ARUs\IF05\SMM2-22_20260418_060802.wav
195.0,198.0,Seiurus aurocapilla,Ovenbird,0.9941,D:\Bird_Anuran_ARUs\IF05\SMM2-22_20260418_060802.wav
198.0,201.0,Piranga olivacea,Scarlet Tanager,0.5297,D:\Bird_Anuran_ARUs\IF05\SMM2-22_20260418_060802.wav
210.0,213.0,Seiurus aurocapilla,Ovenbird,0.9318,D:\Bird_Anuran_ARUs\IF05\SMM2-22_20260418_060802.wav
213.0,216.0,Seiurus aurocapilla,Ovenbird,0.9930,D:\Bird_Anuran_ARUs\IF05\SMM2-22_20260418_060802.wav
225.0,228.0,Seiurus aurocapilla,Ovenbird,0.8677,D:\Bird_Anuran_ARUs\IF05\SMM2-22_20260418_060802.wav
228.0,231.0,Seiurus aurocapilla,Ovenbird,0.9984,D:\Bird_Anuran_ARUs\IF05\SMM2-22_20260418_060802.wav
231.0,234.0,Seiurus aurocapilla,Ovenbird,0.2565,D:\Bird_Anuran_ARUs\IF05\SMM2-22_20260418_060802.wav
240.0,243.0,Cardinalis cardinalis,Northern Cardinal,0.4085,D:\Bird_Anuran_ARUs\IF05\SMM2-22_20260418_060802.wav
246.0,249.0,Seiurus aurocapilla,Ovenbird,0.9606,D:\Bird_Anuran_ARUs\IF05\SMM2-22_20260418_060802.wav
249.0,252.0,Seiurus aurocapilla,Ovenbird,0.9865,D:\Bird_Anuran_ARUs\IF05\SMM2-22_20260418_060802.wav
258.0,261.0,Setophaga pinus,Pine Warbler,0.7108,D:\Bird_Anuran_ARUs\IF05\SMM2-22_20260418_060802.wav
264.0,267.0,Piranga olivacea,Scarlet Tanager,0.5464,D:\Bird_Anuran_ARUs\IF05\SMM2-22_20260418_060802.wav
267.0,270.0,Seiurus aurocapilla,Ovenbird,0.9957,D:\Bird_Anuran_ARUs\IF05\SMM2-22_20260418_060802.wav
270.0,273.0,Seiurus aurocapilla,Ovenbird,0.9491,D:\Bird_Anuran_ARUs\IF05\SMM2-22_20260418_060802.wav
276.0,279.0,Cardinalis cardinalis,Northern Cardinal,0.5209,D:\Bird_Anuran_ARUs\IF05\SMM2-22_20260418_060802.wav
279.0,282.0,Setophaga pinus,Pine Warbler,0.5945,D:\Bird_Anuran_ARUs\IF05\SMM2-22_20260418_060802.wav
282.0,285.0,Seiurus aurocapilla,Ovenbird,0.9963,D:\Bird_Anuran_ARUs\IF05\SMM2-22_20260418_060802.wav
285.0,288.0,Seiurus aurocapilla,Ovenbird,0.2594,D:\Bird_Anuran_ARUs\IF05\SMM2-22_20260418_060802.wav
288.0,291.0,Setophaga pinus,Pine Warbler,0.2998,D:\Bird_Anuran_ARUs\IF05\SMM2-22_20260418_060802.wav
291.0,294.0,Setophaga pinus,Pine Warbler,0.4717,D:\Bird_Anuran_ARUs\IF05\SMM2-22_20260418_060802.wav
294.0,297.0,Seiurus aurocapilla,Ovenbird,0.9927,D:\Bird_Anuran_ARUs\IF05\SMM2-22_20260418_060802.wav
297.0,300.0,Seiurus aurocapilla,Ovenbird,0.9949,D:\Bird_Anuran_ARUs\IF05\SMM2-22_20260418_060802.wav
300.0,303.0,Cardinalis cardinalis,Northern Cardinal,0.2618,D:\Bird_Anuran_ARUs\IF05\SMM2-22_20260418_060802.wav
303.0,306.0,Cardinalis cardinalis,Northern Cardinal,0.4909,D:\Bird_Anuran_ARUs\IF05\SMM2-22_20260418_060802.wav
309.0,312.0,Setophaga pinus,Pine Warbler,0.3596,D:\Bird_Anuran_ARUs\IF05\SMM2-22_20260418_060802.wav
309.0,312.0,Piranga olivacea,Scarlet Tanager,0.3460,D:\Bird_Anuran_ARUs\IF05\SMM2-22_20260418_060802.wav
312.0,315.0,Seiurus aurocapilla,Ovenbird,0.9883,D:\Bird_Anuran_ARUs\IF05\SMM2-22_20260418_060802.wav
315.0,318.0,Seiurus aurocapilla,Ovenbird,0.9874,D:\Bird_Anuran_ARUs\IF05\SMM2-22_20260418_060802.wav
321.0,324.0,Setophaga pinus,Pine Warbler,0.6042,D:\Bird_Anuran_ARUs\IF05\SMM2-22_20260418_060802.wav
324.0,327.0,Piranga olivacea,Scarlet Tanager,0.4718,D:\Bird_Anuran_ARUs\IF05\SMM2-22_20260418_060802.wav
333.0,336.0,Setophaga pinus,Pine Warbler,0.8687,D:\Bird_Anuran_ARUs\IF05\SMM2-22_20260418_060802.wav
342.0,345.0,Seiurus aurocapilla,Ovenbird,0.9711,D:\Bird_Anuran_ARUs\IF05\SMM2-22_20260418_060802.wav
345.0,348.0,Seiurus aurocapilla,Ovenbird,0.9720,D:\Bird_Anuran_ARUs\IF05\SMM2-22_20260418_060802.wav
351.0,354.0,Piranga olivacea,Scarlet Tanager,0.4505,D:\Bird_Anuran_ARUs\IF05\SMM2-22_20260418_060802.wav
354.0,357.0,Cardinalis cardinalis,Northern Cardinal,0.2570,D:\Bird_Anuran_ARUs\IF05\SMM2-22_20260418_060802.wav
357.0,360.0,Seiurus aurocapilla,Ovenbird,0.9893,D:\Bird_Anuran_ARUs\IF05\SMM2-22_20260418_060802.wav
360.0,363.0,Seiurus aurocapilla,Ovenbird,0.9503,D:\Bird_Anuran_ARUs\IF05\SMM2-22_20260418_060802.wav
366.0,369.0,Piranga olivacea,Scarlet Tanager,0.4754,D:\Bird_Anuran_ARUs\IF05\SMM2-22_20260418_060802.wav
372.0,375.0,Strix varia,Barred Owl,0.3055,D:\Bird_Anuran_ARUs\IF05\SMM2-22_20260418_060802.wav
381.0,384.0,Piranga olivacea,Scarlet Tanager,0.5772,D:\Bird_Anuran_ARUs\IF05\SMM2-22_20260418_060802.wav
387.0,390.0,Cardinalis cardinalis,Northern Cardinal,0.3118,D:\Bird_Anuran_ARUs\IF05\SMM2-22_20260418_060802.wav
393.0,396.0,Piranga olivacea,Scarlet Tanager,0.2601,D:\Bird_Anuran_ARUs\IF05\SMM2-22_20260418_060802.wav
399.0,402.0,Setophaga pinus,Pine Warbler,0.3870,D:\Bird_Anuran_ARUs\IF05\SMM2-22_20260418_060802.wav
405.0,408.0,Setophaga pinus,Pine Warbler,0.4050,D:\Bird_Anuran_ARUs\IF05\SMM2-22_20260418_060802.wav
411.0,414.0,Setophaga pinus,Pine Warbler,0.5599,D:\Bird_Anuran_ARUs\IF05\SMM2-22_20260418_060802.wav
414.0,417.0,Cardinalis cardinalis,Northern Cardinal,0.5306,D:\Bird_Anuran_ARUs\IF05\SMM2-22_20260418_060802.wav
417.0,420.0,Zenaida macroura,Mourning Dove,0.4680,D:\Bird_Anuran_ARUs\IF05\SMM2-22_20260418_060802.wav
423.0,426.0,Setophaga pinus,Pine Warbler,0.6629,D:\Bird_Anuran_ARUs\IF05\SMM2-22_20260418_060802.wav
429.0,432.0,Setophaga pinus,Pine Warbler,0.3404,D:\Bird_Anuran_ARUs\IF05\SMM2-22_20260418_060802.wav
432.0,435.0,Strix varia,Barred Owl,0.3062,D:\Bird_Anuran_ARUs\IF05\SMM2-22_20260418_060802.wav
438.0,441.0,Cardinalis cardinalis,Northern Cardinal,0.2965,D:\Bird_Anuran_ARUs\IF05\SMM2-22_20260418_060802.wav
444.0,447.0,Setophaga pinus,Pine Warbler,0.7110,D:\Bird_Anuran_ARUs\IF05\SMM2-22_20260418_060802.wav
456.0,459.0,Setophaga pinus,Pine Warbler,0.2816,D:\Bird_Anuran_ARUs\IF05\SMM2-22_20260418_060802.wav
468.0,471.0,Setophaga pinus,Pine Warbler,0.6308,D:\Bird_Anuran_ARUs\IF05\SMM2-22_20260418_060802.wav
471.0,474.0,Setophaga pinus,Pine Warbler,0.3877,D:\Bird_Anuran_ARUs\IF05\SMM2-22_20260418_060802.wav
477.0,480.0,Myiarchus crinitus,Great Crested Flycatcher,0.3339,D:\Bird_Anuran_ARUs\IF05\SMM2-22_20260418_060802.wav
480.0,483.0,Setophaga pinus,Pine Warbler,0.6167,D:\Bird_Anuran_ARUs\IF05\SMM2-22_20260418_060802.wav
483.0,486.0,Setophaga pinus,Pine Warbler,0.3970,D:\Bird_Anuran_ARUs\IF05\SMM2-22_20260418_060802.wav
492.0,495.0,Cardinalis cardinalis,Northern Cardinal,0.3099,D:\Bird_Anuran_ARUs\IF05\SMM2-22_20260418_060802.wav
498.0,501.0,Setophaga pinus,Pine Warbler,0.4080,D:\Bird_Anuran_ARUs\IF05\SMM2-22_20260418_060802.wav
513.0,516.0,Setophaga pinus,Pine Warbler,0.3600,D:\Bird_Anuran_ARUs\IF05\SMM2-22_20260418_060802.wav
513.0,516.0,Strix varia,Barred Owl,0.3379,D:\Bird_Anuran_ARUs\IF05\SMM2-22_20260418_060802.wav
522.0,525.0,Setophaga pinus,Pine Warbler,0.5691,D:\Bird_Anuran_ARUs\IF05\SMM2-22_20260418_060802.wav
534.0,537.0,Piranga olivacea,Scarlet Tanager,0.3197,D:\Bird_Anuran_ARUs\IF05\SMM2-22_20260418_060802.wav
537.0,540.0,Setophaga pinus,Pine Warbler,0.2716,D:\Bird_Anuran_ARUs\IF05\SMM2-22_20260418_060802.wav
546.0,549.0,Piranga olivacea,Scarlet Tanager,0.3336,D:\Bird_Anuran_ARUs\IF05\SMM2-22_20260418_060802.wav
567.0,570.0,Cardinalis cardinalis,Northern Cardinal,0.2965,D:\Bird_Anuran_ARUs\IF05\SMM2-22_20260418_060802.wav
573.0,576.0,Setophaga pinus,Pine Warbler,0.3752,D:\Bird_Anuran_ARUs\IF05\SMM2-22_20260418_060802.wav
591.0,594.0,Cardinalis cardinalis,Northern Cardinal,0.3546,D:\Bird_Anuran_ARUs\IF05\SMM2-22_20260418_060802.wav
615.0,618.0,Cardinalis cardinalis,Northern Cardinal,0.3520,D:\Bird_Anuran_ARUs\IF05\SMM2-22_20260418_060802.wav
651.0,654.0,Piranga olivacea,Scarlet Tanager,0.4966,D:\Bird_Anuran_ARUs\IF05\SMM2-22_20260418_060802.wav
654.0,657.0,Setophaga pinus,Pine Warbler,0.4010,D:\Bird_Anuran_ARUs\IF05\SMM2-22_20260418_060802.wav
657.0,660.0,Hylocichla mustelina,Wood Thrush,0.2936,D:\Bird_Anuran_ARUs\IF05\SMM2-22_20260418_060802.wav
660.0,663.0,Hylocichla mustelina,Wood Thrush,0.5121,D:\Bird_Anuran_ARUs\IF05\SMM2-22_20260418_060802.wav
675.0,678.0,Hylocichla mustelina,Wood Thrush,0.3882,D:\Bird_Anuran_ARUs\IF05\SMM2-22_20260418_060802.wav
678.0,681.0,Piranga olivacea,Scarlet Tanager,0.4159,D:\Bird_Anuran_ARUs\IF05\SMM2-22_20260418_060802.wav
684.0,687.0,Hylocichla mustelina,Wood Thrush,0.7758,D:\Bird_Anuran_ARUs\IF05\SMM2-22_20260418_060802.wav
687.0,690.0,Hylocichla mustelina,Wood Thrush,0.6296,D:\Bird_Anuran_ARUs\IF05\SMM2-22_20260418_060802.wav
690.0,693.0,Piranga olivacea,Scarlet Tanager,0.6109,D:\Bird_Anuran_ARUs\IF05\SMM2-22_20260418_060802.wav
696.0,699.0,Hylocichla mustelina,Wood Thrush,0.5534,D:\Bird_Anuran_ARUs\IF05\SMM2-22_20260418_060802.wav
699.0,702.0,Hylocichla mustelina,Wood Thrush,0.6894,D:\Bird_Anuran_ARUs\IF05\SMM2-22_20260418_060802.wav
708.0,711.0,Hylocichla mustelina,Wood Thrush,0.4168,D:\Bird_Anuran_ARUs\IF05\SMM2-22_20260418_060802.wav
717.0,720.0,Piranga rubra,Summer Tanager,0.3032,D:\Bird_Anuran_ARUs\IF05\SMM2-22_20260418_060802.wav
729.0,732.0,Hylocichla mustelina,Wood Thrush,0.2923,D:\Bird_Anuran_ARUs\IF05\SMM2-22_20260418_060802.wav
732.0,735.0,Piranga olivacea,Scarlet Tanager,0.5204,D:\Bird_Anuran_ARUs\IF05\SMM2-22_20260418_060802.wav
735.0,738.0,Piranga olivacea,Scarlet Tanager,0.3309,D:\Bird_Anuran_ARUs\IF05\SMM2-22_20260418_060802.wav
738.0,741.0,Hylocichla mustelina,Wood Thrush,0.3880,D:\Bird_Anuran_ARUs\IF05\SMM2-22_20260418_060802.wav
744.0,747.0,Hylocichla mustelina,Wood Thrush,0.4784,D:\Bird_Anuran_ARUs\IF05\SMM2-22_20260418_060802.wav
762.0,765.0,Piranga olivacea,Scarlet Tanager,0.8268,D:\Bird_Anuran_ARUs\IF05\SMM2-22_20260418_060802.wav
762.0,765.0,Piranga rubra,Summer Tanager,0.4383,D:\Bird_Anuran_ARUs\IF05\SMM2-22_20260418_060802.wav
774.0,777.0,Piranga olivacea,Scarlet Tanager,0.2521,D:\Bird_Anuran_ARUs\IF05\SMM2-22_20260418_060802.wav
777.0,780.0,Piranga olivacea,Scarlet Tanager,0.8213,D:\Bird_Anuran_ARUs\IF05\SMM2-22_20260418_060802.wav
792.0,795.0,Piranga olivacea,Scarlet Tanager,0.6072,D:\Bird_Anuran_ARUs\IF05\SMM2-22_20260418_060802.wav
804.0,807.0,Piranga olivacea,Scarlet Tanager,0.3027,D:\Bird_Anuran_ARUs\IF05\SMM2-22_20260418_060802.wav
816.0,819.0,Seiurus aurocapilla,Ovenbird,0.8538,D:\Bird_Anuran_ARUs\IF05\SMM2-22_20260418_060802.wav
819.0,822.0,Piranga olivacea,Scarlet Tanager,0.4387,D:\Bird_Anuran_ARUs\IF05\SMM2-22_20260418_060802.wav
825.0,828.0,Strix varia,Barred Owl,0.9224,D:\Bird_Anuran_ARUs\IF05\SMM2-22_20260418_060802.wav
831.0,834.0,Piranga rubra,Summer Tanager,0.7068,D:\Bird_Anuran_ARUs\IF05\SMM2-22_20260418_060802.wav
840.0,843.0,Strix varia,Barred Owl,0.4387,D:\Bird_Anuran_ARUs\IF05\SMM2-22_20260418_060802.wav
843.0,846.0,Seiurus aurocapilla,Ovenbird,0.5870,D:\Bird_Anuran_ARUs\IF05\SMM2-22_20260418_060802.wav
858.0,861.0,Seiurus aurocapilla,Ovenbird,0.6077,D:\Bird_Anuran_ARUs\IF05\SMM2-22_20260418_060802.wav
861.0,864.0,Seiurus aurocapilla,Ovenbird,0.8019,D:\Bird_Anuran_ARUs\IF05\SMM2-22_20260418_060802.wav
873.0,876.0,Seiurus aurocapilla,Ovenbird,0.6288,D:\Bird_Anuran_ARUs\IF05\SMM2-22_20260418_060802.wav
882.0,885.0,Seiurus aurocapilla,Ovenbird,0.4782,D:\Bird_Anuran_ARUs\IF05\SMM2-22_20260418_060802.wav
885.0,888.0,Seiurus aurocapilla,Ovenbird,0.4555,D:\Bird_Anuran_ARUs\IF05\SMM2-22_20260418_060802.wav
891.0,894.0,Strix varia,Barred Owl,0.3552,D:\Bird_Anuran_ARUs\IF05\SMM2-22_20260418_060802.wav
891.0,894.0,Hylocichla mustelina,Wood Thrush,0.3047,D:\Bird_Anuran_ARUs\IF05\SMM2-22_20260418_060802.wav
894.0,897.0,Seiurus aurocapilla,Ovenbird,0.8301,D:\Bird_Anuran_ARUs\IF05\SMM2-22_20260418_060802.wav
903.0,906.0,Seiurus aurocapilla,Ovenbird,0.5988,D:\Bird_Anuran_ARUs\IF05\SMM2-22_20260418_060802.wav
903.0,906.0,Piranga olivacea,Scarlet Tanager,0.2976,D:\Bird_Anuran_ARUs\IF05\SMM2-22_20260418_060802.wav
906.0,909.0,Seiurus aurocapilla,Ovenbird,0.5536,D:\Bird_Anuran_ARUs\IF05\SMM2-22_20260418_060802.wav
909.0,912.0,Hylocichla mustelina,Wood Thrush,0.5631,D:\Bird_Anuran_ARUs\IF05\SMM2-22_20260418_060802.wav
912.0,915.0,Hylocichla mustelina,Wood Thrush,0.7714,D:\Bird_Anuran_ARUs\IF05\SMM2-22_20260418_060802.wav
912.0,915.0,Strix varia,Barred Owl,0.5374,D:\Bird_Anuran_ARUs\IF05\SMM2-22_20260418_060802.wav
915.0,918.0,Seiurus aurocapilla,Ovenbird,0.6200,D:\Bird_Anuran_ARUs\IF05\SMM2-22_20260418_060802.wav
918.0,921.0,Seiurus aurocapilla,Ovenbird,0.6582,D:\Bird_Anuran_ARUs\IF05\SMM2-22_20260418_060802.wav
927.0,930.0,Hylocichla mustelina,Wood Thrush,0.4816,D:\Bird_Anuran_ARUs\IF05\SMM2-22_20260418_060802.wav
927.0,930.0,Strix varia,Barred Owl,0.2514,D:\Bird_Anuran_ARUs\IF05\SMM2-22_20260418_060802.wav
930.0,933.0,Seiurus aurocapilla,Ovenbird,0.9408,D:\Bird_Anuran_ARUs\IF05\SMM2-22_20260418_060802.wav
936.0,939.0,Zenaida macroura,Mourning Dove,0.5168,D:\Bird_Anuran_ARUs\IF05\SMM2-22_20260418_060802.wav
942.0,945.0,Seiurus aurocapilla,Ovenbird,0.5468,D:\Bird_Anuran_ARUs\IF05\SMM2-22_20260418_060802.wav
951.0,954.0,Hylocichla mustelina,Wood Thrush,0.3008,D:\Bird_Anuran_ARUs\IF05\SMM2-22_20260418_060802.wav
954.0,957.0,Seiurus aurocapilla,Ovenbird,0.8693,D:\Bird_Anuran_ARUs\IF05\SMM2-22_20260418_060802.wav
954.0,957.0,Hylocichla mustelina,Wood Thrush,0.3768,D:\Bird_Anuran_ARUs\IF05\SMM2-22_20260418_060802.wav
963.0,966.0,Seiurus aurocapilla,Ovenbird,0.9122,D:\Bird_Anuran_ARUs\IF05\SMM2-22_20260418_060802.wav
966.0,969.0,Seiurus aurocapilla,Ovenbird,0.7872,D:\Bird_Anuran_ARUs\IF05\SMM2-22_20260418_060802.wav
975.0,978.0,Seiurus aurocapilla,Ovenbird,0.8182,D:\Bird_Anuran_ARUs\IF05\SMM2-22_20260418_060802.wav
978.0,981.0,Seiurus aurocapilla,Ovenbird,0.4715,D:\Bird_Anuran_ARUs\IF05\SMM2-22_20260418_060802.wav
987.0,990.0,Seiurus aurocapilla,Ovenbird,0.7644,D:\Bird_Anuran_ARUs\IF05\SMM2-22_20260418_060802.wav
990.0,993.0,Seiurus aurocapilla,Ovenbird,0.6991,D:\Bird_Anuran_ARUs\IF05\SMM2-22_20260418_060802.wav
999.0,1002.0,Seiurus aurocapilla,Ovenbird,0.8413,D:\Bird_Anuran_ARUs\IF05\SMM2-22_20260418_060802.wav
1002.0,1005.0,Seiurus aurocapilla,Ovenbird,0.6888,D:\Bird_Anuran_ARUs\IF05\SMM2-22_20260418_060802.wav
1008.0,1011.0,Hylocichla mustelina,Wood Thrush,0.2545,D:\Bird_Anuran_ARUs\IF05\SMM2-22_20260418_060802.wav
1011.0,1014.0,Seiurus aurocapilla,Ovenbird,0.6617,D:\Bird_Anuran_ARUs\IF05\SMM2-22_20260418_060802.wav
1014.0,1017.0,Seiurus aurocapilla,Ovenbird,0.6519,D:\Bird_Anuran_ARUs\IF05\SMM2-22_20260418_060802.wav
1014.0,1017.0,Hylocichla mustelina,Wood Thrush,0.4457,D:\Bird_Anuran_ARUs\IF05\SMM2-22_20260418_060802.wav
1017.0,1020.0,Hylocichla mustelina,Wood Thrush,0.2866,D:\Bird_Anuran_ARUs\IF05\SMM2-22_20260418_060802.wav
1026.0,1029.0,Seiurus aurocapilla,Ovenbird,0.3588,D:\Bird_Anuran_ARUs\IF05\SMM2-22_20260418_060802.wav
1026.0,1029.0,Hylocichla mustelina,Wood Thrush,0.2598,D:\Bird_Anuran_ARUs\IF05\SMM2-22_20260418_060802.wav
1029.0,1032.0,Hylocichla mustelina,Wood Thrush,0.3180,D:\Bird_Anuran_ARUs\IF05\SMM2-22_20260418_060802.wav
1029.0,1032.0,Poecile carolinensis,Carolina Chickadee,0.2604,D:\Bird_Anuran_ARUs\IF05\SMM2-22_20260418_060802.wav
1035.0,1038.0,Seiurus aurocapilla,Ovenbird,0.3368,D:\Bird_Anuran_ARUs\IF05\SMM2-22_20260418_060802.wav
1038.0,1041.0,Hylocichla mustelina,Wood Thrush,0.8855,D:\Bird_Anuran_ARUs\IF05\SMM2-22_20260418_060802.wav
1038.0,1041.0,Seiurus aurocapilla,Ovenbird,0.5215,D:\Bird_Anuran_ARUs\IF05\SMM2-22_20260418_060802.wav
1041.0,1044.0,Hylocichla mustelina,Wood Thrush,0.8695,D:\Bird_Anuran_ARUs\IF05\SMM2-22_20260418_060802.wav
1044.0,1047.0,Hylocichla mustelina,Wood Thrush,0.3744,D:\Bird_Anuran_ARUs\IF05\SMM2-22_20260418_060802.wav
1047.0,1050.0,Hylocichla mustelina,Wood Thrush,0.6873,D:\Bird_Anuran_ARUs\IF05\SMM2-22_20260418_060802.wav
1050.0,1053.0,Hylocichla mustelina,Wood Thrush,0.8378,D:\Bird_Anuran_ARUs\IF05\SMM2-22_20260418_060802.wav
1053.0,1056.0,Seiurus aurocapilla,Ovenbird,0.6711,D:\Bird_Anuran_ARUs\IF05\SMM2-22_20260418_060802.wav
1059.0,1062.0,Hylocichla mustelina,Wood Thrush,0.4256,D:\Bird_Anuran_ARUs\IF05\SMM2-22_20260418_060802.wav
1062.0,1065.0,Seiurus aurocapilla,Ovenbird,0.7959,D:\Bird_Anuran_ARUs\IF05\SMM2-22_20260418_060802.wav
1071.0,1074.0,Setophaga pinus,Pine Warbler,0.4103,D:\Bird_Anuran_ARUs\IF05\SMM2-22_20260418_060802.wav
1074.0,1077.0,Seiurus aurocapilla,Ovenbird,0.6572,D:\Bird_Anuran_ARUs\IF05\SMM2-22_20260418_060802.wav
1086.0,1089.0,Seiurus aurocapilla,Ovenbird,0.6906,D:\Bird_Anuran_ARUs\IF05\SMM2-22_20260418_060802.wav
1098.0,1101.0,Seiurus aurocapilla,Ovenbird,0.6686,D:\Bird_Anuran_ARUs\IF05\SMM2-22_20260418_060802.wav
1110.0,1113.0,Seiurus aurocapilla,Ovenbird,0.8551,D:\Bird_Anuran_ARUs\IF05\SMM2-22_20260418_060802.wav
1128.0,1131.0,Cardinalis cardinalis,Northern Cardinal,0.3307,D:\Bird_Anuran_ARUs\IF05\SMM2-22_20260418_060802.wav
1137.0,1140.0,Cardinalis cardinalis,Northern Cardinal,0.3306,D:\Bird_Anuran_ARUs\IF05\SMM2-22_20260418_060802.wav
1158.0,1161.0,Cardinalis cardinalis,Northern Cardinal,0.2980,D:\Bird_Anuran_ARUs\IF05\SMM2-22_20260418_060802.wav
1164.0,1167.0,Cardinalis cardinalis,Northern Cardinal,0.4496,D:\Bird_Anuran_ARUs\IF05\SMM2-22_20260418_060802.wav
1173.0,1176.0,Cardinalis cardinalis,Northern Cardinal,0.4510,D:\Bird_Anuran_ARUs\IF05\SMM2-22_20260418_060802.wav
1197.0,1200.0,Hylocichla mustelina,Wood Thrush,0.5848,D:\Bird_Anuran_ARUs\IF05\SMM2-22_20260418_060802.wav
1206.0,1209.0,Hylocichla mustelina,Wood Thrush,0.3564,D:\Bird_Anuran_ARUs\IF05\SMM2-22_20260418_060802.wav
1209.0,1212.0,Hylocichla mustelina,Wood Thrush,0.3178,D:\Bird_Anuran_ARUs\IF05\SMM2-22_20260418_060802.wav
1212.0,1215.0,Hylocichla mustelina,Wood Thrush,0.9084,D:\Bird_Anuran_ARUs\IF05\SMM2-22_20260418_060802.wav
1221.0,1224.0,Hylocichla mustelina,Wood Thrush,0.8831,D:\Bird_Anuran_ARUs\IF05\SMM2-22_20260418_060802.wav
1224.0,1227.0,Hylocichla mustelina,Wood Thrush,0.4972,D:\Bird_Anuran_ARUs\IF05\SMM2-22_20260418_060802.wav
1227.0,1230.0,Cardinalis cardinalis,Northern Cardinal,0.2977,D:\Bird_Anuran_ARUs\IF05\SMM2-22_20260418_060802.wav
1230.0,1233.0,Cardinalis cardinalis,Northern Cardinal,0.3454,D:\Bird_Anuran_ARUs\IF05\SMM2-22_20260418_060802.wav
1239.0,1242.0,Setophaga pinus,Pine Warbler,0.8297,D:\Bird_Anuran_ARUs\IF05\SMM2-22_20260418_060802.wav
1239.0,1242.0,Hylocichla mustelina,Wood Thrush,0.4888,D:\Bird_Anuran_ARUs\IF05\SMM2-22_20260418_060802.wav
1242.0,1245.0,Setophaga pinus,Pine Warbler,0.4717,D:\Bird_Anuran_ARUs\IF05\SMM2-22_20260418_060802.wav
1245.0,1248.0,Hylocichla mustelina,Wood Thrush,0.9171,D:\Bird_Anuran_ARUs\IF05\SMM2-22_20260418_060802.wav
1245.0,1248.0,Seiurus aurocapilla,Ovenbird,0.5735,D:\Bird_Anuran_ARUs\IF05\SMM2-22_20260418_060802.wav
1251.0,1254.0,Setophaga pinus,Pine Warbler,0.7841,D:\Bird_Anuran_ARUs\IF05\SMM2-22_20260418_060802.wav
1257.0,1260.0,Hylocichla mustelina,Wood Thrush,0.3666,D:\Bird_Anuran_ARUs\IF05\SMM2-22_20260418_060802.wav
1260.0,1263.0,Setophaga pinus,Pine Warbler,0.5799,D:\Bird_Anuran_ARUs\IF05\SMM2-22_20260418_060802.wav
1260.0,1263.0,Hylocichla mustelina,Wood Thrush,0.4137,D:\Bird_Anuran_ARUs\IF05\SMM2-22_20260418_060802.wav
1266.0,1269.0,Hylocichla mustelina,Wood Thrush,0.9688,D:\Bird_Anuran_ARUs\IF05\SMM2-22_20260418_060802.wav
1269.0,1272.0,Hylocichla mustelina,Wood Thrush,0.9336,D:\Bird_Anuran_ARUs\IF05\SMM2-22_20260418_060802.wav
1272.0,1275.0,Setophaga pinus,Pine Warbler,0.8940,D:\Bird_Anuran_ARUs\IF05\SMM2-22_20260418_060802.wav
1272.0,1275.0,Hylocichla mustelina,Wood Thrush,0.2531,D:\Bird_Anuran_ARUs\IF05\SMM2-22_20260418_060802.wav
1275.0,1278.0,Hylocichla mustelina,Wood Thrush,0.9969,D:\Bird_Anuran_ARUs\IF05\SMM2-22_20260418_060802.wav
1278.0,1281.0,Hylocichla mustelina,Wood Thrush,0.9468,D:\Bird_Anuran_ARUs\IF05\SMM2-22_20260418_060802.wav
1281.0,1284.0,Setophaga pinus,Pine Warbler,0.7725,D:\Bird_Anuran_ARUs\IF05\SMM2-22_20260418_060802.wav
1284.0,1287.0,Setophaga pinus,Pine Warbler,0.9091,D:\Bird_Anuran_ARUs\IF05\SMM2-22_20260418_060802.wav
1287.0,1290.0,Hylocichla mustelina,Wood Thrush,0.6982,D:\Bird_Anuran_ARUs\IF05\SMM2-22_20260418_060802.wav
1290.0,1293.0,Setophaga pinus,Pine Warbler,0.8678,D:\Bird_Anuran_ARUs\IF05\SMM2-22_20260418_060802.wav
1293.0,1296.0,Setophaga pinus,Pine Warbler,0.4379,D:\Bird_Anuran_ARUs\IF05\SMM2-22_20260418_060802.wav
1302.0,1305.0,Setophaga pinus,Pine Warbler,0.7158,D:\Bird_Anuran_ARUs\IF05\SMM2-22_20260418_060802.wav
1305.0,1308.0,Cardinalis cardinalis,Northern Cardinal,0.2883,D:\Bird_Anuran_ARUs\IF05\SMM2-22_20260418_060802.wav
1311.0,1314.0,Setophaga pinus,Pine Warbler,0.8699,D:\Bird_Anuran_ARUs\IF05\SMM2-22_20260418_060802.wav
1320.0,1323.0,Cardinalis cardinalis,Northern Cardinal,0.3116,D:\Bird_Anuran_ARUs\IF05\SMM2-22_20260418_060802.wav
1326.0,1329.0,Setophaga pinus,Pine Warbler,0.7522,D:\Bird_Anuran_ARUs\IF05\SMM2-22_20260418_060802.wav
1329.0,1332.0,Setophaga pinus,Pine Warbler,0.6152,D:\Bird_Anuran_ARUs\IF05\SMM2-22_20260418_060802.wav
1332.0,1335.0,Zenaida macroura,Mourning Dove,0.3604,D:\Bird_Anuran_ARUs\IF05\SMM2-22_20260418_060802.wav
1338.0,1341.0,Setophaga pinus,Pine Warbler,0.8516,D:\Bird_Anuran_ARUs\IF05\SMM2-22_20260418_060802.wav
1341.0,1344.0,Setophaga pinus,Pine Warbler,0.8558,D:\Bird_Anuran_ARUs\IF05\SMM2-22_20260418_060802.wav
1353.0,1356.0,Setophaga pinus,Pine Warbler,0.8253,D:\Bird_Anuran_ARUs\IF05\SMM2-22_20260418_060802.wav
1359.0,1362.0,Cardinalis cardinalis,Northern Cardinal,0.7090,D:\Bird_Anuran_ARUs\IF05\SMM2-22_20260418_060802.wav
1362.0,1365.0,Setophaga pinus,Pine Warbler,0.7103,D:\Bird_Anuran_ARUs\IF05\SMM2-22_20260418_060802.wav
1365.0,1368.0,Setophaga pinus,Pine Warbler,0.8102,D:\Bird_Anuran_ARUs\IF05\SMM2-22_20260418_060802.wav
1374.0,1377.0,Cardinalis cardinalis,Northern Cardinal,0.5761,D:\Bird_Anuran_ARUs\IF05\SMM2-22_20260418_060802.wav
1377.0,1380.0,Setophaga pinus,Pine Warbler,0.8436,D:\Bird_Anuran_ARUs\IF05\SMM2-22_20260418_060802.wav
1380.0,1383.0,Setophaga pinus,Pine Warbler,0.4400,D:\Bird_Anuran_ARUs\IF05\SMM2-22_20260418_060802.wav
1389.0,1392.0,Setophaga pinus,Pine Warbler,0.9307,D:\Bird_Anuran_ARUs\IF05\SMM2-22_20260418_060802.wav
1395.0,1398.0,Cardinalis cardinalis,Northern Cardinal,0.3781,D:\Bird_Anuran_ARUs\IF05\SMM2-22_20260418_060802.wav
1401.0,1404.0,Setophaga pinus,Pine Warbler,0.8377,D:\Bird_Anuran_ARUs\IF05\SMM2-22_20260418_060802.wav
1404.0,1407.0,Setophaga pinus,Pine Warbler,0.6568,D:\Bird_Anuran_ARUs\IF05\SMM2-22_20260418_060802.wav
1407.0,1410.0,Cardinalis cardinalis,Northern Cardinal,0.2764,D:\Bird_Anuran_ARUs\IF05\SMM2-22_20260418_060802.wav
1413.0,1416.0,Setophaga pinus,Pine Warbler,0.4606,D:\Bird_Anuran_ARUs\IF05\SMM2-22_20260418_060802.wav
1416.0,1419.0,Cardinalis cardinalis,Northern Cardinal,0.5481,D:\Bird_Anuran_ARUs\IF05\SMM2-22_20260418_060802.wav
1419.0,1422.0,Hylocichla mustelina,Wood Thrush,0.9687,D:\Bird_Anuran_ARUs\IF05\SMM2-22_20260418_060802.wav
1422.0,1425.0,Hylocichla mustelina,Wood Thrush,0.9048,D:\Bird_Anuran_ARUs\IF05\SMM2-22_20260418_060802.wav
1425.0,1428.0,Setophaga pinus,Pine Warbler,0.5629,D:\Bird_Anuran_ARUs\IF05\SMM2-22_20260418_060802.wav
1428.0,1431.0,Hylocichla mustelina,Wood Thrush,0.4666,D:\Bird_Anuran_ARUs\IF05\SMM2-22_20260418_060802.wav
1431.0,1434.0,Hylocichla mustelina,Wood Thrush,0.8992,D:\Bird_Anuran_ARUs\IF05\SMM2-22_20260418_060802.wav
1434.0,1437.0,Cardinalis cardinalis,Northern Cardinal,0.4760,D:\Bird_Anuran_ARUs\IF05\SMM2-22_20260418_060802.wav
1437.0,1440.0,Pipilo erythrophthalmus,Eastern Towhee,0.4881,D:\Bird_Anuran_ARUs\IF05\SMM2-22_20260418_060802.wav
1437.0,1440.0,Setophaga pinus,Pine Warbler,0.3519,D:\Bird_Anuran_ARUs\IF05\SMM2-22_20260418_060802.wav
1443.0,1446.0,Setophaga pinus,Pine Warbler,0.5768,D:\Bird_Anuran_ARUs\IF05\SMM2-22_20260418_060802.wav
1446.0,1449.0,Setophaga pinus,Pine Warbler,0.4421,D:\Bird_Anuran_ARUs\IF05\SMM2-22_20260418_060802.wav
1446.0,1449.0,Hylocichla mustelina,Wood Thrush,0.4132,D:\Bird_Anuran_ARUs\IF05\SMM2-22_20260418_060802.wav
1449.0,1452.0,Hylocichla mustelina,Wood Thrush,0.5336,D:\Bird_Anuran_ARUs\IF05\SMM2-22_20260418_060802.wav
1455.0,1458.0,Cardinalis cardinalis,Northern Cardinal,0.2561,D:\Bird_Anuran_ARUs\IF05\SMM2-22_20260418_060802.wav
1464.0,1467.0,Cardinalis cardinalis,Northern Cardinal,0.4197,D:\Bird_Anuran_ARUs\IF05\SMM2-22_20260418_060802.wav
1467.0,1470.0,Hylocichla mustelina,Wood Thrush,0.4923,D:\Bird_Anuran_ARUs\IF05\SMM2-22_20260418_060802.wav
1467.0,1470.0,Cardinalis cardinalis,Northern Cardinal,0.2998,D:\Bird_Anuran_ARUs\IF05\SMM2-22_20260418_060802.wav
1470.0,1473.0,Setophaga pinus,Pine Warbler,0.6974,D:\Bird_Anuran_ARUs\IF05\SMM2-22_20260418_060802.wav
1482.0,1485.0,Setophaga pinus,Pine Warbler,0.8402,D:\Bird_Anuran_ARUs\IF05\SMM2-22_20260418_060802.wav
1494.0,1497.0,Setophaga pinus,Pine Warbler,0.7338,D:\Bird_Anuran_ARUs\IF05\SMM2-22_20260418_060802.wav
1497.0,1500.0,Hylocichla mustelina,Wood Thrush,0.3417,D:\Bird_Anuran_ARUs\IF05\SMM2-22_20260418_060802.wav
1500.0,1503.0,Hylocichla mustelina,Wood Thrush,0.6395,D:\Bird_Anuran_ARUs\IF05\SMM2-22_20260418_060802.wav
1503.0,1506.0,Setophaga pinus,Pine Warbler,0.8857,D:\Bird_Anuran_ARUs\IF05\SMM2-22_20260418_060802.wav
1506.0,1509.0,Setophaga pinus,Pine Warbler,0.7757,D:\Bird_Anuran_ARUs\IF05\SMM2-22_20260418_060802.wav
1509.0,1512.0,Hylocichla mustelina,Wood Thrush,0.3696,D:\Bird_Anuran_ARUs\IF05\SMM2-22_20260418_060802.wav
1512.0,1515.0,Hylocichla mustelina,Wood Thrush,0.6156,D:\Bird_Anuran_ARUs\IF05\SMM2-22_20260418_060802.wav
1515.0,1518.0,Hylocichla mustelina,Wood Thrush,0.6719,D:\Bird_Anuran_ARUs\IF05\SMM2-22_20260418_060802.wav
1518.0,1521.0,Setophaga pinus,Pine Warbler,0.4683,D:\Bird_Anuran_ARUs\IF05\SMM2-22_20260418_060802.wav
1524.0,1527.0,Hylocichla mustelina,Wood Thrush,0.4763,D:\Bird_Anuran_ARUs\IF05\SMM2-22_20260418_060802.wav
1527.0,1530.0,Hylocichla mustelina,Wood Thrush,0.2557,D:\Bird_Anuran_ARUs\IF05\SMM2-22_20260418_060802.wav
1530.0,1533.0,Hylocichla mustelina,Wood Thrush,0.3492,D:\Bird_Anuran_ARUs\IF05\SMM2-22_20260418_060802.wav
1533.0,1536.0,Hylocichla mustelina,Wood Thrush,0.6286,D:\Bird_Anuran_ARUs\IF05\SMM2-22_20260418_060802.wav
1536.0,1539.0,Hylocichla mustelina,Wood Thrush,0.7013,D:\Bird_Anuran_ARUs\IF05\SMM2-22_20260418_060802.wav
1539.0,1542.0,Hylocichla mustelina,Wood Thrush,0.9505,D:\Bird_Anuran_ARUs\IF05\SMM2-22_20260418_060802.wav
1542.0,1545.0,Hylocichla mustelina,Wood Thrush,0.3374,D:\Bird_Anuran_ARUs\IF05\SMM2-22_20260418_060802.wav
1545.0,1548.0,Setophaga pinus,Pine Warbler,0.6923,D:\Bird_Anuran_ARUs\IF05\SMM2-22_20260418_060802.wav
1548.0,1551.0,Setophaga pinus,Pine Warbler,0.6860,D:\Bird_Anuran_ARUs\IF05\SMM2-22_20260418_060802.wav
1557.0,1560.0,Setophaga pinus,Pine Warbler,0.6621,D:\Bird_Anuran_ARUs\IF05\SMM2-22_20260418_060802.wav
1557.0,1560.0,Hylocichla mustelina,Wood Thrush,0.4014,D:\Bird_Anuran_ARUs\IF05\SMM2-22_20260418_060802.wav
1560.0,1563.0,Hylocichla mustelina,Wood Thrush,0.9687,D:\Bird_Anuran_ARUs\IF05\SMM2-22_20260418_060802.wav
1563.0,1566.0,Hylocichla mustelina,Wood Thrush,0.9578,D:\Bird_Anuran_ARUs\IF05\SMM2-22_20260418_060802.wav
1566.0,1569.0,Hylocichla mustelina,Wood Thrush,0.8826,D:\Bird_Anuran_ARUs\IF05\SMM2-22_20260418_060802.wav
1569.0,1572.0,Hylocichla mustelina,Wood Thrush,0.9104,D:\Bird_Anuran_ARUs\IF05\SMM2-22_20260418_060802.wav
1572.0,1575.0,Hylocichla mustelina,Wood Thrush,0.8745,D:\Bird_Anuran_ARUs\IF05\SMM2-22_20260418_060802.wav
1575.0,1578.0,Hylocichla mustelina,Wood Thrush,0.9807,D:\Bird_Anuran_ARUs\IF05\SMM2-22_20260418_060802.wav
1578.0,1581.0,Hylocichla mustelina,Wood Thrush,0.8046,D:\Bird_Anuran_ARUs\IF05\SMM2-22_20260418_060802.wav
1581.0,1584.0,Hylocichla mustelina,Wood Thrush,0.8728,D:\Bird_Anuran_ARUs\IF05\SMM2-22_20260418_060802.wav
1584.0,1587.0,Hylocichla mustelina,Wood Thrush,0.9509,D:\Bird_Anuran_ARUs\IF05\SMM2-22_20260418_060802.wav
1587.0,1590.0,Hylocichla mustelina,Wood Thrush,0.9155,D:\Bird_Anuran_ARUs\IF05\SMM2-22_20260418_060802.wav
1590.0,1593.0,Hylocichla mustelina,Wood Thrush,0.9037,D:\Bird_Anuran_ARUs\IF05\SMM2-22_20260418_060802.wav
1593.0,1596.0,Hylocichla mustelina,Wood Thrush,0.3638,D:\Bird_Anuran_ARUs\IF05\SMM2-22_20260418_060802.wav
1596.0,1599.0,Hylocichla mustelina,Wood Thrush,0.9647,D:\Bird_Anuran_ARUs\IF05\SMM2-22_20260418_060802.wav
1599.0,1602.0,Hylocichla mustelina,Wood Thrush,0.7009,D:\Bird_Anuran_ARUs\IF05\SMM2-22_20260418_060802.wav
1602.0,1605.0,Hylocichla mustelina,Wood Thrush,0.8112,D:\Bird_Anuran_ARUs\IF05\SMM2-22_20260418_060802.wav
1605.0,1608.0,Hylocichla mustelina,Wood Thrush,0.9904,D:\Bird_Anuran_ARUs\IF05\SMM2-22_20260418_060802.wav
1608.0,1611.0,Hylocichla mustelina,Wood Thrush,0.9805,D:\Bird_Anuran_ARUs\IF05\SMM2-22_20260418_060802.wav
1611.0,1614.0,Hylocichla mustelina,Wood Thrush,0.7445,D:\Bird_Anuran_ARUs\IF05\SMM2-22_20260418_060802.wav
1614.0,1617.0,Hylocichla mustelina,Wood Thrush,0.9808,D:\Bird_Anuran_ARUs\IF05\SMM2-22_20260418_060802.wav
1617.0,1620.0,Hylocichla mustelina,Wood Thrush,0.9532,D:\Bird_Anuran_ARUs\IF05\SMM2-22_20260418_060802.wav
1620.0,1623.0,Hylocichla mustelina,Wood Thrush,0.9719,D:\Bird_Anuran_ARUs\IF05\SMM2-22_20260418_060802.wav
1623.0,1626.0,Hylocichla mustelina,Wood Thrush,0.8841,D:\Bird_Anuran_ARUs\IF05\SMM2-22_20260418_060802.wav
1626.0,1629.0,Hylocichla mustelina,Wood Thrush,0.5550,D:\Bird_Anuran_ARUs\IF05\SMM2-22_20260418_060802.wav
1629.0,1632.0,Hylocichla mustelina,Wood Thrush,0.2549,D:\Bird_Anuran_ARUs\IF05\SMM2-22_20260418_060802.wav
1632.0,1635.0,Hylocichla mustelina,Wood Thrush,0.6685,D:\Bird_Anuran_ARUs\IF05\SMM2-22_20260418_060802.wav
1635.0,1638.0,Setophaga pinus,Pine Warbler,0.8515,D:\Bird_Anuran_ARUs\IF05\SMM2-22_20260418_060802.wav
1635.0,1638.0,Hylocichla mustelina,Wood Thrush,0.3630,D:\Bird_Anuran_ARUs\IF05\SMM2-22_20260418_060802.wav
1638.0,1641.0,Hylocichla mustelina,Wood Thrush,0.8786,D:\Bird_Anuran_ARUs\IF05\SMM2-22_20260418_060802.wav
1638.0,1641.0,Seiurus aurocapilla,Ovenbird,0.2970,D:\Bird_Anuran_ARUs\IF05\SMM2-22_20260418_060802.wav
1641.0,1644.0,Hylocichla mustelina,Wood Thrush,0.8007,D:\Bird_Anuran_ARUs\IF05\SMM2-22_20260418_060802.wav
1647.0,1650.0,Hylocichla mustelina,Wood Thrush,0.9463,D:\Bird_Anuran_ARUs\IF05\SMM2-22_20260418_060802.wav
1650.0,1653.0,Hylocichla mustelina,Wood Thrush,0.9481,D:\Bird_Anuran_ARUs\IF05\SMM2-22_20260418_060802.wav
1653.0,1656.0,Hylocichla mustelina,Wood Thrush,0.8849,D:\Bird_Anuran_ARUs\IF05\SMM2-22_20260418_060802.wav
1656.0,1659.0,Hylocichla mustelina,Wood Thrush,0.5295,D:\Bird_Anuran_ARUs\IF05\SMM2-22_20260418_060802.wav
1656.0,1659.0,Seiurus aurocapilla,Ovenbird,0.4140,D:\Bird_Anuran_ARUs\IF05\SMM2-22_20260418_060802.wav
1659.0,1662.0,Hylocichla mustelina,Wood Thrush,0.3715,D:\Bird_Anuran_ARUs\IF05\SMM2-22_20260418_060802.wav
1662.0,1665.0,Hylocichla mustelina,Wood Thrush,0.5355,D:\Bird_Anuran_ARUs\IF05\SMM2-22_20260418_060802.wav
1665.0,1668.0,Hylocichla mustelina,Wood Thrush,0.9987,D:\Bird_Anuran_ARUs\IF05\SMM2-22_20260418_060802.wav
1665.0,1668.0,Seiurus aurocapilla,Ovenbird,0.5244,D:\Bird_Anuran_ARUs\IF05\SMM2-22_20260418_060802.wav
1668.0,1671.0,Hylocichla mustelina,Wood Thrush,0.4101,D:\Bird_Anuran_ARUs\IF05\SMM2-22_20260418_060802.wav
1671.0,1674.0,Hylocichla mustelina,Wood Thrush,0.9198,D:\Bird_Anuran_ARUs\IF05\SMM2-22_20260418_060802.wav
1671.0,1674.0,Setophaga pinus,Pine Warbler,0.4534,D:\Bird_Anuran_ARUs\IF05\SMM2-22_20260418_060802.wav
1674.0,1677.0,Hylocichla mustelina,Wood Thrush,0.9327,D:\Bird_Anuran_ARUs\IF05\SMM2-22_20260418_060802.wav
1674.0,1677.0,Seiurus aurocapilla,Ovenbird,0.5530,D:\Bird_Anuran_ARUs\IF05\SMM2-22_20260418_060802.wav
1677.0,1680.0,Hylocichla mustelina,Wood Thrush,0.4558,D:\Bird_Anuran_ARUs\IF05\SMM2-22_20260418_060802.wav
1680.0,1683.0,Hylocichla mustelina,Wood Thrush,0.3875,D:\Bird_Anuran_ARUs\IF05\SMM2-22_20260418_060802.wav
1683.0,1686.0,Hylocichla mustelina,Wood Thrush,0.9807,D:\Bird_Anuran_ARUs\IF05\SMM2-22_20260418_060802.wav
1683.0,1686.0,Seiurus aurocapilla,Ovenbird,0.7403,D:\Bird_Anuran_ARUs\IF05\SMM2-22_20260418_060802.wav
1683.0,1686.0,Cardinalis cardinalis,Northern Cardinal,0.2567,D:\Bird_Anuran_ARUs\IF05\SMM2-22_20260418_060802.wav
1686.0,1689.0,Hylocichla mustelina,Wood Thrush,0.7653,D:\Bird_Anuran_ARUs\IF05\SMM2-22_20260418_060802.wav
1689.0,1692.0,Hylocichla mustelina,Wood Thrush,0.8530,D:\Bird_Anuran_ARUs\IF05\SMM2-22_20260418_060802.wav
1692.0,1695.0,Hylocichla mustelina,Wood Thrush,0.9596,D:\Bird_Anuran_ARUs\IF05\SMM2-22_20260418_060802.wav
1692.0,1695.0,Cardinalis cardinalis,Northern Cardinal,0.3778,D:\Bird_Anuran_ARUs\IF05\SMM2-22_20260418_060802.wav
1695.0,1698.0,Hylocichla mustelina,Wood Thrush,0.9765,D:\Bird_Anuran_ARUs\IF05\SMM2-22_20260418_060802.wav
1698.0,1701.0,Hylocichla mustelina,Wood Thrush,0.8752,D:\Bird_Anuran_ARUs\IF05\SMM2-22_20260418_060802.wav
1698.0,1701.0,Cardinalis cardinalis,Northern Cardinal,0.4399,D:\Bird_Anuran_ARUs\IF05\SMM2-22_20260418_060802.wav
1701.0,1704.0,Hylocichla mustelina,Wood Thrush,0.8888,D:\Bird_Anuran_ARUs\IF05\SMM2-22_20260418_060802.wav
1701.0,1704.0,Seiurus aurocapilla,Ovenbird,0.2898,D:\Bird_Anuran_ARUs\IF05\SMM2-22_20260418_060802.wav
1704.0,1707.0,Hylocichla mustelina,Wood Thrush,0.8628,D:\Bird_Anuran_ARUs\IF05\SMM2-22_20260418_060802.wav
1707.0,1710.0,Hylocichla mustelina,Wood Thrush,0.9170,D:\Bird_Anuran_ARUs\IF05\SMM2-22_20260418_060802.wav
1710.0,1713.0,Hylocichla mustelina,Wood Thrush,0.8217,D:\Bird_Anuran_ARUs\IF05\SMM2-22_20260418_060802.wav
1713.0,1716.0,Hylocichla mustelina,Wood Thrush,0.8721,D:\Bird_Anuran_ARUs\IF05\SMM2-22_20260418_060802.wav
1716.0,1719.0,Hylocichla mustelina,Wood Thrush,0.9564,D:\Bird_Anuran_ARUs\IF05\SMM2-22_20260418_060802.wav
1716.0,1719.0,Seiurus aurocapilla,Ovenbird,0.5262,D:\Bird_Anuran_ARUs\IF05\SMM2-22_20260418_060802.wav
1719.0,1722.0,Setophaga pinus,Pine Warbler,0.6439,D:\Bird_Anuran_ARUs\IF05\SMM2-22_20260418_060802.wav
1722.0,1725.0,Hylocichla mustelina,Wood Thrush,0.6820,D:\Bird_Anuran_ARUs\IF05\SMM2-22_20260418_060802.wav
1725.0,1728.0,Seiurus aurocapilla,Ovenbird,0.7333,D:\Bird_Anuran_ARUs\IF05\SMM2-22_20260418_060802.wav
1725.0,1728.0,Hylocichla mustelina,Wood Thrush,0.6152,D:\Bird_Anuran_ARUs\IF05\SMM2-22_20260418_060802.wav
1728.0,1731.0,Hylocichla mustelina,Wood Thrush,0.6869,D:\Bird_Anuran_ARUs\IF05\SMM2-22_20260418_060802.wav
1731.0,1734.0,Hylocichla mustelina,Wood Thrush,0.7523,D:\Bird_Anuran_ARUs\IF05\SMM2-22_20260418_060802.wav
1734.0,1737.0,Seiurus aurocapilla,Ovenbird,0.7459,D:\Bird_Anuran_ARUs\IF05\SMM2-22_20260418_060802.wav
1734.0,1737.0,Hylocichla mustelina,Wood Thrush,0.3275,D:\Bird_Anuran_ARUs\IF05\SMM2-22_20260418_060802.wav
1737.0,1740.0,Seiurus aurocapilla,Ovenbird,0.8599,D:\Bird_Anuran_ARUs\IF05\SMM2-22_20260418_060802.wav
1737.0,1740.0,Hylocichla mustelina,Wood Thrush,0.5745,D:\Bird_Anuran_ARUs\IF05\SMM2-22_20260418_060802.wav
1740.0,1743.0,Hylocichla mustelina,Wood Thrush,0.5467,D:\Bird_Anuran_ARUs\IF05\SMM2-22_20260418_060802.wav
1743.0,1746.0,Seiurus aurocapilla,Ovenbird,0.9378,D:\Bird_Anuran_ARUs\IF05\SMM2-22_20260418_060802.wav
1743.0,1746.0,Hylocichla mustelina,Wood Thrush,0.3904,D:\Bird_Anuran_ARUs\IF05\SMM2-22_20260418_060802.wav
1746.0,1749.0,Hylocichla mustelina,Wood Thrush,0.8432,D:\Bird_Anuran_ARUs\IF05\SMM2-22_20260418_060802.wav
1746.0,1749.0,Seiurus aurocapilla,Ovenbird,0.4501,D:\Bird_Anuran_ARUs\IF05\SMM2-22_20260418_060802.wav
1749.0,1752.0,Hylocichla mustelina,Wood Thrush,0.2963,D:\Bird_Anuran_ARUs\IF05\SMM2-22_20260418_060802.wav
1752.0,1755.0,Seiurus aurocapilla,Ovenbird,0.9057,D:\Bird_Anuran_ARUs\IF05\SMM2-22_20260418_060802.wav
1752.0,1755.0,Hylocichla mustelina,Wood Thrush,0.5963,D:\Bird_Anuran_ARUs\IF05\SMM2-22_20260418_060802.wav
1755.0,1758.0,Seiurus aurocapilla,Ovenbird,0.2856,D:\Bird_Anuran_ARUs\IF05\SMM2-22_20260418_060802.wav
1758.0,1761.0,Cardinalis cardinalis,Northern Cardinal,0.2922,D:\Bird_Anuran_ARUs\IF05\SMM2-22_20260418_060802.wav
1761.0,1764.0,Hylocichla mustelina,Wood Thrush,0.9907,D:\Bird_Anuran_ARUs\IF05\SMM2-22_20260418_060802.wav
1764.0,1767.0,Hylocichla mustelina,Wood Thrush,0.8447,D:\Bird_Anuran_ARUs\IF05\SMM2-22_20260418_060802.wav
1764.0,1767.0,Seiurus aurocapilla,Ovenbird,0.6227,D:\Bird_Anuran_ARUs\IF05\SMM2-22_20260418_060802.wav
1770.0,1773.0,Hylocichla mustelina,Wood Thrush,0.5710,D:\Bird_Anuran_ARUs\IF05\SMM2-22_20260418_060802.wav
1773.0,1776.0,Seiurus aurocapilla,Ovenbird,0.8884,D:\Bird_Anuran_ARUs\IF05\SMM2-22_20260418_060802.wav
1773.0,1776.0,Hylocichla mustelina,Wood Thrush,0.4877,D:\Bird_Anuran_ARUs\IF05\SMM2-22_20260418_060802.wav
1773.0,1776.0,Piranga olivacea,Scarlet Tanager,0.2703,D:\Bird_Anuran_ARUs\IF05\SMM2-22_20260418_060802.wav
1776.0,1779.0,Seiurus aurocapilla,Ovenbird,0.5951,D:\Bird_Anuran_ARUs\IF05\SMM2-22_20260418_060802.wav
1776.0,1779.0,Hylocichla mustelina,Wood Thrush,0.5834,D:\Bird_Anuran_ARUs\IF05\SMM2-22_20260418_060802.wav
1779.0,1782.0,Hylocichla mustelina,Wood Thrush,0.8054,D:\Bird_Anuran_ARUs\IF05\SMM2-22_20260418_060802.wav
1782.0,1785.0,Seiurus aurocapilla,Ovenbird,0.7933,D:\Bird_Anuran_ARUs\IF05\SMM2-22_20260418_060802.wav
1782.0,1785.0,Hylocichla mustelina,Wood Thrush,0.3354,D:\Bird_Anuran_ARUs\IF05\SMM2-22_20260418_060802.wav
1785.0,1788.0,Hylocichla mustelina,Wood Thrush,0.9883,D:\Bird_Anuran_ARUs\IF05\SMM2-22_20260418_060802.wav
1785.0,1788.0,Seiurus aurocapilla,Ovenbird,0.2791,D:\Bird_Anuran_ARUs\IF05\SMM2-22_20260418_060802.wav
1788.0,1791.0,Hylocichla mustelina,Wood Thrush,0.8044,D:\Bird_Anuran_ARUs\IF05\SMM2-22_20260418_060802.wav
1791.0,1794.0,Hylocichla mustelina,Wood Thrush,0.7433,D:\Bird_Anuran_ARUs\IF05\SMM2-22_20260418_060802.wav
1794.0,1797.0,Hylocichla mustelina,Wood Thrush,0.3140,D:\Bird_Anuran_ARUs\IF05\SMM2-22_20260418_060802.wav
1797.0,1800.0,Hylocichla mustelina,Wood Thrush,0.5312,D:\Bird_Anuran_ARUs\IF05\SMM2-22_20260418_060802.wav
1800.0,1803.0,Hylocichla mustelina,Wood Thrush,0.3584,D:\Bird_Anuran_ARUs\IF05\SMM2-22_20260418_060802.wav
1800.0,1803.0,Setophaga pinus,Pine Warbler,0.3264,D:\Bird_Anuran_ARUs\IF05\SMM2-22_20260418_060802.wav
1803.0,1806.0,Hylocichla mustelina,Wood Thrush,0.8643,D:\Bird_Anuran_ARUs\IF05\SMM2-22_20260418_060802.wav
1809.0,1812.0,Hylocichla mustelina,Wood Thrush,0.5118,D:\Bird_Anuran_ARUs\IF05\SMM2-22_20260418_060802.wav
1809.0,1812.0,Cardinalis cardinalis,Northern Cardinal,0.3435,D:\Bird_Anuran_ARUs\IF05\SMM2-22_20260418_060802.wav
1812.0,1815.0,Setophaga pinus,Pine Warbler,0.3868,D:\Bird_Anuran_ARUs\IF05\SMM2-22_20260418_060802.wav
1815.0,1818.0,Hylocichla mustelina,Wood Thrush,0.7740,D:\Bird_Anuran_ARUs\IF05\SMM2-22_20260418_060802.wav
1818.0,1821.0,Hylocichla mustelina,Wood Thrush,0.7356,D:\Bird_Anuran_ARUs\IF05\SMM2-22_20260418_060802.wav
1821.0,1824.0,Hylocichla mustelina,Wood Thrush,0.5059,D:\Bird_Anuran_ARUs\IF05\SMM2-22_20260418_060802.wav
1824.0,1827.0,Hylocichla mustelina,Wood Thrush,0.4559,D:\Bird_Anuran_ARUs\IF05\SMM2-22_20260418_060802.wav
1830.0,1833.0,Hylocichla mustelina,Wood Thrush,0.6627,D:\Bird_Anuran_ARUs\IF05\SMM2-22_20260418_060802.wav
1833.0,1836.0,Seiurus aurocapilla,Ovenbird,0.8804,D:\Bird_Anuran_ARUs\IF05\SMM2-22_20260418_060802.wav
1833.0,1836.0,Hylocichla mustelina,Wood Thrush,0.5843,D:\Bird_Anuran_ARUs\IF05\SMM2-22_20260418_060802.wav
1836.0,1839.0,Seiurus aurocapilla,Ovenbird,0.9817,D:\Bird_Anuran_ARUs\IF05\SMM2-22_20260418_060802.wav
1839.0,1842.0,Hylocichla mustelina,Wood Thrush,0.7868,D:\Bird_Anuran_ARUs\IF05\SMM2-22_20260418_060802.wav
1839.0,1842.0,Pipilo erythrophthalmus,Eastern Towhee,0.3908,D:\Bird_Anuran_ARUs\IF05\SMM2-22_20260418_060802.wav
1839.0,1842.0,Cardinalis cardinalis,Northern Cardinal,0.3279,D:\Bird_Anuran_ARUs\IF05\SMM2-22_20260418_060802.wav
1842.0,1845.0,Hylocichla mustelina,Wood Thrush,0.9758,D:\Bird_Anuran_ARUs\IF05\SMM2-22_20260418_060802.wav
1845.0,1848.0,Hylocichla mustelina,Wood Thrush,0.6779,D:\Bird_Anuran_ARUs\IF05\SMM2-22_20260418_060802.wav
1845.0,1848.0,Pipilo erythrophthalmus,Eastern Towhee,0.2979,D:\Bird_Anuran_ARUs\IF05\SMM2-22_20260418_060802.wav
1851.0,1854.0,Hylocichla mustelina,Wood Thrush,0.8740,D:\Bird_Anuran_ARUs\IF05\SMM2-22_20260418_060802.wav
1854.0,1857.0,Hylocichla mustelina,Wood Thrush,0.8678,D:\Bird_Anuran_ARUs\IF05\SMM2-22_20260418_060802.wav
1857.0,1860.0,Setophaga pinus,Pine Warbler,0.4050,D:\Bird_Anuran_ARUs\IF05\SMM2-22_20260418_060802.wav
1857.0,1860.0,Hylocichla mustelina,Wood Thrush,0.3621,D:\Bird_Anuran_ARUs\IF05\SMM2-22_20260418_060802.wav
1860.0,1863.0,Hylocichla mustelina,Wood Thrush,0.3979,D:\Bird_Anuran_ARUs\IF05\SMM2-22_20260418_060802.wav
1863.0,1866.0,Hylocichla mustelina,Wood Thrush,0.9584,D:\Bird_Anuran_ARUs\IF05\SMM2-22_20260418_060802.wav
1866.0,1869.0,Hylocichla mustelina,Wood Thrush,0.5316,D:\Bird_Anuran_ARUs\IF05\SMM2-22_20260418_060802.wav
1869.0,1872.0,Hylocichla mustelina,Wood Thrush,0.8677,D:\Bird_Anuran_ARUs\IF05\SMM2-22_20260418_060802.wav
1875.0,1878.0,Setophaga pinus,Pine Warbler,0.4630,D:\Bird_Anuran_ARUs\IF05\SMM2-22_20260418_060802.wav
1875.0,1878.0,Hylocichla mustelina,Wood Thrush,0.3563,D:\Bird_Anuran_ARUs\IF05\SMM2-22_20260418_060802.wav
1878.0,1881.0,Seiurus aurocapilla,Ovenbird,0.9737,D:\Bird_Anuran_ARUs\IF05\SMM2-22_20260418_060802.wav
1881.0,1884.0,Seiurus aurocapilla,Ovenbird,0.9878,D:\Bird_Anuran_ARUs\IF05\SMM2-22_20260418_060802.wav
1884.0,1887.0,Hylocichla mustelina,Wood Thrush,0.9993,D:\Bird_Anuran_ARUs\IF05\SMM2-22_20260418_060802.wav
1887.0,1890.0,Hylocichla mustelina,Wood Thrush,0.9875,D:\Bird_Anuran_ARUs\IF05\SMM2-22_20260418_060802.wav
1890.0,1893.0,Hylocichla mustelina,Wood Thrush,0.9510,D:\Bird_Anuran_ARUs\IF05\SMM2-22_20260418_060802.wav
1893.0,1896.0,Hylocichla mustelina,Wood Thrush,0.7986,D:\Bird_Anuran_ARUs\IF05\SMM2-22_20260418_060802.wav
1896.0,1899.0,Hylocichla mustelina,Wood Thrush,0.9826,D:\Bird_Anuran_ARUs\IF05\SMM2-22_20260418_060802.wav
1899.0,1902.0,Hylocichla mustelina,Wood Thrush,0.7705,D:\Bird_Anuran_ARUs\IF05\SMM2-22_20260418_060802.wav
1902.0,1905.0,Cardinalis cardinalis,Northern Cardinal,0.6984,D:\Bird_Anuran_ARUs\IF05\SMM2-22_20260418_060802.wav
1902.0,1905.0,Hylocichla mustelina,Wood Thrush,0.2843,D:\Bird_Anuran_ARUs\IF05\SMM2-22_20260418_060802.wav
1905.0,1908.0,Setophaga pinus,Pine Warbler,0.6074,D:\Bird_Anuran_ARUs\IF05\SMM2-22_20260418_060802.wav
1908.0,1911.0,Seiurus aurocapilla,Ovenbird,0.6130,D:\Bird_Anuran_ARUs\IF05\SMM2-22_20260418_060802.wav
1914.0,1917.0,Setophaga pinus,Pine Warbler,0.8771,D:\Bird_Anuran_ARUs\IF05\SMM2-22_20260418_060802.wav
1923.0,1926.0,Seiurus aurocapilla,Ovenbird,0.8820,D:\Bird_Anuran_ARUs\IF05\SMM2-22_20260418_060802.wav
1926.0,1929.0,Seiurus aurocapilla,Ovenbird,0.9219,D:\Bird_Anuran_ARUs\IF05\SMM2-22_20260418_060802.wav
1935.0,1938.0,Hylocichla mustelina,Wood Thrush,0.8444,D:\Bird_Anuran_ARUs\IF05\SMM2-22_20260418_060802.wav
1944.0,1947.0,Setophaga pinus,Pine Warbler,0.8014,D:\Bird_Anuran_ARUs\IF05\SMM2-22_20260418_060802.wav
1944.0,1947.0,Hylocichla mustelina,Wood Thrush,0.4754,D:\Bird_Anuran_ARUs\IF05\SMM2-22_20260418_060802.wav
1947.0,1950.0,Setophaga pinus,Pine Warbler,0.3532,D:\Bird_Anuran_ARUs\IF05\SMM2-22_20260418_060802.wav
1950.0,1953.0,Hylocichla mustelina,Wood Thrush,0.4810,D:\Bird_Anuran_ARUs\IF05\SMM2-22_20260418_060802.wav
1953.0,1956.0,Hylocichla mustelina,Wood Thrush,0.4436,D:\Bird_Anuran_ARUs\IF05\SMM2-22_20260418_060802.wav
1956.0,1959.0,Pipilo erythrophthalmus,Eastern Towhee,0.5003,D:\Bird_Anuran_ARUs\IF05\SMM2-22_20260418_060802.wav
1956.0,1959.0,Setophaga pinus,Pine Warbler,0.2745,D:\Bird_Anuran_ARUs\IF05\SMM2-22_20260418_060802.wav
1959.0,1962.0,Hylocichla mustelina,Wood Thrush,0.6745,D:\Bird_Anuran_ARUs\IF05\SMM2-22_20260418_060802.wav
1965.0,1968.0,Setophaga pinus,Pine Warbler,0.6615,D:\Bird_Anuran_ARUs\IF05\SMM2-22_20260418_060802.wav
1968.0,1971.0,Hylocichla mustelina,Wood Thrush,0.3997,D:\Bird_Anuran_ARUs\IF05\SMM2-22_20260418_060802.wav
1971.0,1974.0,Hylocichla mustelina,Wood Thrush,0.8682,D:\Bird_Anuran_ARUs\IF05\SMM2-22_20260418_060802.wav
1974.0,1977.0,Setophaga pinus,Pine Warbler,0.2979,D:\Bird_Anuran_ARUs\IF05\SMM2-22_20260418_060802.wav
1983.0,1986.0,Seiurus aurocapilla,Ovenbird,0.5610,D:\Bird_Anuran_ARUs\IF05\SMM2-22_20260418_060802.wav
1986.0,1989.0,Seiurus aurocapilla,Ovenbird,0.8836,D:\Bird_Anuran_ARUs\IF05\SMM2-22_20260418_060802.wav
1989.0,1992.0,Hylocichla mustelina,Wood Thrush,0.7226,D:\Bird_Anuran_ARUs\IF05\SMM2-22_20260418_060802.wav
1992.0,1995.0,Setophaga pinus,Pine Warbler,0.6434,D:\Bird_Anuran_ARUs\IF05\SMM2-22_20260418_060802.wav
1995.0,1998.0,Corvus brachyrhynchos,American Crow,0.7521,D:\Bird_Anuran_ARUs\IF05\SMM2-22_20260418_060802.wav
1995.0,1998.0,Hylocichla mustelina,Wood Thrush,0.6308,D:\Bird_Anuran_ARUs\IF05\SMM2-22_20260418_060802.wav
1995.0,1998.0,Pipilo erythrophthalmus,Eastern Towhee,0.3567,D:\Bird_Anuran_ARUs\IF05\SMM2-22_20260418_060802.wav
1998.0,2001.0,Corvus brachyrhynchos,American Crow,0.9727,D:\Bird_Anuran_ARUs\IF05\SMM2-22_20260418_060802.wav
1998.0,2001.0,Hylocichla mustelina,Wood Thrush,0.8765,D:\Bird_Anuran_ARUs\IF05\SMM2-22_20260418_060802.wav
1998.0,2001.0,Vireo olivaceus,Red-eyed Vireo,0.2675,D:\Bird_Anuran_ARUs\IF05\SMM2-22_20260418_060802.wav
2001.0,2004.0,Hylocichla mustelina,Wood Thrush,0.5886,D:\Bird_Anuran_ARUs\IF05\SMM2-22_20260418_060802.wav
2001.0,2004.0,Setophaga pinus,Pine Warbler,0.4220,D:\Bird_Anuran_ARUs\IF05\SMM2-22_20260418_060802.wav
2004.0,2007.0,Hylocichla mustelina,Wood Thrush,0.5990,D:\Bird_Anuran_ARUs\IF05\SMM2-22_20260418_060802.wav
2007.0,2010.0,Setophaga pinus,Pine Warbler,0.8856,D:\Bird_Anuran_ARUs\IF05\SMM2-22_20260418_060802.wav
2010.0,2013.0,Seiurus aurocapilla,Ovenbird,0.8778,D:\Bird_Anuran_ARUs\IF05\SMM2-22_20260418_060802.wav
2010.0,2013.0,Hylocichla mustelina,Wood Thrush,0.3632,D:\Bird_Anuran_ARUs\IF05\SMM2-22_20260418_060802.wav
2016.0,2019.0,Hylocichla mustelina,Wood Thrush,0.8563,D:\Bird_Anuran_ARUs\IF05\SMM2-22_20260418_060802.wav
2019.0,2022.0,Hylocichla mustelina,Wood Thrush,0.6624,D:\Bird_Anuran_ARUs\IF05\SMM2-22_20260418_060802.wav
2019.0,2022.0,Setophaga pinus,Pine Warbler,0.2697,D:\Bird_Anuran_ARUs\IF05\SMM2-22_20260418_060802.wav
2025.0,2028.0,Hylocichla mustelina,Wood Thrush,0.9507,D:\Bird_Anuran_ARUs\IF05\SMM2-22_20260418_060802.wav
2028.0,2031.0,Setophaga pinus,Pine Warbler,0.7196,D:\Bird_Anuran_ARUs\IF05\SMM2-22_20260418_060802.wav
2031.0,2034.0,Seiurus aurocapilla,Ovenbird,0.8085,D:\Bird_Anuran_ARUs\IF05\SMM2-22_20260418_060802.wav
2031.0,2034.0,Hylocichla mustelina,Wood Thrush,0.5051,D:\Bird_Anuran_ARUs\IF05\SMM2-22_20260418_060802.wav
2034.0,2037.0,Hylocichla mustelina,Wood Thrush,0.4933,D:\Bird_Anuran_ARUs\IF05\SMM2-22_20260418_060802.wav
2034.0,2037.0,Seiurus aurocapilla,Ovenbird,0.2844,D:\Bird_Anuran_ARUs\IF05\SMM2-22_20260418_060802.wav
2037.0,2040.0,Hylocichla mustelina,Wood Thrush,0.7580,D:\Bird_Anuran_ARUs\IF05\SMM2-22_20260418_060802.wav
2040.0,2043.0,Seiurus aurocapilla,Ovenbird,0.7864,D:\Bird_Anuran_ARUs\IF05\SMM2-22_20260418_060802.wav
2043.0,2046.0,Seiurus aurocapilla,Ovenbird,0.8394,D:\Bird_Anuran_ARUs\IF05\SMM2-22_20260418_060802.wav
2046.0,2049.0,Hylocichla mustelina,Wood Thrush,0.9657,D:\Bird_Anuran_ARUs\IF05\SMM2-22_20260418_060802.wav
2049.0,2052.0,Hylocichla mustelina,Wood Thrush,0.9032,D:\Bird_Anuran_ARUs\IF05\SMM2-22_20260418_060802.wav
2049.0,2052.0,Setophaga pinus,Pine Warbler,0.2835,D:\Bird_Anuran_ARUs\IF05\SMM2-22_20260418_060802.wav
2052.0,2055.0,Seiurus aurocapilla,Ovenbird,0.7002,D:\Bird_Anuran_ARUs\IF05\SMM2-22_20260418_060802.wav
2052.0,2055.0,Hylocichla mustelina,Wood Thrush,0.3878,D:\Bird_Anuran_ARUs\IF05\SMM2-22_20260418_060802.wav
2055.0,2058.0,Hylocichla mustelina,Wood Thrush,0.5634,D:\Bird_Anuran_ARUs\IF05\SMM2-22_20260418_060802.wav
2058.0,2061.0,Setophaga pinus,Pine Warbler,0.7293,D:\Bird_Anuran_ARUs\IF05\SMM2-22_20260418_060802.wav
2061.0,2064.0,Seiurus aurocapilla,Ovenbird,0.9422,D:\Bird_Anuran_ARUs\IF05\SMM2-22_20260418_060802.wav
2064.0,2067.0,Seiurus aurocapilla,Ovenbird,0.5482,D:\Bird_Anuran_ARUs\IF05\SMM2-22_20260418_060802.wav
2064.0,2067.0,Setophaga citrina,Hooded Warbler,0.4170,D:\Bird_Anuran_ARUs\IF05\SMM2-22_20260418_060802.wav
2067.0,2070.0,Setophaga pinus,Pine Warbler,0.8593,D:\Bird_Anuran_ARUs\IF05\SMM2-22_20260418_060802.wav
2070.0,2073.0,Hylocichla mustelina,Wood Thrush,0.5871,D:\Bird_Anuran_ARUs\IF05\SMM2-22_20260418_060802.wav
2073.0,2076.0,Seiurus aurocapilla,Ovenbird,0.7152,D:\Bird_Anuran_ARUs\IF05\SMM2-22_20260418_060802.wav
2076.0,2079.0,Seiurus aurocapilla,Ovenbird,0.7653,D:\Bird_Anuran_ARUs\IF05\SMM2-22_20260418_060802.wav
2076.0,2079.0,Hylocichla mustelina,Wood Thrush,0.4757,D:\Bird_Anuran_ARUs\IF05\SMM2-22_20260418_060802.wav
2079.0,2082.0,Hylocichla mustelina,Wood Thrush,0.8369,D:\Bird_Anuran_ARUs\IF05\SMM2-22_20260418_060802.wav
2082.0,2085.0,Hylocichla mustelina,Wood Thrush,0.6920,D:\Bird_Anuran_ARUs\IF05\SMM2-22_20260418_060802.wav
2082.0,2085.0,Pipilo erythrophthalmus,Eastern Towhee,0.3294,D:\Bird_Anuran_ARUs\IF05\SMM2-22_20260418_060802.wav
2085.0,2088.0,Seiurus aurocapilla,Ovenbird,0.5771,D:\Bird_Anuran_ARUs\IF05\SMM2-22_20260418_060802.wav
2088.0,2091.0,Seiurus aurocapilla,Ovenbird,0.8396,D:\Bird_Anuran_ARUs\IF05\SMM2-22_20260418_060802.wav
2091.0,2094.0,Hylocichla mustelina,Wood Thrush,0.2594,D:\Bird_Anuran_ARUs\IF05\SMM2-22_20260418_060802.wav
2094.0,2097.0,Hylocichla mustelina,Wood Thrush,0.6423,D:\Bird_Anuran_ARUs\IF05\SMM2-22_20260418_060802.wav
2097.0,2100.0,Seiurus aurocapilla,Ovenbird,0.9356,D:\Bird_Anuran_ARUs\IF05\SMM2-22_20260418_060802.wav
2100.0,2103.0,Hylocichla mustelina,Wood Thrush,0.6224,D:\Bird_Anuran_ARUs\IF05\SMM2-22_20260418_060802.wav
2103.0,2106.0,Hylocichla mustelina,Wood Thrush,0.5551,D:\Bird_Anuran_ARUs\IF05\SMM2-22_20260418_060802.wav
2103.0,2106.0,Corvus brachyrhynchos,American Crow,0.2778,D:\Bird_Anuran_ARUs\IF05\SMM2-22_20260418_060802.wav
2106.0,2109.0,Corvus brachyrhynchos,American Crow,0.4973,D:\Bird_Anuran_ARUs\IF05\SMM2-22_20260418_060802.wav
2109.0,2112.0,Seiurus aurocapilla,Ovenbird,0.8648,D:\Bird_Anuran_ARUs\IF05\SMM2-22_20260418_060802.wav
2109.0,2112.0,Hylocichla mustelina,Wood Thrush,0.6838,D:\Bird_Anuran_ARUs\IF05\SMM2-22_20260418_060802.wav
2112.0,2115.0,Seiurus aurocapilla,Ovenbird,0.8003,D:\Bird_Anuran_ARUs\IF05\SMM2-22_20260418_060802.wav
2115.0,2118.0,Hylocichla mustelina,Wood Thrush,0.9371,D:\Bird_Anuran_ARUs\IF05\SMM2-22_20260418_060802.wav
2118.0,2121.0,Hylocichla mustelina,Wood Thrush,0.9147,D:\Bird_Anuran_ARUs\IF05\SMM2-22_20260418_060802.wav
2118.0,2121.0,Corvus brachyrhynchos,American Crow,0.5253,D:\Bird_Anuran_ARUs\IF05\SMM2-22_20260418_060802.wav
2121.0,2124.0,Hylocichla mustelina,Wood Thrush,0.6263,D:\Bird_Anuran_ARUs\IF05\SMM2-22_20260418_060802.wav
2121.0,2124.0,Seiurus aurocapilla,Ovenbird,0.3081,D:\Bird_Anuran_ARUs\IF05\SMM2-22_20260418_060802.wav
2124.0,2127.0,Hylocichla mustelina,Wood Thrush,0.5671,D:\Bird_Anuran_ARUs\IF05\SMM2-22_20260418_060802.wav
2124.0,2127.0,Seiurus aurocapilla,Ovenbird,0.5502,D:\Bird_Anuran_ARUs\IF05\SMM2-22_20260418_060802.wav
2127.0,2130.0,Hylocichla mustelina,Wood Thrush,0.9347,D:\Bird_Anuran_ARUs\IF05\SMM2-22_20260418_060802.wav
2130.0,2133.0,Hylocichla mustelina,Wood Thrush,0.9822,D:\Bird_Anuran_ARUs\IF05\SMM2-22_20260418_060802.wav
2133.0,2136.0,Hylocichla mustelina,Wood Thrush,0.8023,D:\Bird_Anuran_ARUs\IF05\SMM2-22_20260418_060802.wav
2136.0,2139.0,Seiurus aurocapilla,Ovenbird,0.9241,D:\Bird_Anuran_ARUs\IF05\SMM2-22_20260418_060802.wav
2136.0,2139.0,Hylocichla mustelina,Wood Thrush,0.9044,D:\Bird_Anuran_ARUs\IF05\SMM2-22_20260418_060802.wav
2139.0,2142.0,Hylocichla mustelina,Wood Thrush,0.9435,D:\Bird_Anuran_ARUs\IF05\SMM2-22_20260418_060802.wav
2142.0,2145.0,Hylocichla mustelina,Wood Thrush,0.9517,D:\Bird_Anuran_ARUs\IF05\SMM2-22_20260418_060802.wav
2142.0,2145.0,Setophaga pinus,Pine Warbler,0.2523,D:\Bird_Anuran_ARUs\IF05\SMM2-22_20260418_060802.wav
2145.0,2148.0,Seiurus aurocapilla,Ovenbird,0.8581,D:\Bird_Anuran_ARUs\IF05\SMM2-22_20260418_060802.wav
2145.0,2148.0,Hylocichla mustelina,Wood Thrush,0.2677,D:\Bird_Anuran_ARUs\IF05\SMM2-22_20260418_060802.wav
2148.0,2151.0,Seiurus aurocapilla,Ovenbird,0.6795,D:\Bird_Anuran_ARUs\IF05\SMM2-22_20260418_060802.wav
2151.0,2154.0,Hylocichla mustelina,Wood Thrush,0.8244,D:\Bird_Anuran_ARUs\IF05\SMM2-22_20260418_060802.wav
2154.0,2157.0,Setophaga pinus,Pine Warbler,0.6694,D:\Bird_Anuran_ARUs\IF05\SMM2-22_20260418_060802.wav
2157.0,2160.0,Seiurus aurocapilla,Ovenbird,0.4384,D:\Bird_Anuran_ARUs\IF05\SMM2-22_20260418_060802.wav
2157.0,2160.0,Hylocichla mustelina,Wood Thrush,0.2941,D:\Bird_Anuran_ARUs\IF05\SMM2-22_20260418_060802.wav
2160.0,2163.0,Seiurus aurocapilla,Ovenbird,0.4439,D:\Bird_Anuran_ARUs\IF05\SMM2-22_20260418_060802.wav
2163.0,2166.0,Hylocichla mustelina,Wood Thrush,0.2690,D:\Bird_Anuran_ARUs\IF05\SMM2-22_20260418_060802.wav
2166.0,2169.0,Setophaga pinus,Pine Warbler,0.6271,D:\Bird_Anuran_ARUs\IF05\SMM2-22_20260418_060802.wav
2169.0,2172.0,Seiurus aurocapilla,Ovenbird,0.3521,D:\Bird_Anuran_ARUs\IF05\SMM2-22_20260418_060802.wav
2172.0,2175.0,Corvus brachyrhynchos,American Crow,0.7859,D:\Bird_Anuran_ARUs\IF05\SMM2-22_20260418_060802.wav
2172.0,2175.0,Molothrus ater,Brown-headed Cowbird,0.7182,D:\Bird_Anuran_ARUs\IF05\SMM2-22_20260418_060802.wav
2172.0,2175.0,Hylocichla mustelina,Wood Thrush,0.4063,D:\Bird_Anuran_ARUs\IF05\SMM2-22_20260418_060802.wav
2175.0,2178.0,Hylocichla mustelina,Wood Thrush,0.8816,D:\Bird_Anuran_ARUs\IF05\SMM2-22_20260418_060802.wav
2181.0,2184.0,Seiurus aurocapilla,Ovenbird,0.8414,D:\Bird_Anuran_ARUs\IF05\SMM2-22_20260418_060802.wav
2181.0,2184.0,Hylocichla mustelina,Wood Thrush,0.3893,D:\Bird_Anuran_ARUs\IF05\SMM2-22_20260418_060802.wav
2184.0,2187.0,Seiurus aurocapilla,Ovenbird,0.8195,D:\Bird_Anuran_ARUs\IF05\SMM2-22_20260418_060802.wav
2187.0,2190.0,Hylocichla mustelina,Wood Thrush,0.9238,D:\Bird_Anuran_ARUs\IF05\SMM2-22_20260418_060802.wav
2193.0,2196.0,Corvus brachyrhynchos,American Crow,0.9384,D:\Bird_Anuran_ARUs\IF05\SMM2-22_20260418_060802.wav
2193.0,2196.0,Hylocichla mustelina,Wood Thrush,0.5752,D:\Bird_Anuran_ARUs\IF05\SMM2-22_20260418_060802.wav
2196.0,2199.0,Seiurus aurocapilla,Ovenbird,0.6081,D:\Bird_Anuran_ARUs\IF05\SMM2-22_20260418_060802.wav
2199.0,2202.0,Seiurus aurocapilla,Ovenbird,0.8580,D:\Bird_Anuran_ARUs\IF05\SMM2-22_20260418_060802.wav
2199.0,2202.0,Hylocichla mustelina,Wood Thrush,0.3286,D:\Bird_Anuran_ARUs\IF05\SMM2-22_20260418_060802.wav
2202.0,2205.0,Hylocichla mustelina,Wood Thrush,0.9280,D:\Bird_Anuran_ARUs\IF05\SMM2-22_20260418_060802.wav
2202.0,2205.0,Corvus brachyrhynchos,American Crow,0.7461,D:\Bird_Anuran_ARUs\IF05\SMM2-22_20260418_060802.wav
2205.0,2208.0,Hylocichla mustelina,Wood Thrush,0.6673,D:\Bird_Anuran_ARUs\IF05\SMM2-22_20260418_060802.wav
2208.0,2211.0,Seiurus aurocapilla,Ovenbird,0.7377,D:\Bird_Anuran_ARUs\IF05\SMM2-22_20260418_060802.wav
2208.0,2211.0,Hylocichla mustelina,Wood Thrush,0.6811,D:\Bird_Anuran_ARUs\IF05\SMM2-22_20260418_060802.wav
2211.0,2214.0,Hylocichla mustelina,Wood Thrush,0.7604,D:\Bird_Anuran_ARUs\IF05\SMM2-22_20260418_060802.wav
2211.0,2214.0,Seiurus aurocapilla,Ovenbird,0.6774,D:\Bird_Anuran_ARUs\IF05\SMM2-22_20260418_060802.wav
2214.0,2217.0,Hylocichla mustelina,Wood Thrush,0.4890,D:\Bird_Anuran_ARUs\IF05\SMM2-22_20260418_060802.wav
2217.0,2220.0,Hylocichla mustelina,Wood Thrush,0.9700,D:\Bird_Anuran_ARUs\IF05\SMM2-22_20260418_060802.wav
2220.0,2223.0,Seiurus aurocapilla,Ovenbird,0.6406,D:\Bird_Anuran_ARUs\IF05\SMM2-22_20260418_060802.wav
2220.0,2223.0,Hylocichla mustelina,Wood Thrush,0.5397,D:\Bird_Anuran_ARUs\IF05\SMM2-22_20260418_060802.wav
2223.0,2226.0,Seiurus aurocapilla,Ovenbird,0.5333,D:\Bird_Anuran_ARUs\IF05\SMM2-22_20260418_060802.wav
2223.0,2226.0,Hylocichla mustelina,Wood Thrush,0.4803,D:\Bird_Anuran_ARUs\IF05\SMM2-22_20260418_060802.wav
2226.0,2229.0,Hylocichla mustelina,Wood Thrush,0.8310,D:\Bird_Anuran_ARUs\IF05\SMM2-22_20260418_060802.wav
2229.0,2232.0,Hylocichla mustelina,Wood Thrush,0.9514,D:\Bird_Anuran_ARUs\IF05\SMM2-22_20260418_060802.wav
2235.0,2238.0,Hylocichla mustelina,Wood Thrush,0.7567,D:\Bird_Anuran_ARUs\IF05\SMM2-22_20260418_060802.wav
2235.0,2238.0,Seiurus aurocapilla,Ovenbird,0.4949,D:\Bird_Anuran_ARUs\IF05\SMM2-22_20260418_060802.wav
2238.0,2241.0,Hylocichla mustelina,Wood Thrush,0.6428,D:\Bird_Anuran_ARUs\IF05\SMM2-22_20260418_060802.wav
2238.0,2241.0,Seiurus aurocapilla,Ovenbird,0.4336,D:\Bird_Anuran_ARUs\IF05\SMM2-22_20260418_060802.wav
2241.0,2244.0,Hylocichla mustelina,Wood Thrush,0.5838,D:\Bird_Anuran_ARUs\IF05\SMM2-22_20260418_060802.wav
2244.0,2247.0,Hylocichla mustelina,Wood Thrush,0.5059,D:\Bird_Anuran_ARUs\IF05\SMM2-22_20260418_060802.wav
2247.0,2250.0,Hylocichla mustelina,Wood Thrush,0.4633,D:\Bird_Anuran_ARUs\IF05\SMM2-22_20260418_060802.wav
2250.0,2253.0,Seiurus aurocapilla,Ovenbird,0.7964,D:\Bird_Anuran_ARUs\IF05\SMM2-22_20260418_060802.wav
2250.0,2253.0,Hylocichla mustelina,Wood Thrush,0.5795,D:\Bird_Anuran_ARUs\IF05\SMM2-22_20260418_060802.wav
2256.0,2259.0,Hylocichla mustelina,Wood Thrush,0.7386,D:\Bird_Anuran_ARUs\IF05\SMM2-22_20260418_060802.wav
2262.0,2265.0,Seiurus aurocapilla,Ovenbird,0.6560,D:\Bird_Anuran_ARUs\IF05\SMM2-22_20260418_060802.wav
2262.0,2265.0,Hylocichla mustelina,Wood Thrush,0.5304,D:\Bird_Anuran_ARUs\IF05\SMM2-22_20260418_060802.wav
2265.0,2268.0,Seiurus aurocapilla,Ovenbird,0.7992,D:\Bird_Anuran_ARUs\IF05\SMM2-22_20260418_060802.wav
2268.0,2271.0,Hylocichla mustelina,Wood Thrush,0.7339,D:\Bird_Anuran_ARUs\IF05\SMM2-22_20260418_060802.wav
2271.0,2274.0,Hylocichla mustelina,Wood Thrush,0.3148,D:\Bird_Anuran_ARUs\IF05\SMM2-22_20260418_060802.wav
2274.0,2277.0,Hylocichla mustelina,Wood Thrush,0.7674,D:\Bird_Anuran_ARUs\IF05\SMM2-22_20260418_060802.wav
2277.0,2280.0,Hylocichla mustelina,Wood Thrush,0.8040,D:\Bird_Anuran_ARUs\IF05\SMM2-22_20260418_060802.wav
2280.0,2283.0,Seiurus aurocapilla,Ovenbird,0.7482,D:\Bird_Anuran_ARUs\IF05\SMM2-22_20260418_060802.wav
2280.0,2283.0,Hylocichla mustelina,Wood Thrush,0.4003,D:\Bird_Anuran_ARUs\IF05\SMM2-22_20260418_060802.wav
2283.0,2286.0,Seiurus aurocapilla,Ovenbird,0.5824,D:\Bird_Anuran_ARUs\IF05\SMM2-22_20260418_060802.wav
2286.0,2289.0,Hylocichla mustelina,Wood Thrush,0.2789,D:\Bird_Anuran_ARUs\IF05\SMM2-22_20260418_060802.wav
2289.0,2292.0,Hylocichla mustelina,Wood Thrush,0.8971,D:\Bird_Anuran_ARUs\IF05\SMM2-22_20260418_060802.wav
2292.0,2295.0,Hylocichla mustelina,Wood Thrush,0.4776,D:\Bird_Anuran_ARUs\IF05\SMM2-22_20260418_060802.wav
2292.0,2295.0,Setophaga pinus,Pine Warbler,0.4338,D:\Bird_Anuran_ARUs\IF05\SMM2-22_20260418_060802.wav
2295.0,2298.0,Seiurus aurocapilla,Ovenbird,0.8536,D:\Bird_Anuran_ARUs\IF05\SMM2-22_20260418_060802.wav
2295.0,2298.0,Hylocichla mustelina,Wood Thrush,0.6084,D:\Bird_Anuran_ARUs\IF05\SMM2-22_20260418_060802.wav
2298.0,2301.0,Hylocichla mustelina,Wood Thrush,0.2557,D:\Bird_Anuran_ARUs\IF05\SMM2-22_20260418_060802.wav
2301.0,2304.0,Hylocichla mustelina,Wood Thrush,0.7802,D:\Bird_Anuran_ARUs\IF05\SMM2-22_20260418_060802.wav
2304.0,2307.0,Seiurus aurocapilla,Ovenbird,0.5283,D:\Bird_Anuran_ARUs\IF05\SMM2-22_20260418_060802.wav
2307.0,2310.0,Seiurus aurocapilla,Ovenbird,0.6453,D:\Bird_Anuran_ARUs\IF05\SMM2-22_20260418_060802.wav
2307.0,2310.0,Hylocichla mustelina,Wood Thrush,0.6416,D:\Bird_Anuran_ARUs\IF05\SMM2-22_20260418_060802.wav
2310.0,2313.0,Hylocichla mustelina,Wood Thrush,0.4219,D:\Bird_Anuran_ARUs\IF05\SMM2-22_20260418_060802.wav
2313.0,2316.0,Hylocichla mustelina,Wood Thrush,0.5991,D:\Bird_Anuran_ARUs\IF05\SMM2-22_20260418_060802.wav
2316.0,2319.0,Hylocichla mustelina,Wood Thrush,0.8449,D:\Bird_Anuran_ARUs\IF05\SMM2-22_20260418_060802.wav
2316.0,2319.0,Corvus brachyrhynchos,American Crow,0.4167,D:\Bird_Anuran_ARUs\IF05\SMM2-22_20260418_060802.wav
2319.0,2322.0,Hylocichla mustelina,Wood Thrush,0.7764,D:\Bird_Anuran_ARUs\IF05\SMM2-22_20260418_060802.wav
2325.0,2328.0,Hylocichla mustelina,Wood Thrush,0.5363,D:\Bird_Anuran_ARUs\IF05\SMM2-22_20260418_060802.wav
2328.0,2331.0,Hylocichla mustelina,Wood Thrush,0.4184,D:\Bird_Anuran_ARUs\IF05\SMM2-22_20260418_060802.wav
2328.0,2331.0,Setophaga pinus,Pine Warbler,0.3776,D:\Bird_Anuran_ARUs\IF05\SMM2-22_20260418_060802.wav
2331.0,2334.0,Hylocichla mustelina,Wood Thrush,0.9556,D:\Bird_Anuran_ARUs\IF05\SMM2-22_20260418_060802.wav
2334.0,2337.0,Hylocichla mustelina,Wood Thrush,0.4017,D:\Bird_Anuran_ARUs\IF05\SMM2-22_20260418_060802.wav
2337.0,2340.0,Hylocichla mustelina,Wood Thrush,0.9755,D:\Bird_Anuran_ARUs\IF05\SMM2-22_20260418_060802.wav
2340.0,2343.0,Setophaga pinus,Pine Warbler,0.7471,D:\Bird_Anuran_ARUs\IF05\SMM2-22_20260418_060802.wav
2343.0,2346.0,Setophaga pinus,Pine Warbler,0.4137,D:\Bird_Anuran_ARUs\IF05\SMM2-22_20260418_060802.wav
2349.0,2352.0,Hylocichla mustelina,Wood Thrush,0.2994,D:\Bird_Anuran_ARUs\IF05\SMM2-22_20260418_060802.wav
2355.0,2358.0,Setophaga pinus,Pine Warbler,0.3358,D:\Bird_Anuran_ARUs\IF05\SMM2-22_20260418_060802.wav
2355.0,2358.0,Hylocichla mustelina,Wood Thrush,0.2741,D:\Bird_Anuran_ARUs\IF05\SMM2-22_20260418_060802.wav
2364.0,2367.0,Hylocichla mustelina,Wood Thrush,0.4960,D:\Bird_Anuran_ARUs\IF05\SMM2-22_20260418_060802.wav
2367.0,2370.0,Setophaga pinus,Pine Warbler,0.6040,D:\Bird_Anuran_ARUs\IF05\SMM2-22_20260418_060802.wav
2373.0,2376.0,Hylocichla mustelina,Wood Thrush,0.6090,D:\Bird_Anuran_ARUs\IF05\SMM2-22_20260418_060802.wav
2376.0,2379.0,Hylocichla mustelina,Wood Thrush,0.9577,D:\Bird_Anuran_ARUs\IF05\SMM2-22_20260418_060802.wav
2379.0,2382.0,Hylocichla mustelina,Wood Thrush,0.7480,D:\Bird_Anuran_ARUs\IF05\SMM2-22_20260418_060802.wav
2382.0,2385.0,Hylocichla mustelina,Wood Thrush,0.3194,D:\Bird_Anuran_ARUs\IF05\SMM2-22_20260418_060802.wav
2385.0,2388.0,Hylocichla mustelina,Wood Thrush,0.9834,D:\Bird_Anuran_ARUs\IF05\SMM2-22_20260418_060802.wav
2388.0,2391.0,Hylocichla mustelina,Wood Thrush,0.8606,D:\Bird_Anuran_ARUs\IF05\SMM2-22_20260418_060802.wav
2388.0,2391.0,Cardinalis cardinalis,Northern Cardinal,0.2564,D:\Bird_Anuran_ARUs\IF05\SMM2-22_20260418_060802.wav
2391.0,2394.0,Hylocichla mustelina,Wood Thrush,0.9653,D:\Bird_Anuran_ARUs\IF05\SMM2-22_20260418_060802.wav
2394.0,2397.0,Hylocichla mustelina,Wood Thrush,0.9075,D:\Bird_Anuran_ARUs\IF05\SMM2-22_20260418_060802.wav
2397.0,2400.0,Hylocichla mustelina,Wood Thrush,0.7471,D:\Bird_Anuran_ARUs\IF05\SMM2-22_20260418_060802.wav
2400.0,2403.0,Hylocichla mustelina,Wood Thrush,0.9088,D:\Bird_Anuran_ARUs\IF05\SMM2-22_20260418_060802.wav
2403.0,2406.0,Hylocichla mustelina,Wood Thrush,0.9796,D:\Bird_Anuran_ARUs\IF05\SMM2-22_20260418_060802.wav
2406.0,2409.0,Setophaga pinus,Pine Warbler,0.4140,D:\Bird_Anuran_ARUs\IF05\SMM2-22_20260418_060802.wav
2406.0,2409.0,Hylocichla mustelina,Wood Thrush,0.3235,D:\Bird_Anuran_ARUs\IF05\SMM2-22_20260418_060802.wav
2409.0,2412.0,Hylocichla mustelina,Wood Thrush,0.8341,D:\Bird_Anuran_ARUs\IF05\SMM2-22_20260418_060802.wav
2412.0,2415.0,Hylocichla mustelina,Wood Thrush,0.9517,D:\Bird_Anuran_ARUs\IF05\SMM2-22_20260418_060802.wav
2415.0,2418.0,Hylocichla mustelina,Wood Thrush,0.9398,D:\Bird_Anuran_ARUs\IF05\SMM2-22_20260418_060802.wav
2418.0,2421.0,Hylocichla mustelina,Wood Thrush,0.9198,D:\Bird_Anuran_ARUs\IF05\SMM2-22_20260418_060802.wav
2421.0,2424.0,Setophaga pinus,Pine Warbler,0.2604,D:\Bird_Anuran_ARUs\IF05\SMM2-22_20260418_060802.wav
2424.0,2427.0,Hylocichla mustelina,Wood Thrush,0.9815,D:\Bird_Anuran_ARUs\IF05\SMM2-22_20260418_060802.wav
2427.0,2430.0,Hylocichla mustelina,Wood Thrush,0.9666,D:\Bird_Anuran_ARUs\IF05\SMM2-22_20260418_060802.wav
2430.0,2433.0,Hylocichla mustelina,Wood Thrush,0.9661,D:\Bird_Anuran_ARUs\IF05\SMM2-22_20260418_060802.wav
2433.0,2436.0,Hylocichla mustelina,Wood Thrush,0.9780,D:\Bird_Anuran_ARUs\IF05\SMM2-22_20260418_060802.wav
2436.0,2439.0,Hylocichla mustelina,Wood Thrush,0.9783,D:\Bird_Anuran_ARUs\IF05\SMM2-22_20260418_060802.wav
2439.0,2442.0,Hylocichla mustelina,Wood Thrush,0.7175,D:\Bird_Anuran_ARUs\IF05\SMM2-22_20260418_060802.wav
2442.0,2445.0,Hylocichla mustelina,Wood Thrush,0.8709,D:\Bird_Anuran_ARUs\IF05\SMM2-22_20260418_060802.wav
2445.0,2448.0,Hylocichla mustelina,Wood Thrush,0.9571,D:\Bird_Anuran_ARUs\IF05\SMM2-22_20260418_060802.wav
2448.0,2451.0,Hylocichla mustelina,Wood Thrush,0.9847,D:\Bird_Anuran_ARUs\IF05\SMM2-22_20260418_060802.wav
2451.0,2454.0,Hylocichla mustelina,Wood Thrush,0.8539,D:\Bird_Anuran_ARUs\IF05\SMM2-22_20260418_060802.wav
2454.0,2457.0,Hylocichla mustelina,Wood Thrush,0.4437,D:\Bird_Anuran_ARUs\IF05\SMM2-22_20260418_060802.wav
2457.0,2460.0,Hylocichla mustelina,Wood Thrush,0.9931,D:\Bird_Anuran_ARUs\IF05\SMM2-22_20260418_060802.wav
2460.0,2463.0,Hylocichla mustelina,Wood Thrush,0.9942,D:\Bird_Anuran_ARUs\IF05\SMM2-22_20260418_060802.wav
2463.0,2466.0,Hylocichla mustelina,Wood Thrush,0.9868,D:\Bird_Anuran_ARUs\IF05\SMM2-22_20260418_060802.wav
2466.0,2469.0,Hylocichla mustelina,Wood Thrush,0.9866,D:\Bird_Anuran_ARUs\IF05\SMM2-22_20260418_060802.wav
2466.0,2469.0,Corvus brachyrhynchos,American Crow,0.3990,D:\Bird_Anuran_ARUs\IF05\SMM2-22_20260418_060802.wav
2469.0,2472.0,Hylocichla mustelina,Wood Thrush,0.9185,D:\Bird_Anuran_ARUs\IF05\SMM2-22_20260418_060802.wav
2472.0,2475.0,Hylocichla mustelina,Wood Thrush,0.2919,D:\Bird_Anuran_ARUs\IF05\SMM2-22_20260418_060802.wav
2475.0,2478.0,Cardinalis cardinalis,Northern Cardinal,0.2633,D:\Bird_Anuran_ARUs\IF05\SMM2-22_20260418_060802.wav
2478.0,2481.0,Hylocichla mustelina,Wood Thrush,0.4672,D:\Bird_Anuran_ARUs\IF05\SMM2-22_20260418_060802.wav
2481.0,2484.0,Hylocichla mustelina,Wood Thrush,0.8068,D:\Bird_Anuran_ARUs\IF05\SMM2-22_20260418_060802.wav
2484.0,2487.0,Hylocichla mustelina,Wood Thrush,0.4244,D:\Bird_Anuran_ARUs\IF05\SMM2-22_20260418_060802.wav
2487.0,2490.0,Hylocichla mustelina,Wood Thrush,0.7384,D:\Bird_Anuran_ARUs\IF05\SMM2-22_20260418_060802.wav
2490.0,2493.0,Hylocichla mustelina,Wood Thrush,0.5939,D:\Bird_Anuran_ARUs\IF05\SMM2-22_20260418_060802.wav
2493.0,2496.0,Hylocichla mustelina,Wood Thrush,0.6986,D:\Bird_Anuran_ARUs\IF05\SMM2-22_20260418_060802.wav
2496.0,2499.0,Hylocichla mustelina,Wood Thrush,0.7771,D:\Bird_Anuran_ARUs\IF05\SMM2-22_20260418_060802.wav
2502.0,2505.0,Hylocichla mustelina,Wood Thrush,0.6008,D:\Bird_Anuran_ARUs\IF05\SMM2-22_20260418_060802.wav
2505.0,2508.0,Hylocichla mustelina,Wood Thrush,0.9743,D:\Bird_Anuran_ARUs\IF05\SMM2-22_20260418_060802.wav
2508.0,2511.0,Hylocichla mustelina,Wood Thrush,0.6491,D:\Bird_Anuran_ARUs\IF05\SMM2-22_20260418_060802.wav
2511.0,2514.0,Hylocichla mustelina,Wood Thrush,0.6305,D:\Bird_Anuran_ARUs\IF05\SMM2-22_20260418_060802.wav
2514.0,2517.0,Hylocichla mustelina,Wood Thrush,0.9090,D:\Bird_Anuran_ARUs\IF05\SMM2-22_20260418_060802.wav
2517.0,2520.0,Hylocichla mustelina,Wood Thrush,0.9194,D:\Bird_Anuran_ARUs\IF05\SMM2-22_20260418_060802.wav
2517.0,2520.0,Cardinalis cardinalis,Northern Cardinal,0.5257,D:\Bird_Anuran_ARUs\IF05\SMM2-22_20260418_060802.wav
2520.0,2523.0,Hylocichla mustelina,Wood Thrush,0.9055,D:\Bird_Anuran_ARUs\IF05\SMM2-22_20260418_060802.wav
2523.0,2526.0,Hylocichla mustelina,Wood Thrush,0.8449,D:\Bird_Anuran_ARUs\IF05\SMM2-22_20260418_060802.wav
2526.0,2529.0,Hylocichla mustelina,Wood Thrush,0.9095,D:\Bird_Anuran_ARUs\IF05\SMM2-22_20260418_060802.wav
2529.0,2532.0,Hylocichla mustelina,Wood Thrush,0.9334,D:\Bird_Anuran_ARUs\IF05\SMM2-22_20260418_060802.wav
2532.0,2535.0,Hylocichla mustelina,Wood Thrush,0.9769,D:\Bird_Anuran_ARUs\IF05\SMM2-22_20260418_060802.wav
2535.0,2538.0,Hylocichla mustelina,Wood Thrush,0.5450,D:\Bird_Anuran_ARUs\IF05\SMM2-22_20260418_060802.wav
2535.0,2538.0,Mniotilta varia,Black-and-white Warbler,0.2573,D:\Bird_Anuran_ARUs\IF05\SMM2-22_20260418_060802.wav
2538.0,2541.0,Hylocichla mustelina,Wood Thrush,0.9910,D:\Bird_Anuran_ARUs\IF05\SMM2-22_20260418_060802.wav
2541.0,2544.0,Hylocichla mustelina,Wood Thrush,0.6313,D:\Bird_Anuran_ARUs\IF05\SMM2-22_20260418_060802.wav
2541.0,2544.0,Setophaga pinus,Pine Warbler,0.4620,D:\Bird_Anuran_ARUs\IF05\SMM2-22_20260418_060802.wav
2544.0,2547.0,Hylocichla mustelina,Wood Thrush,0.8783,D:\Bird_Anuran_ARUs\IF05\SMM2-22_20260418_060802.wav
2547.0,2550.0,Hylocichla mustelina,Wood Thrush,0.9205,D:\Bird_Anuran_ARUs\IF05\SMM2-22_20260418_060802.wav
2550.0,2553.0,Hylocichla mustelina,Wood Thrush,0.6545,D:\Bird_Anuran_ARUs\IF05\SMM2-22_20260418_060802.wav
2553.0,2556.0,Hylocichla mustelina,Wood Thrush,0.9616,D:\Bird_Anuran_ARUs\IF05\SMM2-22_20260418_060802.wav
2556.0,2559.0,Hylocichla mustelina,Wood Thrush,0.9661,D:\Bird_Anuran_ARUs\IF05\SMM2-22_20260418_060802.wav
2559.0,2562.0,Hylocichla mustelina,Wood Thrush,0.9204,D:\Bird_Anuran_ARUs\IF05\SMM2-22_20260418_060802.wav
2562.0,2565.0,Hylocichla mustelina,Wood Thrush,0.7534,D:\Bird_Anuran_ARUs\IF05\SMM2-22_20260418_060802.wav
2565.0,2568.0,Hylocichla mustelina,Wood Thrush,0.3247,D:\Bird_Anuran_ARUs\IF05\SMM2-22_20260418_060802.wav
2571.0,2574.0,Setophaga pinus,Pine Warbler,0.3824,D:\Bird_Anuran_ARUs\IF05\SMM2-22_20260418_060802.wav
2574.0,2577.0,Hylocichla mustelina,Wood Thrush,0.7931,D:\Bird_Anuran_ARUs\IF05\SMM2-22_20260418_060802.wav
2577.0,2580.0,Setophaga pinus,Pine Warbler,0.6934,D:\Bird_Anuran_ARUs\IF05\SMM2-22_20260418_060802.wav
2583.0,2586.0,Hylocichla mustelina,Wood Thrush,0.3488,D:\Bird_Anuran_ARUs\IF05\SMM2-22_20260418_060802.wav
2583.0,2586.0,Cardinalis cardinalis,Northern Cardinal,0.3358,D:\Bird_Anuran_ARUs\IF05\SMM2-22_20260418_060802.wav
2586.0,2589.0,Hylocichla mustelina,Wood Thrush,0.6977,D:\Bird_Anuran_ARUs\IF05\SMM2-22_20260418_060802.wav
2589.0,2592.0,Setophaga pinus,Pine Warbler,0.4131,D:\Bird_Anuran_ARUs\IF05\SMM2-22_20260418_060802.wav
2592.0,2595.0,Cardinalis cardinalis,Northern Cardinal,0.6360,D:\Bird_Anuran_ARUs\IF05\SMM2-22_20260418_060802.wav
2595.0,2598.0,Setophaga pinus,Pine Warbler,0.3697,D:\Bird_Anuran_ARUs\IF05\SMM2-22_20260418_060802.wav
2595.0,2598.0,Mniotilta varia,Black-and-white Warbler,0.3471,D:\Bird_Anuran_ARUs\IF05\SMM2-22_20260418_060802.wav
2598.0,2601.0,Setophaga pinus,Pine Warbler,0.5845,D:\Bird_Anuran_ARUs\IF05\SMM2-22_20260418_060802.wav
2607.0,2610.0,Setophaga pinus,Pine Warbler,0.3035,D:\Bird_Anuran_ARUs\IF05\SMM2-22_20260418_060802.wav
2616.0,2619.0,Mniotilta varia,Black-and-white Warbler,0.3641,D:\Bird_Anuran_ARUs\IF05\SMM2-22_20260418_060802.wav
2616.0,2619.0,Hylocichla mustelina,Wood Thrush,0.2946,D:\Bird_Anuran_ARUs\IF05\SMM2-22_20260418_060802.wav
2619.0,2622.0,Mniotilta varia,Black-and-white Warbler,0.3454,D:\Bird_Anuran_ARUs\IF05\SMM2-22_20260418_060802.wav
2625.0,2628.0,Hylocichla mustelina,Wood Thrush,0.4263,D:\Bird_Anuran_ARUs\IF05\SMM2-22_20260418_060802.wav
2628.0,2631.0,Mniotilta varia,Black-and-white Warbler,0.3085,D:\Bird_Anuran_ARUs\IF05\SMM2-22_20260418_060802.wav
2631.0,2634.0,Hylocichla mustelina,Wood Thrush,0.3619,D:\Bird_Anuran_ARUs\IF05\SMM2-22_20260418_060802.wav
2634.0,2637.0,Setophaga pinus,Pine Warbler,0.7376,D:\Bird_Anuran_ARUs\IF05\SMM2-22_20260418_060802.wav
2637.0,2640.0,Setophaga pinus,Pine Warbler,0.8317,D:\Bird_Anuran_ARUs\IF05\SMM2-22_20260418_060802.wav
2637.0,2640.0,Pipilo erythrophthalmus,Eastern Towhee,0.2673,D:\Bird_Anuran_ARUs\IF05\SMM2-22_20260418_060802.wav
2646.0,2649.0,Hylocichla mustelina,Wood Thrush,0.4351,D:\Bird_Anuran_ARUs\IF05\SMM2-22_20260418_060802.wav
2649.0,2652.0,Setophaga pinus,Pine Warbler,0.7696,D:\Bird_Anuran_ARUs\IF05\SMM2-22_20260418_060802.wav
2661.0,2664.0,Setophaga pinus,Pine Warbler,0.9099,D:\Bird_Anuran_ARUs\IF05\SMM2-22_20260418_060802.wav
2664.0,2667.0,Cardinalis cardinalis,Northern Cardinal,0.4846,D:\Bird_Anuran_ARUs\IF05\SMM2-22_20260418_060802.wav
2664.0,2667.0,Hylocichla mustelina,Wood Thrush,0.3448,D:\Bird_Anuran_ARUs\IF05\SMM2-22_20260418_060802.wav
2664.0,2667.0,Corvus brachyrhynchos,American Crow,0.2871,D:\Bird_Anuran_ARUs\IF05\SMM2-22_20260418_060802.wav
2667.0,2670.0,Mniotilta varia,Black-and-white Warbler,0.6150,D:\Bird_Anuran_ARUs\IF05\SMM2-22_20260418_060802.wav
2673.0,2676.0,Setophaga pinus,Pine Warbler,0.8642,D:\Bird_Anuran_ARUs\IF05\SMM2-22_20260418_060802.wav
2676.0,2679.0,Setophaga pinus,Pine Warbler,0.8940,D:\Bird_Anuran_ARUs\IF05\SMM2-22_20260418_060802.wav
2685.0,2688.0,Setophaga pinus,Pine Warbler,0.6901,D:\Bird_Anuran_ARUs\IF05\SMM2-22_20260418_060802.wav
2688.0,2691.0,Setophaga citrina,Hooded Warbler,0.2988,D:\Bird_Anuran_ARUs\IF05\SMM2-22_20260418_060802.wav
2691.0,2694.0,Hylocichla mustelina,Wood Thrush,0.3748,D:\Bird_Anuran_ARUs\IF05\SMM2-22_20260418_060802.wav
2697.0,2700.0,Hylocichla mustelina,Wood Thrush,0.4761,D:\Bird_Anuran_ARUs\IF05\SMM2-22_20260418_060802.wav
2697.0,2700.0,Corvus brachyrhynchos,American Crow,0.4125,D:\Bird_Anuran_ARUs\IF05\SMM2-22_20260418_060802.wav
2706.0,2709.0,Setophaga pinus,Pine Warbler,0.6836,D:\Bird_Anuran_ARUs\IF05\SMM2-22_20260418_060802.wav
2709.0,2712.0,Setophaga pinus,Pine Warbler,0.9448,D:\Bird_Anuran_ARUs\IF05\SMM2-22_20260418_060802.wav
2721.0,2724.0,Mniotilta varia,Black-and-white Warbler,0.3607,D:\Bird_Anuran_ARUs\IF05\SMM2-22_20260418_060802.wav
2724.0,2727.0,Setophaga pinus,Pine Warbler,0.8987,D:\Bird_Anuran_ARUs\IF05\SMM2-22_20260418_060802.wav
2727.0,2730.0,Hylocichla mustelina,Wood Thrush,0.2739,D:\Bird_Anuran_ARUs\IF05\SMM2-22_20260418_060802.wav
2730.0,2733.0,Hylocichla mustelina,Wood Thrush,0.3555,D:\Bird_Anuran_ARUs\IF05\SMM2-22_20260418_060802.wav
2733.0,2736.0,Mniotilta varia,Black-and-white Warbler,0.2719,D:\Bird_Anuran_ARUs\IF05\SMM2-22_20260418_060802.wav
2739.0,2742.0,Setophaga pinus,Pine Warbler,0.5993,D:\Bird_Anuran_ARUs\IF05\SMM2-22_20260418_060802.wav
2739.0,2742.0,Hylocichla mustelina,Wood Thrush,0.3011,D:\Bird_Anuran_ARUs\IF05\SMM2-22_20260418_060802.wav
2745.0,2748.0,Mniotilta varia,Black-and-white Warbler,0.5781,D:\Bird_Anuran_ARUs\IF05\SMM2-22_20260418_060802.wav
2745.0,2748.0,Hylocichla mustelina,Wood Thrush,0.2865,D:\Bird_Anuran_ARUs\IF05\SMM2-22_20260418_060802.wav
2751.0,2754.0,Hylocichla mustelina,Wood Thrush,0.3129,D:\Bird_Anuran_ARUs\IF05\SMM2-22_20260418_060802.wav
2754.0,2757.0,Setophaga pinus,Pine Warbler,0.4040,D:\Bird_Anuran_ARUs\IF05\SMM2-22_20260418_060802.wav
2757.0,2760.0,Mniotilta varia,Black-and-white Warbler,0.5351,D:\Bird_Anuran_ARUs\IF05\SMM2-22_20260418_060802.wav
2769.0,2772.0,Hylocichla mustelina,Wood Thrush,0.5272,D:\Bird_Anuran_ARUs\IF05\SMM2-22_20260418_060802.wav
2769.0,2772.0,Mniotilta varia,Black-and-white Warbler,0.3534,D:\Bird_Anuran_ARUs\IF05\SMM2-22_20260418_060802.wav
2772.0,2775.0,Setophaga pinus,Pine Warbler,0.7208,D:\Bird_Anuran_ARUs\IF05\SMM2-22_20260418_060802.wav
2775.0,2778.0,Hylocichla mustelina,Wood Thrush,0.7864,D:\Bird_Anuran_ARUs\IF05\SMM2-22_20260418_060802.wav
2775.0,2778.0,Setophaga pinus,Pine Warbler,0.5760,D:\Bird_Anuran_ARUs\IF05\SMM2-22_20260418_060802.wav
2775.0,2778.0,Pipilo erythrophthalmus,Eastern Towhee,0.5014,D:\Bird_Anuran_ARUs\IF05\SMM2-22_20260418_060802.wav
2784.0,2787.0,Setophaga pinus,Pine Warbler,0.8863,D:\Bird_Anuran_ARUs\IF05\SMM2-22_20260418_060802.wav
2787.0,2790.0,Setophaga pinus,Pine Warbler,0.7135,D:\Bird_Anuran_ARUs\IF05\SMM2-22_20260418_060802.wav
2787.0,2790.0,Mniotilta varia,Black-and-white Warbler,0.3339,D:\Bird_Anuran_ARUs\IF05\SMM2-22_20260418_060802.wav
2793.0,2796.0,Hylocichla mustelina,Wood Thrush,0.5087,D:\Bird_Anuran_ARUs\IF05\SMM2-22_20260418_060802.wav
2796.0,2799.0,Setophaga pinus,Pine Warbler,0.7380,D:\Bird_Anuran_ARUs\IF05\SMM2-22_20260418_060802.wav
2802.0,2805.0,Hylocichla mustelina,Wood Thrush,0.3160,D:\Bird_Anuran_ARUs\IF05\SMM2-22_20260418_060802.wav
2805.0,2808.0,Setophaga pinus,Pine Warbler,0.9568,D:\Bird_Anuran_ARUs\IF05\SMM2-22_20260418_060802.wav
2808.0,2811.0,Setophaga pinus,Pine Warbler,0.7832,D:\Bird_Anuran_ARUs\IF05\SMM2-22_20260418_060802.wav
2814.0,2817.0,Setophaga pinus,Pine Warbler,0.7870,D:\Bird_Anuran_ARUs\IF05\SMM2-22_20260418_060802.wav
2817.0,2820.0,Setophaga pinus,Pine Warbler,0.9517,D:\Bird_Anuran_ARUs\IF05\SMM2-22_20260418_060802.wav
2823.0,2826.0,Mniotilta varia,Black-and-white Warbler,0.4522,D:\Bird_Anuran_ARUs\IF05\SMM2-22_20260418_060802.wav
2823.0,2826.0,Hylocichla mustelina,Wood Thrush,0.2634,D:\Bird_Anuran_ARUs\IF05\SMM2-22_20260418_060802.wav
2826.0,2829.0,Setophaga pinus,Pine Warbler,0.7930,D:\Bird_Anuran_ARUs\IF05\SMM2-22_20260418_060802.wav
2826.0,2829.0,Hylocichla mustelina,Wood Thrush,0.5919,D:\Bird_Anuran_ARUs\IF05\SMM2-22_20260418_060802.wav
2829.0,2832.0,Hylocichla mustelina,Wood Thrush,0.3245,D:\Bird_Anuran_ARUs\IF05\SMM2-22_20260418_060802.wav
2829.0,2832.0,Pipilo erythrophthalmus,Eastern Towhee,0.3202,D:\Bird_Anuran_ARUs\IF05\SMM2-22_20260418_060802.wav
2832.0,2835.0,Mniotilta varia,Black-and-white Warbler,0.8001,D:\Bird_Anuran_ARUs\IF05\SMM2-22_20260418_060802.wav
2835.0,2838.0,Setophaga pinus,Pine Warbler,0.9305,D:\Bird_Anuran_ARUs\IF05\SMM2-22_20260418_060802.wav
2841.0,2844.0,Mniotilta varia,Black-and-white Warbler,0.4715,D:\Bird_Anuran_ARUs\IF05\SMM2-22_20260418_060802.wav
2841.0,2844.0,Hylocichla mustelina,Wood Thrush,0.3215,D:\Bird_Anuran_ARUs\IF05\SMM2-22_20260418_060802.wav
2844.0,2847.0,Hylocichla mustelina,Wood Thrush,0.3879,D:\Bird_Anuran_ARUs\IF05\SMM2-22_20260418_060802.wav
2847.0,2850.0,Hylocichla mustelina,Wood Thrush,0.8428,D:\Bird_Anuran_ARUs\IF05\SMM2-22_20260418_060802.wav
2850.0,2853.0,Setophaga pinus,Pine Warbler,0.6844,D:\Bird_Anuran_ARUs\IF05\SMM2-22_20260418_060802.wav
2853.0,2856.0,Hylocichla mustelina,Wood Thrush,0.3094,D:\Bird_Anuran_ARUs\IF05\SMM2-22_20260418_060802.wav
2859.0,2862.0,Setophaga pinus,Pine Warbler,0.6203,D:\Bird_Anuran_ARUs\IF05\SMM2-22_20260418_060802.wav
2859.0,2862.0,Hylocichla mustelina,Wood Thrush,0.2658,D:\Bird_Anuran_ARUs\IF05\SMM2-22_20260418_060802.wav
2862.0,2865.0,Setophaga pinus,Pine Warbler,0.8550,D:\Bird_Anuran_ARUs\IF05\SMM2-22_20260418_060802.wav
2865.0,2868.0,Setophaga pinus,Pine Warbler,0.8896,D:\Bird_Anuran_ARUs\IF05\SMM2-22_20260418_060802.wav
2871.0,2874.0,Hylocichla mustelina,Wood Thrush,0.3404,D:\Bird_Anuran_ARUs\IF05\SMM2-22_20260418_060802.wav
2874.0,2877.0,Mniotilta varia,Black-and-white Warbler,0.2566,D:\Bird_Anuran_ARUs\IF05\SMM2-22_20260418_060802.wav
2877.0,2880.0,Setophaga pinus,Pine Warbler,0.3323,D:\Bird_Anuran_ARUs\IF05\SMM2-22_20260418_060802.wav
2886.0,2889.0,Hylocichla mustelina,Wood Thrush,0.3771,D:\Bird_Anuran_ARUs\IF05\SMM2-22_20260418_060802.wav
2889.0,2892.0,Setophaga pinus,Pine Warbler,0.3725,D:\Bird_Anuran_ARUs\IF05\SMM2-22_20260418_060802.wav
2892.0,2895.0,Setophaga pinus,Pine Warbler,0.3276,D:\Bird_Anuran_ARUs\IF05\SMM2-22_20260418_060802.wav
2895.0,2898.0,Hylocichla mustelina,Wood Thrush,0.5751,D:\Bird_Anuran_ARUs\IF05\SMM2-22_20260418_060802.wav
2898.0,2901.0,Cardinalis cardinalis,Northern Cardinal,0.3526,D:\Bird_Anuran_ARUs\IF05\SMM2-22_20260418_060802.wav
2898.0,2901.0,Hylocichla mustelina,Wood Thrush,0.2669,D:\Bird_Anuran_ARUs\IF05\SMM2-22_20260418_060802.wav
2901.0,2904.0,Setophaga pinus,Pine Warbler,0.7446,D:\Bird_Anuran_ARUs\IF05\SMM2-22_20260418_060802.wav
2904.0,2907.0,Setophaga pinus,Pine Warbler,0.8126,D:\Bird_Anuran_ARUs\IF05\SMM2-22_20260418_060802.wav
2907.0,2910.0,Hylocichla mustelina,Wood Thrush,0.7318,D:\Bird_Anuran_ARUs\IF05\SMM2-22_20260418_060802.wav
2913.0,2916.0,Setophaga pinus,Pine Warbler,0.5235,D:\Bird_Anuran_ARUs\IF05\SMM2-22_20260418_060802.wav
2916.0,2919.0,Setophaga pinus,Pine Warbler,0.4972,D:\Bird_Anuran_ARUs\IF05\SMM2-22_20260418_060802.wav
2916.0,2919.0,Hylocichla mustelina,Wood Thrush,0.3774,D:\Bird_Anuran_ARUs\IF05\SMM2-22_20260418_060802.wav
2919.0,2922.0,Hylocichla mustelina,Wood Thrush,0.4458,D:\Bird_Anuran_ARUs\IF05\SMM2-22_20260418_060802.wav
2922.0,2925.0,Hylocichla mustelina,Wood Thrush,0.3314,D:\Bird_Anuran_ARUs\IF05\SMM2-22_20260418_060802.wav
2925.0,2928.0,Mniotilta varia,Black-and-white Warbler,0.3185,D:\Bird_Anuran_ARUs\IF05\SMM2-22_20260418_060802.wav
2931.0,2934.0,Cardinalis cardinalis,Northern Cardinal,0.5906,D:\Bird_Anuran_ARUs\IF05\SMM2-22_20260418_060802.wav
2937.0,2940.0,Mniotilta varia,Black-and-white Warbler,0.2661,D:\Bird_Anuran_ARUs\IF05\SMM2-22_20260418_060802.wav
2943.0,2946.0,Seiurus aurocapilla,Ovenbird,0.8866,D:\Bird_Anuran_ARUs\IF05\SMM2-22_20260418_060802.wav
2943.0,2946.0,Cardinalis cardinalis,Northern Cardinal,0.2730,D:\Bird_Anuran_ARUs\IF05\SMM2-22_20260418_060802.wav
2946.0,2949.0,Mniotilta varia,Black-and-white Warbler,0.3576,D:\Bird_Anuran_ARUs\IF05\SMM2-22_20260418_060802.wav
2949.0,2952.0,Mniotilta varia,Black-and-white Warbler,0.6598,D:\Bird_Anuran_ARUs\IF05\SMM2-22_20260418_060802.wav
2949.0,2952.0,Cardinalis cardinalis,Northern Cardinal,0.2974,D:\Bird_Anuran_ARUs\IF05\SMM2-22_20260418_060802.wav
2958.0,2961.0,Seiurus aurocapilla,Ovenbird,0.2524,D:\Bird_Anuran_ARUs\IF05\SMM2-22_20260418_060802.wav
2964.0,2967.0,Hylocichla mustelina,Wood Thrush,0.3776,D:\Bird_Anuran_ARUs\IF05\SMM2-22_20260418_060802.wav
2967.0,2970.0,Cardinalis cardinalis,Northern Cardinal,0.3225,D:\Bird_Anuran_ARUs\IF05\SMM2-22_20260418_060802.wav
2970.0,2973.0,Seiurus aurocapilla,Ovenbird,0.6551,D:\Bird_Anuran_ARUs\IF05\SMM2-22_20260418_060802.wav
2970.0,2973.0,Mniotilta varia,Black-and-white Warbler,0.2979,D:\Bird_Anuran_ARUs\IF05\SMM2-22_20260418_060802.wav
2973.0,2976.0,Seiurus aurocapilla,Ovenbird,0.6496,D:\Bird_Anuran_ARUs\IF05\SMM2-22_20260418_060802.wav
2976.0,2979.0,Cardinalis cardinalis,Northern Cardinal,0.2615,D:\Bird_Anuran_ARUs\IF05\SMM2-22_20260418_060802.wav
2982.0,2985.0,Seiurus aurocapilla,Ovenbird,0.7809,D:\Bird_Anuran_ARUs\IF05\SMM2-22_20260418_060802.wav
2985.0,2988.0,Mniotilta varia,Black-and-white Warbler,0.2903,D:\Bird_Anuran_ARUs\IF05\SMM2-22_20260418_060802.wav
2991.0,2994.0,Hylocichla mustelina,Wood Thrush,0.6779,D:\Bird_Anuran_ARUs\IF05\SMM2-22_20260418_060802.wav
2994.0,2997.0,Seiurus aurocapilla,Ovenbird,0.6962,D:\Bird_Anuran_ARUs\IF05\SMM2-22_20260418_060802.wav
2994.0,2997.0,Cardinalis cardinalis,Northern Cardinal,0.5958,D:\Bird_Anuran_ARUs\IF05\SMM2-22_20260418_060802.wav
3000.0,3003.0,Mniotilta varia,Black-and-white Warbler,0.8332,D:\Bird_Anuran_ARUs\IF05\SMM2-22_20260418_060802.wav
3000.0,3003.0,Hylocichla mustelina,Wood Thrush,0.3547,D:\Bird_Anuran_ARUs\IF05\SMM2-22_20260418_060802.wav
3003.0,3006.0,Hylocichla mustelina,Wood Thrush,0.8847,D:\Bird_Anuran_ARUs\IF05\SMM2-22_20260418_060802.wav
3003.0,3006.0,Cardinalis cardinalis,Northern Cardinal,0.5814,D:\Bird_Anuran_ARUs\IF05\SMM2-22_20260418_060802.wav
3006.0,3009.0,Hylocichla mustelina,Wood Thrush,0.8056,D:\Bird_Anuran_ARUs\IF05\SMM2-22_20260418_060802.wav
3012.0,3015.0,Mniotilta varia,Black-and-white Warbler,0.6422,D:\Bird_Anuran_ARUs\IF05\SMM2-22_20260418_060802.wav
3012.0,3015.0,Hylocichla mustelina,Wood Thrush,0.3941,D:\Bird_Anuran_ARUs\IF05\SMM2-22_20260418_060802.wav
3015.0,3018.0,Hylocichla mustelina,Wood Thrush,0.7166,D:\Bird_Anuran_ARUs\IF05\SMM2-22_20260418_060802.wav
3018.0,3021.0,Hylocichla mustelina,Wood Thrush,0.3412,D:\Bird_Anuran_ARUs\IF05\SMM2-22_20260418_060802.wav
3021.0,3024.0,Hylocichla mustelina,Wood Thrush,0.8921,D:\Bird_Anuran_ARUs\IF05\SMM2-22_20260418_060802.wav
3021.0,3024.0,Seiurus aurocapilla,Ovenbird,0.8515,D:\Bird_Anuran_ARUs\IF05\SMM2-22_20260418_060802.wav
3027.0,3030.0,Hylocichla mustelina,Wood Thrush,0.5343,D:\Bird_Anuran_ARUs\IF05\SMM2-22_20260418_060802.wav
3030.0,3033.0,Seiurus aurocapilla,Ovenbird,0.5347,D:\Bird_Anuran_ARUs\IF05\SMM2-22_20260418_060802.wav
3030.0,3033.0,Mniotilta varia,Black-and-white Warbler,0.2516,D:\Bird_Anuran_ARUs\IF05\SMM2-22_20260418_060802.wav
3033.0,3036.0,Seiurus aurocapilla,Ovenbird,0.4523,D:\Bird_Anuran_ARUs\IF05\SMM2-22_20260418_060802.wav
3042.0,3045.0,Seiurus aurocapilla,Ovenbird,0.9152,D:\Bird_Anuran_ARUs\IF05\SMM2-22_20260418_060802.wav
3042.0,3045.0,Hylocichla mustelina,Wood Thrush,0.4135,D:\Bird_Anuran_ARUs\IF05\SMM2-22_20260418_060802.wav
3045.0,3048.0,Hylocichla mustelina,Wood Thrush,0.7303,D:\Bird_Anuran_ARUs\IF05\SMM2-22_20260418_060802.wav
3048.0,3051.0,Hylocichla mustelina,Wood Thrush,0.5989,D:\Bird_Anuran_ARUs\IF05\SMM2-22_20260418_060802.wav
3051.0,3054.0,Mniotilta varia,Black-and-white Warbler,0.7559,D:\Bird_Anuran_ARUs\IF05\SMM2-22_20260418_060802.wav
3054.0,3057.0,Hylocichla mustelina,Wood Thrush,0.3231,D:\Bird_Anuran_ARUs\IF05\SMM2-22_20260418_060802.wav
3057.0,3060.0,Seiurus aurocapilla,Ovenbird,0.9178,D:\Bird_Anuran_ARUs\IF05\SMM2-22_20260418_060802.wav
3060.0,3063.0,Seiurus aurocapilla,Ovenbird,0.9550,D:\Bird_Anuran_ARUs\IF05\SMM2-22_20260418_060802.wav
3063.0,3066.0,Mniotilta varia,Black-and-white Warbler,0.3356,D:\Bird_Anuran_ARUs\IF05\SMM2-22_20260418_060802.wav
3066.0,3069.0,Hylocichla mustelina,Wood Thrush,0.3141,D:\Bird_Anuran_ARUs\IF05\SMM2-22_20260418_060802.wav
3072.0,3075.0,Seiurus aurocapilla,Ovenbird,0.9872,D:\Bird_Anuran_ARUs\IF05\SMM2-22_20260418_060802.wav
3075.0,3078.0,Hylocichla mustelina,Wood Thrush,0.5217,D:\Bird_Anuran_ARUs\IF05\SMM2-22_20260418_060802.wav
3084.0,3087.0,Seiurus aurocapilla,Ovenbird,0.9558,D:\Bird_Anuran_ARUs\IF05\SMM2-22_20260418_060802.wav
3093.0,3096.0,Mniotilta varia,Black-and-white Warbler,0.3101,D:\Bird_Anuran_ARUs\IF05\SMM2-22_20260418_060802.wav
3096.0,3099.0,Seiurus aurocapilla,Ovenbird,0.9288,D:\Bird_Anuran_ARUs\IF05\SMM2-22_20260418_060802.wav
3099.0,3102.0,Seiurus aurocapilla,Ovenbird,0.9133,D:\Bird_Anuran_ARUs\IF05\SMM2-22_20260418_060802.wav
3102.0,3105.0,Hylocichla mustelina,Wood Thrush,0.4083,D:\Bird_Anuran_ARUs\IF05\SMM2-22_20260418_060802.wav
3111.0,3114.0,Setophaga pinus,Pine Warbler,0.3923,D:\Bird_Anuran_ARUs\IF05\SMM2-22_20260418_060802.wav
3114.0,3117.0,Setophaga pinus,Pine Warbler,0.7255,D:\Bird_Anuran_ARUs\IF05\SMM2-22_20260418_060802.wav
3117.0,3120.0,Hylocichla mustelina,Wood Thrush,0.4306,D:\Bird_Anuran_ARUs\IF05\SMM2-22_20260418_060802.wav
3126.0,3129.0,Setophaga pinus,Pine Warbler,0.4957,D:\Bird_Anuran_ARUs\IF05\SMM2-22_20260418_060802.wav
3129.0,3132.0,Setophaga pinus,Pine Warbler,0.2529,D:\Bird_Anuran_ARUs\IF05\SMM2-22_20260418_060802.wav
3138.0,3141.0,Hylocichla mustelina,Wood Thrush,0.4262,D:\Bird_Anuran_ARUs\IF05\SMM2-22_20260418_060802.wav
3144.0,3147.0,Setophaga pinus,Pine Warbler,0.4147,D:\Bird_Anuran_ARUs\IF05\SMM2-22_20260418_060802.wav
3147.0,3150.0,Cyanocitta cristata,Blue Jay,0.6241,D:\Bird_Anuran_ARUs\IF05\SMM2-22_20260418_060802.wav
3150.0,3153.0,Cyanocitta cristata,Blue Jay,0.5281,D:\Bird_Anuran_ARUs\IF05\SMM2-22_20260418_060802.wav
3153.0,3156.0,Cyanocitta cristata,Blue Jay,0.2749,D:\Bird_Anuran_ARUs\IF05\SMM2-22_20260418_060802.wav
3162.0,3165.0,Hylocichla mustelina,Wood Thrush,0.7701,D:\Bird_Anuran_ARUs\IF05\SMM2-22_20260418_060802.wav
3171.0,3174.0,Setophaga pinus,Pine Warbler,0.7119,D:\Bird_Anuran_ARUs\IF05\SMM2-22_20260418_060802.wav
3177.0,3180.0,Poecile carolinensis,Carolina Chickadee,0.4974,D:\Bird_Anuran_ARUs\IF05\SMM2-22_20260418_060802.wav
3180.0,3183.0,Hylocichla mustelina,Wood Thrush,0.3621,D:\Bird_Anuran_ARUs\IF05\SMM2-22_20260418_060802.wav
3183.0,3186.0,Mniotilta varia,Black-and-white Warbler,0.4634,D:\Bird_Anuran_ARUs\IF05\SMM2-22_20260418_060802.wav
3186.0,3189.0,Mniotilta varia,Black-and-white Warbler,0.4246,D:\Bird_Anuran_ARUs\IF05\SMM2-22_20260418_060802.wav
3195.0,3198.0,Mniotilta varia,Black-and-white Warbler,0.6431,D:\Bird_Anuran_ARUs\IF05\SMM2-22_20260418_060802.wav
3198.0,3201.0,Hylocichla mustelina,Wood Thrush,0.8923,D:\Bird_Anuran_ARUs\IF05\SMM2-22_20260418_060802.wav
3204.0,3207.0,Mniotilta varia,Black-and-white Warbler,0.3570,D:\Bird_Anuran_ARUs\IF05\SMM2-22_20260418_060802.wav
3210.0,3213.0,Setophaga pinus,Pine Warbler,0.6071,D:\Bird_Anuran_ARUs\IF05\SMM2-22_20260418_060802.wav
3213.0,3216.0,Hylocichla mustelina,Wood Thrush,0.3616,D:\Bird_Anuran_ARUs\IF05\SMM2-22_20260418_060802.wav
3216.0,3219.0,Mniotilta varia,Black-and-white Warbler,0.8415,D:\Bird_Anuran_ARUs\IF05\SMM2-22_20260418_060802.wav
3228.0,3231.0,Mniotilta varia,Black-and-white Warbler,0.7291,D:\Bird_Anuran_ARUs\IF05\SMM2-22_20260418_060802.wav
3240.0,3243.0,Mniotilta varia,Black-and-white Warbler,0.5206,D:\Bird_Anuran_ARUs\IF05\SMM2-22_20260418_060802.wav
3243.0,3246.0,Mniotilta varia,Black-and-white Warbler,0.7556,D:\Bird_Anuran_ARUs\IF05\SMM2-22_20260418_060802.wav
3249.0,3252.0,Mniotilta varia,Black-and-white Warbler,0.3529,D:\Bird_Anuran_ARUs\IF05\SMM2-22_20260418_060802.wav
3252.0,3255.0,Mniotilta varia,Black-and-white Warbler,0.3640,D:\Bird_Anuran_ARUs\IF05\SMM2-22_20260418_060802.wav
3255.0,3258.0,Cyanocitta cristata,Blue Jay,0.3132,D:\Bird_Anuran_ARUs\IF05\SMM2-22_20260418_060802.wav
3261.0,3264.0,Setophaga pinus,Pine Warbler,0.6689,D:\Bird_Anuran_ARUs\IF05\SMM2-22_20260418_060802.wav
3270.0,3273.0,Seiurus aurocapilla,Ovenbird,0.5757,D:\Bird_Anuran_ARUs\IF05\SMM2-22_20260418_060802.wav
3273.0,3276.0,Mniotilta varia,Black-and-white Warbler,0.4642,D:\Bird_Anuran_ARUs\IF05\SMM2-22_20260418_060802.wav
3276.0,3279.0,Mniotilta varia,Black-and-white Warbler,0.5098,D:\Bird_Anuran_ARUs\IF05\SMM2-22_20260418_060802.wav
3291.0,3294.0,Mniotilta varia,Black-and-white Warbler,0.3587,D:\Bird_Anuran_ARUs\IF05\SMM2-22_20260418_060802.wav
3303.0,3306.0,Cyanocitta cristata,Blue Jay,0.5644,D:\Bird_Anuran_ARUs\IF05\SMM2-22_20260418_060802.wav
3306.0,3309.0,Mniotilta varia,Black-and-white Warbler,0.4536,D:\Bird_Anuran_ARUs\IF05\SMM2-22_20260418_060802.wav
3309.0,3312.0,Setophaga pinus,Pine Warbler,0.3314,D:\Bird_Anuran_ARUs\IF05\SMM2-22_20260418_060802.wav
3312.0,3315.0,Seiurus aurocapilla,Ovenbird,0.5185,D:\Bird_Anuran_ARUs\IF05\SMM2-22_20260418_060802.wav
3315.0,3318.0,Seiurus aurocapilla,Ovenbird,0.4079,D:\Bird_Anuran_ARUs\IF05\SMM2-22_20260418_060802.wav
3324.0,3327.0,Mniotilta varia,Black-and-white Warbler,0.5249,D:\Bird_Anuran_ARUs\IF05\SMM2-22_20260418_060802.wav
3330.0,3333.0,Vireo olivaceus,Red-eyed Vireo,0.3552,D:\Bird_Anuran_ARUs\IF05\SMM2-22_20260418_060802.wav
3330.0,3333.0,Seiurus aurocapilla,Ovenbird,0.3004,D:\Bird_Anuran_ARUs\IF05\SMM2-22_20260418_060802.wav
3330.0,3333.0,Pipilo erythrophthalmus,Eastern Towhee,0.2981,D:\Bird_Anuran_ARUs\IF05\SMM2-22_20260418_060802.wav
3330.0,3333.0,Corvus brachyrhynchos,American Crow,0.2871,D:\Bird_Anuran_ARUs\IF05\SMM2-22_20260418_060802.wav
3336.0,3339.0,Seiurus aurocapilla,Ovenbird,0.7265,D:\Bird_Anuran_ARUs\IF05\SMM2-22_20260418_060802.wav
3348.0,3351.0,Corvus brachyrhynchos,American Crow,0.9319,D:\Bird_Anuran_ARUs\IF05\SMM2-22_20260418_060802.wav
3348.0,3351.0,Seiurus aurocapilla,Ovenbird,0.5751,D:\Bird_Anuran_ARUs\IF05\SMM2-22_20260418_060802.wav
3351.0,3354.0,Mniotilta varia,Black-and-white Warbler,0.8136,D:\Bird_Anuran_ARUs\IF05\SMM2-22_20260418_060802.wav
3351.0,3354.0,Corvus brachyrhynchos,American Crow,0.3027,D:\Bird_Anuran_ARUs\IF05\SMM2-22_20260418_060802.wav
3354.0,3357.0,Mniotilta varia,Black-and-white Warbler,0.7612,D:\Bird_Anuran_ARUs\IF05\SMM2-22_20260418_060802.wav
3354.0,3357.0,Corvus brachyrhynchos,American Crow,0.6380,D:\Bird_Anuran_ARUs\IF05\SMM2-22_20260418_060802.wav
3357.0,3360.0,Corvus brachyrhynchos,American Crow,0.9382,D:\Bird_Anuran_ARUs\IF05\SMM2-22_20260418_060802.wav
3357.0,3360.0,Pipilo erythrophthalmus,Eastern Towhee,0.2796,D:\Bird_Anuran_ARUs\IF05\SMM2-22_20260418_060802.wav
3366.0,3369.0,Dryocopus pileatus,Pileated Woodpecker,0.3739,D:\Bird_Anuran_ARUs\IF05\SMM2-22_20260418_060802.wav
3369.0,3372.0,Dryocopus pileatus,Pileated Woodpecker,0.3490,D:\Bird_Anuran_ARUs\IF05\SMM2-22_20260418_060802.wav
3372.0,3375.0,Mniotilta varia,Black-and-white Warbler,0.8737,D:\Bird_Anuran_ARUs\IF05\SMM2-22_20260418_060802.wav
3381.0,3384.0,Hylocichla mustelina,Wood Thrush,0.3148,D:\Bird_Anuran_ARUs\IF05\SMM2-22_20260418_060802.wav
3381.0,3384.0,Seiurus aurocapilla,Ovenbird,0.2960,D:\Bird_Anuran_ARUs\IF05\SMM2-22_20260418_060802.wav
3384.0,3387.0,Mniotilta varia,Black-and-white Warbler,0.7753,D:\Bird_Anuran_ARUs\IF05\SMM2-22_20260418_060802.wav
3390.0,3393.0,Hylocichla mustelina,Wood Thrush,0.2569,D:\Bird_Anuran_ARUs\IF05\SMM2-22_20260418_060802.wav
3393.0,3396.0,Setophaga pinus,Pine Warbler,0.8950,D:\Bird_Anuran_ARUs\IF05\SMM2-22_20260418_060802.wav
3396.0,3399.0,Setophaga pinus,Pine Warbler,0.7658,D:\Bird_Anuran_ARUs\IF05\SMM2-22_20260418_060802.wav
3396.0,3399.0,Hylocichla mustelina,Wood Thrush,0.2558,D:\Bird_Anuran_ARUs\IF05\SMM2-22_20260418_060802.wav
3399.0,3402.0,Mniotilta varia,Black-and-white Warbler,0.9448,D:\Bird_Anuran_ARUs\IF05\SMM2-22_20260418_060802.wav
3405.0,3408.0,Hylocichla mustelina,Wood Thrush,0.3085,D:\Bird_Anuran_ARUs\IF05\SMM2-22_20260418_060802.wav
3408.0,3411.0,Hylocichla mustelina,Wood Thrush,0.3620,D:\Bird_Anuran_ARUs\IF05\SMM2-22_20260418_060802.wav
3411.0,3414.0,Hylocichla mustelina,Wood Thrush,0.6068,D:\Bird_Anuran_ARUs\IF05\SMM2-22_20260418_060802.wav
3414.0,3417.0,Hylocichla mustelina,Wood Thrush,0.5357,D:\Bird_Anuran_ARUs\IF05\SMM2-22_20260418_060802.wav
3417.0,3420.0,Mniotilta varia,Black-and-white Warbler,0.6794,D:\Bird_Anuran_ARUs\IF05\SMM2-22_20260418_060802.wav
3420.0,3423.0,Mniotilta varia,Black-and-white Warbler,0.8237,D:\Bird_Anuran_ARUs\IF05\SMM2-22_20260418_060802.wav
3426.0,3429.0,Hylocichla mustelina,Wood Thrush,0.2632,D:\Bird_Anuran_ARUs\IF05\SMM2-22_20260418_060802.wav
3429.0,3432.0,Hylocichla mustelina,Wood Thrush,0.4246,D:\Bird_Anuran_ARUs\IF05\SMM2-22_20260418_060802.wav
3435.0,3438.0,Mniotilta varia,Black-and-white Warbler,0.4982,D:\Bird_Anuran_ARUs\IF05\SMM2-22_20260418_060802.wav
3438.0,3441.0,Mniotilta varia,Black-and-white Warbler,0.5956,D:\Bird_Anuran_ARUs\IF05\SMM2-22_20260418_060802.wav
3447.0,3450.0,Mniotilta varia,Black-and-white Warbler,0.8941,D:\Bird_Anuran_ARUs\IF05\SMM2-22_20260418_060802.wav
3450.0,3453.0,Mniotilta varia,Black-and-white Warbler,0.8591,D:\Bird_Anuran_ARUs\IF05\SMM2-22_20260418_060802.wav
3459.0,3462.0,Mniotilta varia,Black-and-white Warbler,0.8102,D:\Bird_Anuran_ARUs\IF05\SMM2-22_20260418_060802.wav
3462.0,3465.0,Setophaga pinus,Pine Warbler,0.4112,D:\Bird_Anuran_ARUs\IF05\SMM2-22_20260418_060802.wav
3465.0,3468.0,Setophaga pinus,Pine Warbler,0.5523,D:\Bird_Anuran_ARUs\IF05\SMM2-22_20260418_060802.wav
3468.0,3471.0,Hylocichla mustelina,Wood Thrush,0.8216,D:\Bird_Anuran_ARUs\IF05\SMM2-22_20260418_060802.wav
3468.0,3471.0,Setophaga pinus,Pine Warbler,0.6707,D:\Bird_Anuran_ARUs\IF05\SMM2-22_20260418_060802.wav
3468.0,3471.0,Pipilo erythrophthalmus,Eastern Towhee,0.4205,D:\Bird_Anuran_ARUs\IF05\SMM2-22_20260418_060802.wav
3471.0,3474.0,Mniotilta varia,Black-and-white Warbler,0.8838,D:\Bird_Anuran_ARUs\IF05\SMM2-22_20260418_060802.wav
3477.0,3480.0,Hylocichla mustelina,Wood Thrush,0.3095,D:\Bird_Anuran_ARUs\IF05\SMM2-22_20260418_060802.wav
3483.0,3486.0,Hylocichla mustelina,Wood Thrush,0.4452,D:\Bird_Anuran_ARUs\IF05\SMM2-22_20260418_060802.wav
3486.0,3489.0,Setophaga pinus,Pine Warbler,0.6957,D:\Bird_Anuran_ARUs\IF05\SMM2-22_20260418_060802.wav
3489.0,3492.0,Mniotilta varia,Black-and-white Warbler,0.5668,D:\Bird_Anuran_ARUs\IF05\SMM2-22_20260418_060802.wav
3492.0,3495.0,Setophaga pinus,Pine Warbler,0.3406,D:\Bird_Anuran_ARUs\IF05\SMM2-22_20260418_060802.wav
3495.0,3498.0,Hylocichla mustelina,Wood Thrush,0.5193,D:\Bird_Anuran_ARUs\IF05\SMM2-22_20260418_060802.wav
3498.0,3501.0,Hylocichla mustelina,Wood Thrush,0.3547,D:\Bird_Anuran_ARUs\IF05\SMM2-22_20260418_060802.wav
3501.0,3504.0,Mniotilta varia,Black-and-white Warbler,0.7068,D:\Bird_Anuran_ARUs\IF05\SMM2-22_20260418_060802.wav
3504.0,3507.0,Mniotilta varia,Black-and-white Warbler,0.8571,D:\Bird_Anuran_ARUs\IF05\SMM2-22_20260418_060802.wav
3507.0,3510.0,Hylocichla mustelina,Wood Thrush,0.6120,D:\Bird_Anuran_ARUs\IF05\SMM2-22_20260418_060802.wav
3507.0,3510.0,Cardinalis cardinalis,Northern Cardinal,0.4338,D:\Bird_Anuran_ARUs\IF05\SMM2-22_20260418_060802.wav
3516.0,3519.0,Mniotilta varia,Black-and-white Warbler,0.8761,D:\Bird_Anuran_ARUs\IF05\SMM2-22_20260418_060802.wav
3519.0,3522.0,Setophaga pinus,Pine Warbler,0.5352,D:\Bird_Anuran_ARUs\IF05\SMM2-22_20260418_060802.wav
3522.0,3525.0,Cardinalis cardinalis,Northern Cardinal,0.5957,D:\Bird_Anuran_ARUs\IF05\SMM2-22_20260418_060802.wav
3522.0,3525.0,Pipilo erythrophthalmus,Eastern Towhee,0.3857,D:\Bird_Anuran_ARUs\IF05\SMM2-22_20260418_060802.wav
3528.0,3531.0,Mniotilta varia,Black-and-white Warbler,0.6039,D:\Bird_Anuran_ARUs\IF05\SMM2-22_20260418_060802.wav
3531.0,3534.0,Hylocichla mustelina,Wood Thrush,0.4648,D:\Bird_Anuran_ARUs\IF05\SMM2-22_20260418_060802.wav
3537.0,3540.0,Hylocichla mustelina,Wood Thrush,0.4659,D:\Bird_Anuran_ARUs\IF05\SMM2-22_20260418_060802.wav
3540.0,3543.0,Mniotilta varia,Black-and-white Warbler,0.7054,D:\Bird_Anuran_ARUs\IF05\SMM2-22_20260418_060802.wav
3546.0,3549.0,Setophaga pinus,Pine Warbler,0.9110,D:\Bird_Anuran_ARUs\IF05\SMM2-22_20260418_060802.wav
3555.0,3558.0,Hylocichla mustelina,Wood Thrush,0.4022,D:\Bird_Anuran_ARUs\IF05\SMM2-22_20260418_060802.wav
3555.0,3558.0,Cardinalis cardinalis,Northern Cardinal,0.3901,D:\Bird_Anuran_ARUs\IF05\SMM2-22_20260418_060802.wav
3558.0,3561.0,Mniotilta varia,Black-and-white Warbler,0.4108,D:\Bird_Anuran_ARUs\IF05\SMM2-22_20260418_060802.wav
3561.0,3564.0,Pipilo erythrophthalmus,Eastern Towhee,0.4226,D:\Bird_Anuran_ARUs\IF05\SMM2-22_20260418_060802.wav
3561.0,3564.0,Hylocichla mustelina,Wood Thrush,0.3954,D:\Bird_Anuran_ARUs\IF05\SMM2-22_20260418_060802.wav
3564.0,3567.0,Setophaga pinus,Pine Warbler,0.7413,D:\Bird_Anuran_ARUs\IF05\SMM2-22_20260418_060802.wav
3567.0,3570.0,Hylocichla mustelina,Wood Thrush,0.5918,D:\Bird_Anuran_ARUs\IF05\SMM2-22_20260418_060802.wav
3567.0,3570.0,Pipilo erythrophthalmus,Eastern Towhee,0.3915,D:\Bird_Anuran_ARUs\IF05\SMM2-22_20260418_060802.wav
3570.0,3573.0,Hylocichla mustelina,Wood Thrush,0.5154,D:\Bird_Anuran_ARUs\IF05\SMM2-22_20260418_060802.wav
3576.0,3579.0,Mniotilta varia,Black-and-white Warbler,0.7656,D:\Bird_Anuran_ARUs\IF05\SMM2-22_20260418_060802.wav
3579.0,3582.0,Mniotilta varia,Black-and-white Warbler,0.4917,D:\Bird_Anuran_ARUs\IF05\SMM2-22_20260418_060802.wav
3585.0,3588.0,Setophaga pinus,Pine Warbler,0.2642,D:\Bird_Anuran_ARUs\IF05\SMM2-22_20260418_060802.wav
3588.0,3591.0,Mniotilta varia,Black-and-white Warbler,0.6694,D:\Bird_Anuran_ARUs\IF05\SMM2-22_20260418_060802.wav
3591.0,3594.0,Mniotilta varia,Black-and-white Warbler,0.7437,D:\Bird_Anuran_ARUs\IF05\SMM2-22_20260418_060802.wav
