Start (s),End (s),Scientific name,Common name,Confidence,File
3.0,6.0,Antrostomus carolinensis,Chuck-will's-widow,0.9478,D:\Bird_Anuran_ARUs\IF06\SMM2-31_20260421_050400.wav
9.0,12.0,Antrostomus carolinensis,Chuck-will's-widow,0.8941,D:\Bird_Anuran_ARUs\IF06\SMM2-31_20260421_050400.wav
33.0,36.0,Pipilo erythrophthalmus,Eastern Towhee,0.2764,D:\Bird_Anuran_ARUs\IF06\SMM2-31_20260421_050400.wav
57.0,60.0,Antrostomus carolinensis,Chuck-will's-widow,0.3442,D:\Bird_Anuran_ARUs\IF06\SMM2-31_20260421_050400.wav
75.0,78.0,Cardinalis cardinalis,Northern Cardinal,0.2551,D:\Bird_Anuran_ARUs\IF06\SMM2-31_20260421_050400.wav
96.0,99.0,Pipilo erythrophthalmus,Eastern Towhee,0.3016,D:\Bird_Anuran_ARUs\IF06\SMM2-31_20260421_050400.wav
114.0,117.0,Pipilo erythrophthalmus,Eastern Towhee,0.3960,D:\Bird_Anuran_ARUs\IF06\SMM2-31_20260421_050400.wav
123.0,126.0,Pipilo erythrophthalmus,Eastern Towhee,0.6895,D:\Bird_Anuran_ARUs\IF06\SMM2-31_20260421_050400.wav
129.0,132.0,Pipilo erythrophthalmus,Eastern Towhee,0.3518,D:\Bird_Anuran_ARUs\IF06\SMM2-31_20260421_050400.wav
132.0,135.0,Pipilo erythrophthalmus,Eastern Towhee,0.4567,D:\Bird_Anuran_ARUs\IF06\SMM2-31_20260421_050400.wav
138.0,141.0,Pipilo erythrophthalmus,Eastern Towhee,0.3287,D:\Bird_Anuran_ARUs\IF06\SMM2-31_20260421_050400.wav
150.0,153.0,Antrostomus carolinensis,Chuck-will's-widow,0.5218,D:\Bird_Anuran_ARUs\IF06\SMM2-31_20260421_050400.wav
165.0,168.0,Pipilo erythrophthalmus,Eastern Towhee,0.7236,D:\Bird_Anuran_ARUs\IF06\SMM2-31_20260421_050400.wav
168.0,171.0,Antrostomus carolinensis,Chuck-will's-widow,0.7787,D:\Bird_Anuran_ARUs\IF06\SMM2-31_20260421_050400.wav
183.0,186.0,Cardinalis cardinalis,Northern Cardinal,0.2609,D:\Bird_Anuran_ARUs\IF06\SMM2-31_20260421_050400.wav
276.0,279.0,Setophaga dominica,Yellow-throated Warbler,0.3934,D:\Bird_Anuran_ARUs\IF06\SMM2-31_20260421_050400.wav
324.0,327.0,Cardinalis cardinalis,Northern Cardinal,0.3076,D:\Bird_Anuran_ARUs\IF06\SMM2-31_20260421_050400.wav
396.0,399.0,Antrostomus carolinensis,Chuck-will's-widow,0.9746,D:\Bird_Anuran_ARUs\IF06\SMM2-31_20260421_050400.wav
414.0,417.0,Antrostomus carolinensis,Chuck-will's-widow,0.8268,D:\Bird_Anuran_ARUs\IF06\SMM2-31_20260421_050400.wav
426.0,429.0,Pipilo erythrophthalmus,Eastern Towhee,0.5424,D:\Bird_Anuran_ARUs\IF06\SMM2-31_20260421_050400.wav
444.0,447.0,Pipilo erythrophthalmus,Eastern Towhee,0.4077,D:\Bird_Anuran_ARUs\IF06\SMM2-31_20260421_050400.wav
459.0,462.0,Pipilo erythrophthalmus,Eastern Towhee,0.7748,D:\Bird_Anuran_ARUs\IF06\SMM2-31_20260421_050400.wav
465.0,468.0,Pipilo erythrophthalmus,Eastern Towhee,0.7994,D:\Bird_Anuran_ARUs\IF06\SMM2-31_20260421_050400.wav
474.0,477.0,Pipilo erythrophthalmus,Eastern Towhee,0.4738,D:\Bird_Anuran_ARUs\IF06\SMM2-31_20260421_050400.wav
474.0,477.0,Setophaga pinus,Pine Warbler,0.3407,D:\Bird_Anuran_ARUs\IF06\SMM2-31_20260421_050400.wav
480.0,483.0,Pipilo erythrophthalmus,Eastern Towhee,0.8987,D:\Bird_Anuran_ARUs\IF06\SMM2-31_20260421_050400.wav
486.0,489.0,Pipilo erythrophthalmus,Eastern Towhee,0.6019,D:\Bird_Anuran_ARUs\IF06\SMM2-31_20260421_050400.wav
492.0,495.0,Pipilo erythrophthalmus,Eastern Towhee,0.9007,D:\Bird_Anuran_ARUs\IF06\SMM2-31_20260421_050400.wav
501.0,504.0,Pipilo erythrophthalmus,Eastern Towhee,0.3298,D:\Bird_Anuran_ARUs\IF06\SMM2-31_20260421_050400.wav
510.0,513.0,Cardinalis cardinalis,Northern Cardinal,0.2687,D:\Bird_Anuran_ARUs\IF06\SMM2-31_20260421_050400.wav
510.0,513.0,Antrostomus carolinensis,Chuck-will's-widow,0.2615,D:\Bird_Anuran_ARUs\IF06\SMM2-31_20260421_050400.wav
513.0,516.0,Pipilo erythrophthalmus,Eastern Towhee,0.6289,D:\Bird_Anuran_ARUs\IF06\SMM2-31_20260421_050400.wav
516.0,519.0,Spizella pusilla,Field Sparrow,0.3097,D:\Bird_Anuran_ARUs\IF06\SMM2-31_20260421_050400.wav
519.0,522.0,Antrostomus carolinensis,Chuck-will's-widow,0.2927,D:\Bird_Anuran_ARUs\IF06\SMM2-31_20260421_050400.wav
525.0,528.0,Antrostomus carolinensis,Chuck-will's-widow,0.4226,D:\Bird_Anuran_ARUs\IF06\SMM2-31_20260421_050400.wav
525.0,528.0,Strix varia,Barred Owl,0.3927,D:\Bird_Anuran_ARUs\IF06\SMM2-31_20260421_050400.wav
531.0,534.0,Baeolophus bicolor,Tufted Titmouse,0.3238,D:\Bird_Anuran_ARUs\IF06\SMM2-31_20260421_050400.wav
531.0,534.0,Cardinalis cardinalis,Northern Cardinal,0.2571,D:\Bird_Anuran_ARUs\IF06\SMM2-31_20260421_050400.wav
540.0,543.0,Pipilo erythrophthalmus,Eastern Towhee,0.4621,D:\Bird_Anuran_ARUs\IF06\SMM2-31_20260421_050400.wav
546.0,549.0,Pipilo erythrophthalmus,Eastern Towhee,0.7764,D:\Bird_Anuran_ARUs\IF06\SMM2-31_20260421_050400.wav
552.0,555.0,Antrostomus carolinensis,Chuck-will's-widow,0.4225,D:\Bird_Anuran_ARUs\IF06\SMM2-31_20260421_050400.wav
558.0,561.0,Antrostomus carolinensis,Chuck-will's-widow,0.7718,D:\Bird_Anuran_ARUs\IF06\SMM2-31_20260421_050400.wav
561.0,564.0,Pipilo erythrophthalmus,Eastern Towhee,0.6152,D:\Bird_Anuran_ARUs\IF06\SMM2-31_20260421_050400.wav
564.0,567.0,Antrostomus carolinensis,Chuck-will's-widow,0.3231,D:\Bird_Anuran_ARUs\IF06\SMM2-31_20260421_050400.wav
567.0,570.0,Pipilo erythrophthalmus,Eastern Towhee,0.3817,D:\Bird_Anuran_ARUs\IF06\SMM2-31_20260421_050400.wav
579.0,582.0,Setophaga pinus,Pine Warbler,0.2597,D:\Bird_Anuran_ARUs\IF06\SMM2-31_20260421_050400.wav
585.0,588.0,Seiurus aurocapilla,Ovenbird,0.2664,D:\Bird_Anuran_ARUs\IF06\SMM2-31_20260421_050400.wav
588.0,591.0,Pipilo erythrophthalmus,Eastern Towhee,0.3938,D:\Bird_Anuran_ARUs\IF06\SMM2-31_20260421_050400.wav
594.0,597.0,Pipilo erythrophthalmus,Eastern Towhee,0.7879,D:\Bird_Anuran_ARUs\IF06\SMM2-31_20260421_050400.wav
600.0,603.0,Baeolophus bicolor,Tufted Titmouse,0.2919,D:\Bird_Anuran_ARUs\IF06\SMM2-31_20260421_050400.wav
603.0,606.0,Cardinalis cardinalis,Northern Cardinal,0.3547,D:\Bird_Anuran_ARUs\IF06\SMM2-31_20260421_050400.wav
615.0,618.0,Cardinalis cardinalis,Northern Cardinal,0.2524,D:\Bird_Anuran_ARUs\IF06\SMM2-31_20260421_050400.wav
624.0,627.0,Pipilo erythrophthalmus,Eastern Towhee,0.7027,D:\Bird_Anuran_ARUs\IF06\SMM2-31_20260421_050400.wav
633.0,636.0,Pipilo erythrophthalmus,Eastern Towhee,0.3747,D:\Bird_Anuran_ARUs\IF06\SMM2-31_20260421_050400.wav
636.0,639.0,Cardinalis cardinalis,Northern Cardinal,0.3400,D:\Bird_Anuran_ARUs\IF06\SMM2-31_20260421_050400.wav
654.0,657.0,Cardinalis cardinalis,Northern Cardinal,0.3661,D:\Bird_Anuran_ARUs\IF06\SMM2-31_20260421_050400.wav
672.0,675.0,Seiurus aurocapilla,Ovenbird,0.3508,D:\Bird_Anuran_ARUs\IF06\SMM2-31_20260421_050400.wav
675.0,678.0,Cardinalis cardinalis,Northern Cardinal,0.5105,D:\Bird_Anuran_ARUs\IF06\SMM2-31_20260421_050400.wav
678.0,681.0,Cardinalis cardinalis,Northern Cardinal,0.3717,D:\Bird_Anuran_ARUs\IF06\SMM2-31_20260421_050400.wav
693.0,696.0,Pipilo erythrophthalmus,Eastern Towhee,0.2914,D:\Bird_Anuran_ARUs\IF06\SMM2-31_20260421_050400.wav
696.0,699.0,Setophaga pinus,Pine Warbler,0.2632,D:\Bird_Anuran_ARUs\IF06\SMM2-31_20260421_050400.wav
699.0,702.0,Cardinalis cardinalis,Northern Cardinal,0.3496,D:\Bird_Anuran_ARUs\IF06\SMM2-31_20260421_050400.wav
708.0,711.0,Pipilo erythrophthalmus,Eastern Towhee,0.7694,D:\Bird_Anuran_ARUs\IF06\SMM2-31_20260421_050400.wav
708.0,711.0,Cardinalis cardinalis,Northern Cardinal,0.3326,D:\Bird_Anuran_ARUs\IF06\SMM2-31_20260421_050400.wav
714.0,717.0,Cardinalis cardinalis,Northern Cardinal,0.4159,D:\Bird_Anuran_ARUs\IF06\SMM2-31_20260421_050400.wav
717.0,720.0,Pipilo erythrophthalmus,Eastern Towhee,0.2933,D:\Bird_Anuran_ARUs\IF06\SMM2-31_20260421_050400.wav
720.0,723.0,Pipilo erythrophthalmus,Eastern Towhee,0.7363,D:\Bird_Anuran_ARUs\IF06\SMM2-31_20260421_050400.wav
723.0,726.0,Setophaga pinus,Pine Warbler,0.5692,D:\Bird_Anuran_ARUs\IF06\SMM2-31_20260421_050400.wav
729.0,732.0,Pipilo erythrophthalmus,Eastern Towhee,0.4810,D:\Bird_Anuran_ARUs\IF06\SMM2-31_20260421_050400.wav
732.0,735.0,Pipilo erythrophthalmus,Eastern Towhee,0.4611,D:\Bird_Anuran_ARUs\IF06\SMM2-31_20260421_050400.wav
735.0,738.0,Cardinalis cardinalis,Northern Cardinal,0.7606,D:\Bird_Anuran_ARUs\IF06\SMM2-31_20260421_050400.wav
735.0,738.0,Pipilo erythrophthalmus,Eastern Towhee,0.3133,D:\Bird_Anuran_ARUs\IF06\SMM2-31_20260421_050400.wav
738.0,741.0,Pipilo erythrophthalmus,Eastern Towhee,0.3147,D:\Bird_Anuran_ARUs\IF06\SMM2-31_20260421_050400.wav
744.0,747.0,Pipilo erythrophthalmus,Eastern Towhee,0.7399,D:\Bird_Anuran_ARUs\IF06\SMM2-31_20260421_050400.wav
747.0,750.0,Pipilo erythrophthalmus,Eastern Towhee,0.4606,D:\Bird_Anuran_ARUs\IF06\SMM2-31_20260421_050400.wav
747.0,750.0,Cardinalis cardinalis,Northern Cardinal,0.4164,D:\Bird_Anuran_ARUs\IF06\SMM2-31_20260421_050400.wav
750.0,753.0,Pipilo erythrophthalmus,Eastern Towhee,0.4189,D:\Bird_Anuran_ARUs\IF06\SMM2-31_20260421_050400.wav
759.0,762.0,Pipilo erythrophthalmus,Eastern Towhee,0.4500,D:\Bird_Anuran_ARUs\IF06\SMM2-31_20260421_050400.wav
762.0,765.0,Baeolophus bicolor,Tufted Titmouse,0.4314,D:\Bird_Anuran_ARUs\IF06\SMM2-31_20260421_050400.wav
768.0,771.0,Pipilo erythrophthalmus,Eastern Towhee,0.7198,D:\Bird_Anuran_ARUs\IF06\SMM2-31_20260421_050400.wav
774.0,777.0,Pipilo erythrophthalmus,Eastern Towhee,0.7893,D:\Bird_Anuran_ARUs\IF06\SMM2-31_20260421_050400.wav
783.0,786.0,Pipilo erythrophthalmus,Eastern Towhee,0.8244,D:\Bird_Anuran_ARUs\IF06\SMM2-31_20260421_050400.wav
789.0,792.0,Setophaga pinus,Pine Warbler,0.2951,D:\Bird_Anuran_ARUs\IF06\SMM2-31_20260421_050400.wav
795.0,798.0,Pipilo erythrophthalmus,Eastern Towhee,0.5867,D:\Bird_Anuran_ARUs\IF06\SMM2-31_20260421_050400.wav
807.0,810.0,Baeolophus bicolor,Tufted Titmouse,0.3193,D:\Bird_Anuran_ARUs\IF06\SMM2-31_20260421_050400.wav
810.0,813.0,Baeolophus bicolor,Tufted Titmouse,0.3595,D:\Bird_Anuran_ARUs\IF06\SMM2-31_20260421_050400.wav
831.0,834.0,Baeolophus bicolor,Tufted Titmouse,0.5735,D:\Bird_Anuran_ARUs\IF06\SMM2-31_20260421_050400.wav
843.0,846.0,Zonotrichia albicollis,White-throated Sparrow,0.3219,D:\Bird_Anuran_ARUs\IF06\SMM2-31_20260421_050400.wav
846.0,849.0,Seiurus aurocapilla,Ovenbird,0.4488,D:\Bird_Anuran_ARUs\IF06\SMM2-31_20260421_050400.wav
864.0,867.0,Pipilo erythrophthalmus,Eastern Towhee,0.6575,D:\Bird_Anuran_ARUs\IF06\SMM2-31_20260421_050400.wav
870.0,873.0,Pipilo erythrophthalmus,Eastern Towhee,0.4356,D:\Bird_Anuran_ARUs\IF06\SMM2-31_20260421_050400.wav
876.0,879.0,Seiurus aurocapilla,Ovenbird,0.6532,D:\Bird_Anuran_ARUs\IF06\SMM2-31_20260421_050400.wav
882.0,885.0,Seiurus aurocapilla,Ovenbird,0.3378,D:\Bird_Anuran_ARUs\IF06\SMM2-31_20260421_050400.wav
885.0,888.0,Molothrus ater,Brown-headed Cowbird,0.2583,D:\Bird_Anuran_ARUs\IF06\SMM2-31_20260421_050400.wav
888.0,891.0,Pipilo erythrophthalmus,Eastern Towhee,0.5643,D:\Bird_Anuran_ARUs\IF06\SMM2-31_20260421_050400.wav
891.0,894.0,Seiurus aurocapilla,Ovenbird,0.4555,D:\Bird_Anuran_ARUs\IF06\SMM2-31_20260421_050400.wav
897.0,900.0,Pipilo erythrophthalmus,Eastern Towhee,0.5214,D:\Bird_Anuran_ARUs\IF06\SMM2-31_20260421_050400.wav
900.0,903.0,Molothrus ater,Brown-headed Cowbird,0.2920,D:\Bird_Anuran_ARUs\IF06\SMM2-31_20260421_050400.wav
903.0,906.0,Pipilo erythrophthalmus,Eastern Towhee,0.5365,D:\Bird_Anuran_ARUs\IF06\SMM2-31_20260421_050400.wav
912.0,915.0,Pipilo erythrophthalmus,Eastern Towhee,0.7136,D:\Bird_Anuran_ARUs\IF06\SMM2-31_20260421_050400.wav
924.0,927.0,Pipilo erythrophthalmus,Eastern Towhee,0.3862,D:\Bird_Anuran_ARUs\IF06\SMM2-31_20260421_050400.wav
936.0,939.0,Pipilo erythrophthalmus,Eastern Towhee,0.3465,D:\Bird_Anuran_ARUs\IF06\SMM2-31_20260421_050400.wav
939.0,942.0,Setophaga citrina,Hooded Warbler,0.2698,D:\Bird_Anuran_ARUs\IF06\SMM2-31_20260421_050400.wav
942.0,945.0,Pipilo erythrophthalmus,Eastern Towhee,0.6685,D:\Bird_Anuran_ARUs\IF06\SMM2-31_20260421_050400.wav
942.0,945.0,Seiurus aurocapilla,Ovenbird,0.3891,D:\Bird_Anuran_ARUs\IF06\SMM2-31_20260421_050400.wav
948.0,951.0,Pipilo erythrophthalmus,Eastern Towhee,0.5632,D:\Bird_Anuran_ARUs\IF06\SMM2-31_20260421_050400.wav
951.0,954.0,Pipilo erythrophthalmus,Eastern Towhee,0.3477,D:\Bird_Anuran_ARUs\IF06\SMM2-31_20260421_050400.wav
954.0,957.0,Pipilo erythrophthalmus,Eastern Towhee,0.3329,D:\Bird_Anuran_ARUs\IF06\SMM2-31_20260421_050400.wav
966.0,969.0,Pipilo erythrophthalmus,Eastern Towhee,0.5408,D:\Bird_Anuran_ARUs\IF06\SMM2-31_20260421_050400.wav
969.0,972.0,Pipilo erythrophthalmus,Eastern Towhee,0.7752,D:\Bird_Anuran_ARUs\IF06\SMM2-31_20260421_050400.wav
972.0,975.0,Pipilo erythrophthalmus,Eastern Towhee,0.3806,D:\Bird_Anuran_ARUs\IF06\SMM2-31_20260421_050400.wav
987.0,990.0,Pipilo erythrophthalmus,Eastern Towhee,0.4818,D:\Bird_Anuran_ARUs\IF06\SMM2-31_20260421_050400.wav
990.0,993.0,Pipilo erythrophthalmus,Eastern Towhee,0.6470,D:\Bird_Anuran_ARUs\IF06\SMM2-31_20260421_050400.wav
990.0,993.0,Seiurus aurocapilla,Ovenbird,0.3629,D:\Bird_Anuran_ARUs\IF06\SMM2-31_20260421_050400.wav
993.0,996.0,Pipilo erythrophthalmus,Eastern Towhee,0.2628,D:\Bird_Anuran_ARUs\IF06\SMM2-31_20260421_050400.wav
996.0,999.0,Pipilo erythrophthalmus,Eastern Towhee,0.6668,D:\Bird_Anuran_ARUs\IF06\SMM2-31_20260421_050400.wav
999.0,1002.0,Pipilo erythrophthalmus,Eastern Towhee,0.6255,D:\Bird_Anuran_ARUs\IF06\SMM2-31_20260421_050400.wav
1005.0,1008.0,Pipilo erythrophthalmus,Eastern Towhee,0.8079,D:\Bird_Anuran_ARUs\IF06\SMM2-31_20260421_050400.wav
1008.0,1011.0,Pipilo erythrophthalmus,Eastern Towhee,0.7119,D:\Bird_Anuran_ARUs\IF06\SMM2-31_20260421_050400.wav
1011.0,1014.0,Pipilo erythrophthalmus,Eastern Towhee,0.2866,D:\Bird_Anuran_ARUs\IF06\SMM2-31_20260421_050400.wav
1017.0,1020.0,Pipilo erythrophthalmus,Eastern Towhee,0.7421,D:\Bird_Anuran_ARUs\IF06\SMM2-31_20260421_050400.wav
1020.0,1023.0,Pipilo erythrophthalmus,Eastern Towhee,0.6760,D:\Bird_Anuran_ARUs\IF06\SMM2-31_20260421_050400.wav
1026.0,1029.0,Piranga olivacea,Scarlet Tanager,0.3265,D:\Bird_Anuran_ARUs\IF06\SMM2-31_20260421_050400.wav
1038.0,1041.0,Pipilo erythrophthalmus,Eastern Towhee,0.8804,D:\Bird_Anuran_ARUs\IF06\SMM2-31_20260421_050400.wav
1038.0,1041.0,Seiurus aurocapilla,Ovenbird,0.3962,D:\Bird_Anuran_ARUs\IF06\SMM2-31_20260421_050400.wav
1044.0,1047.0,Pipilo erythrophthalmus,Eastern Towhee,0.9612,D:\Bird_Anuran_ARUs\IF06\SMM2-31_20260421_050400.wav
1053.0,1056.0,Pipilo erythrophthalmus,Eastern Towhee,0.9332,D:\Bird_Anuran_ARUs\IF06\SMM2-31_20260421_050400.wav
1059.0,1062.0,Pipilo erythrophthalmus,Eastern Towhee,0.8629,D:\Bird_Anuran_ARUs\IF06\SMM2-31_20260421_050400.wav
1065.0,1068.0,Pipilo erythrophthalmus,Eastern Towhee,0.5528,D:\Bird_Anuran_ARUs\IF06\SMM2-31_20260421_050400.wav
1068.0,1071.0,Pipilo erythrophthalmus,Eastern Towhee,0.9198,D:\Bird_Anuran_ARUs\IF06\SMM2-31_20260421_050400.wav
1068.0,1071.0,Baeolophus bicolor,Tufted Titmouse,0.4840,D:\Bird_Anuran_ARUs\IF06\SMM2-31_20260421_050400.wav
1068.0,1071.0,Cardinalis cardinalis,Northern Cardinal,0.2848,D:\Bird_Anuran_ARUs\IF06\SMM2-31_20260421_050400.wav
1074.0,1077.0,Pipilo erythrophthalmus,Eastern Towhee,0.9975,D:\Bird_Anuran_ARUs\IF06\SMM2-31_20260421_050400.wav
1077.0,1080.0,Seiurus aurocapilla,Ovenbird,0.4815,D:\Bird_Anuran_ARUs\IF06\SMM2-31_20260421_050400.wav
1077.0,1080.0,Molothrus ater,Brown-headed Cowbird,0.2894,D:\Bird_Anuran_ARUs\IF06\SMM2-31_20260421_050400.wav
1080.0,1083.0,Pipilo erythrophthalmus,Eastern Towhee,0.2514,D:\Bird_Anuran_ARUs\IF06\SMM2-31_20260421_050400.wav
1083.0,1086.0,Pipilo erythrophthalmus,Eastern Towhee,0.3823,D:\Bird_Anuran_ARUs\IF06\SMM2-31_20260421_050400.wav
1089.0,1092.0,Geothlypis trichas,Common Yellowthroat,0.3563,D:\Bird_Anuran_ARUs\IF06\SMM2-31_20260421_050400.wav
1098.0,1101.0,Pipilo erythrophthalmus,Eastern Towhee,0.7934,D:\Bird_Anuran_ARUs\IF06\SMM2-31_20260421_050400.wav
1098.0,1101.0,Geothlypis trichas,Common Yellowthroat,0.3429,D:\Bird_Anuran_ARUs\IF06\SMM2-31_20260421_050400.wav
1104.0,1107.0,Pipilo erythrophthalmus,Eastern Towhee,0.3048,D:\Bird_Anuran_ARUs\IF06\SMM2-31_20260421_050400.wav
1116.0,1119.0,Dryocopus pileatus,Pileated Woodpecker,0.5162,D:\Bird_Anuran_ARUs\IF06\SMM2-31_20260421_050400.wav
1128.0,1131.0,Seiurus aurocapilla,Ovenbird,0.2694,D:\Bird_Anuran_ARUs\IF06\SMM2-31_20260421_050400.wav
1131.0,1134.0,Pipilo erythrophthalmus,Eastern Towhee,0.4904,D:\Bird_Anuran_ARUs\IF06\SMM2-31_20260421_050400.wav
1134.0,1137.0,Pipilo erythrophthalmus,Eastern Towhee,0.4531,D:\Bird_Anuran_ARUs\IF06\SMM2-31_20260421_050400.wav
1137.0,1140.0,Molothrus ater,Brown-headed Cowbird,0.6609,D:\Bird_Anuran_ARUs\IF06\SMM2-31_20260421_050400.wav
1143.0,1146.0,Seiurus aurocapilla,Ovenbird,0.2945,D:\Bird_Anuran_ARUs\IF06\SMM2-31_20260421_050400.wav
1149.0,1152.0,Dryocopus pileatus,Pileated Woodpecker,0.8458,D:\Bird_Anuran_ARUs\IF06\SMM2-31_20260421_050400.wav
1155.0,1158.0,Molothrus ater,Brown-headed Cowbird,0.6251,D:\Bird_Anuran_ARUs\IF06\SMM2-31_20260421_050400.wav
1155.0,1158.0,Seiurus aurocapilla,Ovenbird,0.3945,D:\Bird_Anuran_ARUs\IF06\SMM2-31_20260421_050400.wav
1158.0,1161.0,Seiurus aurocapilla,Ovenbird,0.6743,D:\Bird_Anuran_ARUs\IF06\SMM2-31_20260421_050400.wav
1158.0,1161.0,Hylocichla mustelina,Wood Thrush,0.3074,D:\Bird_Anuran_ARUs\IF06\SMM2-31_20260421_050400.wav
1161.0,1164.0,Pipilo erythrophthalmus,Eastern Towhee,0.3895,D:\Bird_Anuran_ARUs\IF06\SMM2-31_20260421_050400.wav
1164.0,1167.0,Geothlypis trichas,Common Yellowthroat,0.2690,D:\Bird_Anuran_ARUs\IF06\SMM2-31_20260421_050400.wav
1170.0,1173.0,Seiurus aurocapilla,Ovenbird,0.6864,D:\Bird_Anuran_ARUs\IF06\SMM2-31_20260421_050400.wav
1176.0,1179.0,Molothrus ater,Brown-headed Cowbird,0.2967,D:\Bird_Anuran_ARUs\IF06\SMM2-31_20260421_050400.wav
1182.0,1185.0,Molothrus ater,Brown-headed Cowbird,0.7801,D:\Bird_Anuran_ARUs\IF06\SMM2-31_20260421_050400.wav
1188.0,1191.0,Corvus brachyrhynchos,American Crow,0.4498,D:\Bird_Anuran_ARUs\IF06\SMM2-31_20260421_050400.wav
1188.0,1191.0,Baeolophus bicolor,Tufted Titmouse,0.3985,D:\Bird_Anuran_ARUs\IF06\SMM2-31_20260421_050400.wav
1191.0,1194.0,Baeolophus bicolor,Tufted Titmouse,0.9078,D:\Bird_Anuran_ARUs\IF06\SMM2-31_20260421_050400.wav
1200.0,1203.0,Corvus brachyrhynchos,American Crow,0.9522,D:\Bird_Anuran_ARUs\IF06\SMM2-31_20260421_050400.wav
1200.0,1203.0,Seiurus aurocapilla,Ovenbird,0.6860,D:\Bird_Anuran_ARUs\IF06\SMM2-31_20260421_050400.wav
1200.0,1203.0,Pipilo erythrophthalmus,Eastern Towhee,0.3118,D:\Bird_Anuran_ARUs\IF06\SMM2-31_20260421_050400.wav
1200.0,1203.0,Baeolophus bicolor,Tufted Titmouse,0.2762,D:\Bird_Anuran_ARUs\IF06\SMM2-31_20260421_050400.wav
1203.0,1206.0,Corvus brachyrhynchos,American Crow,0.9172,D:\Bird_Anuran_ARUs\IF06\SMM2-31_20260421_050400.wav
1203.0,1206.0,Pipilo erythrophthalmus,Eastern Towhee,0.5872,D:\Bird_Anuran_ARUs\IF06\SMM2-31_20260421_050400.wav
1203.0,1206.0,Geothlypis trichas,Common Yellowthroat,0.4505,D:\Bird_Anuran_ARUs\IF06\SMM2-31_20260421_050400.wav
1215.0,1218.0,Molothrus ater,Brown-headed Cowbird,0.4500,D:\Bird_Anuran_ARUs\IF06\SMM2-31_20260421_050400.wav
1218.0,1221.0,Corvus brachyrhynchos,American Crow,0.9490,D:\Bird_Anuran_ARUs\IF06\SMM2-31_20260421_050400.wav
1218.0,1221.0,Pipilo erythrophthalmus,Eastern Towhee,0.8776,D:\Bird_Anuran_ARUs\IF06\SMM2-31_20260421_050400.wav
1218.0,1221.0,Seiurus aurocapilla,Ovenbird,0.5093,D:\Bird_Anuran_ARUs\IF06\SMM2-31_20260421_050400.wav
1221.0,1224.0,Pipilo erythrophthalmus,Eastern Towhee,0.8967,D:\Bird_Anuran_ARUs\IF06\SMM2-31_20260421_050400.wav
1221.0,1224.0,Corvus brachyrhynchos,American Crow,0.8576,D:\Bird_Anuran_ARUs\IF06\SMM2-31_20260421_050400.wav
1221.0,1224.0,Hylocichla mustelina,Wood Thrush,0.4940,D:\Bird_Anuran_ARUs\IF06\SMM2-31_20260421_050400.wav
1221.0,1224.0,Seiurus aurocapilla,Ovenbird,0.4752,D:\Bird_Anuran_ARUs\IF06\SMM2-31_20260421_050400.wav
1227.0,1230.0,Corvus brachyrhynchos,American Crow,0.5563,D:\Bird_Anuran_ARUs\IF06\SMM2-31_20260421_050400.wav
1227.0,1230.0,Pipilo erythrophthalmus,Eastern Towhee,0.3231,D:\Bird_Anuran_ARUs\IF06\SMM2-31_20260421_050400.wav
1230.0,1233.0,Molothrus ater,Brown-headed Cowbird,0.3580,D:\Bird_Anuran_ARUs\IF06\SMM2-31_20260421_050400.wav
1233.0,1236.0,Baeolophus bicolor,Tufted Titmouse,0.5661,D:\Bird_Anuran_ARUs\IF06\SMM2-31_20260421_050400.wav
1233.0,1236.0,Corvus brachyrhynchos,American Crow,0.5403,D:\Bird_Anuran_ARUs\IF06\SMM2-31_20260421_050400.wav
1233.0,1236.0,Seiurus aurocapilla,Ovenbird,0.4798,D:\Bird_Anuran_ARUs\IF06\SMM2-31_20260421_050400.wav
1236.0,1239.0,Corvus brachyrhynchos,American Crow,0.9911,D:\Bird_Anuran_ARUs\IF06\SMM2-31_20260421_050400.wav
1236.0,1239.0,Pipilo erythrophthalmus,Eastern Towhee,0.7394,D:\Bird_Anuran_ARUs\IF06\SMM2-31_20260421_050400.wav
1236.0,1239.0,Seiurus aurocapilla,Ovenbird,0.2876,D:\Bird_Anuran_ARUs\IF06\SMM2-31_20260421_050400.wav
1236.0,1239.0,Vireo olivaceus,Red-eyed Vireo,0.2654,D:\Bird_Anuran_ARUs\IF06\SMM2-31_20260421_050400.wav
1239.0,1242.0,Molothrus ater,Brown-headed Cowbird,0.3917,D:\Bird_Anuran_ARUs\IF06\SMM2-31_20260421_050400.wav
1239.0,1242.0,Corvus brachyrhynchos,American Crow,0.3876,D:\Bird_Anuran_ARUs\IF06\SMM2-31_20260421_050400.wav
1239.0,1242.0,Piranga olivacea,Scarlet Tanager,0.2943,D:\Bird_Anuran_ARUs\IF06\SMM2-31_20260421_050400.wav
1242.0,1245.0,Baeolophus bicolor,Tufted Titmouse,0.7187,D:\Bird_Anuran_ARUs\IF06\SMM2-31_20260421_050400.wav
1242.0,1245.0,Pipilo erythrophthalmus,Eastern Towhee,0.5755,D:\Bird_Anuran_ARUs\IF06\SMM2-31_20260421_050400.wav
1242.0,1245.0,Corvus brachyrhynchos,American Crow,0.3663,D:\Bird_Anuran_ARUs\IF06\SMM2-31_20260421_050400.wav
1245.0,1248.0,Pipilo erythrophthalmus,Eastern Towhee,0.3131,D:\Bird_Anuran_ARUs\IF06\SMM2-31_20260421_050400.wav
1248.0,1251.0,Baeolophus bicolor,Tufted Titmouse,0.5751,D:\Bird_Anuran_ARUs\IF06\SMM2-31_20260421_050400.wav
1248.0,1251.0,Corvus brachyrhynchos,American Crow,0.3089,D:\Bird_Anuran_ARUs\IF06\SMM2-31_20260421_050400.wav
1251.0,1254.0,Pipilo erythrophthalmus,Eastern Towhee,0.6171,D:\Bird_Anuran_ARUs\IF06\SMM2-31_20260421_050400.wav
1257.0,1260.0,Molothrus ater,Brown-headed Cowbird,0.3963,D:\Bird_Anuran_ARUs\IF06\SMM2-31_20260421_050400.wav
1260.0,1263.0,Pipilo erythrophthalmus,Eastern Towhee,0.4461,D:\Bird_Anuran_ARUs\IF06\SMM2-31_20260421_050400.wav
1260.0,1263.0,Baeolophus bicolor,Tufted Titmouse,0.3525,D:\Bird_Anuran_ARUs\IF06\SMM2-31_20260421_050400.wav
1263.0,1266.0,Corvus brachyrhynchos,American Crow,0.3386,D:\Bird_Anuran_ARUs\IF06\SMM2-31_20260421_050400.wav
1263.0,1266.0,Pipilo erythrophthalmus,Eastern Towhee,0.2736,D:\Bird_Anuran_ARUs\IF06\SMM2-31_20260421_050400.wav
1266.0,1269.0,Pipilo erythrophthalmus,Eastern Towhee,0.5043,D:\Bird_Anuran_ARUs\IF06\SMM2-31_20260421_050400.wav
1269.0,1272.0,Pipilo erythrophthalmus,Eastern Towhee,0.3751,D:\Bird_Anuran_ARUs\IF06\SMM2-31_20260421_050400.wav
1272.0,1275.0,Corvus brachyrhynchos,American Crow,0.9449,D:\Bird_Anuran_ARUs\IF06\SMM2-31_20260421_050400.wav
1272.0,1275.0,Pipilo erythrophthalmus,Eastern Towhee,0.9446,D:\Bird_Anuran_ARUs\IF06\SMM2-31_20260421_050400.wav
1272.0,1275.0,Molothrus ater,Brown-headed Cowbird,0.3154,D:\Bird_Anuran_ARUs\IF06\SMM2-31_20260421_050400.wav
1278.0,1281.0,Pipilo erythrophthalmus,Eastern Towhee,0.5095,D:\Bird_Anuran_ARUs\IF06\SMM2-31_20260421_050400.wav
1278.0,1281.0,Molothrus ater,Brown-headed Cowbird,0.4681,D:\Bird_Anuran_ARUs\IF06\SMM2-31_20260421_050400.wav
1281.0,1284.0,Pipilo erythrophthalmus,Eastern Towhee,0.7364,D:\Bird_Anuran_ARUs\IF06\SMM2-31_20260421_050400.wav
1281.0,1284.0,Corvus brachyrhynchos,American Crow,0.4953,D:\Bird_Anuran_ARUs\IF06\SMM2-31_20260421_050400.wav
1284.0,1287.0,Pipilo erythrophthalmus,Eastern Towhee,0.8845,D:\Bird_Anuran_ARUs\IF06\SMM2-31_20260421_050400.wav
1284.0,1287.0,Corvus brachyrhynchos,American Crow,0.2737,D:\Bird_Anuran_ARUs\IF06\SMM2-31_20260421_050400.wav
1290.0,1293.0,Pipilo erythrophthalmus,Eastern Towhee,0.9377,D:\Bird_Anuran_ARUs\IF06\SMM2-31_20260421_050400.wav
1296.0,1299.0,Pipilo erythrophthalmus,Eastern Towhee,0.8510,D:\Bird_Anuran_ARUs\IF06\SMM2-31_20260421_050400.wav
1299.0,1302.0,Corvus brachyrhynchos,American Crow,0.7558,D:\Bird_Anuran_ARUs\IF06\SMM2-31_20260421_050400.wav
1299.0,1302.0,Cardinalis cardinalis,Northern Cardinal,0.4340,D:\Bird_Anuran_ARUs\IF06\SMM2-31_20260421_050400.wav
1299.0,1302.0,Seiurus aurocapilla,Ovenbird,0.3937,D:\Bird_Anuran_ARUs\IF06\SMM2-31_20260421_050400.wav
1305.0,1308.0,Molothrus ater,Brown-headed Cowbird,0.4792,D:\Bird_Anuran_ARUs\IF06\SMM2-31_20260421_050400.wav
1314.0,1317.0,Corvus brachyrhynchos,American Crow,0.8451,D:\Bird_Anuran_ARUs\IF06\SMM2-31_20260421_050400.wav
1314.0,1317.0,Pipilo erythrophthalmus,Eastern Towhee,0.3276,D:\Bird_Anuran_ARUs\IF06\SMM2-31_20260421_050400.wav
1317.0,1320.0,Corvus brachyrhynchos,American Crow,0.9718,D:\Bird_Anuran_ARUs\IF06\SMM2-31_20260421_050400.wav
1317.0,1320.0,Pipilo erythrophthalmus,Eastern Towhee,0.9434,D:\Bird_Anuran_ARUs\IF06\SMM2-31_20260421_050400.wav
1317.0,1320.0,Seiurus aurocapilla,Ovenbird,0.4454,D:\Bird_Anuran_ARUs\IF06\SMM2-31_20260421_050400.wav
1320.0,1323.0,Setophaga citrina,Hooded Warbler,0.3746,D:\Bird_Anuran_ARUs\IF06\SMM2-31_20260421_050400.wav
1323.0,1326.0,Molothrus ater,Brown-headed Cowbird,0.4921,D:\Bird_Anuran_ARUs\IF06\SMM2-31_20260421_050400.wav
1323.0,1326.0,Pipilo erythrophthalmus,Eastern Towhee,0.3354,D:\Bird_Anuran_ARUs\IF06\SMM2-31_20260421_050400.wav
1326.0,1329.0,Molothrus ater,Brown-headed Cowbird,0.2957,D:\Bird_Anuran_ARUs\IF06\SMM2-31_20260421_050400.wav
1326.0,1329.0,Corvus brachyrhynchos,American Crow,0.2594,D:\Bird_Anuran_ARUs\IF06\SMM2-31_20260421_050400.wav
1329.0,1332.0,Pipilo erythrophthalmus,Eastern Towhee,0.7800,D:\Bird_Anuran_ARUs\IF06\SMM2-31_20260421_050400.wav
1329.0,1332.0,Corvus brachyrhynchos,American Crow,0.5101,D:\Bird_Anuran_ARUs\IF06\SMM2-31_20260421_050400.wav
1332.0,1335.0,Corvus brachyrhynchos,American Crow,0.6723,D:\Bird_Anuran_ARUs\IF06\SMM2-31_20260421_050400.wav
1332.0,1335.0,Pipilo erythrophthalmus,Eastern Towhee,0.2863,D:\Bird_Anuran_ARUs\IF06\SMM2-31_20260421_050400.wav
1335.0,1338.0,Pipilo erythrophthalmus,Eastern Towhee,0.6264,D:\Bird_Anuran_ARUs\IF06\SMM2-31_20260421_050400.wav
1338.0,1341.0,Corvus brachyrhynchos,American Crow,0.6671,D:\Bird_Anuran_ARUs\IF06\SMM2-31_20260421_050400.wav
1338.0,1341.0,Pipilo erythrophthalmus,Eastern Towhee,0.3492,D:\Bird_Anuran_ARUs\IF06\SMM2-31_20260421_050400.wav
1341.0,1344.0,Corvus brachyrhynchos,American Crow,0.9775,D:\Bird_Anuran_ARUs\IF06\SMM2-31_20260421_050400.wav
1341.0,1344.0,Piranga olivacea,Scarlet Tanager,0.5144,D:\Bird_Anuran_ARUs\IF06\SMM2-31_20260421_050400.wav
1341.0,1344.0,Seiurus aurocapilla,Ovenbird,0.5083,D:\Bird_Anuran_ARUs\IF06\SMM2-31_20260421_050400.wav
1344.0,1347.0,Corvus brachyrhynchos,American Crow,0.9913,D:\Bird_Anuran_ARUs\IF06\SMM2-31_20260421_050400.wav
1344.0,1347.0,Pipilo erythrophthalmus,Eastern Towhee,0.9584,D:\Bird_Anuran_ARUs\IF06\SMM2-31_20260421_050400.wav
1347.0,1350.0,Corvus brachyrhynchos,American Crow,0.9657,D:\Bird_Anuran_ARUs\IF06\SMM2-31_20260421_050400.wav
1347.0,1350.0,Pipilo erythrophthalmus,Eastern Towhee,0.6774,D:\Bird_Anuran_ARUs\IF06\SMM2-31_20260421_050400.wav
1347.0,1350.0,Seiurus aurocapilla,Ovenbird,0.6451,D:\Bird_Anuran_ARUs\IF06\SMM2-31_20260421_050400.wav
1347.0,1350.0,Setophaga citrina,Hooded Warbler,0.2685,D:\Bird_Anuran_ARUs\IF06\SMM2-31_20260421_050400.wav
1350.0,1353.0,Corvus brachyrhynchos,American Crow,0.9859,D:\Bird_Anuran_ARUs\IF06\SMM2-31_20260421_050400.wav
1350.0,1353.0,Pipilo erythrophthalmus,Eastern Towhee,0.8821,D:\Bird_Anuran_ARUs\IF06\SMM2-31_20260421_050400.wav
1350.0,1353.0,Setophaga citrina,Hooded Warbler,0.4163,D:\Bird_Anuran_ARUs\IF06\SMM2-31_20260421_050400.wav
1353.0,1356.0,Corvus brachyrhynchos,American Crow,0.9163,D:\Bird_Anuran_ARUs\IF06\SMM2-31_20260421_050400.wav
1353.0,1356.0,Pipilo erythrophthalmus,Eastern Towhee,0.7158,D:\Bird_Anuran_ARUs\IF06\SMM2-31_20260421_050400.wav
1356.0,1359.0,Corvus brachyrhynchos,American Crow,0.9706,D:\Bird_Anuran_ARUs\IF06\SMM2-31_20260421_050400.wav
1356.0,1359.0,Baeolophus bicolor,Tufted Titmouse,0.4695,D:\Bird_Anuran_ARUs\IF06\SMM2-31_20260421_050400.wav
1359.0,1362.0,Corvus brachyrhynchos,American Crow,0.9946,D:\Bird_Anuran_ARUs\IF06\SMM2-31_20260421_050400.wav
1359.0,1362.0,Pipilo erythrophthalmus,Eastern Towhee,0.9575,D:\Bird_Anuran_ARUs\IF06\SMM2-31_20260421_050400.wav
1362.0,1365.0,Corvus brachyrhynchos,American Crow,0.7537,D:\Bird_Anuran_ARUs\IF06\SMM2-31_20260421_050400.wav
1365.0,1368.0,Corvus brachyrhynchos,American Crow,0.6589,D:\Bird_Anuran_ARUs\IF06\SMM2-31_20260421_050400.wav
1365.0,1368.0,Pipilo erythrophthalmus,Eastern Towhee,0.5962,D:\Bird_Anuran_ARUs\IF06\SMM2-31_20260421_050400.wav
1365.0,1368.0,Seiurus aurocapilla,Ovenbird,0.2774,D:\Bird_Anuran_ARUs\IF06\SMM2-31_20260421_050400.wav
1368.0,1371.0,Pipilo erythrophthalmus,Eastern Towhee,0.9023,D:\Bird_Anuran_ARUs\IF06\SMM2-31_20260421_050400.wav
1368.0,1371.0,Corvus brachyrhynchos,American Crow,0.8320,D:\Bird_Anuran_ARUs\IF06\SMM2-31_20260421_050400.wav
1371.0,1374.0,Corvus brachyrhynchos,American Crow,0.7328,D:\Bird_Anuran_ARUs\IF06\SMM2-31_20260421_050400.wav
1371.0,1374.0,Molothrus ater,Brown-headed Cowbird,0.4032,D:\Bird_Anuran_ARUs\IF06\SMM2-31_20260421_050400.wav
1374.0,1377.0,Corvus brachyrhynchos,American Crow,0.9865,D:\Bird_Anuran_ARUs\IF06\SMM2-31_20260421_050400.wav
1374.0,1377.0,Pipilo erythrophthalmus,Eastern Towhee,0.9838,D:\Bird_Anuran_ARUs\IF06\SMM2-31_20260421_050400.wav
1377.0,1380.0,Corvus brachyrhynchos,American Crow,0.9687,D:\Bird_Anuran_ARUs\IF06\SMM2-31_20260421_050400.wav
1377.0,1380.0,Seiurus aurocapilla,Ovenbird,0.5525,D:\Bird_Anuran_ARUs\IF06\SMM2-31_20260421_050400.wav
1380.0,1383.0,Corvus brachyrhynchos,American Crow,0.9318,D:\Bird_Anuran_ARUs\IF06\SMM2-31_20260421_050400.wav
1380.0,1383.0,Piranga olivacea,Scarlet Tanager,0.7314,D:\Bird_Anuran_ARUs\IF06\SMM2-31_20260421_050400.wav
1383.0,1386.0,Corvus brachyrhynchos,American Crow,0.9958,D:\Bird_Anuran_ARUs\IF06\SMM2-31_20260421_050400.wav
1383.0,1386.0,Pipilo erythrophthalmus,Eastern Towhee,0.7706,D:\Bird_Anuran_ARUs\IF06\SMM2-31_20260421_050400.wav
1386.0,1389.0,Setophaga citrina,Hooded Warbler,0.8746,D:\Bird_Anuran_ARUs\IF06\SMM2-31_20260421_050400.wav
1386.0,1389.0,Corvus brachyrhynchos,American Crow,0.8219,D:\Bird_Anuran_ARUs\IF06\SMM2-31_20260421_050400.wav
1389.0,1392.0,Corvus brachyrhynchos,American Crow,0.9879,D:\Bird_Anuran_ARUs\IF06\SMM2-31_20260421_050400.wav
1389.0,1392.0,Pipilo erythrophthalmus,Eastern Towhee,0.9795,D:\Bird_Anuran_ARUs\IF06\SMM2-31_20260421_050400.wav
1392.0,1395.0,Corvus brachyrhynchos,American Crow,0.9806,D:\Bird_Anuran_ARUs\IF06\SMM2-31_20260421_050400.wav
1395.0,1398.0,Corvus brachyrhynchos,American Crow,0.4319,D:\Bird_Anuran_ARUs\IF06\SMM2-31_20260421_050400.wav
1398.0,1401.0,Corvus brachyrhynchos,American Crow,0.9332,D:\Bird_Anuran_ARUs\IF06\SMM2-31_20260421_050400.wav
1398.0,1401.0,Pipilo erythrophthalmus,Eastern Towhee,0.9121,D:\Bird_Anuran_ARUs\IF06\SMM2-31_20260421_050400.wav
1398.0,1401.0,Setophaga citrina,Hooded Warbler,0.2768,D:\Bird_Anuran_ARUs\IF06\SMM2-31_20260421_050400.wav
1401.0,1404.0,Corvus brachyrhynchos,American Crow,0.9935,D:\Bird_Anuran_ARUs\IF06\SMM2-31_20260421_050400.wav
1401.0,1404.0,Setophaga citrina,Hooded Warbler,0.7745,D:\Bird_Anuran_ARUs\IF06\SMM2-31_20260421_050400.wav
1404.0,1407.0,Corvus brachyrhynchos,American Crow,0.4715,D:\Bird_Anuran_ARUs\IF06\SMM2-31_20260421_050400.wav
1407.0,1410.0,Pipilo erythrophthalmus,Eastern Towhee,0.7638,D:\Bird_Anuran_ARUs\IF06\SMM2-31_20260421_050400.wav
1410.0,1413.0,Corvus brachyrhynchos,American Crow,0.9775,D:\Bird_Anuran_ARUs\IF06\SMM2-31_20260421_050400.wav
1410.0,1413.0,Setophaga citrina,Hooded Warbler,0.9700,D:\Bird_Anuran_ARUs\IF06\SMM2-31_20260421_050400.wav
1413.0,1416.0,Corvus brachyrhynchos,American Crow,0.9868,D:\Bird_Anuran_ARUs\IF06\SMM2-31_20260421_050400.wav
1413.0,1416.0,Pipilo erythrophthalmus,Eastern Towhee,0.9713,D:\Bird_Anuran_ARUs\IF06\SMM2-31_20260421_050400.wav
1413.0,1416.0,Piranga olivacea,Scarlet Tanager,0.2742,D:\Bird_Anuran_ARUs\IF06\SMM2-31_20260421_050400.wav
1416.0,1419.0,Molothrus ater,Brown-headed Cowbird,0.7579,D:\Bird_Anuran_ARUs\IF06\SMM2-31_20260421_050400.wav
1416.0,1419.0,Corvus brachyrhynchos,American Crow,0.5127,D:\Bird_Anuran_ARUs\IF06\SMM2-31_20260421_050400.wav
1419.0,1422.0,Piranga olivacea,Scarlet Tanager,0.3519,D:\Bird_Anuran_ARUs\IF06\SMM2-31_20260421_050400.wav
1422.0,1425.0,Corvus brachyrhynchos,American Crow,0.9504,D:\Bird_Anuran_ARUs\IF06\SMM2-31_20260421_050400.wav
1422.0,1425.0,Pipilo erythrophthalmus,Eastern Towhee,0.8310,D:\Bird_Anuran_ARUs\IF06\SMM2-31_20260421_050400.wav
1422.0,1425.0,Setophaga citrina,Hooded Warbler,0.4269,D:\Bird_Anuran_ARUs\IF06\SMM2-31_20260421_050400.wav
1425.0,1428.0,Corvus brachyrhynchos,American Crow,0.8861,D:\Bird_Anuran_ARUs\IF06\SMM2-31_20260421_050400.wav
1425.0,1428.0,Molothrus ater,Brown-headed Cowbird,0.6143,D:\Bird_Anuran_ARUs\IF06\SMM2-31_20260421_050400.wav
1425.0,1428.0,Setophaga citrina,Hooded Warbler,0.3551,D:\Bird_Anuran_ARUs\IF06\SMM2-31_20260421_050400.wav
1428.0,1431.0,Pipilo erythrophthalmus,Eastern Towhee,0.8984,D:\Bird_Anuran_ARUs\IF06\SMM2-31_20260421_050400.wav
1437.0,1440.0,Pipilo erythrophthalmus,Eastern Towhee,0.4692,D:\Bird_Anuran_ARUs\IF06\SMM2-31_20260421_050400.wav
1443.0,1446.0,Pipilo erythrophthalmus,Eastern Towhee,0.6275,D:\Bird_Anuran_ARUs\IF06\SMM2-31_20260421_050400.wav
1449.0,1452.0,Dryocopus pileatus,Pileated Woodpecker,0.5561,D:\Bird_Anuran_ARUs\IF06\SMM2-31_20260421_050400.wav
1458.0,1461.0,Setophaga pinus,Pine Warbler,0.6712,D:\Bird_Anuran_ARUs\IF06\SMM2-31_20260421_050400.wav
1464.0,1467.0,Setophaga citrina,Hooded Warbler,0.4815,D:\Bird_Anuran_ARUs\IF06\SMM2-31_20260421_050400.wav
1470.0,1473.0,Piranga olivacea,Scarlet Tanager,0.7610,D:\Bird_Anuran_ARUs\IF06\SMM2-31_20260421_050400.wav
1473.0,1476.0,Pipilo erythrophthalmus,Eastern Towhee,0.9238,D:\Bird_Anuran_ARUs\IF06\SMM2-31_20260421_050400.wav
1473.0,1476.0,Hylocichla mustelina,Wood Thrush,0.3739,D:\Bird_Anuran_ARUs\IF06\SMM2-31_20260421_050400.wav
1479.0,1482.0,Pipilo erythrophthalmus,Eastern Towhee,0.8606,D:\Bird_Anuran_ARUs\IF06\SMM2-31_20260421_050400.wav
1482.0,1485.0,Corvus brachyrhynchos,American Crow,0.4000,D:\Bird_Anuran_ARUs\IF06\SMM2-31_20260421_050400.wav
1485.0,1488.0,Pipilo erythrophthalmus,Eastern Towhee,0.7249,D:\Bird_Anuran_ARUs\IF06\SMM2-31_20260421_050400.wav
1485.0,1488.0,Corvus brachyrhynchos,American Crow,0.2783,D:\Bird_Anuran_ARUs\IF06\SMM2-31_20260421_050400.wav
1488.0,1491.0,Pipilo erythrophthalmus,Eastern Towhee,0.5191,D:\Bird_Anuran_ARUs\IF06\SMM2-31_20260421_050400.wav
1491.0,1494.0,Dryocopus pileatus,Pileated Woodpecker,0.4443,D:\Bird_Anuran_ARUs\IF06\SMM2-31_20260421_050400.wav
1494.0,1497.0,Dryocopus pileatus,Pileated Woodpecker,0.5914,D:\Bird_Anuran_ARUs\IF06\SMM2-31_20260421_050400.wav
1497.0,1500.0,Pipilo erythrophthalmus,Eastern Towhee,0.7273,D:\Bird_Anuran_ARUs\IF06\SMM2-31_20260421_050400.wav
1500.0,1503.0,Corvus brachyrhynchos,American Crow,0.9599,D:\Bird_Anuran_ARUs\IF06\SMM2-31_20260421_050400.wav
1500.0,1503.0,Setophaga citrina,Hooded Warbler,0.6405,D:\Bird_Anuran_ARUs\IF06\SMM2-31_20260421_050400.wav
1500.0,1503.0,Geothlypis trichas,Common Yellowthroat,0.6041,D:\Bird_Anuran_ARUs\IF06\SMM2-31_20260421_050400.wav
1500.0,1503.0,Pipilo erythrophthalmus,Eastern Towhee,0.3106,D:\Bird_Anuran_ARUs\IF06\SMM2-31_20260421_050400.wav
1503.0,1506.0,Pipilo erythrophthalmus,Eastern Towhee,0.9619,D:\Bird_Anuran_ARUs\IF06\SMM2-31_20260421_050400.wav
1503.0,1506.0,Corvus brachyrhynchos,American Crow,0.5558,D:\Bird_Anuran_ARUs\IF06\SMM2-31_20260421_050400.wav
1506.0,1509.0,Seiurus aurocapilla,Ovenbird,0.7543,D:\Bird_Anuran_ARUs\IF06\SMM2-31_20260421_050400.wav
1509.0,1512.0,Pipilo erythrophthalmus,Eastern Towhee,0.7333,D:\Bird_Anuran_ARUs\IF06\SMM2-31_20260421_050400.wav
1515.0,1518.0,Setophaga pinus,Pine Warbler,0.6297,D:\Bird_Anuran_ARUs\IF06\SMM2-31_20260421_050400.wav
1518.0,1521.0,Pipilo erythrophthalmus,Eastern Towhee,0.9059,D:\Bird_Anuran_ARUs\IF06\SMM2-31_20260421_050400.wav
1518.0,1521.0,Corvus brachyrhynchos,American Crow,0.3402,D:\Bird_Anuran_ARUs\IF06\SMM2-31_20260421_050400.wav
1521.0,1524.0,Seiurus aurocapilla,Ovenbird,0.3961,D:\Bird_Anuran_ARUs\IF06\SMM2-31_20260421_050400.wav
1521.0,1524.0,Corvus brachyrhynchos,American Crow,0.3666,D:\Bird_Anuran_ARUs\IF06\SMM2-31_20260421_050400.wav
1524.0,1527.0,Pipilo erythrophthalmus,Eastern Towhee,0.9841,D:\Bird_Anuran_ARUs\IF06\SMM2-31_20260421_050400.wav
1527.0,1530.0,Baeolophus bicolor,Tufted Titmouse,0.7863,D:\Bird_Anuran_ARUs\IF06\SMM2-31_20260421_050400.wav
1527.0,1530.0,Corvus brachyrhynchos,American Crow,0.6814,D:\Bird_Anuran_ARUs\IF06\SMM2-31_20260421_050400.wav
1527.0,1530.0,Setophaga citrina,Hooded Warbler,0.2932,D:\Bird_Anuran_ARUs\IF06\SMM2-31_20260421_050400.wav
1530.0,1533.0,Corvus brachyrhynchos,American Crow,0.7253,D:\Bird_Anuran_ARUs\IF06\SMM2-31_20260421_050400.wav
1530.0,1533.0,Piranga olivacea,Scarlet Tanager,0.3475,D:\Bird_Anuran_ARUs\IF06\SMM2-31_20260421_050400.wav
1533.0,1536.0,Pipilo erythrophthalmus,Eastern Towhee,0.8985,D:\Bird_Anuran_ARUs\IF06\SMM2-31_20260421_050400.wav
1533.0,1536.0,Corvus brachyrhynchos,American Crow,0.2774,D:\Bird_Anuran_ARUs\IF06\SMM2-31_20260421_050400.wav
1536.0,1539.0,Baeolophus bicolor,Tufted Titmouse,0.4611,D:\Bird_Anuran_ARUs\IF06\SMM2-31_20260421_050400.wav
1539.0,1542.0,Dryocopus pileatus,Pileated Woodpecker,0.8661,D:\Bird_Anuran_ARUs\IF06\SMM2-31_20260421_050400.wav
1542.0,1545.0,Pipilo erythrophthalmus,Eastern Towhee,0.7615,D:\Bird_Anuran_ARUs\IF06\SMM2-31_20260421_050400.wav
1545.0,1548.0,Pipilo erythrophthalmus,Eastern Towhee,0.3336,D:\Bird_Anuran_ARUs\IF06\SMM2-31_20260421_050400.wav
1548.0,1551.0,Pipilo erythrophthalmus,Eastern Towhee,0.8938,D:\Bird_Anuran_ARUs\IF06\SMM2-31_20260421_050400.wav
1557.0,1560.0,Pipilo erythrophthalmus,Eastern Towhee,0.8952,D:\Bird_Anuran_ARUs\IF06\SMM2-31_20260421_050400.wav
1560.0,1563.0,Baeolophus bicolor,Tufted Titmouse,0.5709,D:\Bird_Anuran_ARUs\IF06\SMM2-31_20260421_050400.wav
1560.0,1563.0,Pipilo erythrophthalmus,Eastern Towhee,0.4564,D:\Bird_Anuran_ARUs\IF06\SMM2-31_20260421_050400.wav
1563.0,1566.0,Pipilo erythrophthalmus,Eastern Towhee,0.6988,D:\Bird_Anuran_ARUs\IF06\SMM2-31_20260421_050400.wav
1566.0,1569.0,Pipilo erythrophthalmus,Eastern Towhee,0.5573,D:\Bird_Anuran_ARUs\IF06\SMM2-31_20260421_050400.wav
1569.0,1572.0,Seiurus aurocapilla,Ovenbird,0.3278,D:\Bird_Anuran_ARUs\IF06\SMM2-31_20260421_050400.wav
1572.0,1575.0,Pipilo erythrophthalmus,Eastern Towhee,0.8104,D:\Bird_Anuran_ARUs\IF06\SMM2-31_20260421_050400.wav
1575.0,1578.0,Corvus brachyrhynchos,American Crow,0.8797,D:\Bird_Anuran_ARUs\IF06\SMM2-31_20260421_050400.wav
1575.0,1578.0,Pipilo erythrophthalmus,Eastern Towhee,0.7224,D:\Bird_Anuran_ARUs\IF06\SMM2-31_20260421_050400.wav
1575.0,1578.0,Setophaga citrina,Hooded Warbler,0.4044,D:\Bird_Anuran_ARUs\IF06\SMM2-31_20260421_050400.wav
1578.0,1581.0,Corvus brachyrhynchos,American Crow,0.8726,D:\Bird_Anuran_ARUs\IF06\SMM2-31_20260421_050400.wav
1578.0,1581.0,Setophaga citrina,Hooded Warbler,0.6083,D:\Bird_Anuran_ARUs\IF06\SMM2-31_20260421_050400.wav
1578.0,1581.0,Pipilo erythrophthalmus,Eastern Towhee,0.5608,D:\Bird_Anuran_ARUs\IF06\SMM2-31_20260421_050400.wav
1581.0,1584.0,Pipilo erythrophthalmus,Eastern Towhee,0.8588,D:\Bird_Anuran_ARUs\IF06\SMM2-31_20260421_050400.wav
1584.0,1587.0,Dryocopus pileatus,Pileated Woodpecker,0.9104,D:\Bird_Anuran_ARUs\IF06\SMM2-31_20260421_050400.wav
1587.0,1590.0,Corvus brachyrhynchos,American Crow,0.9815,D:\Bird_Anuran_ARUs\IF06\SMM2-31_20260421_050400.wav
1587.0,1590.0,Pipilo erythrophthalmus,Eastern Towhee,0.9799,D:\Bird_Anuran_ARUs\IF06\SMM2-31_20260421_050400.wav
1590.0,1593.0,Pipilo erythrophthalmus,Eastern Towhee,0.9707,D:\Bird_Anuran_ARUs\IF06\SMM2-31_20260421_050400.wav
1590.0,1593.0,Corvus brachyrhynchos,American Crow,0.9394,D:\Bird_Anuran_ARUs\IF06\SMM2-31_20260421_050400.wav
1590.0,1593.0,Baeolophus bicolor,Tufted Titmouse,0.3733,D:\Bird_Anuran_ARUs\IF06\SMM2-31_20260421_050400.wav
1593.0,1596.0,Corvus brachyrhynchos,American Crow,0.8278,D:\Bird_Anuran_ARUs\IF06\SMM2-31_20260421_050400.wav
1596.0,1599.0,Pipilo erythrophthalmus,Eastern Towhee,0.9871,D:\Bird_Anuran_ARUs\IF06\SMM2-31_20260421_050400.wav
1596.0,1599.0,Corvus brachyrhynchos,American Crow,0.8820,D:\Bird_Anuran_ARUs\IF06\SMM2-31_20260421_050400.wav
1599.0,1602.0,Corvus brachyrhynchos,American Crow,0.9625,D:\Bird_Anuran_ARUs\IF06\SMM2-31_20260421_050400.wav
1599.0,1602.0,Pipilo erythrophthalmus,Eastern Towhee,0.9358,D:\Bird_Anuran_ARUs\IF06\SMM2-31_20260421_050400.wav
1599.0,1602.0,Molothrus ater,Brown-headed Cowbird,0.5566,D:\Bird_Anuran_ARUs\IF06\SMM2-31_20260421_050400.wav
1602.0,1605.0,Corvus brachyrhynchos,American Crow,0.9940,D:\Bird_Anuran_ARUs\IF06\SMM2-31_20260421_050400.wav
1602.0,1605.0,Pipilo erythrophthalmus,Eastern Towhee,0.9927,D:\Bird_Anuran_ARUs\IF06\SMM2-31_20260421_050400.wav
1605.0,1608.0,Pipilo erythrophthalmus,Eastern Towhee,0.9634,D:\Bird_Anuran_ARUs\IF06\SMM2-31_20260421_050400.wav
1605.0,1608.0,Corvus brachyrhynchos,American Crow,0.7350,D:\Bird_Anuran_ARUs\IF06\SMM2-31_20260421_050400.wav
1608.0,1611.0,Corvus brachyrhynchos,American Crow,0.9752,D:\Bird_Anuran_ARUs\IF06\SMM2-31_20260421_050400.wav
1608.0,1611.0,Pipilo erythrophthalmus,Eastern Towhee,0.4387,D:\Bird_Anuran_ARUs\IF06\SMM2-31_20260421_050400.wav
1608.0,1611.0,Seiurus aurocapilla,Ovenbird,0.2571,D:\Bird_Anuran_ARUs\IF06\SMM2-31_20260421_050400.wav
1611.0,1614.0,Pipilo erythrophthalmus,Eastern Towhee,0.9926,D:\Bird_Anuran_ARUs\IF06\SMM2-31_20260421_050400.wav
1611.0,1614.0,Corvus brachyrhynchos,American Crow,0.9878,D:\Bird_Anuran_ARUs\IF06\SMM2-31_20260421_050400.wav
1614.0,1617.0,Corvus brachyrhynchos,American Crow,0.9597,D:\Bird_Anuran_ARUs\IF06\SMM2-31_20260421_050400.wav
1614.0,1617.0,Baeolophus bicolor,Tufted Titmouse,0.8066,D:\Bird_Anuran_ARUs\IF06\SMM2-31_20260421_050400.wav
1617.0,1620.0,Corvus brachyrhynchos,American Crow,0.7649,D:\Bird_Anuran_ARUs\IF06\SMM2-31_20260421_050400.wav
1617.0,1620.0,Pipilo erythrophthalmus,Eastern Towhee,0.3180,D:\Bird_Anuran_ARUs\IF06\SMM2-31_20260421_050400.wav
1620.0,1623.0,Pipilo erythrophthalmus,Eastern Towhee,0.9809,D:\Bird_Anuran_ARUs\IF06\SMM2-31_20260421_050400.wav
1620.0,1623.0,Corvus brachyrhynchos,American Crow,0.3962,D:\Bird_Anuran_ARUs\IF06\SMM2-31_20260421_050400.wav
1623.0,1626.0,Corvus brachyrhynchos,American Crow,0.9122,D:\Bird_Anuran_ARUs\IF06\SMM2-31_20260421_050400.wav
1623.0,1626.0,Pipilo erythrophthalmus,Eastern Towhee,0.8388,D:\Bird_Anuran_ARUs\IF06\SMM2-31_20260421_050400.wav
1626.0,1629.0,Corvus brachyrhynchos,American Crow,0.9943,D:\Bird_Anuran_ARUs\IF06\SMM2-31_20260421_050400.wav
1626.0,1629.0,Pipilo erythrophthalmus,Eastern Towhee,0.9940,D:\Bird_Anuran_ARUs\IF06\SMM2-31_20260421_050400.wav
1629.0,1632.0,Corvus brachyrhynchos,American Crow,0.9005,D:\Bird_Anuran_ARUs\IF06\SMM2-31_20260421_050400.wav
1629.0,1632.0,Pipilo erythrophthalmus,Eastern Towhee,0.4373,D:\Bird_Anuran_ARUs\IF06\SMM2-31_20260421_050400.wav
1629.0,1632.0,Setophaga citrina,Hooded Warbler,0.4183,D:\Bird_Anuran_ARUs\IF06\SMM2-31_20260421_050400.wav
1632.0,1635.0,Corvus brachyrhynchos,American Crow,0.9225,D:\Bird_Anuran_ARUs\IF06\SMM2-31_20260421_050400.wav
1632.0,1635.0,Baeolophus bicolor,Tufted Titmouse,0.9191,D:\Bird_Anuran_ARUs\IF06\SMM2-31_20260421_050400.wav
1632.0,1635.0,Pipilo erythrophthalmus,Eastern Towhee,0.3871,D:\Bird_Anuran_ARUs\IF06\SMM2-31_20260421_050400.wav
1635.0,1638.0,Pipilo erythrophthalmus,Eastern Towhee,0.9493,D:\Bird_Anuran_ARUs\IF06\SMM2-31_20260421_050400.wav
1635.0,1638.0,Corvus brachyrhynchos,American Crow,0.8330,D:\Bird_Anuran_ARUs\IF06\SMM2-31_20260421_050400.wav
1638.0,1641.0,Corvus brachyrhynchos,American Crow,0.5586,D:\Bird_Anuran_ARUs\IF06\SMM2-31_20260421_050400.wav
1641.0,1644.0,Corvus brachyrhynchos,American Crow,0.8477,D:\Bird_Anuran_ARUs\IF06\SMM2-31_20260421_050400.wav
1641.0,1644.0,Piranga olivacea,Scarlet Tanager,0.7132,D:\Bird_Anuran_ARUs\IF06\SMM2-31_20260421_050400.wav
1641.0,1644.0,Pipilo erythrophthalmus,Eastern Towhee,0.6696,D:\Bird_Anuran_ARUs\IF06\SMM2-31_20260421_050400.wav
1644.0,1647.0,Pipilo erythrophthalmus,Eastern Towhee,0.9812,D:\Bird_Anuran_ARUs\IF06\SMM2-31_20260421_050400.wav
1644.0,1647.0,Corvus brachyrhynchos,American Crow,0.9755,D:\Bird_Anuran_ARUs\IF06\SMM2-31_20260421_050400.wav
1647.0,1650.0,Corvus brachyrhynchos,American Crow,0.8600,D:\Bird_Anuran_ARUs\IF06\SMM2-31_20260421_050400.wav
1647.0,1650.0,Pipilo erythrophthalmus,Eastern Towhee,0.7277,D:\Bird_Anuran_ARUs\IF06\SMM2-31_20260421_050400.wav
1650.0,1653.0,Pipilo erythrophthalmus,Eastern Towhee,0.9934,D:\Bird_Anuran_ARUs\IF06\SMM2-31_20260421_050400.wav
1650.0,1653.0,Corvus brachyrhynchos,American Crow,0.9762,D:\Bird_Anuran_ARUs\IF06\SMM2-31_20260421_050400.wav
1653.0,1656.0,Corvus brachyrhynchos,American Crow,0.8880,D:\Bird_Anuran_ARUs\IF06\SMM2-31_20260421_050400.wav
1653.0,1656.0,Baeolophus bicolor,Tufted Titmouse,0.8582,D:\Bird_Anuran_ARUs\IF06\SMM2-31_20260421_050400.wav
1653.0,1656.0,Pipilo erythrophthalmus,Eastern Towhee,0.5519,D:\Bird_Anuran_ARUs\IF06\SMM2-31_20260421_050400.wav
1656.0,1659.0,Seiurus aurocapilla,Ovenbird,0.9578,D:\Bird_Anuran_ARUs\IF06\SMM2-31_20260421_050400.wav
1656.0,1659.0,Corvus brachyrhynchos,American Crow,0.9406,D:\Bird_Anuran_ARUs\IF06\SMM2-31_20260421_050400.wav
1659.0,1662.0,Pipilo erythrophthalmus,Eastern Towhee,0.7738,D:\Bird_Anuran_ARUs\IF06\SMM2-31_20260421_050400.wav
1662.0,1665.0,Baeolophus bicolor,Tufted Titmouse,0.5337,D:\Bird_Anuran_ARUs\IF06\SMM2-31_20260421_050400.wav
1662.0,1665.0,Setophaga citrina,Hooded Warbler,0.3479,D:\Bird_Anuran_ARUs\IF06\SMM2-31_20260421_050400.wav
1662.0,1665.0,Corvus brachyrhynchos,American Crow,0.3284,D:\Bird_Anuran_ARUs\IF06\SMM2-31_20260421_050400.wav
1665.0,1668.0,Pipilo erythrophthalmus,Eastern Towhee,0.4775,D:\Bird_Anuran_ARUs\IF06\SMM2-31_20260421_050400.wav
1668.0,1671.0,Pipilo erythrophthalmus,Eastern Towhee,0.9923,D:\Bird_Anuran_ARUs\IF06\SMM2-31_20260421_050400.wav
1668.0,1671.0,Corvus brachyrhynchos,American Crow,0.9876,D:\Bird_Anuran_ARUs\IF06\SMM2-31_20260421_050400.wav
1668.0,1671.0,Baeolophus bicolor,Tufted Titmouse,0.3174,D:\Bird_Anuran_ARUs\IF06\SMM2-31_20260421_050400.wav
1671.0,1674.0,Corvus brachyrhynchos,American Crow,0.6607,D:\Bird_Anuran_ARUs\IF06\SMM2-31_20260421_050400.wav
1674.0,1677.0,Dryocopus pileatus,Pileated Woodpecker,0.6444,D:\Bird_Anuran_ARUs\IF06\SMM2-31_20260421_050400.wav
1674.0,1677.0,Pipilo erythrophthalmus,Eastern Towhee,0.5131,D:\Bird_Anuran_ARUs\IF06\SMM2-31_20260421_050400.wav
1677.0,1680.0,Corvus brachyrhynchos,American Crow,0.9790,D:\Bird_Anuran_ARUs\IF06\SMM2-31_20260421_050400.wav
1677.0,1680.0,Pipilo erythrophthalmus,Eastern Towhee,0.8585,D:\Bird_Anuran_ARUs\IF06\SMM2-31_20260421_050400.wav
1680.0,1683.0,Pipilo erythrophthalmus,Eastern Towhee,0.8198,D:\Bird_Anuran_ARUs\IF06\SMM2-31_20260421_050400.wav
1680.0,1683.0,Corvus brachyrhynchos,American Crow,0.7965,D:\Bird_Anuran_ARUs\IF06\SMM2-31_20260421_050400.wav
1683.0,1686.0,Pipilo erythrophthalmus,Eastern Towhee,0.9895,D:\Bird_Anuran_ARUs\IF06\SMM2-31_20260421_050400.wav
1683.0,1686.0,Corvus brachyrhynchos,American Crow,0.6756,D:\Bird_Anuran_ARUs\IF06\SMM2-31_20260421_050400.wav
1686.0,1689.0,Corvus brachyrhynchos,American Crow,0.7277,D:\Bird_Anuran_ARUs\IF06\SMM2-31_20260421_050400.wav
1686.0,1689.0,Baeolophus bicolor,Tufted Titmouse,0.6452,D:\Bird_Anuran_ARUs\IF06\SMM2-31_20260421_050400.wav
1686.0,1689.0,Molothrus ater,Brown-headed Cowbird,0.2516,D:\Bird_Anuran_ARUs\IF06\SMM2-31_20260421_050400.wav
1689.0,1692.0,Pipilo erythrophthalmus,Eastern Towhee,0.9490,D:\Bird_Anuran_ARUs\IF06\SMM2-31_20260421_050400.wav
1689.0,1692.0,Corvus brachyrhynchos,American Crow,0.9398,D:\Bird_Anuran_ARUs\IF06\SMM2-31_20260421_050400.wav
1692.0,1695.0,Corvus brachyrhynchos,American Crow,0.3905,D:\Bird_Anuran_ARUs\IF06\SMM2-31_20260421_050400.wav
1692.0,1695.0,Geothlypis trichas,Common Yellowthroat,0.2946,D:\Bird_Anuran_ARUs\IF06\SMM2-31_20260421_050400.wav
1695.0,1698.0,Corvus brachyrhynchos,American Crow,0.8847,D:\Bird_Anuran_ARUs\IF06\SMM2-31_20260421_050400.wav
1695.0,1698.0,Pipilo erythrophthalmus,Eastern Towhee,0.8370,D:\Bird_Anuran_ARUs\IF06\SMM2-31_20260421_050400.wav
1698.0,1701.0,Corvus brachyrhynchos,American Crow,0.9983,D:\Bird_Anuran_ARUs\IF06\SMM2-31_20260421_050400.wav
1698.0,1701.0,Pipilo erythrophthalmus,Eastern Towhee,0.9953,D:\Bird_Anuran_ARUs\IF06\SMM2-31_20260421_050400.wav
1701.0,1704.0,Corvus brachyrhynchos,American Crow,0.9854,D:\Bird_Anuran_ARUs\IF06\SMM2-31_20260421_050400.wav
1701.0,1704.0,Pipilo erythrophthalmus,Eastern Towhee,0.9263,D:\Bird_Anuran_ARUs\IF06\SMM2-31_20260421_050400.wav
1704.0,1707.0,Corvus brachyrhynchos,American Crow,0.4431,D:\Bird_Anuran_ARUs\IF06\SMM2-31_20260421_050400.wav
1704.0,1707.0,Dryocopus pileatus,Pileated Woodpecker,0.4119,D:\Bird_Anuran_ARUs\IF06\SMM2-31_20260421_050400.wav
1704.0,1707.0,Pipilo erythrophthalmus,Eastern Towhee,0.2755,D:\Bird_Anuran_ARUs\IF06\SMM2-31_20260421_050400.wav
1707.0,1710.0,Pipilo erythrophthalmus,Eastern Towhee,0.9587,D:\Bird_Anuran_ARUs\IF06\SMM2-31_20260421_050400.wav
1707.0,1710.0,Corvus brachyrhynchos,American Crow,0.6908,D:\Bird_Anuran_ARUs\IF06\SMM2-31_20260421_050400.wav
1710.0,1713.0,Pipilo erythrophthalmus,Eastern Towhee,0.6867,D:\Bird_Anuran_ARUs\IF06\SMM2-31_20260421_050400.wav
1710.0,1713.0,Corvus brachyrhynchos,American Crow,0.6334,D:\Bird_Anuran_ARUs\IF06\SMM2-31_20260421_050400.wav
1713.0,1716.0,Piranga olivacea,Scarlet Tanager,0.7342,D:\Bird_Anuran_ARUs\IF06\SMM2-31_20260421_050400.wav
1713.0,1716.0,Corvus brachyrhynchos,American Crow,0.6084,D:\Bird_Anuran_ARUs\IF06\SMM2-31_20260421_050400.wav
1713.0,1716.0,Seiurus aurocapilla,Ovenbird,0.4558,D:\Bird_Anuran_ARUs\IF06\SMM2-31_20260421_050400.wav
1716.0,1719.0,Pipilo erythrophthalmus,Eastern Towhee,0.9962,D:\Bird_Anuran_ARUs\IF06\SMM2-31_20260421_050400.wav
1716.0,1719.0,Corvus brachyrhynchos,American Crow,0.9290,D:\Bird_Anuran_ARUs\IF06\SMM2-31_20260421_050400.wav
1719.0,1722.0,Corvus brachyrhynchos,American Crow,0.9270,D:\Bird_Anuran_ARUs\IF06\SMM2-31_20260421_050400.wav
1719.0,1722.0,Pipilo erythrophthalmus,Eastern Towhee,0.4011,D:\Bird_Anuran_ARUs\IF06\SMM2-31_20260421_050400.wav
1722.0,1725.0,Pipilo erythrophthalmus,Eastern Towhee,0.9724,D:\Bird_Anuran_ARUs\IF06\SMM2-31_20260421_050400.wav
1722.0,1725.0,Corvus brachyrhynchos,American Crow,0.9522,D:\Bird_Anuran_ARUs\IF06\SMM2-31_20260421_050400.wav
1725.0,1728.0,Corvus brachyrhynchos,American Crow,0.9687,D:\Bird_Anuran_ARUs\IF06\SMM2-31_20260421_050400.wav
1725.0,1728.0,Pipilo erythrophthalmus,Eastern Towhee,0.5098,D:\Bird_Anuran_ARUs\IF06\SMM2-31_20260421_050400.wav
1725.0,1728.0,Setophaga citrina,Hooded Warbler,0.4097,D:\Bird_Anuran_ARUs\IF06\SMM2-31_20260421_050400.wav
1728.0,1731.0,Corvus brachyrhynchos,American Crow,0.9910,D:\Bird_Anuran_ARUs\IF06\SMM2-31_20260421_050400.wav
1728.0,1731.0,Baeolophus bicolor,Tufted Titmouse,0.9061,D:\Bird_Anuran_ARUs\IF06\SMM2-31_20260421_050400.wav
1728.0,1731.0,Setophaga citrina,Hooded Warbler,0.5773,D:\Bird_Anuran_ARUs\IF06\SMM2-31_20260421_050400.wav
1731.0,1734.0,Pipilo erythrophthalmus,Eastern Towhee,0.9473,D:\Bird_Anuran_ARUs\IF06\SMM2-31_20260421_050400.wav
1731.0,1734.0,Corvus brachyrhynchos,American Crow,0.4838,D:\Bird_Anuran_ARUs\IF06\SMM2-31_20260421_050400.wav
1734.0,1737.0,Pipilo erythrophthalmus,Eastern Towhee,0.5848,D:\Bird_Anuran_ARUs\IF06\SMM2-31_20260421_050400.wav
1737.0,1740.0,Molothrus ater,Brown-headed Cowbird,0.3262,D:\Bird_Anuran_ARUs\IF06\SMM2-31_20260421_050400.wav
1737.0,1740.0,Corvus brachyrhynchos,American Crow,0.2757,D:\Bird_Anuran_ARUs\IF06\SMM2-31_20260421_050400.wav
1740.0,1743.0,Pipilo erythrophthalmus,Eastern Towhee,0.9731,D:\Bird_Anuran_ARUs\IF06\SMM2-31_20260421_050400.wav
1740.0,1743.0,Corvus brachyrhynchos,American Crow,0.9003,D:\Bird_Anuran_ARUs\IF06\SMM2-31_20260421_050400.wav
1743.0,1746.0,Pipilo erythrophthalmus,Eastern Towhee,0.9372,D:\Bird_Anuran_ARUs\IF06\SMM2-31_20260421_050400.wav
1743.0,1746.0,Corvus brachyrhynchos,American Crow,0.6278,D:\Bird_Anuran_ARUs\IF06\SMM2-31_20260421_050400.wav
1743.0,1746.0,Baeolophus bicolor,Tufted Titmouse,0.3756,D:\Bird_Anuran_ARUs\IF06\SMM2-31_20260421_050400.wav
1746.0,1749.0,Pipilo erythrophthalmus,Eastern Towhee,0.4211,D:\Bird_Anuran_ARUs\IF06\SMM2-31_20260421_050400.wav
1749.0,1752.0,Pipilo erythrophthalmus,Eastern Towhee,0.9514,D:\Bird_Anuran_ARUs\IF06\SMM2-31_20260421_050400.wav
1752.0,1755.0,Corvus brachyrhynchos,American Crow,0.7737,D:\Bird_Anuran_ARUs\IF06\SMM2-31_20260421_050400.wav
1752.0,1755.0,Pipilo erythrophthalmus,Eastern Towhee,0.5603,D:\Bird_Anuran_ARUs\IF06\SMM2-31_20260421_050400.wav
1755.0,1758.0,Pipilo erythrophthalmus,Eastern Towhee,0.9984,D:\Bird_Anuran_ARUs\IF06\SMM2-31_20260421_050400.wav
1755.0,1758.0,Corvus brachyrhynchos,American Crow,0.9856,D:\Bird_Anuran_ARUs\IF06\SMM2-31_20260421_050400.wav
1755.0,1758.0,Piranga olivacea,Scarlet Tanager,0.2862,D:\Bird_Anuran_ARUs\IF06\SMM2-31_20260421_050400.wav
1758.0,1761.0,Corvus brachyrhynchos,American Crow,0.7495,D:\Bird_Anuran_ARUs\IF06\SMM2-31_20260421_050400.wav
1761.0,1764.0,Corvus brachyrhynchos,American Crow,0.8426,D:\Bird_Anuran_ARUs\IF06\SMM2-31_20260421_050400.wav
1761.0,1764.0,Pipilo erythrophthalmus,Eastern Towhee,0.7685,D:\Bird_Anuran_ARUs\IF06\SMM2-31_20260421_050400.wav
1761.0,1764.0,Baeolophus bicolor,Tufted Titmouse,0.5042,D:\Bird_Anuran_ARUs\IF06\SMM2-31_20260421_050400.wav
1764.0,1767.0,Pipilo erythrophthalmus,Eastern Towhee,0.9768,D:\Bird_Anuran_ARUs\IF06\SMM2-31_20260421_050400.wav
1764.0,1767.0,Corvus brachyrhynchos,American Crow,0.9752,D:\Bird_Anuran_ARUs\IF06\SMM2-31_20260421_050400.wav
1767.0,1770.0,Pipilo erythrophthalmus,Eastern Towhee,0.9604,D:\Bird_Anuran_ARUs\IF06\SMM2-31_20260421_050400.wav
1767.0,1770.0,Corvus brachyrhynchos,American Crow,0.9510,D:\Bird_Anuran_ARUs\IF06\SMM2-31_20260421_050400.wav
1767.0,1770.0,Baeolophus bicolor,Tufted Titmouse,0.7386,D:\Bird_Anuran_ARUs\IF06\SMM2-31_20260421_050400.wav
1770.0,1773.0,Corvus brachyrhynchos,American Crow,0.9836,D:\Bird_Anuran_ARUs\IF06\SMM2-31_20260421_050400.wav
1770.0,1773.0,Pipilo erythrophthalmus,Eastern Towhee,0.6834,D:\Bird_Anuran_ARUs\IF06\SMM2-31_20260421_050400.wav
1770.0,1773.0,Piranga olivacea,Scarlet Tanager,0.2818,D:\Bird_Anuran_ARUs\IF06\SMM2-31_20260421_050400.wav
1773.0,1776.0,Pipilo erythrophthalmus,Eastern Towhee,0.9289,D:\Bird_Anuran_ARUs\IF06\SMM2-31_20260421_050400.wav
1776.0,1779.0,Baeolophus bicolor,Tufted Titmouse,0.6193,D:\Bird_Anuran_ARUs\IF06\SMM2-31_20260421_050400.wav
1776.0,1779.0,Corvus brachyrhynchos,American Crow,0.5792,D:\Bird_Anuran_ARUs\IF06\SMM2-31_20260421_050400.wav
1779.0,1782.0,Corvus brachyrhynchos,American Crow,0.9979,D:\Bird_Anuran_ARUs\IF06\SMM2-31_20260421_050400.wav
1779.0,1782.0,Pipilo erythrophthalmus,Eastern Towhee,0.9892,D:\Bird_Anuran_ARUs\IF06\SMM2-31_20260421_050400.wav
1782.0,1785.0,Corvus brachyrhynchos,American Crow,0.9578,D:\Bird_Anuran_ARUs\IF06\SMM2-31_20260421_050400.wav
1782.0,1785.0,Baeolophus bicolor,Tufted Titmouse,0.4094,D:\Bird_Anuran_ARUs\IF06\SMM2-31_20260421_050400.wav
1782.0,1785.0,Pipilo erythrophthalmus,Eastern Towhee,0.2654,D:\Bird_Anuran_ARUs\IF06\SMM2-31_20260421_050400.wav
1785.0,1788.0,Pipilo erythrophthalmus,Eastern Towhee,0.9914,D:\Bird_Anuran_ARUs\IF06\SMM2-31_20260421_050400.wav
1785.0,1788.0,Corvus brachyrhynchos,American Crow,0.9718,D:\Bird_Anuran_ARUs\IF06\SMM2-31_20260421_050400.wav
1788.0,1791.0,Pipilo erythrophthalmus,Eastern Towhee,0.9912,D:\Bird_Anuran_ARUs\IF06\SMM2-31_20260421_050400.wav
1788.0,1791.0,Corvus brachyrhynchos,American Crow,0.9424,D:\Bird_Anuran_ARUs\IF06\SMM2-31_20260421_050400.wav
1791.0,1794.0,Pipilo erythrophthalmus,Eastern Towhee,0.9468,D:\Bird_Anuran_ARUs\IF06\SMM2-31_20260421_050400.wav
1791.0,1794.0,Corvus brachyrhynchos,American Crow,0.9335,D:\Bird_Anuran_ARUs\IF06\SMM2-31_20260421_050400.wav
1794.0,1797.0,Corvus brachyrhynchos,American Crow,0.9988,D:\Bird_Anuran_ARUs\IF06\SMM2-31_20260421_050400.wav
1794.0,1797.0,Pipilo erythrophthalmus,Eastern Towhee,0.9887,D:\Bird_Anuran_ARUs\IF06\SMM2-31_20260421_050400.wav
1797.0,1800.0,Pipilo erythrophthalmus,Eastern Towhee,0.9810,D:\Bird_Anuran_ARUs\IF06\SMM2-31_20260421_050400.wav
1797.0,1800.0,Corvus brachyrhynchos,American Crow,0.9427,D:\Bird_Anuran_ARUs\IF06\SMM2-31_20260421_050400.wav
1800.0,1803.0,Corvus brachyrhynchos,American Crow,0.9637,D:\Bird_Anuran_ARUs\IF06\SMM2-31_20260421_050400.wav
1800.0,1803.0,Setophaga citrina,Hooded Warbler,0.8517,D:\Bird_Anuran_ARUs\IF06\SMM2-31_20260421_050400.wav
1800.0,1803.0,Seiurus aurocapilla,Ovenbird,0.3918,D:\Bird_Anuran_ARUs\IF06\SMM2-31_20260421_050400.wav
1803.0,1806.0,Pipilo erythrophthalmus,Eastern Towhee,0.9854,D:\Bird_Anuran_ARUs\IF06\SMM2-31_20260421_050400.wav
1803.0,1806.0,Corvus brachyrhynchos,American Crow,0.9741,D:\Bird_Anuran_ARUs\IF06\SMM2-31_20260421_050400.wav
1803.0,1806.0,Seiurus aurocapilla,Ovenbird,0.2949,D:\Bird_Anuran_ARUs\IF06\SMM2-31_20260421_050400.wav
1806.0,1809.0,Dryocopus pileatus,Pileated Woodpecker,0.8588,D:\Bird_Anuran_ARUs\IF06\SMM2-31_20260421_050400.wav
1809.0,1812.0,Dryocopus pileatus,Pileated Woodpecker,0.7966,D:\Bird_Anuran_ARUs\IF06\SMM2-31_20260421_050400.wav
1809.0,1812.0,Pipilo erythrophthalmus,Eastern Towhee,0.7271,D:\Bird_Anuran_ARUs\IF06\SMM2-31_20260421_050400.wav
1809.0,1812.0,Corvus brachyrhynchos,American Crow,0.4614,D:\Bird_Anuran_ARUs\IF06\SMM2-31_20260421_050400.wav
1812.0,1815.0,Pipilo erythrophthalmus,Eastern Towhee,0.6244,D:\Bird_Anuran_ARUs\IF06\SMM2-31_20260421_050400.wav
1815.0,1818.0,Pipilo erythrophthalmus,Eastern Towhee,0.9611,D:\Bird_Anuran_ARUs\IF06\SMM2-31_20260421_050400.wav
1815.0,1818.0,Corvus brachyrhynchos,American Crow,0.9349,D:\Bird_Anuran_ARUs\IF06\SMM2-31_20260421_050400.wav
1815.0,1818.0,Setophaga citrina,Hooded Warbler,0.3526,D:\Bird_Anuran_ARUs\IF06\SMM2-31_20260421_050400.wav
1818.0,1821.0,Pipilo erythrophthalmus,Eastern Towhee,0.9755,D:\Bird_Anuran_ARUs\IF06\SMM2-31_20260421_050400.wav
1818.0,1821.0,Corvus brachyrhynchos,American Crow,0.8435,D:\Bird_Anuran_ARUs\IF06\SMM2-31_20260421_050400.wav
1821.0,1824.0,Corvus brachyrhynchos,American Crow,0.9759,D:\Bird_Anuran_ARUs\IF06\SMM2-31_20260421_050400.wav
1821.0,1824.0,Seiurus aurocapilla,Ovenbird,0.9135,D:\Bird_Anuran_ARUs\IF06\SMM2-31_20260421_050400.wav
1821.0,1824.0,Pipilo erythrophthalmus,Eastern Towhee,0.8952,D:\Bird_Anuran_ARUs\IF06\SMM2-31_20260421_050400.wav
1824.0,1827.0,Pipilo erythrophthalmus,Eastern Towhee,0.9067,D:\Bird_Anuran_ARUs\IF06\SMM2-31_20260421_050400.wav
1824.0,1827.0,Corvus brachyrhynchos,American Crow,0.7473,D:\Bird_Anuran_ARUs\IF06\SMM2-31_20260421_050400.wav
1827.0,1830.0,Pipilo erythrophthalmus,Eastern Towhee,0.9640,D:\Bird_Anuran_ARUs\IF06\SMM2-31_20260421_050400.wav
1827.0,1830.0,Corvus brachyrhynchos,American Crow,0.9171,D:\Bird_Anuran_ARUs\IF06\SMM2-31_20260421_050400.wav
1827.0,1830.0,Setophaga citrina,Hooded Warbler,0.2811,D:\Bird_Anuran_ARUs\IF06\SMM2-31_20260421_050400.wav
1830.0,1833.0,Corvus brachyrhynchos,American Crow,0.2626,D:\Bird_Anuran_ARUs\IF06\SMM2-31_20260421_050400.wav
1833.0,1836.0,Pipilo erythrophthalmus,Eastern Towhee,0.9938,D:\Bird_Anuran_ARUs\IF06\SMM2-31_20260421_050400.wav
1833.0,1836.0,Corvus brachyrhynchos,American Crow,0.9872,D:\Bird_Anuran_ARUs\IF06\SMM2-31_20260421_050400.wav
1836.0,1839.0,Pipilo erythrophthalmus,Eastern Towhee,0.8811,D:\Bird_Anuran_ARUs\IF06\SMM2-31_20260421_050400.wav
1836.0,1839.0,Corvus brachyrhynchos,American Crow,0.8113,D:\Bird_Anuran_ARUs\IF06\SMM2-31_20260421_050400.wav
1836.0,1839.0,Baeolophus bicolor,Tufted Titmouse,0.2706,D:\Bird_Anuran_ARUs\IF06\SMM2-31_20260421_050400.wav
1839.0,1842.0,Seiurus aurocapilla,Ovenbird,0.8701,D:\Bird_Anuran_ARUs\IF06\SMM2-31_20260421_050400.wav
1839.0,1842.0,Corvus brachyrhynchos,American Crow,0.7938,D:\Bird_Anuran_ARUs\IF06\SMM2-31_20260421_050400.wav
1842.0,1845.0,Pipilo erythrophthalmus,Eastern Towhee,0.9978,D:\Bird_Anuran_ARUs\IF06\SMM2-31_20260421_050400.wav
1842.0,1845.0,Corvus brachyrhynchos,American Crow,0.8551,D:\Bird_Anuran_ARUs\IF06\SMM2-31_20260421_050400.wav
1845.0,1848.0,Corvus brachyrhynchos,American Crow,0.9149,D:\Bird_Anuran_ARUs\IF06\SMM2-31_20260421_050400.wav
1845.0,1848.0,Seiurus aurocapilla,Ovenbird,0.3632,D:\Bird_Anuran_ARUs\IF06\SMM2-31_20260421_050400.wav
1848.0,1851.0,Corvus brachyrhynchos,American Crow,0.9920,D:\Bird_Anuran_ARUs\IF06\SMM2-31_20260421_050400.wav
1848.0,1851.0,Pipilo erythrophthalmus,Eastern Towhee,0.9800,D:\Bird_Anuran_ARUs\IF06\SMM2-31_20260421_050400.wav
1851.0,1854.0,Corvus brachyrhynchos,American Crow,0.7226,D:\Bird_Anuran_ARUs\IF06\SMM2-31_20260421_050400.wav
1854.0,1857.0,Corvus brachyrhynchos,American Crow,0.4524,D:\Bird_Anuran_ARUs\IF06\SMM2-31_20260421_050400.wav
1854.0,1857.0,Piranga olivacea,Scarlet Tanager,0.3175,D:\Bird_Anuran_ARUs\IF06\SMM2-31_20260421_050400.wav
1854.0,1857.0,Pipilo erythrophthalmus,Eastern Towhee,0.3138,D:\Bird_Anuran_ARUs\IF06\SMM2-31_20260421_050400.wav
1857.0,1860.0,Pipilo erythrophthalmus,Eastern Towhee,0.9978,D:\Bird_Anuran_ARUs\IF06\SMM2-31_20260421_050400.wav
1857.0,1860.0,Corvus brachyrhynchos,American Crow,0.9643,D:\Bird_Anuran_ARUs\IF06\SMM2-31_20260421_050400.wav
1860.0,1863.0,Corvus brachyrhynchos,American Crow,0.9467,D:\Bird_Anuran_ARUs\IF06\SMM2-31_20260421_050400.wav
1860.0,1863.0,Seiurus aurocapilla,Ovenbird,0.5435,D:\Bird_Anuran_ARUs\IF06\SMM2-31_20260421_050400.wav
1863.0,1866.0,Pipilo erythrophthalmus,Eastern Towhee,0.6102,D:\Bird_Anuran_ARUs\IF06\SMM2-31_20260421_050400.wav
1863.0,1866.0,Corvus brachyrhynchos,American Crow,0.5943,D:\Bird_Anuran_ARUs\IF06\SMM2-31_20260421_050400.wav
1863.0,1866.0,Dryocopus pileatus,Pileated Woodpecker,0.3744,D:\Bird_Anuran_ARUs\IF06\SMM2-31_20260421_050400.wav
1866.0,1869.0,Corvus brachyrhynchos,American Crow,0.9559,D:\Bird_Anuran_ARUs\IF06\SMM2-31_20260421_050400.wav
1866.0,1869.0,Molothrus ater,Brown-headed Cowbird,0.5178,D:\Bird_Anuran_ARUs\IF06\SMM2-31_20260421_050400.wav
1869.0,1872.0,Pipilo erythrophthalmus,Eastern Towhee,0.9927,D:\Bird_Anuran_ARUs\IF06\SMM2-31_20260421_050400.wav
1869.0,1872.0,Corvus brachyrhynchos,American Crow,0.9708,D:\Bird_Anuran_ARUs\IF06\SMM2-31_20260421_050400.wav
1872.0,1875.0,Corvus brachyrhynchos,American Crow,0.8980,D:\Bird_Anuran_ARUs\IF06\SMM2-31_20260421_050400.wav
1872.0,1875.0,Pipilo erythrophthalmus,Eastern Towhee,0.5245,D:\Bird_Anuran_ARUs\IF06\SMM2-31_20260421_050400.wav
1875.0,1878.0,Corvus brachyrhynchos,American Crow,0.4563,D:\Bird_Anuran_ARUs\IF06\SMM2-31_20260421_050400.wav
1878.0,1881.0,Corvus brachyrhynchos,American Crow,0.9975,D:\Bird_Anuran_ARUs\IF06\SMM2-31_20260421_050400.wav
1878.0,1881.0,Pipilo erythrophthalmus,Eastern Towhee,0.9966,D:\Bird_Anuran_ARUs\IF06\SMM2-31_20260421_050400.wav
1878.0,1881.0,Piranga olivacea,Scarlet Tanager,0.2981,D:\Bird_Anuran_ARUs\IF06\SMM2-31_20260421_050400.wav
1881.0,1884.0,Corvus brachyrhynchos,American Crow,0.7269,D:\Bird_Anuran_ARUs\IF06\SMM2-31_20260421_050400.wav
1881.0,1884.0,Molothrus ater,Brown-headed Cowbird,0.6473,D:\Bird_Anuran_ARUs\IF06\SMM2-31_20260421_050400.wav
1884.0,1887.0,Corvus brachyrhynchos,American Crow,0.9950,D:\Bird_Anuran_ARUs\IF06\SMM2-31_20260421_050400.wav
1884.0,1887.0,Pipilo erythrophthalmus,Eastern Towhee,0.9783,D:\Bird_Anuran_ARUs\IF06\SMM2-31_20260421_050400.wav
1884.0,1887.0,Piranga olivacea,Scarlet Tanager,0.2753,D:\Bird_Anuran_ARUs\IF06\SMM2-31_20260421_050400.wav
1887.0,1890.0,Pipilo erythrophthalmus,Eastern Towhee,0.9220,D:\Bird_Anuran_ARUs\IF06\SMM2-31_20260421_050400.wav
1887.0,1890.0,Corvus brachyrhynchos,American Crow,0.3030,D:\Bird_Anuran_ARUs\IF06\SMM2-31_20260421_050400.wav
1890.0,1893.0,Corvus brachyrhynchos,American Crow,0.9444,D:\Bird_Anuran_ARUs\IF06\SMM2-31_20260421_050400.wav
1890.0,1893.0,Setophaga citrina,Hooded Warbler,0.9296,D:\Bird_Anuran_ARUs\IF06\SMM2-31_20260421_050400.wav
1890.0,1893.0,Vireo olivaceus,Red-eyed Vireo,0.3692,D:\Bird_Anuran_ARUs\IF06\SMM2-31_20260421_050400.wav
1890.0,1893.0,Pipilo erythrophthalmus,Eastern Towhee,0.2769,D:\Bird_Anuran_ARUs\IF06\SMM2-31_20260421_050400.wav
1893.0,1896.0,Pipilo erythrophthalmus,Eastern Towhee,0.8264,D:\Bird_Anuran_ARUs\IF06\SMM2-31_20260421_050400.wav
1893.0,1896.0,Corvus brachyrhynchos,American Crow,0.7895,D:\Bird_Anuran_ARUs\IF06\SMM2-31_20260421_050400.wav
1896.0,1899.0,Dryocopus pileatus,Pileated Woodpecker,0.9279,D:\Bird_Anuran_ARUs\IF06\SMM2-31_20260421_050400.wav
1899.0,1902.0,Corvus brachyrhynchos,American Crow,0.2910,D:\Bird_Anuran_ARUs\IF06\SMM2-31_20260421_050400.wav
1902.0,1905.0,Pipilo erythrophthalmus,Eastern Towhee,0.9601,D:\Bird_Anuran_ARUs\IF06\SMM2-31_20260421_050400.wav
1902.0,1905.0,Corvus brachyrhynchos,American Crow,0.8964,D:\Bird_Anuran_ARUs\IF06\SMM2-31_20260421_050400.wav
1905.0,1908.0,Corvus brachyrhynchos,American Crow,0.9625,D:\Bird_Anuran_ARUs\IF06\SMM2-31_20260421_050400.wav
1905.0,1908.0,Molothrus ater,Brown-headed Cowbird,0.6247,D:\Bird_Anuran_ARUs\IF06\SMM2-31_20260421_050400.wav
1905.0,1908.0,Seiurus aurocapilla,Ovenbird,0.3513,D:\Bird_Anuran_ARUs\IF06\SMM2-31_20260421_050400.wav
1908.0,1911.0,Pipilo erythrophthalmus,Eastern Towhee,0.9867,D:\Bird_Anuran_ARUs\IF06\SMM2-31_20260421_050400.wav
1908.0,1911.0,Corvus brachyrhynchos,American Crow,0.9357,D:\Bird_Anuran_ARUs\IF06\SMM2-31_20260421_050400.wav
1911.0,1914.0,Corvus brachyrhynchos,American Crow,0.9576,D:\Bird_Anuran_ARUs\IF06\SMM2-31_20260421_050400.wav
1911.0,1914.0,Setophaga citrina,Hooded Warbler,0.6424,D:\Bird_Anuran_ARUs\IF06\SMM2-31_20260421_050400.wav
1911.0,1914.0,Pipilo erythrophthalmus,Eastern Towhee,0.4627,D:\Bird_Anuran_ARUs\IF06\SMM2-31_20260421_050400.wav
1911.0,1914.0,Molothrus ater,Brown-headed Cowbird,0.2608,D:\Bird_Anuran_ARUs\IF06\SMM2-31_20260421_050400.wav
1914.0,1917.0,Corvus brachyrhynchos,American Crow,0.8663,D:\Bird_Anuran_ARUs\IF06\SMM2-31_20260421_050400.wav
1914.0,1917.0,Pipilo erythrophthalmus,Eastern Towhee,0.7404,D:\Bird_Anuran_ARUs\IF06\SMM2-31_20260421_050400.wav
1917.0,1920.0,Pipilo erythrophthalmus,Eastern Towhee,0.8976,D:\Bird_Anuran_ARUs\IF06\SMM2-31_20260421_050400.wav
1917.0,1920.0,Corvus brachyrhynchos,American Crow,0.7008,D:\Bird_Anuran_ARUs\IF06\SMM2-31_20260421_050400.wav
1920.0,1923.0,Corvus brachyrhynchos,American Crow,0.9983,D:\Bird_Anuran_ARUs\IF06\SMM2-31_20260421_050400.wav
1920.0,1923.0,Seiurus aurocapilla,Ovenbird,0.7682,D:\Bird_Anuran_ARUs\IF06\SMM2-31_20260421_050400.wav
1920.0,1923.0,Vireo olivaceus,Red-eyed Vireo,0.5669,D:\Bird_Anuran_ARUs\IF06\SMM2-31_20260421_050400.wav
1923.0,1926.0,Corvus brachyrhynchos,American Crow,0.9883,D:\Bird_Anuran_ARUs\IF06\SMM2-31_20260421_050400.wav
1923.0,1926.0,Pipilo erythrophthalmus,Eastern Towhee,0.9808,D:\Bird_Anuran_ARUs\IF06\SMM2-31_20260421_050400.wav
1923.0,1926.0,Vireo olivaceus,Red-eyed Vireo,0.3604,D:\Bird_Anuran_ARUs\IF06\SMM2-31_20260421_050400.wav
1926.0,1929.0,Dryocopus pileatus,Pileated Woodpecker,0.8126,D:\Bird_Anuran_ARUs\IF06\SMM2-31_20260421_050400.wav
1929.0,1932.0,Corvus brachyrhynchos,American Crow,0.9538,D:\Bird_Anuran_ARUs\IF06\SMM2-31_20260421_050400.wav
1932.0,1935.0,Corvus brachyrhynchos,American Crow,0.9916,D:\Bird_Anuran_ARUs\IF06\SMM2-31_20260421_050400.wav
1932.0,1935.0,Pipilo erythrophthalmus,Eastern Towhee,0.9853,D:\Bird_Anuran_ARUs\IF06\SMM2-31_20260421_050400.wav
1935.0,1938.0,Corvus brachyrhynchos,American Crow,0.9496,D:\Bird_Anuran_ARUs\IF06\SMM2-31_20260421_050400.wav
1935.0,1938.0,Setophaga citrina,Hooded Warbler,0.4994,D:\Bird_Anuran_ARUs\IF06\SMM2-31_20260421_050400.wav
1938.0,1941.0,Corvus brachyrhynchos,American Crow,0.9982,D:\Bird_Anuran_ARUs\IF06\SMM2-31_20260421_050400.wav
1938.0,1941.0,Pipilo erythrophthalmus,Eastern Towhee,0.9946,D:\Bird_Anuran_ARUs\IF06\SMM2-31_20260421_050400.wav
1938.0,1941.0,Vireo olivaceus,Red-eyed Vireo,0.2708,D:\Bird_Anuran_ARUs\IF06\SMM2-31_20260421_050400.wav
1941.0,1944.0,Corvus brachyrhynchos,American Crow,0.9880,D:\Bird_Anuran_ARUs\IF06\SMM2-31_20260421_050400.wav
1941.0,1944.0,Seiurus aurocapilla,Ovenbird,0.7783,D:\Bird_Anuran_ARUs\IF06\SMM2-31_20260421_050400.wav
1941.0,1944.0,Pipilo erythrophthalmus,Eastern Towhee,0.4579,D:\Bird_Anuran_ARUs\IF06\SMM2-31_20260421_050400.wav
1944.0,1947.0,Corvus brachyrhynchos,American Crow,0.9889,D:\Bird_Anuran_ARUs\IF06\SMM2-31_20260421_050400.wav
1944.0,1947.0,Pipilo erythrophthalmus,Eastern Towhee,0.9830,D:\Bird_Anuran_ARUs\IF06\SMM2-31_20260421_050400.wav
1947.0,1950.0,Corvus brachyrhynchos,American Crow,0.9749,D:\Bird_Anuran_ARUs\IF06\SMM2-31_20260421_050400.wav
1947.0,1950.0,Pipilo erythrophthalmus,Eastern Towhee,0.9231,D:\Bird_Anuran_ARUs\IF06\SMM2-31_20260421_050400.wav
1950.0,1953.0,Seiurus aurocapilla,Ovenbird,0.9883,D:\Bird_Anuran_ARUs\IF06\SMM2-31_20260421_050400.wav
1950.0,1953.0,Corvus brachyrhynchos,American Crow,0.9699,D:\Bird_Anuran_ARUs\IF06\SMM2-31_20260421_050400.wav
1953.0,1956.0,Pipilo erythrophthalmus,Eastern Towhee,0.9442,D:\Bird_Anuran_ARUs\IF06\SMM2-31_20260421_050400.wav
1959.0,1962.0,Pipilo erythrophthalmus,Eastern Towhee,0.8916,D:\Bird_Anuran_ARUs\IF06\SMM2-31_20260421_050400.wav
1959.0,1962.0,Corvus brachyrhynchos,American Crow,0.4593,D:\Bird_Anuran_ARUs\IF06\SMM2-31_20260421_050400.wav
1962.0,1965.0,Seiurus aurocapilla,Ovenbird,0.6080,D:\Bird_Anuran_ARUs\IF06\SMM2-31_20260421_050400.wav
1962.0,1965.0,Corvus brachyrhynchos,American Crow,0.5547,D:\Bird_Anuran_ARUs\IF06\SMM2-31_20260421_050400.wav
1965.0,1968.0,Pipilo erythrophthalmus,Eastern Towhee,0.7781,D:\Bird_Anuran_ARUs\IF06\SMM2-31_20260421_050400.wav
1965.0,1968.0,Corvus brachyrhynchos,American Crow,0.2595,D:\Bird_Anuran_ARUs\IF06\SMM2-31_20260421_050400.wav
1968.0,1971.0,Pipilo erythrophthalmus,Eastern Towhee,0.8598,D:\Bird_Anuran_ARUs\IF06\SMM2-31_20260421_050400.wav
1971.0,1974.0,Dryocopus pileatus,Pileated Woodpecker,0.9075,D:\Bird_Anuran_ARUs\IF06\SMM2-31_20260421_050400.wav
1974.0,1977.0,Pipilo erythrophthalmus,Eastern Towhee,0.7303,D:\Bird_Anuran_ARUs\IF06\SMM2-31_20260421_050400.wav
1974.0,1977.0,Corvus brachyrhynchos,American Crow,0.3113,D:\Bird_Anuran_ARUs\IF06\SMM2-31_20260421_050400.wav
1977.0,1980.0,Pipilo erythrophthalmus,Eastern Towhee,0.5468,D:\Bird_Anuran_ARUs\IF06\SMM2-31_20260421_050400.wav
1977.0,1980.0,Setophaga pinus,Pine Warbler,0.3371,D:\Bird_Anuran_ARUs\IF06\SMM2-31_20260421_050400.wav
1983.0,1986.0,Pipilo erythrophthalmus,Eastern Towhee,0.7954,D:\Bird_Anuran_ARUs\IF06\SMM2-31_20260421_050400.wav
1986.0,1989.0,Setophaga citrina,Hooded Warbler,0.5367,D:\Bird_Anuran_ARUs\IF06\SMM2-31_20260421_050400.wav
1995.0,1998.0,Seiurus aurocapilla,Ovenbird,0.9071,D:\Bird_Anuran_ARUs\IF06\SMM2-31_20260421_050400.wav
1998.0,2001.0,Pipilo erythrophthalmus,Eastern Towhee,0.8805,D:\Bird_Anuran_ARUs\IF06\SMM2-31_20260421_050400.wav
1998.0,2001.0,Corvus brachyrhynchos,American Crow,0.3327,D:\Bird_Anuran_ARUs\IF06\SMM2-31_20260421_050400.wav
2001.0,2004.0,Corvus brachyrhynchos,American Crow,0.2764,D:\Bird_Anuran_ARUs\IF06\SMM2-31_20260421_050400.wav
2004.0,2007.0,Corvus brachyrhynchos,American Crow,0.2573,D:\Bird_Anuran_ARUs\IF06\SMM2-31_20260421_050400.wav
2007.0,2010.0,Pipilo erythrophthalmus,Eastern Towhee,0.9424,D:\Bird_Anuran_ARUs\IF06\SMM2-31_20260421_050400.wav
2010.0,2013.0,Dryocopus pileatus,Pileated Woodpecker,0.9107,D:\Bird_Anuran_ARUs\IF06\SMM2-31_20260421_050400.wav
2013.0,2016.0,Seiurus aurocapilla,Ovenbird,0.7847,D:\Bird_Anuran_ARUs\IF06\SMM2-31_20260421_050400.wav
2016.0,2019.0,Pipilo erythrophthalmus,Eastern Towhee,0.5396,D:\Bird_Anuran_ARUs\IF06\SMM2-31_20260421_050400.wav
2016.0,2019.0,Seiurus aurocapilla,Ovenbird,0.2881,D:\Bird_Anuran_ARUs\IF06\SMM2-31_20260421_050400.wav
2019.0,2022.0,Seiurus aurocapilla,Ovenbird,0.5929,D:\Bird_Anuran_ARUs\IF06\SMM2-31_20260421_050400.wav
2025.0,2028.0,Pipilo erythrophthalmus,Eastern Towhee,0.8538,D:\Bird_Anuran_ARUs\IF06\SMM2-31_20260421_050400.wav
2031.0,2034.0,Seiurus aurocapilla,Ovenbird,0.8551,D:\Bird_Anuran_ARUs\IF06\SMM2-31_20260421_050400.wav
2034.0,2037.0,Pipilo erythrophthalmus,Eastern Towhee,0.5792,D:\Bird_Anuran_ARUs\IF06\SMM2-31_20260421_050400.wav
2037.0,2040.0,Setophaga citrina,Hooded Warbler,0.4441,D:\Bird_Anuran_ARUs\IF06\SMM2-31_20260421_050400.wav
2037.0,2040.0,Geothlypis trichas,Common Yellowthroat,0.2843,D:\Bird_Anuran_ARUs\IF06\SMM2-31_20260421_050400.wav
2040.0,2043.0,Pipilo erythrophthalmus,Eastern Towhee,0.5269,D:\Bird_Anuran_ARUs\IF06\SMM2-31_20260421_050400.wav
2046.0,2049.0,Dryocopus pileatus,Pileated Woodpecker,0.8836,D:\Bird_Anuran_ARUs\IF06\SMM2-31_20260421_050400.wav
2049.0,2052.0,Pipilo erythrophthalmus,Eastern Towhee,0.9572,D:\Bird_Anuran_ARUs\IF06\SMM2-31_20260421_050400.wav
2055.0,2058.0,Pipilo erythrophthalmus,Eastern Towhee,0.8702,D:\Bird_Anuran_ARUs\IF06\SMM2-31_20260421_050400.wav
2058.0,2061.0,Pipilo erythrophthalmus,Eastern Towhee,0.6919,D:\Bird_Anuran_ARUs\IF06\SMM2-31_20260421_050400.wav
2061.0,2064.0,Seiurus aurocapilla,Ovenbird,0.8189,D:\Bird_Anuran_ARUs\IF06\SMM2-31_20260421_050400.wav
2064.0,2067.0,Pipilo erythrophthalmus,Eastern Towhee,0.5832,D:\Bird_Anuran_ARUs\IF06\SMM2-31_20260421_050400.wav
2064.0,2067.0,Seiurus aurocapilla,Ovenbird,0.4380,D:\Bird_Anuran_ARUs\IF06\SMM2-31_20260421_050400.wav
2067.0,2070.0,Pipilo erythrophthalmus,Eastern Towhee,0.7657,D:\Bird_Anuran_ARUs\IF06\SMM2-31_20260421_050400.wav
2067.0,2070.0,Setophaga pinus,Pine Warbler,0.3227,D:\Bird_Anuran_ARUs\IF06\SMM2-31_20260421_050400.wav
2070.0,2073.0,Geothlypis trichas,Common Yellowthroat,0.4176,D:\Bird_Anuran_ARUs\IF06\SMM2-31_20260421_050400.wav
2070.0,2073.0,Corvus brachyrhynchos,American Crow,0.3265,D:\Bird_Anuran_ARUs\IF06\SMM2-31_20260421_050400.wav
2073.0,2076.0,Pipilo erythrophthalmus,Eastern Towhee,0.9706,D:\Bird_Anuran_ARUs\IF06\SMM2-31_20260421_050400.wav
2073.0,2076.0,Corvus brachyrhynchos,American Crow,0.5956,D:\Bird_Anuran_ARUs\IF06\SMM2-31_20260421_050400.wav
2076.0,2079.0,Corvus brachyrhynchos,American Crow,0.9588,D:\Bird_Anuran_ARUs\IF06\SMM2-31_20260421_050400.wav
2076.0,2079.0,Pipilo erythrophthalmus,Eastern Towhee,0.7924,D:\Bird_Anuran_ARUs\IF06\SMM2-31_20260421_050400.wav
2079.0,2082.0,Dryocopus pileatus,Pileated Woodpecker,0.3884,D:\Bird_Anuran_ARUs\IF06\SMM2-31_20260421_050400.wav
2082.0,2085.0,Pipilo erythrophthalmus,Eastern Towhee,0.9894,D:\Bird_Anuran_ARUs\IF06\SMM2-31_20260421_050400.wav
2082.0,2085.0,Corvus brachyrhynchos,American Crow,0.6093,D:\Bird_Anuran_ARUs\IF06\SMM2-31_20260421_050400.wav
2085.0,2088.0,Corvus brachyrhynchos,American Crow,0.4633,D:\Bird_Anuran_ARUs\IF06\SMM2-31_20260421_050400.wav
2085.0,2088.0,Seiurus aurocapilla,Ovenbird,0.4196,D:\Bird_Anuran_ARUs\IF06\SMM2-31_20260421_050400.wav
2088.0,2091.0,Seiurus aurocapilla,Ovenbird,0.9828,D:\Bird_Anuran_ARUs\IF06\SMM2-31_20260421_050400.wav
2088.0,2091.0,Corvus brachyrhynchos,American Crow,0.9023,D:\Bird_Anuran_ARUs\IF06\SMM2-31_20260421_050400.wav
2091.0,2094.0,Corvus brachyrhynchos,American Crow,0.9929,D:\Bird_Anuran_ARUs\IF06\SMM2-31_20260421_050400.wav
2091.0,2094.0,Pipilo erythrophthalmus,Eastern Towhee,0.9861,D:\Bird_Anuran_ARUs\IF06\SMM2-31_20260421_050400.wav
2094.0,2097.0,Corvus brachyrhynchos,American Crow,0.9490,D:\Bird_Anuran_ARUs\IF06\SMM2-31_20260421_050400.wav
2094.0,2097.0,Hylocichla mustelina,Wood Thrush,0.6706,D:\Bird_Anuran_ARUs\IF06\SMM2-31_20260421_050400.wav
2094.0,2097.0,Pipilo erythrophthalmus,Eastern Towhee,0.2621,D:\Bird_Anuran_ARUs\IF06\SMM2-31_20260421_050400.wav
2097.0,2100.0,Dryocopus pileatus,Pileated Woodpecker,0.8255,D:\Bird_Anuran_ARUs\IF06\SMM2-31_20260421_050400.wav
2097.0,2100.0,Pipilo erythrophthalmus,Eastern Towhee,0.3496,D:\Bird_Anuran_ARUs\IF06\SMM2-31_20260421_050400.wav
2100.0,2103.0,Dryocopus pileatus,Pileated Woodpecker,0.7750,D:\Bird_Anuran_ARUs\IF06\SMM2-31_20260421_050400.wav
2103.0,2106.0,Pipilo erythrophthalmus,Eastern Towhee,0.7591,D:\Bird_Anuran_ARUs\IF06\SMM2-31_20260421_050400.wav
2103.0,2106.0,Corvus brachyrhynchos,American Crow,0.6240,D:\Bird_Anuran_ARUs\IF06\SMM2-31_20260421_050400.wav
2106.0,2109.0,Pipilo erythrophthalmus,Eastern Towhee,0.9844,D:\Bird_Anuran_ARUs\IF06\SMM2-31_20260421_050400.wav
2106.0,2109.0,Corvus brachyrhynchos,American Crow,0.9665,D:\Bird_Anuran_ARUs\IF06\SMM2-31_20260421_050400.wav
2112.0,2115.0,Pipilo erythrophthalmus,Eastern Towhee,0.9723,D:\Bird_Anuran_ARUs\IF06\SMM2-31_20260421_050400.wav
2112.0,2115.0,Corvus brachyrhynchos,American Crow,0.7650,D:\Bird_Anuran_ARUs\IF06\SMM2-31_20260421_050400.wav
2115.0,2118.0,Corvus brachyrhynchos,American Crow,0.4874,D:\Bird_Anuran_ARUs\IF06\SMM2-31_20260421_050400.wav
2115.0,2118.0,Setophaga citrina,Hooded Warbler,0.3712,D:\Bird_Anuran_ARUs\IF06\SMM2-31_20260421_050400.wav
2118.0,2121.0,Corvus brachyrhynchos,American Crow,0.9922,D:\Bird_Anuran_ARUs\IF06\SMM2-31_20260421_050400.wav
2118.0,2121.0,Pipilo erythrophthalmus,Eastern Towhee,0.9841,D:\Bird_Anuran_ARUs\IF06\SMM2-31_20260421_050400.wav
2121.0,2124.0,Corvus brachyrhynchos,American Crow,0.6737,D:\Bird_Anuran_ARUs\IF06\SMM2-31_20260421_050400.wav
2124.0,2127.0,Corvus brachyrhynchos,American Crow,0.8012,D:\Bird_Anuran_ARUs\IF06\SMM2-31_20260421_050400.wav
2124.0,2127.0,Pipilo erythrophthalmus,Eastern Towhee,0.3041,D:\Bird_Anuran_ARUs\IF06\SMM2-31_20260421_050400.wav
2127.0,2130.0,Dryocopus pileatus,Pileated Woodpecker,0.7870,D:\Bird_Anuran_ARUs\IF06\SMM2-31_20260421_050400.wav
2127.0,2130.0,Pipilo erythrophthalmus,Eastern Towhee,0.5111,D:\Bird_Anuran_ARUs\IF06\SMM2-31_20260421_050400.wav
2130.0,2133.0,Setophaga citrina,Hooded Warbler,0.8746,D:\Bird_Anuran_ARUs\IF06\SMM2-31_20260421_050400.wav
2130.0,2133.0,Corvus brachyrhynchos,American Crow,0.8194,D:\Bird_Anuran_ARUs\IF06\SMM2-31_20260421_050400.wav
2133.0,2136.0,Pipilo erythrophthalmus,Eastern Towhee,0.9232,D:\Bird_Anuran_ARUs\IF06\SMM2-31_20260421_050400.wav
2133.0,2136.0,Corvus brachyrhynchos,American Crow,0.5322,D:\Bird_Anuran_ARUs\IF06\SMM2-31_20260421_050400.wav
2136.0,2139.0,Pipilo erythrophthalmus,Eastern Towhee,0.9542,D:\Bird_Anuran_ARUs\IF06\SMM2-31_20260421_050400.wav
2136.0,2139.0,Corvus brachyrhynchos,American Crow,0.6523,D:\Bird_Anuran_ARUs\IF06\SMM2-31_20260421_050400.wav
2139.0,2142.0,Corvus brachyrhynchos,American Crow,0.5196,D:\Bird_Anuran_ARUs\IF06\SMM2-31_20260421_050400.wav
2139.0,2142.0,Strix varia,Barred Owl,0.3476,D:\Bird_Anuran_ARUs\IF06\SMM2-31_20260421_050400.wav
2139.0,2142.0,Zenaida macroura,Mourning Dove,0.3435,D:\Bird_Anuran_ARUs\IF06\SMM2-31_20260421_050400.wav
2142.0,2145.0,Pipilo erythrophthalmus,Eastern Towhee,0.9177,D:\Bird_Anuran_ARUs\IF06\SMM2-31_20260421_050400.wav
2142.0,2145.0,Corvus brachyrhynchos,American Crow,0.8329,D:\Bird_Anuran_ARUs\IF06\SMM2-31_20260421_050400.wav
2145.0,2148.0,Corvus brachyrhynchos,American Crow,0.6129,D:\Bird_Anuran_ARUs\IF06\SMM2-31_20260421_050400.wav
2145.0,2148.0,Setophaga citrina,Hooded Warbler,0.2982,D:\Bird_Anuran_ARUs\IF06\SMM2-31_20260421_050400.wav
2148.0,2151.0,Corvus brachyrhynchos,American Crow,0.5682,D:\Bird_Anuran_ARUs\IF06\SMM2-31_20260421_050400.wav
2151.0,2154.0,Pipilo erythrophthalmus,Eastern Towhee,0.8254,D:\Bird_Anuran_ARUs\IF06\SMM2-31_20260421_050400.wav
2151.0,2154.0,Corvus brachyrhynchos,American Crow,0.5632,D:\Bird_Anuran_ARUs\IF06\SMM2-31_20260421_050400.wav
2154.0,2157.0,Corvus brachyrhynchos,American Crow,0.8802,D:\Bird_Anuran_ARUs\IF06\SMM2-31_20260421_050400.wav
2157.0,2160.0,Pipilo erythrophthalmus,Eastern Towhee,0.9508,D:\Bird_Anuran_ARUs\IF06\SMM2-31_20260421_050400.wav
2157.0,2160.0,Corvus brachyrhynchos,American Crow,0.9353,D:\Bird_Anuran_ARUs\IF06\SMM2-31_20260421_050400.wav
2157.0,2160.0,Setophaga citrina,Hooded Warbler,0.4312,D:\Bird_Anuran_ARUs\IF06\SMM2-31_20260421_050400.wav
2160.0,2163.0,Dryocopus pileatus,Pileated Woodpecker,0.7874,D:\Bird_Anuran_ARUs\IF06\SMM2-31_20260421_050400.wav
2163.0,2166.0,Pipilo erythrophthalmus,Eastern Towhee,0.9355,D:\Bird_Anuran_ARUs\IF06\SMM2-31_20260421_050400.wav
2163.0,2166.0,Corvus brachyrhynchos,American Crow,0.3932,D:\Bird_Anuran_ARUs\IF06\SMM2-31_20260421_050400.wav
2169.0,2172.0,Pipilo erythrophthalmus,Eastern Towhee,0.8645,D:\Bird_Anuran_ARUs\IF06\SMM2-31_20260421_050400.wav
2169.0,2172.0,Corvus brachyrhynchos,American Crow,0.7356,D:\Bird_Anuran_ARUs\IF06\SMM2-31_20260421_050400.wav
2172.0,2175.0,Corvus brachyrhynchos,American Crow,0.7116,D:\Bird_Anuran_ARUs\IF06\SMM2-31_20260421_050400.wav
2172.0,2175.0,Setophaga citrina,Hooded Warbler,0.5143,D:\Bird_Anuran_ARUs\IF06\SMM2-31_20260421_050400.wav
2175.0,2178.0,Pipilo erythrophthalmus,Eastern Towhee,0.7720,D:\Bird_Anuran_ARUs\IF06\SMM2-31_20260421_050400.wav
2178.0,2181.0,Pipilo erythrophthalmus,Eastern Towhee,0.8562,D:\Bird_Anuran_ARUs\IF06\SMM2-31_20260421_050400.wav
2178.0,2181.0,Setophaga citrina,Hooded Warbler,0.4468,D:\Bird_Anuran_ARUs\IF06\SMM2-31_20260421_050400.wav
2178.0,2181.0,Corvus brachyrhynchos,American Crow,0.3252,D:\Bird_Anuran_ARUs\IF06\SMM2-31_20260421_050400.wav
2181.0,2184.0,Corvus brachyrhynchos,American Crow,0.9584,D:\Bird_Anuran_ARUs\IF06\SMM2-31_20260421_050400.wav
2181.0,2184.0,Setophaga citrina,Hooded Warbler,0.3867,D:\Bird_Anuran_ARUs\IF06\SMM2-31_20260421_050400.wav
2181.0,2184.0,Seiurus aurocapilla,Ovenbird,0.3409,D:\Bird_Anuran_ARUs\IF06\SMM2-31_20260421_050400.wav
2181.0,2184.0,Pipilo erythrophthalmus,Eastern Towhee,0.3192,D:\Bird_Anuran_ARUs\IF06\SMM2-31_20260421_050400.wav
2184.0,2187.0,Corvus brachyrhynchos,American Crow,0.9914,D:\Bird_Anuran_ARUs\IF06\SMM2-31_20260421_050400.wav
2184.0,2187.0,Pipilo erythrophthalmus,Eastern Towhee,0.9822,D:\Bird_Anuran_ARUs\IF06\SMM2-31_20260421_050400.wav
2187.0,2190.0,Corvus brachyrhynchos,American Crow,0.9191,D:\Bird_Anuran_ARUs\IF06\SMM2-31_20260421_050400.wav
2187.0,2190.0,Setophaga citrina,Hooded Warbler,0.8457,D:\Bird_Anuran_ARUs\IF06\SMM2-31_20260421_050400.wav
2190.0,2193.0,Pipilo erythrophthalmus,Eastern Towhee,0.8529,D:\Bird_Anuran_ARUs\IF06\SMM2-31_20260421_050400.wav
2190.0,2193.0,Corvus brachyrhynchos,American Crow,0.6871,D:\Bird_Anuran_ARUs\IF06\SMM2-31_20260421_050400.wav
2193.0,2196.0,Dryocopus pileatus,Pileated Woodpecker,0.8948,D:\Bird_Anuran_ARUs\IF06\SMM2-31_20260421_050400.wav
2199.0,2202.0,Pipilo erythrophthalmus,Eastern Towhee,0.9848,D:\Bird_Anuran_ARUs\IF06\SMM2-31_20260421_050400.wav
2199.0,2202.0,Corvus brachyrhynchos,American Crow,0.8361,D:\Bird_Anuran_ARUs\IF06\SMM2-31_20260421_050400.wav
2202.0,2205.0,Setophaga citrina,Hooded Warbler,0.8315,D:\Bird_Anuran_ARUs\IF06\SMM2-31_20260421_050400.wav
2202.0,2205.0,Corvus brachyrhynchos,American Crow,0.7715,D:\Bird_Anuran_ARUs\IF06\SMM2-31_20260421_050400.wav
2205.0,2208.0,Pipilo erythrophthalmus,Eastern Towhee,0.9852,D:\Bird_Anuran_ARUs\IF06\SMM2-31_20260421_050400.wav
2205.0,2208.0,Corvus brachyrhynchos,American Crow,0.9329,D:\Bird_Anuran_ARUs\IF06\SMM2-31_20260421_050400.wav
2208.0,2211.0,Corvus brachyrhynchos,American Crow,0.5298,D:\Bird_Anuran_ARUs\IF06\SMM2-31_20260421_050400.wav
2214.0,2217.0,Pipilo erythrophthalmus,Eastern Towhee,0.9274,D:\Bird_Anuran_ARUs\IF06\SMM2-31_20260421_050400.wav
2214.0,2217.0,Corvus brachyrhynchos,American Crow,0.8047,D:\Bird_Anuran_ARUs\IF06\SMM2-31_20260421_050400.wav
2214.0,2217.0,Setophaga citrina,Hooded Warbler,0.2588,D:\Bird_Anuran_ARUs\IF06\SMM2-31_20260421_050400.wav
2217.0,2220.0,Setophaga citrina,Hooded Warbler,0.9060,D:\Bird_Anuran_ARUs\IF06\SMM2-31_20260421_050400.wav
2217.0,2220.0,Corvus brachyrhynchos,American Crow,0.8054,D:\Bird_Anuran_ARUs\IF06\SMM2-31_20260421_050400.wav
2220.0,2223.0,Pipilo erythrophthalmus,Eastern Towhee,0.9961,D:\Bird_Anuran_ARUs\IF06\SMM2-31_20260421_050400.wav
2220.0,2223.0,Corvus brachyrhynchos,American Crow,0.9759,D:\Bird_Anuran_ARUs\IF06\SMM2-31_20260421_050400.wav
2223.0,2226.0,Dryocopus pileatus,Pileated Woodpecker,0.8605,D:\Bird_Anuran_ARUs\IF06\SMM2-31_20260421_050400.wav
2226.0,2229.0,Pipilo erythrophthalmus,Eastern Towhee,0.8701,D:\Bird_Anuran_ARUs\IF06\SMM2-31_20260421_050400.wav
2229.0,2232.0,Pipilo erythrophthalmus,Eastern Towhee,0.8941,D:\Bird_Anuran_ARUs\IF06\SMM2-31_20260421_050400.wav
2235.0,2238.0,Pipilo erythrophthalmus,Eastern Towhee,0.9265,D:\Bird_Anuran_ARUs\IF06\SMM2-31_20260421_050400.wav
2238.0,2241.0,Pipilo erythrophthalmus,Eastern Towhee,0.7606,D:\Bird_Anuran_ARUs\IF06\SMM2-31_20260421_050400.wav
2241.0,2244.0,Pipilo erythrophthalmus,Eastern Towhee,0.9207,D:\Bird_Anuran_ARUs\IF06\SMM2-31_20260421_050400.wav
2244.0,2247.0,Pipilo erythrophthalmus,Eastern Towhee,0.8040,D:\Bird_Anuran_ARUs\IF06\SMM2-31_20260421_050400.wav
2247.0,2250.0,Pipilo erythrophthalmus,Eastern Towhee,0.9062,D:\Bird_Anuran_ARUs\IF06\SMM2-31_20260421_050400.wav
2250.0,2253.0,Corvus brachyrhynchos,American Crow,0.9360,D:\Bird_Anuran_ARUs\IF06\SMM2-31_20260421_050400.wav
2250.0,2253.0,Pipilo erythrophthalmus,Eastern Towhee,0.8512,D:\Bird_Anuran_ARUs\IF06\SMM2-31_20260421_050400.wav
2253.0,2256.0,Corvus brachyrhynchos,American Crow,0.5568,D:\Bird_Anuran_ARUs\IF06\SMM2-31_20260421_050400.wav
2253.0,2256.0,Strix varia,Barred Owl,0.2671,D:\Bird_Anuran_ARUs\IF06\SMM2-31_20260421_050400.wav
2256.0,2259.0,Corvus brachyrhynchos,American Crow,0.9949,D:\Bird_Anuran_ARUs\IF06\SMM2-31_20260421_050400.wav
2256.0,2259.0,Pipilo erythrophthalmus,Eastern Towhee,0.9873,D:\Bird_Anuran_ARUs\IF06\SMM2-31_20260421_050400.wav
2256.0,2259.0,Setophaga citrina,Hooded Warbler,0.3868,D:\Bird_Anuran_ARUs\IF06\SMM2-31_20260421_050400.wav
2259.0,2262.0,Setophaga citrina,Hooded Warbler,0.9239,D:\Bird_Anuran_ARUs\IF06\SMM2-31_20260421_050400.wav
2259.0,2262.0,Corvus brachyrhynchos,American Crow,0.8991,D:\Bird_Anuran_ARUs\IF06\SMM2-31_20260421_050400.wav
2262.0,2265.0,Pipilo erythrophthalmus,Eastern Towhee,0.9687,D:\Bird_Anuran_ARUs\IF06\SMM2-31_20260421_050400.wav
2265.0,2268.0,Corvus brachyrhynchos,American Crow,0.4453,D:\Bird_Anuran_ARUs\IF06\SMM2-31_20260421_050400.wav
2265.0,2268.0,Geothlypis trichas,Common Yellowthroat,0.3770,D:\Bird_Anuran_ARUs\IF06\SMM2-31_20260421_050400.wav
2268.0,2271.0,Pipilo erythrophthalmus,Eastern Towhee,0.9494,D:\Bird_Anuran_ARUs\IF06\SMM2-31_20260421_050400.wav
2268.0,2271.0,Corvus brachyrhynchos,American Crow,0.6128,D:\Bird_Anuran_ARUs\IF06\SMM2-31_20260421_050400.wav
2271.0,2274.0,Pipilo erythrophthalmus,Eastern Towhee,0.9358,D:\Bird_Anuran_ARUs\IF06\SMM2-31_20260421_050400.wav
2271.0,2274.0,Corvus brachyrhynchos,American Crow,0.7104,D:\Bird_Anuran_ARUs\IF06\SMM2-31_20260421_050400.wav
2271.0,2274.0,Setophaga citrina,Hooded Warbler,0.5384,D:\Bird_Anuran_ARUs\IF06\SMM2-31_20260421_050400.wav
2274.0,2277.0,Setophaga citrina,Hooded Warbler,0.7414,D:\Bird_Anuran_ARUs\IF06\SMM2-31_20260421_050400.wav
2274.0,2277.0,Corvus brachyrhynchos,American Crow,0.6875,D:\Bird_Anuran_ARUs\IF06\SMM2-31_20260421_050400.wav
2277.0,2280.0,Corvus brachyrhynchos,American Crow,0.9516,D:\Bird_Anuran_ARUs\IF06\SMM2-31_20260421_050400.wav
2277.0,2280.0,Pipilo erythrophthalmus,Eastern Towhee,0.9511,D:\Bird_Anuran_ARUs\IF06\SMM2-31_20260421_050400.wav
2280.0,2283.0,Corvus brachyrhynchos,American Crow,0.6452,D:\Bird_Anuran_ARUs\IF06\SMM2-31_20260421_050400.wav
2283.0,2286.0,Corvus brachyrhynchos,American Crow,0.9368,D:\Bird_Anuran_ARUs\IF06\SMM2-31_20260421_050400.wav
2283.0,2286.0,Pipilo erythrophthalmus,Eastern Towhee,0.8912,D:\Bird_Anuran_ARUs\IF06\SMM2-31_20260421_050400.wav
2286.0,2289.0,Pipilo erythrophthalmus,Eastern Towhee,0.7175,D:\Bird_Anuran_ARUs\IF06\SMM2-31_20260421_050400.wav
2286.0,2289.0,Corvus brachyrhynchos,American Crow,0.5956,D:\Bird_Anuran_ARUs\IF06\SMM2-31_20260421_050400.wav
2286.0,2289.0,Setophaga citrina,Hooded Warbler,0.3190,D:\Bird_Anuran_ARUs\IF06\SMM2-31_20260421_050400.wav
2289.0,2292.0,Pipilo erythrophthalmus,Eastern Towhee,0.7426,D:\Bird_Anuran_ARUs\IF06\SMM2-31_20260421_050400.wav
2289.0,2292.0,Corvus brachyrhynchos,American Crow,0.6818,D:\Bird_Anuran_ARUs\IF06\SMM2-31_20260421_050400.wav
2292.0,2295.0,Pipilo erythrophthalmus,Eastern Towhee,0.8779,D:\Bird_Anuran_ARUs\IF06\SMM2-31_20260421_050400.wav
2292.0,2295.0,Corvus brachyrhynchos,American Crow,0.5672,D:\Bird_Anuran_ARUs\IF06\SMM2-31_20260421_050400.wav
2295.0,2298.0,Setophaga citrina,Hooded Warbler,0.5008,D:\Bird_Anuran_ARUs\IF06\SMM2-31_20260421_050400.wav
2298.0,2301.0,Pipilo erythrophthalmus,Eastern Towhee,0.9641,D:\Bird_Anuran_ARUs\IF06\SMM2-31_20260421_050400.wav
2298.0,2301.0,Corvus brachyrhynchos,American Crow,0.9567,D:\Bird_Anuran_ARUs\IF06\SMM2-31_20260421_050400.wav
2298.0,2301.0,Mniotilta varia,Black-and-white Warbler,0.3969,D:\Bird_Anuran_ARUs\IF06\SMM2-31_20260421_050400.wav
2301.0,2304.0,Setophaga citrina,Hooded Warbler,0.8546,D:\Bird_Anuran_ARUs\IF06\SMM2-31_20260421_050400.wav
2301.0,2304.0,Corvus brachyrhynchos,American Crow,0.7149,D:\Bird_Anuran_ARUs\IF06\SMM2-31_20260421_050400.wav
2304.0,2307.0,Pipilo erythrophthalmus,Eastern Towhee,0.9114,D:\Bird_Anuran_ARUs\IF06\SMM2-31_20260421_050400.wav
2304.0,2307.0,Corvus brachyrhynchos,American Crow,0.7291,D:\Bird_Anuran_ARUs\IF06\SMM2-31_20260421_050400.wav
2307.0,2310.0,Corvus brachyrhynchos,American Crow,0.7379,D:\Bird_Anuran_ARUs\IF06\SMM2-31_20260421_050400.wav
2307.0,2310.0,Pipilo erythrophthalmus,Eastern Towhee,0.6917,D:\Bird_Anuran_ARUs\IF06\SMM2-31_20260421_050400.wav
2310.0,2313.0,Corvus brachyrhynchos,American Crow,0.8198,D:\Bird_Anuran_ARUs\IF06\SMM2-31_20260421_050400.wav
2310.0,2313.0,Pipilo erythrophthalmus,Eastern Towhee,0.5192,D:\Bird_Anuran_ARUs\IF06\SMM2-31_20260421_050400.wav
2313.0,2316.0,Pipilo erythrophthalmus,Eastern Towhee,0.7385,D:\Bird_Anuran_ARUs\IF06\SMM2-31_20260421_050400.wav
2313.0,2316.0,Corvus brachyrhynchos,American Crow,0.5656,D:\Bird_Anuran_ARUs\IF06\SMM2-31_20260421_050400.wav
2316.0,2319.0,Setophaga citrina,Hooded Warbler,0.7916,D:\Bird_Anuran_ARUs\IF06\SMM2-31_20260421_050400.wav
2316.0,2319.0,Corvus brachyrhynchos,American Crow,0.2562,D:\Bird_Anuran_ARUs\IF06\SMM2-31_20260421_050400.wav
2319.0,2322.0,Pipilo erythrophthalmus,Eastern Towhee,0.9265,D:\Bird_Anuran_ARUs\IF06\SMM2-31_20260421_050400.wav
2319.0,2322.0,Corvus brachyrhynchos,American Crow,0.4995,D:\Bird_Anuran_ARUs\IF06\SMM2-31_20260421_050400.wav
2322.0,2325.0,Pipilo erythrophthalmus,Eastern Towhee,0.8973,D:\Bird_Anuran_ARUs\IF06\SMM2-31_20260421_050400.wav
2328.0,2331.0,Pipilo erythrophthalmus,Eastern Towhee,0.9536,D:\Bird_Anuran_ARUs\IF06\SMM2-31_20260421_050400.wav
2331.0,2334.0,Corvus brachyrhynchos,American Crow,0.8087,D:\Bird_Anuran_ARUs\IF06\SMM2-31_20260421_050400.wav
2331.0,2334.0,Pipilo erythrophthalmus,Eastern Towhee,0.3094,D:\Bird_Anuran_ARUs\IF06\SMM2-31_20260421_050400.wav
2337.0,2340.0,Pipilo erythrophthalmus,Eastern Towhee,0.9754,D:\Bird_Anuran_ARUs\IF06\SMM2-31_20260421_050400.wav
2337.0,2340.0,Corvus brachyrhynchos,American Crow,0.9628,D:\Bird_Anuran_ARUs\IF06\SMM2-31_20260421_050400.wav
2340.0,2343.0,Pipilo erythrophthalmus,Eastern Towhee,0.9347,D:\Bird_Anuran_ARUs\IF06\SMM2-31_20260421_050400.wav
2340.0,2343.0,Corvus brachyrhynchos,American Crow,0.8341,D:\Bird_Anuran_ARUs\IF06\SMM2-31_20260421_050400.wav
2343.0,2346.0,Corvus brachyrhynchos,American Crow,0.8736,D:\Bird_Anuran_ARUs\IF06\SMM2-31_20260421_050400.wav
2343.0,2346.0,Geothlypis trichas,Common Yellowthroat,0.4933,D:\Bird_Anuran_ARUs\IF06\SMM2-31_20260421_050400.wav
2343.0,2346.0,Setophaga citrina,Hooded Warbler,0.3054,D:\Bird_Anuran_ARUs\IF06\SMM2-31_20260421_050400.wav
2343.0,2346.0,Molothrus ater,Brown-headed Cowbird,0.2961,D:\Bird_Anuran_ARUs\IF06\SMM2-31_20260421_050400.wav
2346.0,2349.0,Pipilo erythrophthalmus,Eastern Towhee,0.9672,D:\Bird_Anuran_ARUs\IF06\SMM2-31_20260421_050400.wav
2346.0,2349.0,Corvus brachyrhynchos,American Crow,0.9095,D:\Bird_Anuran_ARUs\IF06\SMM2-31_20260421_050400.wav
2349.0,2352.0,Pipilo erythrophthalmus,Eastern Towhee,0.8893,D:\Bird_Anuran_ARUs\IF06\SMM2-31_20260421_050400.wav
2358.0,2361.0,Corvus brachyrhynchos,American Crow,0.9959,D:\Bird_Anuran_ARUs\IF06\SMM2-31_20260421_050400.wav
2358.0,2361.0,Pipilo erythrophthalmus,Eastern Towhee,0.9688,D:\Bird_Anuran_ARUs\IF06\SMM2-31_20260421_050400.wav
2358.0,2361.0,Setophaga citrina,Hooded Warbler,0.8112,D:\Bird_Anuran_ARUs\IF06\SMM2-31_20260421_050400.wav
2361.0,2364.0,Pipilo erythrophthalmus,Eastern Towhee,0.5748,D:\Bird_Anuran_ARUs\IF06\SMM2-31_20260421_050400.wav
2364.0,2367.0,Pipilo erythrophthalmus,Eastern Towhee,0.7096,D:\Bird_Anuran_ARUs\IF06\SMM2-31_20260421_050400.wav
2364.0,2367.0,Corvus brachyrhynchos,American Crow,0.4702,D:\Bird_Anuran_ARUs\IF06\SMM2-31_20260421_050400.wav
2367.0,2370.0,Pipilo erythrophthalmus,Eastern Towhee,0.7660,D:\Bird_Anuran_ARUs\IF06\SMM2-31_20260421_050400.wav
2370.0,2373.0,Pipilo erythrophthalmus,Eastern Towhee,0.8055,D:\Bird_Anuran_ARUs\IF06\SMM2-31_20260421_050400.wav
2373.0,2376.0,Pipilo erythrophthalmus,Eastern Towhee,0.8199,D:\Bird_Anuran_ARUs\IF06\SMM2-31_20260421_050400.wav
2373.0,2376.0,Corvus brachyrhynchos,American Crow,0.5796,D:\Bird_Anuran_ARUs\IF06\SMM2-31_20260421_050400.wav
2379.0,2382.0,Pipilo erythrophthalmus,Eastern Towhee,0.9216,D:\Bird_Anuran_ARUs\IF06\SMM2-31_20260421_050400.wav
2382.0,2385.0,Pipilo erythrophthalmus,Eastern Towhee,0.3798,D:\Bird_Anuran_ARUs\IF06\SMM2-31_20260421_050400.wav
2385.0,2388.0,Corvus brachyrhynchos,American Crow,0.9383,D:\Bird_Anuran_ARUs\IF06\SMM2-31_20260421_050400.wav
2385.0,2388.0,Pipilo erythrophthalmus,Eastern Towhee,0.7027,D:\Bird_Anuran_ARUs\IF06\SMM2-31_20260421_050400.wav
2385.0,2388.0,Setophaga citrina,Hooded Warbler,0.4252,D:\Bird_Anuran_ARUs\IF06\SMM2-31_20260421_050400.wav
2388.0,2391.0,Pipilo erythrophthalmus,Eastern Towhee,0.9818,D:\Bird_Anuran_ARUs\IF06\SMM2-31_20260421_050400.wav
2388.0,2391.0,Corvus brachyrhynchos,American Crow,0.6413,D:\Bird_Anuran_ARUs\IF06\SMM2-31_20260421_050400.wav
2391.0,2394.0,Corvus brachyrhynchos,American Crow,0.5606,D:\Bird_Anuran_ARUs\IF06\SMM2-31_20260421_050400.wav
2391.0,2394.0,Pipilo erythrophthalmus,Eastern Towhee,0.4663,D:\Bird_Anuran_ARUs\IF06\SMM2-31_20260421_050400.wav
2394.0,2397.0,Corvus brachyrhynchos,American Crow,0.7437,D:\Bird_Anuran_ARUs\IF06\SMM2-31_20260421_050400.wav
2394.0,2397.0,Pipilo erythrophthalmus,Eastern Towhee,0.5610,D:\Bird_Anuran_ARUs\IF06\SMM2-31_20260421_050400.wav
2397.0,2400.0,Pipilo erythrophthalmus,Eastern Towhee,0.8906,D:\Bird_Anuran_ARUs\IF06\SMM2-31_20260421_050400.wav
2397.0,2400.0,Corvus brachyrhynchos,American Crow,0.6492,D:\Bird_Anuran_ARUs\IF06\SMM2-31_20260421_050400.wav
2397.0,2400.0,Setophaga citrina,Hooded Warbler,0.5481,D:\Bird_Anuran_ARUs\IF06\SMM2-31_20260421_050400.wav
2400.0,2403.0,Corvus brachyrhynchos,American Crow,0.6971,D:\Bird_Anuran_ARUs\IF06\SMM2-31_20260421_050400.wav
2400.0,2403.0,Setophaga citrina,Hooded Warbler,0.3483,D:\Bird_Anuran_ARUs\IF06\SMM2-31_20260421_050400.wav
2403.0,2406.0,Pipilo erythrophthalmus,Eastern Towhee,0.9791,D:\Bird_Anuran_ARUs\IF06\SMM2-31_20260421_050400.wav
2403.0,2406.0,Corvus brachyrhynchos,American Crow,0.5188,D:\Bird_Anuran_ARUs\IF06\SMM2-31_20260421_050400.wav
2406.0,2409.0,Pipilo erythrophthalmus,Eastern Towhee,0.7211,D:\Bird_Anuran_ARUs\IF06\SMM2-31_20260421_050400.wav
2406.0,2409.0,Corvus brachyrhynchos,American Crow,0.5158,D:\Bird_Anuran_ARUs\IF06\SMM2-31_20260421_050400.wav
2409.0,2412.0,Pipilo erythrophthalmus,Eastern Towhee,0.4712,D:\Bird_Anuran_ARUs\IF06\SMM2-31_20260421_050400.wav
2412.0,2415.0,Corvus brachyrhynchos,American Crow,0.8139,D:\Bird_Anuran_ARUs\IF06\SMM2-31_20260421_050400.wav
2412.0,2415.0,Setophaga citrina,Hooded Warbler,0.7277,D:\Bird_Anuran_ARUs\IF06\SMM2-31_20260421_050400.wav
2415.0,2418.0,Corvus brachyrhynchos,American Crow,0.9508,D:\Bird_Anuran_ARUs\IF06\SMM2-31_20260421_050400.wav
2415.0,2418.0,Pipilo erythrophthalmus,Eastern Towhee,0.9416,D:\Bird_Anuran_ARUs\IF06\SMM2-31_20260421_050400.wav
2415.0,2418.0,Piranga olivacea,Scarlet Tanager,0.2734,D:\Bird_Anuran_ARUs\IF06\SMM2-31_20260421_050400.wav
2418.0,2421.0,Corvus brachyrhynchos,American Crow,0.9008,D:\Bird_Anuran_ARUs\IF06\SMM2-31_20260421_050400.wav
2421.0,2424.0,Sitta pusilla,Brown-headed Nuthatch,0.9359,D:\Bird_Anuran_ARUs\IF06\SMM2-31_20260421_050400.wav
2421.0,2424.0,Corvus brachyrhynchos,American Crow,0.3902,D:\Bird_Anuran_ARUs\IF06\SMM2-31_20260421_050400.wav
2424.0,2427.0,Pipilo erythrophthalmus,Eastern Towhee,0.9438,D:\Bird_Anuran_ARUs\IF06\SMM2-31_20260421_050400.wav
2424.0,2427.0,Corvus brachyrhynchos,American Crow,0.8368,D:\Bird_Anuran_ARUs\IF06\SMM2-31_20260421_050400.wav
2427.0,2430.0,Corvus brachyrhynchos,American Crow,0.9821,D:\Bird_Anuran_ARUs\IF06\SMM2-31_20260421_050400.wav
2427.0,2430.0,Pipilo erythrophthalmus,Eastern Towhee,0.8410,D:\Bird_Anuran_ARUs\IF06\SMM2-31_20260421_050400.wav
2427.0,2430.0,Setophaga citrina,Hooded Warbler,0.8261,D:\Bird_Anuran_ARUs\IF06\SMM2-31_20260421_050400.wav
2427.0,2430.0,Seiurus aurocapilla,Ovenbird,0.2580,D:\Bird_Anuran_ARUs\IF06\SMM2-31_20260421_050400.wav
2430.0,2433.0,Corvus brachyrhynchos,American Crow,0.5225,D:\Bird_Anuran_ARUs\IF06\SMM2-31_20260421_050400.wav
2430.0,2433.0,Piranga olivacea,Scarlet Tanager,0.2606,D:\Bird_Anuran_ARUs\IF06\SMM2-31_20260421_050400.wav
2433.0,2436.0,Pipilo erythrophthalmus,Eastern Towhee,0.7129,D:\Bird_Anuran_ARUs\IF06\SMM2-31_20260421_050400.wav
2436.0,2439.0,Corvus brachyrhynchos,American Crow,0.2832,D:\Bird_Anuran_ARUs\IF06\SMM2-31_20260421_050400.wav
2439.0,2442.0,Corvus brachyrhynchos,American Crow,0.9763,D:\Bird_Anuran_ARUs\IF06\SMM2-31_20260421_050400.wav
2439.0,2442.0,Pipilo erythrophthalmus,Eastern Towhee,0.8522,D:\Bird_Anuran_ARUs\IF06\SMM2-31_20260421_050400.wav
2439.0,2442.0,Setophaga citrina,Hooded Warbler,0.4040,D:\Bird_Anuran_ARUs\IF06\SMM2-31_20260421_050400.wav
2442.0,2445.0,Pipilo erythrophthalmus,Eastern Towhee,0.9502,D:\Bird_Anuran_ARUs\IF06\SMM2-31_20260421_050400.wav
2442.0,2445.0,Corvus brachyrhynchos,American Crow,0.9395,D:\Bird_Anuran_ARUs\IF06\SMM2-31_20260421_050400.wav
2445.0,2448.0,Pipilo erythrophthalmus,Eastern Towhee,0.9847,D:\Bird_Anuran_ARUs\IF06\SMM2-31_20260421_050400.wav
2445.0,2448.0,Corvus brachyrhynchos,American Crow,0.7354,D:\Bird_Anuran_ARUs\IF06\SMM2-31_20260421_050400.wav
2448.0,2451.0,Corvus brachyrhynchos,American Crow,0.6884,D:\Bird_Anuran_ARUs\IF06\SMM2-31_20260421_050400.wav
2451.0,2454.0,Pipilo erythrophthalmus,Eastern Towhee,0.9291,D:\Bird_Anuran_ARUs\IF06\SMM2-31_20260421_050400.wav
2451.0,2454.0,Corvus brachyrhynchos,American Crow,0.8898,D:\Bird_Anuran_ARUs\IF06\SMM2-31_20260421_050400.wav
2454.0,2457.0,Pipilo erythrophthalmus,Eastern Towhee,0.7242,D:\Bird_Anuran_ARUs\IF06\SMM2-31_20260421_050400.wav
2454.0,2457.0,Corvus brachyrhynchos,American Crow,0.6593,D:\Bird_Anuran_ARUs\IF06\SMM2-31_20260421_050400.wav
2457.0,2460.0,Corvus brachyrhynchos,American Crow,0.9815,D:\Bird_Anuran_ARUs\IF06\SMM2-31_20260421_050400.wav
2457.0,2460.0,Pipilo erythrophthalmus,Eastern Towhee,0.9663,D:\Bird_Anuran_ARUs\IF06\SMM2-31_20260421_050400.wav
2457.0,2460.0,Vireo olivaceus,Red-eyed Vireo,0.2645,D:\Bird_Anuran_ARUs\IF06\SMM2-31_20260421_050400.wav
2460.0,2463.0,Pipilo erythrophthalmus,Eastern Towhee,0.9370,D:\Bird_Anuran_ARUs\IF06\SMM2-31_20260421_050400.wav
2460.0,2463.0,Corvus brachyrhynchos,American Crow,0.8259,D:\Bird_Anuran_ARUs\IF06\SMM2-31_20260421_050400.wav
2463.0,2466.0,Corvus brachyrhynchos,American Crow,0.4989,D:\Bird_Anuran_ARUs\IF06\SMM2-31_20260421_050400.wav
2463.0,2466.0,Geothlypis trichas,Common Yellowthroat,0.4099,D:\Bird_Anuran_ARUs\IF06\SMM2-31_20260421_050400.wav
2466.0,2469.0,Pipilo erythrophthalmus,Eastern Towhee,0.9547,D:\Bird_Anuran_ARUs\IF06\SMM2-31_20260421_050400.wav
2466.0,2469.0,Corvus brachyrhynchos,American Crow,0.5754,D:\Bird_Anuran_ARUs\IF06\SMM2-31_20260421_050400.wav
2469.0,2472.0,Pipilo erythrophthalmus,Eastern Towhee,0.7457,D:\Bird_Anuran_ARUs\IF06\SMM2-31_20260421_050400.wav
2472.0,2475.0,Pipilo erythrophthalmus,Eastern Towhee,0.3313,D:\Bird_Anuran_ARUs\IF06\SMM2-31_20260421_050400.wav
2475.0,2478.0,Pipilo erythrophthalmus,Eastern Towhee,0.9771,D:\Bird_Anuran_ARUs\IF06\SMM2-31_20260421_050400.wav
2475.0,2478.0,Corvus brachyrhynchos,American Crow,0.7266,D:\Bird_Anuran_ARUs\IF06\SMM2-31_20260421_050400.wav
2478.0,2481.0,Pipilo erythrophthalmus,Eastern Towhee,0.8418,D:\Bird_Anuran_ARUs\IF06\SMM2-31_20260421_050400.wav
2478.0,2481.0,Corvus brachyrhynchos,American Crow,0.5193,D:\Bird_Anuran_ARUs\IF06\SMM2-31_20260421_050400.wav
2481.0,2484.0,Pipilo erythrophthalmus,Eastern Towhee,0.9773,D:\Bird_Anuran_ARUs\IF06\SMM2-31_20260421_050400.wav
2481.0,2484.0,Corvus brachyrhynchos,American Crow,0.3267,D:\Bird_Anuran_ARUs\IF06\SMM2-31_20260421_050400.wav
2484.0,2487.0,Setophaga citrina,Hooded Warbler,0.7817,D:\Bird_Anuran_ARUs\IF06\SMM2-31_20260421_050400.wav
2490.0,2493.0,Pipilo erythrophthalmus,Eastern Towhee,0.9625,D:\Bird_Anuran_ARUs\IF06\SMM2-31_20260421_050400.wav
2490.0,2493.0,Corvus brachyrhynchos,American Crow,0.3530,D:\Bird_Anuran_ARUs\IF06\SMM2-31_20260421_050400.wav
2493.0,2496.0,Pipilo erythrophthalmus,Eastern Towhee,0.9008,D:\Bird_Anuran_ARUs\IF06\SMM2-31_20260421_050400.wav
2493.0,2496.0,Corvus brachyrhynchos,American Crow,0.6173,D:\Bird_Anuran_ARUs\IF06\SMM2-31_20260421_050400.wav
2496.0,2499.0,Pipilo erythrophthalmus,Eastern Towhee,0.9935,D:\Bird_Anuran_ARUs\IF06\SMM2-31_20260421_050400.wav
2496.0,2499.0,Corvus brachyrhynchos,American Crow,0.8401,D:\Bird_Anuran_ARUs\IF06\SMM2-31_20260421_050400.wav
2499.0,2502.0,Pipilo erythrophthalmus,Eastern Towhee,0.6876,D:\Bird_Anuran_ARUs\IF06\SMM2-31_20260421_050400.wav
2499.0,2502.0,Corvus brachyrhynchos,American Crow,0.4580,D:\Bird_Anuran_ARUs\IF06\SMM2-31_20260421_050400.wav
2502.0,2505.0,Pipilo erythrophthalmus,Eastern Towhee,0.8735,D:\Bird_Anuran_ARUs\IF06\SMM2-31_20260421_050400.wav
2502.0,2505.0,Corvus brachyrhynchos,American Crow,0.7689,D:\Bird_Anuran_ARUs\IF06\SMM2-31_20260421_050400.wav
2502.0,2505.0,Mniotilta varia,Black-and-white Warbler,0.4909,D:\Bird_Anuran_ARUs\IF06\SMM2-31_20260421_050400.wav
2505.0,2508.0,Pipilo erythrophthalmus,Eastern Towhee,0.9542,D:\Bird_Anuran_ARUs\IF06\SMM2-31_20260421_050400.wav
2505.0,2508.0,Corvus brachyrhynchos,American Crow,0.6770,D:\Bird_Anuran_ARUs\IF06\SMM2-31_20260421_050400.wav
2508.0,2511.0,Corvus brachyrhynchos,American Crow,0.7959,D:\Bird_Anuran_ARUs\IF06\SMM2-31_20260421_050400.wav
2508.0,2511.0,Baeolophus bicolor,Tufted Titmouse,0.7105,D:\Bird_Anuran_ARUs\IF06\SMM2-31_20260421_050400.wav
2511.0,2514.0,Pipilo erythrophthalmus,Eastern Towhee,0.6738,D:\Bird_Anuran_ARUs\IF06\SMM2-31_20260421_050400.wav
2511.0,2514.0,Corvus brachyrhynchos,American Crow,0.5978,D:\Bird_Anuran_ARUs\IF06\SMM2-31_20260421_050400.wav
2514.0,2517.0,Corvus brachyrhynchos,American Crow,0.9486,D:\Bird_Anuran_ARUs\IF06\SMM2-31_20260421_050400.wav
2514.0,2517.0,Pipilo erythrophthalmus,Eastern Towhee,0.9265,D:\Bird_Anuran_ARUs\IF06\SMM2-31_20260421_050400.wav
2517.0,2520.0,Pipilo erythrophthalmus,Eastern Towhee,0.8876,D:\Bird_Anuran_ARUs\IF06\SMM2-31_20260421_050400.wav
2517.0,2520.0,Corvus brachyrhynchos,American Crow,0.5247,D:\Bird_Anuran_ARUs\IF06\SMM2-31_20260421_050400.wav
2520.0,2523.0,Pipilo erythrophthalmus,Eastern Towhee,0.8449,D:\Bird_Anuran_ARUs\IF06\SMM2-31_20260421_050400.wav
2520.0,2523.0,Corvus brachyrhynchos,American Crow,0.7264,D:\Bird_Anuran_ARUs\IF06\SMM2-31_20260421_050400.wav
2523.0,2526.0,Corvus brachyrhynchos,American Crow,0.3310,D:\Bird_Anuran_ARUs\IF06\SMM2-31_20260421_050400.wav
2526.0,2529.0,Pipilo erythrophthalmus,Eastern Towhee,0.9944,D:\Bird_Anuran_ARUs\IF06\SMM2-31_20260421_050400.wav
2526.0,2529.0,Corvus brachyrhynchos,American Crow,0.9632,D:\Bird_Anuran_ARUs\IF06\SMM2-31_20260421_050400.wav
2529.0,2532.0,Setophaga citrina,Hooded Warbler,0.4261,D:\Bird_Anuran_ARUs\IF06\SMM2-31_20260421_050400.wav
2529.0,2532.0,Corvus brachyrhynchos,American Crow,0.2991,D:\Bird_Anuran_ARUs\IF06\SMM2-31_20260421_050400.wav
2532.0,2535.0,Pipilo erythrophthalmus,Eastern Towhee,0.9898,D:\Bird_Anuran_ARUs\IF06\SMM2-31_20260421_050400.wav
2532.0,2535.0,Corvus brachyrhynchos,American Crow,0.9489,D:\Bird_Anuran_ARUs\IF06\SMM2-31_20260421_050400.wav
2535.0,2538.0,Corvus brachyrhynchos,American Crow,0.7547,D:\Bird_Anuran_ARUs\IF06\SMM2-31_20260421_050400.wav
2535.0,2538.0,Pipilo erythrophthalmus,Eastern Towhee,0.6123,D:\Bird_Anuran_ARUs\IF06\SMM2-31_20260421_050400.wav
2538.0,2541.0,Corvus brachyrhynchos,American Crow,0.4022,D:\Bird_Anuran_ARUs\IF06\SMM2-31_20260421_050400.wav
2541.0,2544.0,Pipilo erythrophthalmus,Eastern Towhee,0.9409,D:\Bird_Anuran_ARUs\IF06\SMM2-31_20260421_050400.wav
2541.0,2544.0,Corvus brachyrhynchos,American Crow,0.8969,D:\Bird_Anuran_ARUs\IF06\SMM2-31_20260421_050400.wav
2541.0,2544.0,Baeolophus bicolor,Tufted Titmouse,0.3053,D:\Bird_Anuran_ARUs\IF06\SMM2-31_20260421_050400.wav
2547.0,2550.0,Pipilo erythrophthalmus,Eastern Towhee,0.5208,D:\Bird_Anuran_ARUs\IF06\SMM2-31_20260421_050400.wav
2550.0,2553.0,Setophaga citrina,Hooded Warbler,0.7496,D:\Bird_Anuran_ARUs\IF06\SMM2-31_20260421_050400.wav
2553.0,2556.0,Pipilo erythrophthalmus,Eastern Towhee,0.6789,D:\Bird_Anuran_ARUs\IF06\SMM2-31_20260421_050400.wav
2556.0,2559.0,Corvus brachyrhynchos,American Crow,0.4200,D:\Bird_Anuran_ARUs\IF06\SMM2-31_20260421_050400.wav
2556.0,2559.0,Pipilo erythrophthalmus,Eastern Towhee,0.3677,D:\Bird_Anuran_ARUs\IF06\SMM2-31_20260421_050400.wav
2559.0,2562.0,Corvus brachyrhynchos,American Crow,0.7551,D:\Bird_Anuran_ARUs\IF06\SMM2-31_20260421_050400.wav
2559.0,2562.0,Pipilo erythrophthalmus,Eastern Towhee,0.7149,D:\Bird_Anuran_ARUs\IF06\SMM2-31_20260421_050400.wav
2559.0,2562.0,Baeolophus bicolor,Tufted Titmouse,0.5436,D:\Bird_Anuran_ARUs\IF06\SMM2-31_20260421_050400.wav
2562.0,2565.0,Pipilo erythrophthalmus,Eastern Towhee,0.8209,D:\Bird_Anuran_ARUs\IF06\SMM2-31_20260421_050400.wav
2562.0,2565.0,Corvus brachyrhynchos,American Crow,0.7586,D:\Bird_Anuran_ARUs\IF06\SMM2-31_20260421_050400.wav
2562.0,2565.0,Baeolophus bicolor,Tufted Titmouse,0.5785,D:\Bird_Anuran_ARUs\IF06\SMM2-31_20260421_050400.wav
2565.0,2568.0,Corvus brachyrhynchos,American Crow,0.3275,D:\Bird_Anuran_ARUs\IF06\SMM2-31_20260421_050400.wav
2568.0,2571.0,Pipilo erythrophthalmus,Eastern Towhee,0.6785,D:\Bird_Anuran_ARUs\IF06\SMM2-31_20260421_050400.wav
2568.0,2571.0,Corvus brachyrhynchos,American Crow,0.6544,D:\Bird_Anuran_ARUs\IF06\SMM2-31_20260421_050400.wav
2568.0,2571.0,Setophaga citrina,Hooded Warbler,0.2901,D:\Bird_Anuran_ARUs\IF06\SMM2-31_20260421_050400.wav
2568.0,2571.0,Baeolophus bicolor,Tufted Titmouse,0.2740,D:\Bird_Anuran_ARUs\IF06\SMM2-31_20260421_050400.wav
2571.0,2574.0,Pipilo erythrophthalmus,Eastern Towhee,0.9560,D:\Bird_Anuran_ARUs\IF06\SMM2-31_20260421_050400.wav
2571.0,2574.0,Corvus brachyrhynchos,American Crow,0.8575,D:\Bird_Anuran_ARUs\IF06\SMM2-31_20260421_050400.wav
2571.0,2574.0,Baeolophus bicolor,Tufted Titmouse,0.5444,D:\Bird_Anuran_ARUs\IF06\SMM2-31_20260421_050400.wav
2574.0,2577.0,Baeolophus bicolor,Tufted Titmouse,0.3151,D:\Bird_Anuran_ARUs\IF06\SMM2-31_20260421_050400.wav
2577.0,2580.0,Pipilo erythrophthalmus,Eastern Towhee,0.5554,D:\Bird_Anuran_ARUs\IF06\SMM2-31_20260421_050400.wav
2580.0,2583.0,Corvus brachyrhynchos,American Crow,0.8994,D:\Bird_Anuran_ARUs\IF06\SMM2-31_20260421_050400.wav
2580.0,2583.0,Baeolophus bicolor,Tufted Titmouse,0.5695,D:\Bird_Anuran_ARUs\IF06\SMM2-31_20260421_050400.wav
2580.0,2583.0,Pipilo erythrophthalmus,Eastern Towhee,0.3243,D:\Bird_Anuran_ARUs\IF06\SMM2-31_20260421_050400.wav
2583.0,2586.0,Corvus brachyrhynchos,American Crow,0.9720,D:\Bird_Anuran_ARUs\IF06\SMM2-31_20260421_050400.wav
2583.0,2586.0,Pipilo erythrophthalmus,Eastern Towhee,0.7210,D:\Bird_Anuran_ARUs\IF06\SMM2-31_20260421_050400.wav
2583.0,2586.0,Baeolophus bicolor,Tufted Titmouse,0.3853,D:\Bird_Anuran_ARUs\IF06\SMM2-31_20260421_050400.wav
2586.0,2589.0,Corvus brachyrhynchos,American Crow,0.7149,D:\Bird_Anuran_ARUs\IF06\SMM2-31_20260421_050400.wav
2586.0,2589.0,Pipilo erythrophthalmus,Eastern Towhee,0.6068,D:\Bird_Anuran_ARUs\IF06\SMM2-31_20260421_050400.wav
2589.0,2592.0,Corvus brachyrhynchos,American Crow,0.9104,D:\Bird_Anuran_ARUs\IF06\SMM2-31_20260421_050400.wav
2589.0,2592.0,Pipilo erythrophthalmus,Eastern Towhee,0.4676,D:\Bird_Anuran_ARUs\IF06\SMM2-31_20260421_050400.wav
2592.0,2595.0,Baeolophus bicolor,Tufted Titmouse,0.4579,D:\Bird_Anuran_ARUs\IF06\SMM2-31_20260421_050400.wav
2595.0,2598.0,Pipilo erythrophthalmus,Eastern Towhee,0.9263,D:\Bird_Anuran_ARUs\IF06\SMM2-31_20260421_050400.wav
2595.0,2598.0,Corvus brachyrhynchos,American Crow,0.8666,D:\Bird_Anuran_ARUs\IF06\SMM2-31_20260421_050400.wav
2595.0,2598.0,Baeolophus bicolor,Tufted Titmouse,0.5229,D:\Bird_Anuran_ARUs\IF06\SMM2-31_20260421_050400.wav
2601.0,2604.0,Pipilo erythrophthalmus,Eastern Towhee,0.9442,D:\Bird_Anuran_ARUs\IF06\SMM2-31_20260421_050400.wav
2601.0,2604.0,Corvus brachyrhynchos,American Crow,0.6909,D:\Bird_Anuran_ARUs\IF06\SMM2-31_20260421_050400.wav
2601.0,2604.0,Baeolophus bicolor,Tufted Titmouse,0.3051,D:\Bird_Anuran_ARUs\IF06\SMM2-31_20260421_050400.wav
2604.0,2607.0,Pipilo erythrophthalmus,Eastern Towhee,0.3140,D:\Bird_Anuran_ARUs\IF06\SMM2-31_20260421_050400.wav
2607.0,2610.0,Dryocopus pileatus,Pileated Woodpecker,0.9416,D:\Bird_Anuran_ARUs\IF06\SMM2-31_20260421_050400.wav
2610.0,2613.0,Pipilo erythrophthalmus,Eastern Towhee,0.9335,D:\Bird_Anuran_ARUs\IF06\SMM2-31_20260421_050400.wav
2610.0,2613.0,Corvus brachyrhynchos,American Crow,0.3684,D:\Bird_Anuran_ARUs\IF06\SMM2-31_20260421_050400.wav
2613.0,2616.0,Baeolophus bicolor,Tufted Titmouse,0.2580,D:\Bird_Anuran_ARUs\IF06\SMM2-31_20260421_050400.wav
2616.0,2619.0,Pipilo erythrophthalmus,Eastern Towhee,0.8373,D:\Bird_Anuran_ARUs\IF06\SMM2-31_20260421_050400.wav
2619.0,2622.0,Geothlypis trichas,Common Yellowthroat,0.3219,D:\Bird_Anuran_ARUs\IF06\SMM2-31_20260421_050400.wav
2622.0,2625.0,Pipilo erythrophthalmus,Eastern Towhee,0.8925,D:\Bird_Anuran_ARUs\IF06\SMM2-31_20260421_050400.wav
2625.0,2628.0,Pipilo erythrophthalmus,Eastern Towhee,0.7436,D:\Bird_Anuran_ARUs\IF06\SMM2-31_20260421_050400.wav
2628.0,2631.0,Corvus brachyrhynchos,American Crow,0.6702,D:\Bird_Anuran_ARUs\IF06\SMM2-31_20260421_050400.wav
2628.0,2631.0,Pipilo erythrophthalmus,Eastern Towhee,0.4166,D:\Bird_Anuran_ARUs\IF06\SMM2-31_20260421_050400.wav
2631.0,2634.0,Pipilo erythrophthalmus,Eastern Towhee,0.6836,D:\Bird_Anuran_ARUs\IF06\SMM2-31_20260421_050400.wav
2637.0,2640.0,Pipilo erythrophthalmus,Eastern Towhee,0.9298,D:\Bird_Anuran_ARUs\IF06\SMM2-31_20260421_050400.wav
2640.0,2643.0,Pipilo erythrophthalmus,Eastern Towhee,0.8467,D:\Bird_Anuran_ARUs\IF06\SMM2-31_20260421_050400.wav
2640.0,2643.0,Corvus brachyrhynchos,American Crow,0.8396,D:\Bird_Anuran_ARUs\IF06\SMM2-31_20260421_050400.wav
2646.0,2649.0,Pipilo erythrophthalmus,Eastern Towhee,0.9968,D:\Bird_Anuran_ARUs\IF06\SMM2-31_20260421_050400.wav
2646.0,2649.0,Corvus brachyrhynchos,American Crow,0.9276,D:\Bird_Anuran_ARUs\IF06\SMM2-31_20260421_050400.wav
2652.0,2655.0,Pipilo erythrophthalmus,Eastern Towhee,0.8244,D:\Bird_Anuran_ARUs\IF06\SMM2-31_20260421_050400.wav
2652.0,2655.0,Corvus brachyrhynchos,American Crow,0.3639,D:\Bird_Anuran_ARUs\IF06\SMM2-31_20260421_050400.wav
2655.0,2658.0,Baeolophus bicolor,Tufted Titmouse,0.3714,D:\Bird_Anuran_ARUs\IF06\SMM2-31_20260421_050400.wav
2661.0,2664.0,Pipilo erythrophthalmus,Eastern Towhee,0.7961,D:\Bird_Anuran_ARUs\IF06\SMM2-31_20260421_050400.wav
2661.0,2664.0,Baeolophus bicolor,Tufted Titmouse,0.6374,D:\Bird_Anuran_ARUs\IF06\SMM2-31_20260421_050400.wav
2664.0,2667.0,Baeolophus bicolor,Tufted Titmouse,0.2529,D:\Bird_Anuran_ARUs\IF06\SMM2-31_20260421_050400.wav
2667.0,2670.0,Baeolophus bicolor,Tufted Titmouse,0.7426,D:\Bird_Anuran_ARUs\IF06\SMM2-31_20260421_050400.wav
2667.0,2670.0,Corvus brachyrhynchos,American Crow,0.6104,D:\Bird_Anuran_ARUs\IF06\SMM2-31_20260421_050400.wav
2667.0,2670.0,Pipilo erythrophthalmus,Eastern Towhee,0.4377,D:\Bird_Anuran_ARUs\IF06\SMM2-31_20260421_050400.wav
2670.0,2673.0,Pipilo erythrophthalmus,Eastern Towhee,0.8902,D:\Bird_Anuran_ARUs\IF06\SMM2-31_20260421_050400.wav
2673.0,2676.0,Corvus brachyrhynchos,American Crow,0.3535,D:\Bird_Anuran_ARUs\IF06\SMM2-31_20260421_050400.wav
2676.0,2679.0,Pipilo erythrophthalmus,Eastern Towhee,0.8922,D:\Bird_Anuran_ARUs\IF06\SMM2-31_20260421_050400.wav
2679.0,2682.0,Setophaga citrina,Hooded Warbler,0.9310,D:\Bird_Anuran_ARUs\IF06\SMM2-31_20260421_050400.wav
2682.0,2685.0,Corvus brachyrhynchos,American Crow,0.3160,D:\Bird_Anuran_ARUs\IF06\SMM2-31_20260421_050400.wav
2685.0,2688.0,Pipilo erythrophthalmus,Eastern Towhee,0.8209,D:\Bird_Anuran_ARUs\IF06\SMM2-31_20260421_050400.wav
2688.0,2691.0,Dryocopus pileatus,Pileated Woodpecker,0.8116,D:\Bird_Anuran_ARUs\IF06\SMM2-31_20260421_050400.wav
2691.0,2694.0,Pipilo erythrophthalmus,Eastern Towhee,0.2777,D:\Bird_Anuran_ARUs\IF06\SMM2-31_20260421_050400.wav
2700.0,2703.0,Pipilo erythrophthalmus,Eastern Towhee,0.5117,D:\Bird_Anuran_ARUs\IF06\SMM2-31_20260421_050400.wav
2703.0,2706.0,Geothlypis trichas,Common Yellowthroat,0.2659,D:\Bird_Anuran_ARUs\IF06\SMM2-31_20260421_050400.wav
2709.0,2712.0,Corvus brachyrhynchos,American Crow,0.9002,D:\Bird_Anuran_ARUs\IF06\SMM2-31_20260421_050400.wav
2709.0,2712.0,Pipilo erythrophthalmus,Eastern Towhee,0.8430,D:\Bird_Anuran_ARUs\IF06\SMM2-31_20260421_050400.wav
2709.0,2712.0,Mniotilta varia,Black-and-white Warbler,0.2987,D:\Bird_Anuran_ARUs\IF06\SMM2-31_20260421_050400.wav
2715.0,2718.0,Setophaga citrina,Hooded Warbler,0.3253,D:\Bird_Anuran_ARUs\IF06\SMM2-31_20260421_050400.wav
2718.0,2721.0,Pipilo erythrophthalmus,Eastern Towhee,0.4918,D:\Bird_Anuran_ARUs\IF06\SMM2-31_20260421_050400.wav
2724.0,2727.0,Pipilo erythrophthalmus,Eastern Towhee,0.6102,D:\Bird_Anuran_ARUs\IF06\SMM2-31_20260421_050400.wav
2724.0,2727.0,Corvus brachyrhynchos,American Crow,0.5301,D:\Bird_Anuran_ARUs\IF06\SMM2-31_20260421_050400.wav
2727.0,2730.0,Setophaga citrina,Hooded Warbler,0.6600,D:\Bird_Anuran_ARUs\IF06\SMM2-31_20260421_050400.wav
2727.0,2730.0,Corvus brachyrhynchos,American Crow,0.3095,D:\Bird_Anuran_ARUs\IF06\SMM2-31_20260421_050400.wav
2730.0,2733.0,Corvus brachyrhynchos,American Crow,0.8675,D:\Bird_Anuran_ARUs\IF06\SMM2-31_20260421_050400.wav
2733.0,2736.0,Corvus brachyrhynchos,American Crow,0.9930,D:\Bird_Anuran_ARUs\IF06\SMM2-31_20260421_050400.wav
2733.0,2736.0,Pipilo erythrophthalmus,Eastern Towhee,0.6475,D:\Bird_Anuran_ARUs\IF06\SMM2-31_20260421_050400.wav
2742.0,2745.0,Corvus brachyrhynchos,American Crow,0.9958,D:\Bird_Anuran_ARUs\IF06\SMM2-31_20260421_050400.wav
2742.0,2745.0,Pipilo erythrophthalmus,Eastern Towhee,0.9584,D:\Bird_Anuran_ARUs\IF06\SMM2-31_20260421_050400.wav
2742.0,2745.0,Setophaga citrina,Hooded Warbler,0.7740,D:\Bird_Anuran_ARUs\IF06\SMM2-31_20260421_050400.wav
2745.0,2748.0,Corvus brachyrhynchos,American Crow,0.9553,D:\Bird_Anuran_ARUs\IF06\SMM2-31_20260421_050400.wav
2745.0,2748.0,Piranga olivacea,Scarlet Tanager,0.5725,D:\Bird_Anuran_ARUs\IF06\SMM2-31_20260421_050400.wav
2748.0,2751.0,Corvus brachyrhynchos,American Crow,0.9915,D:\Bird_Anuran_ARUs\IF06\SMM2-31_20260421_050400.wav
2748.0,2751.0,Pipilo erythrophthalmus,Eastern Towhee,0.9299,D:\Bird_Anuran_ARUs\IF06\SMM2-31_20260421_050400.wav
2748.0,2751.0,Mniotilta varia,Black-and-white Warbler,0.3426,D:\Bird_Anuran_ARUs\IF06\SMM2-31_20260421_050400.wav
2751.0,2754.0,Corvus brachyrhynchos,American Crow,0.8891,D:\Bird_Anuran_ARUs\IF06\SMM2-31_20260421_050400.wav
2754.0,2757.0,Pipilo erythrophthalmus,Eastern Towhee,0.9512,D:\Bird_Anuran_ARUs\IF06\SMM2-31_20260421_050400.wav
2754.0,2757.0,Corvus brachyrhynchos,American Crow,0.9429,D:\Bird_Anuran_ARUs\IF06\SMM2-31_20260421_050400.wav
2754.0,2757.0,Setophaga citrina,Hooded Warbler,0.5779,D:\Bird_Anuran_ARUs\IF06\SMM2-31_20260421_050400.wav
2757.0,2760.0,Corvus brachyrhynchos,American Crow,0.9599,D:\Bird_Anuran_ARUs\IF06\SMM2-31_20260421_050400.wav
2760.0,2763.0,Corvus brachyrhynchos,American Crow,0.9588,D:\Bird_Anuran_ARUs\IF06\SMM2-31_20260421_050400.wav
2760.0,2763.0,Seiurus aurocapilla,Ovenbird,0.4844,D:\Bird_Anuran_ARUs\IF06\SMM2-31_20260421_050400.wav
2763.0,2766.0,Pipilo erythrophthalmus,Eastern Towhee,0.9107,D:\Bird_Anuran_ARUs\IF06\SMM2-31_20260421_050400.wav
2763.0,2766.0,Corvus brachyrhynchos,American Crow,0.8968,D:\Bird_Anuran_ARUs\IF06\SMM2-31_20260421_050400.wav
2766.0,2769.0,Corvus brachyrhynchos,American Crow,0.9103,D:\Bird_Anuran_ARUs\IF06\SMM2-31_20260421_050400.wav
2766.0,2769.0,Setophaga citrina,Hooded Warbler,0.8726,D:\Bird_Anuran_ARUs\IF06\SMM2-31_20260421_050400.wav
2766.0,2769.0,Pipilo erythrophthalmus,Eastern Towhee,0.3019,D:\Bird_Anuran_ARUs\IF06\SMM2-31_20260421_050400.wav
2769.0,2772.0,Corvus brachyrhynchos,American Crow,0.9739,D:\Bird_Anuran_ARUs\IF06\SMM2-31_20260421_050400.wav
2769.0,2772.0,Setophaga citrina,Hooded Warbler,0.7904,D:\Bird_Anuran_ARUs\IF06\SMM2-31_20260421_050400.wav
2769.0,2772.0,Pipilo erythrophthalmus,Eastern Towhee,0.3820,D:\Bird_Anuran_ARUs\IF06\SMM2-31_20260421_050400.wav
2772.0,2775.0,Corvus brachyrhynchos,American Crow,0.9788,D:\Bird_Anuran_ARUs\IF06\SMM2-31_20260421_050400.wav
2772.0,2775.0,Pipilo erythrophthalmus,Eastern Towhee,0.9134,D:\Bird_Anuran_ARUs\IF06\SMM2-31_20260421_050400.wav
2775.0,2778.0,Corvus brachyrhynchos,American Crow,0.9140,D:\Bird_Anuran_ARUs\IF06\SMM2-31_20260421_050400.wav
2778.0,2781.0,Corvus brachyrhynchos,American Crow,0.9010,D:\Bird_Anuran_ARUs\IF06\SMM2-31_20260421_050400.wav
2778.0,2781.0,Setophaga citrina,Hooded Warbler,0.7871,D:\Bird_Anuran_ARUs\IF06\SMM2-31_20260421_050400.wav
2781.0,2784.0,Corvus brachyrhynchos,American Crow,0.9969,D:\Bird_Anuran_ARUs\IF06\SMM2-31_20260421_050400.wav
2781.0,2784.0,Pipilo erythrophthalmus,Eastern Towhee,0.9899,D:\Bird_Anuran_ARUs\IF06\SMM2-31_20260421_050400.wav
2784.0,2787.0,Corvus brachyrhynchos,American Crow,0.9686,D:\Bird_Anuran_ARUs\IF06\SMM2-31_20260421_050400.wav
2784.0,2787.0,Geothlypis trichas,Common Yellowthroat,0.2661,D:\Bird_Anuran_ARUs\IF06\SMM2-31_20260421_050400.wav
2787.0,2790.0,Corvus brachyrhynchos,American Crow,0.9337,D:\Bird_Anuran_ARUs\IF06\SMM2-31_20260421_050400.wav
2787.0,2790.0,Pipilo erythrophthalmus,Eastern Towhee,0.8939,D:\Bird_Anuran_ARUs\IF06\SMM2-31_20260421_050400.wav
2790.0,2793.0,Corvus brachyrhynchos,American Crow,0.5632,D:\Bird_Anuran_ARUs\IF06\SMM2-31_20260421_050400.wav
2793.0,2796.0,Corvus brachyrhynchos,American Crow,0.8473,D:\Bird_Anuran_ARUs\IF06\SMM2-31_20260421_050400.wav
2793.0,2796.0,Pipilo erythrophthalmus,Eastern Towhee,0.5089,D:\Bird_Anuran_ARUs\IF06\SMM2-31_20260421_050400.wav
2796.0,2799.0,Pipilo erythrophthalmus,Eastern Towhee,0.9068,D:\Bird_Anuran_ARUs\IF06\SMM2-31_20260421_050400.wav
2796.0,2799.0,Corvus brachyrhynchos,American Crow,0.7864,D:\Bird_Anuran_ARUs\IF06\SMM2-31_20260421_050400.wav
2799.0,2802.0,Corvus brachyrhynchos,American Crow,0.4950,D:\Bird_Anuran_ARUs\IF06\SMM2-31_20260421_050400.wav
2802.0,2805.0,Corvus brachyrhynchos,American Crow,0.9576,D:\Bird_Anuran_ARUs\IF06\SMM2-31_20260421_050400.wav
2802.0,2805.0,Pipilo erythrophthalmus,Eastern Towhee,0.7106,D:\Bird_Anuran_ARUs\IF06\SMM2-31_20260421_050400.wav
2802.0,2805.0,Setophaga citrina,Hooded Warbler,0.5661,D:\Bird_Anuran_ARUs\IF06\SMM2-31_20260421_050400.wav
2805.0,2808.0,Corvus brachyrhynchos,American Crow,0.9813,D:\Bird_Anuran_ARUs\IF06\SMM2-31_20260421_050400.wav
2805.0,2808.0,Vireo olivaceus,Red-eyed Vireo,0.2700,D:\Bird_Anuran_ARUs\IF06\SMM2-31_20260421_050400.wav
2808.0,2811.0,Pipilo erythrophthalmus,Eastern Towhee,0.9496,D:\Bird_Anuran_ARUs\IF06\SMM2-31_20260421_050400.wav
2808.0,2811.0,Corvus brachyrhynchos,American Crow,0.7257,D:\Bird_Anuran_ARUs\IF06\SMM2-31_20260421_050400.wav
2811.0,2814.0,Pipilo erythrophthalmus,Eastern Towhee,0.6140,D:\Bird_Anuran_ARUs\IF06\SMM2-31_20260421_050400.wav
2811.0,2814.0,Corvus brachyrhynchos,American Crow,0.3402,D:\Bird_Anuran_ARUs\IF06\SMM2-31_20260421_050400.wav
2814.0,2817.0,Corvus brachyrhynchos,American Crow,0.3631,D:\Bird_Anuran_ARUs\IF06\SMM2-31_20260421_050400.wav
2814.0,2817.0,Geothlypis trichas,Common Yellowthroat,0.2504,D:\Bird_Anuran_ARUs\IF06\SMM2-31_20260421_050400.wav
2817.0,2820.0,Corvus brachyrhynchos,American Crow,0.9636,D:\Bird_Anuran_ARUs\IF06\SMM2-31_20260421_050400.wav
2817.0,2820.0,Pipilo erythrophthalmus,Eastern Towhee,0.8967,D:\Bird_Anuran_ARUs\IF06\SMM2-31_20260421_050400.wav
2817.0,2820.0,Setophaga citrina,Hooded Warbler,0.4662,D:\Bird_Anuran_ARUs\IF06\SMM2-31_20260421_050400.wav
2820.0,2823.0,Pipilo erythrophthalmus,Eastern Towhee,0.7875,D:\Bird_Anuran_ARUs\IF06\SMM2-31_20260421_050400.wav
2823.0,2826.0,Poecile carolinensis,Carolina Chickadee,0.5690,D:\Bird_Anuran_ARUs\IF06\SMM2-31_20260421_050400.wav
2826.0,2829.0,Dryocopus pileatus,Pileated Woodpecker,0.5615,D:\Bird_Anuran_ARUs\IF06\SMM2-31_20260421_050400.wav
2829.0,2832.0,Dryocopus pileatus,Pileated Woodpecker,0.6640,D:\Bird_Anuran_ARUs\IF06\SMM2-31_20260421_050400.wav
2832.0,2835.0,Pipilo erythrophthalmus,Eastern Towhee,0.6961,D:\Bird_Anuran_ARUs\IF06\SMM2-31_20260421_050400.wav
2832.0,2835.0,Corvus brachyrhynchos,American Crow,0.6317,D:\Bird_Anuran_ARUs\IF06\SMM2-31_20260421_050400.wav
2835.0,2838.0,Pipilo erythrophthalmus,Eastern Towhee,0.6600,D:\Bird_Anuran_ARUs\IF06\SMM2-31_20260421_050400.wav
2838.0,2841.0,Corvus brachyrhynchos,American Crow,0.7091,D:\Bird_Anuran_ARUs\IF06\SMM2-31_20260421_050400.wav
2841.0,2844.0,Corvus brachyrhynchos,American Crow,0.8897,D:\Bird_Anuran_ARUs\IF06\SMM2-31_20260421_050400.wav
2841.0,2844.0,Setophaga citrina,Hooded Warbler,0.3176,D:\Bird_Anuran_ARUs\IF06\SMM2-31_20260421_050400.wav
2841.0,2844.0,Geothlypis trichas,Common Yellowthroat,0.2787,D:\Bird_Anuran_ARUs\IF06\SMM2-31_20260421_050400.wav
2844.0,2847.0,Pipilo erythrophthalmus,Eastern Towhee,0.9692,D:\Bird_Anuran_ARUs\IF06\SMM2-31_20260421_050400.wav
2844.0,2847.0,Corvus brachyrhynchos,American Crow,0.8411,D:\Bird_Anuran_ARUs\IF06\SMM2-31_20260421_050400.wav
2847.0,2850.0,Corvus brachyrhynchos,American Crow,0.4295,D:\Bird_Anuran_ARUs\IF06\SMM2-31_20260421_050400.wav
2850.0,2853.0,Corvus brachyrhynchos,American Crow,0.9733,D:\Bird_Anuran_ARUs\IF06\SMM2-31_20260421_050400.wav
2850.0,2853.0,Pipilo erythrophthalmus,Eastern Towhee,0.9656,D:\Bird_Anuran_ARUs\IF06\SMM2-31_20260421_050400.wav
2853.0,2856.0,Geothlypis trichas,Common Yellowthroat,0.2606,D:\Bird_Anuran_ARUs\IF06\SMM2-31_20260421_050400.wav
2856.0,2859.0,Corvus brachyrhynchos,American Crow,0.8602,D:\Bird_Anuran_ARUs\IF06\SMM2-31_20260421_050400.wav
2859.0,2862.0,Corvus brachyrhynchos,American Crow,0.9921,D:\Bird_Anuran_ARUs\IF06\SMM2-31_20260421_050400.wav
2859.0,2862.0,Pipilo erythrophthalmus,Eastern Towhee,0.9706,D:\Bird_Anuran_ARUs\IF06\SMM2-31_20260421_050400.wav
2862.0,2865.0,Corvus brachyrhynchos,American Crow,0.7809,D:\Bird_Anuran_ARUs\IF06\SMM2-31_20260421_050400.wav
2862.0,2865.0,Pipilo erythrophthalmus,Eastern Towhee,0.5651,D:\Bird_Anuran_ARUs\IF06\SMM2-31_20260421_050400.wav
2862.0,2865.0,Mniotilta varia,Black-and-white Warbler,0.3385,D:\Bird_Anuran_ARUs\IF06\SMM2-31_20260421_050400.wav
2865.0,2868.0,Setophaga citrina,Hooded Warbler,0.2998,D:\Bird_Anuran_ARUs\IF06\SMM2-31_20260421_050400.wav
2865.0,2868.0,Geothlypis trichas,Common Yellowthroat,0.2868,D:\Bird_Anuran_ARUs\IF06\SMM2-31_20260421_050400.wav
2868.0,2871.0,Pipilo erythrophthalmus,Eastern Towhee,0.8888,D:\Bird_Anuran_ARUs\IF06\SMM2-31_20260421_050400.wav
2871.0,2874.0,Corvus brachyrhynchos,American Crow,0.2909,D:\Bird_Anuran_ARUs\IF06\SMM2-31_20260421_050400.wav
2877.0,2880.0,Corvus brachyrhynchos,American Crow,0.4645,D:\Bird_Anuran_ARUs\IF06\SMM2-31_20260421_050400.wav
2877.0,2880.0,Setophaga citrina,Hooded Warbler,0.3589,D:\Bird_Anuran_ARUs\IF06\SMM2-31_20260421_050400.wav
2880.0,2883.0,Setophaga citrina,Hooded Warbler,0.5102,D:\Bird_Anuran_ARUs\IF06\SMM2-31_20260421_050400.wav
2883.0,2886.0,Pipilo erythrophthalmus,Eastern Towhee,0.7806,D:\Bird_Anuran_ARUs\IF06\SMM2-31_20260421_050400.wav
2883.0,2886.0,Corvus brachyrhynchos,American Crow,0.2946,D:\Bird_Anuran_ARUs\IF06\SMM2-31_20260421_050400.wav
2886.0,2889.0,Corvus brachyrhynchos,American Crow,0.9290,D:\Bird_Anuran_ARUs\IF06\SMM2-31_20260421_050400.wav
2886.0,2889.0,Mniotilta varia,Black-and-white Warbler,0.8045,D:\Bird_Anuran_ARUs\IF06\SMM2-31_20260421_050400.wav
2892.0,2895.0,Corvus brachyrhynchos,American Crow,0.6503,D:\Bird_Anuran_ARUs\IF06\SMM2-31_20260421_050400.wav
2892.0,2895.0,Pipilo erythrophthalmus,Eastern Towhee,0.6306,D:\Bird_Anuran_ARUs\IF06\SMM2-31_20260421_050400.wav
2892.0,2895.0,Setophaga citrina,Hooded Warbler,0.3813,D:\Bird_Anuran_ARUs\IF06\SMM2-31_20260421_050400.wav
2895.0,2898.0,Pipilo erythrophthalmus,Eastern Towhee,0.6183,D:\Bird_Anuran_ARUs\IF06\SMM2-31_20260421_050400.wav
2895.0,2898.0,Corvus brachyrhynchos,American Crow,0.5423,D:\Bird_Anuran_ARUs\IF06\SMM2-31_20260421_050400.wav
2901.0,2904.0,Pipilo erythrophthalmus,Eastern Towhee,0.8675,D:\Bird_Anuran_ARUs\IF06\SMM2-31_20260421_050400.wav
2901.0,2904.0,Corvus brachyrhynchos,American Crow,0.5712,D:\Bird_Anuran_ARUs\IF06\SMM2-31_20260421_050400.wav
2904.0,2907.0,Setophaga citrina,Hooded Warbler,0.7749,D:\Bird_Anuran_ARUs\IF06\SMM2-31_20260421_050400.wav
2904.0,2907.0,Corvus brachyrhynchos,American Crow,0.7554,D:\Bird_Anuran_ARUs\IF06\SMM2-31_20260421_050400.wav
2907.0,2910.0,Setophaga citrina,Hooded Warbler,0.5708,D:\Bird_Anuran_ARUs\IF06\SMM2-31_20260421_050400.wav
2907.0,2910.0,Geothlypis trichas,Common Yellowthroat,0.2594,D:\Bird_Anuran_ARUs\IF06\SMM2-31_20260421_050400.wav
2910.0,2913.0,Pipilo erythrophthalmus,Eastern Towhee,0.9587,D:\Bird_Anuran_ARUs\IF06\SMM2-31_20260421_050400.wav
2910.0,2913.0,Corvus brachyrhynchos,American Crow,0.9318,D:\Bird_Anuran_ARUs\IF06\SMM2-31_20260421_050400.wav
2913.0,2916.0,Corvus brachyrhynchos,American Crow,0.8528,D:\Bird_Anuran_ARUs\IF06\SMM2-31_20260421_050400.wav
2913.0,2916.0,Seiurus aurocapilla,Ovenbird,0.3924,D:\Bird_Anuran_ARUs\IF06\SMM2-31_20260421_050400.wav
2916.0,2919.0,Pipilo erythrophthalmus,Eastern Towhee,0.9699,D:\Bird_Anuran_ARUs\IF06\SMM2-31_20260421_050400.wav
2916.0,2919.0,Corvus brachyrhynchos,American Crow,0.9094,D:\Bird_Anuran_ARUs\IF06\SMM2-31_20260421_050400.wav
2919.0,2922.0,Geothlypis trichas,Common Yellowthroat,0.2873,D:\Bird_Anuran_ARUs\IF06\SMM2-31_20260421_050400.wav
2922.0,2925.0,Corvus brachyrhynchos,American Crow,0.3348,D:\Bird_Anuran_ARUs\IF06\SMM2-31_20260421_050400.wav
2925.0,2928.0,Pipilo erythrophthalmus,Eastern Towhee,0.9431,D:\Bird_Anuran_ARUs\IF06\SMM2-31_20260421_050400.wav
2928.0,2931.0,Corvus brachyrhynchos,American Crow,0.4582,D:\Bird_Anuran_ARUs\IF06\SMM2-31_20260421_050400.wav
2931.0,2934.0,Pipilo erythrophthalmus,Eastern Towhee,0.5659,D:\Bird_Anuran_ARUs\IF06\SMM2-31_20260421_050400.wav
2934.0,2937.0,Geothlypis trichas,Common Yellowthroat,0.3306,D:\Bird_Anuran_ARUs\IF06\SMM2-31_20260421_050400.wav
2934.0,2937.0,Setophaga citrina,Hooded Warbler,0.3150,D:\Bird_Anuran_ARUs\IF06\SMM2-31_20260421_050400.wav
2937.0,2940.0,Corvus brachyrhynchos,American Crow,0.6542,D:\Bird_Anuran_ARUs\IF06\SMM2-31_20260421_050400.wav
2937.0,2940.0,Pipilo erythrophthalmus,Eastern Towhee,0.5296,D:\Bird_Anuran_ARUs\IF06\SMM2-31_20260421_050400.wav
2940.0,2943.0,Pipilo erythrophthalmus,Eastern Towhee,0.7543,D:\Bird_Anuran_ARUs\IF06\SMM2-31_20260421_050400.wav
2940.0,2943.0,Corvus brachyrhynchos,American Crow,0.3264,D:\Bird_Anuran_ARUs\IF06\SMM2-31_20260421_050400.wav
2943.0,2946.0,Corvus brachyrhynchos,American Crow,0.4401,D:\Bird_Anuran_ARUs\IF06\SMM2-31_20260421_050400.wav
2946.0,2949.0,Pipilo erythrophthalmus,Eastern Towhee,0.6991,D:\Bird_Anuran_ARUs\IF06\SMM2-31_20260421_050400.wav
2946.0,2949.0,Corvus brachyrhynchos,American Crow,0.2647,D:\Bird_Anuran_ARUs\IF06\SMM2-31_20260421_050400.wav
2949.0,2952.0,Setophaga citrina,Hooded Warbler,0.3872,D:\Bird_Anuran_ARUs\IF06\SMM2-31_20260421_050400.wav
2949.0,2952.0,Geothlypis trichas,Common Yellowthroat,0.2702,D:\Bird_Anuran_ARUs\IF06\SMM2-31_20260421_050400.wav
2952.0,2955.0,Corvus brachyrhynchos,American Crow,0.5582,D:\Bird_Anuran_ARUs\IF06\SMM2-31_20260421_050400.wav
2955.0,2958.0,Corvus brachyrhynchos,American Crow,0.7901,D:\Bird_Anuran_ARUs\IF06\SMM2-31_20260421_050400.wav
2958.0,2961.0,Pipilo erythrophthalmus,Eastern Towhee,0.7475,D:\Bird_Anuran_ARUs\IF06\SMM2-31_20260421_050400.wav
2964.0,2967.0,Setophaga citrina,Hooded Warbler,0.8556,D:\Bird_Anuran_ARUs\IF06\SMM2-31_20260421_050400.wav
2964.0,2967.0,Corvus brachyrhynchos,American Crow,0.3286,D:\Bird_Anuran_ARUs\IF06\SMM2-31_20260421_050400.wav
2964.0,2967.0,Geothlypis trichas,Common Yellowthroat,0.2633,D:\Bird_Anuran_ARUs\IF06\SMM2-31_20260421_050400.wav
2967.0,2970.0,Pipilo erythrophthalmus,Eastern Towhee,0.6503,D:\Bird_Anuran_ARUs\IF06\SMM2-31_20260421_050400.wav
2967.0,2970.0,Corvus brachyrhynchos,American Crow,0.2969,D:\Bird_Anuran_ARUs\IF06\SMM2-31_20260421_050400.wav
2970.0,2973.0,Corvus brachyrhynchos,American Crow,0.8229,D:\Bird_Anuran_ARUs\IF06\SMM2-31_20260421_050400.wav
2973.0,2976.0,Pipilo erythrophthalmus,Eastern Towhee,0.8274,D:\Bird_Anuran_ARUs\IF06\SMM2-31_20260421_050400.wav
2973.0,2976.0,Corvus brachyrhynchos,American Crow,0.4216,D:\Bird_Anuran_ARUs\IF06\SMM2-31_20260421_050400.wav
2976.0,2979.0,Corvus brachyrhynchos,American Crow,0.8363,D:\Bird_Anuran_ARUs\IF06\SMM2-31_20260421_050400.wav
2976.0,2979.0,Geothlypis trichas,Common Yellowthroat,0.2965,D:\Bird_Anuran_ARUs\IF06\SMM2-31_20260421_050400.wav
2976.0,2979.0,Setophaga citrina,Hooded Warbler,0.2905,D:\Bird_Anuran_ARUs\IF06\SMM2-31_20260421_050400.wav
2982.0,2985.0,Pipilo erythrophthalmus,Eastern Towhee,0.4729,D:\Bird_Anuran_ARUs\IF06\SMM2-31_20260421_050400.wav
2985.0,2988.0,Corvus brachyrhynchos,American Crow,0.2697,D:\Bird_Anuran_ARUs\IF06\SMM2-31_20260421_050400.wav
2988.0,2991.0,Pipilo erythrophthalmus,Eastern Towhee,0.9228,D:\Bird_Anuran_ARUs\IF06\SMM2-31_20260421_050400.wav
2991.0,2994.0,Corvus brachyrhynchos,American Crow,0.2568,D:\Bird_Anuran_ARUs\IF06\SMM2-31_20260421_050400.wav
2994.0,2997.0,Setophaga citrina,Hooded Warbler,0.4036,D:\Bird_Anuran_ARUs\IF06\SMM2-31_20260421_050400.wav
2997.0,3000.0,Pipilo erythrophthalmus,Eastern Towhee,0.9047,D:\Bird_Anuran_ARUs\IF06\SMM2-31_20260421_050400.wav
2997.0,3000.0,Corvus brachyrhynchos,American Crow,0.5578,D:\Bird_Anuran_ARUs\IF06\SMM2-31_20260421_050400.wav
3000.0,3003.0,Geothlypis trichas,Common Yellowthroat,0.3414,D:\Bird_Anuran_ARUs\IF06\SMM2-31_20260421_050400.wav
3003.0,3006.0,Pipilo erythrophthalmus,Eastern Towhee,0.8837,D:\Bird_Anuran_ARUs\IF06\SMM2-31_20260421_050400.wav
3003.0,3006.0,Corvus brachyrhynchos,American Crow,0.5930,D:\Bird_Anuran_ARUs\IF06\SMM2-31_20260421_050400.wav
3006.0,3009.0,Corvus brachyrhynchos,American Crow,0.7219,D:\Bird_Anuran_ARUs\IF06\SMM2-31_20260421_050400.wav
3009.0,3012.0,Geothlypis trichas,Common Yellowthroat,0.3883,D:\Bird_Anuran_ARUs\IF06\SMM2-31_20260421_050400.wav
3012.0,3015.0,Pipilo erythrophthalmus,Eastern Towhee,0.7208,D:\Bird_Anuran_ARUs\IF06\SMM2-31_20260421_050400.wav
3015.0,3018.0,Geothlypis trichas,Common Yellowthroat,0.3405,D:\Bird_Anuran_ARUs\IF06\SMM2-31_20260421_050400.wav
3018.0,3021.0,Corvus brachyrhynchos,American Crow,0.4158,D:\Bird_Anuran_ARUs\IF06\SMM2-31_20260421_050400.wav
3021.0,3024.0,Pipilo erythrophthalmus,Eastern Towhee,0.8707,D:\Bird_Anuran_ARUs\IF06\SMM2-31_20260421_050400.wav
3024.0,3027.0,Corvus brachyrhynchos,American Crow,0.9593,D:\Bird_Anuran_ARUs\IF06\SMM2-31_20260421_050400.wav
3024.0,3027.0,Setophaga citrina,Hooded Warbler,0.8546,D:\Bird_Anuran_ARUs\IF06\SMM2-31_20260421_050400.wav
3024.0,3027.0,Geothlypis trichas,Common Yellowthroat,0.2503,D:\Bird_Anuran_ARUs\IF06\SMM2-31_20260421_050400.wav
3027.0,3030.0,Pipilo erythrophthalmus,Eastern Towhee,0.7256,D:\Bird_Anuran_ARUs\IF06\SMM2-31_20260421_050400.wav
3036.0,3039.0,Pipilo erythrophthalmus,Eastern Towhee,0.6617,D:\Bird_Anuran_ARUs\IF06\SMM2-31_20260421_050400.wav
3039.0,3042.0,Geothlypis trichas,Common Yellowthroat,0.4799,D:\Bird_Anuran_ARUs\IF06\SMM2-31_20260421_050400.wav
3039.0,3042.0,Setophaga citrina,Hooded Warbler,0.3183,D:\Bird_Anuran_ARUs\IF06\SMM2-31_20260421_050400.wav
3042.0,3045.0,Corvus brachyrhynchos,American Crow,0.4092,D:\Bird_Anuran_ARUs\IF06\SMM2-31_20260421_050400.wav
3042.0,3045.0,Geothlypis trichas,Common Yellowthroat,0.2805,D:\Bird_Anuran_ARUs\IF06\SMM2-31_20260421_050400.wav
3045.0,3048.0,Pipilo erythrophthalmus,Eastern Towhee,0.9212,D:\Bird_Anuran_ARUs\IF06\SMM2-31_20260421_050400.wav
3048.0,3051.0,Corvus brachyrhynchos,American Crow,0.5128,D:\Bird_Anuran_ARUs\IF06\SMM2-31_20260421_050400.wav
3051.0,3054.0,Geothlypis trichas,Common Yellowthroat,0.3834,D:\Bird_Anuran_ARUs\IF06\SMM2-31_20260421_050400.wav
3054.0,3057.0,Pipilo erythrophthalmus,Eastern Towhee,0.7913,D:\Bird_Anuran_ARUs\IF06\SMM2-31_20260421_050400.wav
3054.0,3057.0,Corvus brachyrhynchos,American Crow,0.5153,D:\Bird_Anuran_ARUs\IF06\SMM2-31_20260421_050400.wav
3057.0,3060.0,Geothlypis trichas,Common Yellowthroat,0.7739,D:\Bird_Anuran_ARUs\IF06\SMM2-31_20260421_050400.wav
3057.0,3060.0,Corvus brachyrhynchos,American Crow,0.5179,D:\Bird_Anuran_ARUs\IF06\SMM2-31_20260421_050400.wav
3057.0,3060.0,Seiurus aurocapilla,Ovenbird,0.2896,D:\Bird_Anuran_ARUs\IF06\SMM2-31_20260421_050400.wav
3060.0,3063.0,Pipilo erythrophthalmus,Eastern Towhee,0.9819,D:\Bird_Anuran_ARUs\IF06\SMM2-31_20260421_050400.wav
3060.0,3063.0,Corvus brachyrhynchos,American Crow,0.9554,D:\Bird_Anuran_ARUs\IF06\SMM2-31_20260421_050400.wav
3063.0,3066.0,Pipilo erythrophthalmus,Eastern Towhee,0.9138,D:\Bird_Anuran_ARUs\IF06\SMM2-31_20260421_050400.wav
3063.0,3066.0,Corvus brachyrhynchos,American Crow,0.3523,D:\Bird_Anuran_ARUs\IF06\SMM2-31_20260421_050400.wav
3063.0,3066.0,Setophaga pinus,Pine Warbler,0.2821,D:\Bird_Anuran_ARUs\IF06\SMM2-31_20260421_050400.wav
3066.0,3069.0,Setophaga citrina,Hooded Warbler,0.6560,D:\Bird_Anuran_ARUs\IF06\SMM2-31_20260421_050400.wav
3069.0,3072.0,Pipilo erythrophthalmus,Eastern Towhee,0.7443,D:\Bird_Anuran_ARUs\IF06\SMM2-31_20260421_050400.wav
3069.0,3072.0,Corvus brachyrhynchos,American Crow,0.3009,D:\Bird_Anuran_ARUs\IF06\SMM2-31_20260421_050400.wav
3075.0,3078.0,Pipilo erythrophthalmus,Eastern Towhee,0.8927,D:\Bird_Anuran_ARUs\IF06\SMM2-31_20260421_050400.wav
3075.0,3078.0,Corvus brachyrhynchos,American Crow,0.4054,D:\Bird_Anuran_ARUs\IF06\SMM2-31_20260421_050400.wav
3078.0,3081.0,Corvus brachyrhynchos,American Crow,0.3266,D:\Bird_Anuran_ARUs\IF06\SMM2-31_20260421_050400.wav
3084.0,3087.0,Pipilo erythrophthalmus,Eastern Towhee,0.4528,D:\Bird_Anuran_ARUs\IF06\SMM2-31_20260421_050400.wav
3087.0,3090.0,Pipilo erythrophthalmus,Eastern Towhee,0.4223,D:\Bird_Anuran_ARUs\IF06\SMM2-31_20260421_050400.wav
3087.0,3090.0,Corvus brachyrhynchos,American Crow,0.2691,D:\Bird_Anuran_ARUs\IF06\SMM2-31_20260421_050400.wav
3090.0,3093.0,Corvus brachyrhynchos,American Crow,0.7744,D:\Bird_Anuran_ARUs\IF06\SMM2-31_20260421_050400.wav
3093.0,3096.0,Pipilo erythrophthalmus,Eastern Towhee,0.8846,D:\Bird_Anuran_ARUs\IF06\SMM2-31_20260421_050400.wav
3093.0,3096.0,Corvus brachyrhynchos,American Crow,0.8637,D:\Bird_Anuran_ARUs\IF06\SMM2-31_20260421_050400.wav
3096.0,3099.0,Corvus brachyrhynchos,American Crow,0.7622,D:\Bird_Anuran_ARUs\IF06\SMM2-31_20260421_050400.wav
3096.0,3099.0,Setophaga citrina,Hooded Warbler,0.5734,D:\Bird_Anuran_ARUs\IF06\SMM2-31_20260421_050400.wav
3096.0,3099.0,Geothlypis trichas,Common Yellowthroat,0.3693,D:\Bird_Anuran_ARUs\IF06\SMM2-31_20260421_050400.wav
3099.0,3102.0,Pipilo erythrophthalmus,Eastern Towhee,0.7926,D:\Bird_Anuran_ARUs\IF06\SMM2-31_20260421_050400.wav
3099.0,3102.0,Corvus brachyrhynchos,American Crow,0.5446,D:\Bird_Anuran_ARUs\IF06\SMM2-31_20260421_050400.wav
3102.0,3105.0,Geothlypis trichas,Common Yellowthroat,0.5397,D:\Bird_Anuran_ARUs\IF06\SMM2-31_20260421_050400.wav
3105.0,3108.0,Pipilo erythrophthalmus,Eastern Towhee,0.7828,D:\Bird_Anuran_ARUs\IF06\SMM2-31_20260421_050400.wav
3105.0,3108.0,Corvus brachyrhynchos,American Crow,0.4938,D:\Bird_Anuran_ARUs\IF06\SMM2-31_20260421_050400.wav
3108.0,3111.0,Pipilo erythrophthalmus,Eastern Towhee,0.6405,D:\Bird_Anuran_ARUs\IF06\SMM2-31_20260421_050400.wav
3111.0,3114.0,Setophaga citrina,Hooded Warbler,0.8529,D:\Bird_Anuran_ARUs\IF06\SMM2-31_20260421_050400.wav
3111.0,3114.0,Corvus brachyrhynchos,American Crow,0.6558,D:\Bird_Anuran_ARUs\IF06\SMM2-31_20260421_050400.wav
3114.0,3117.0,Pipilo erythrophthalmus,Eastern Towhee,0.8655,D:\Bird_Anuran_ARUs\IF06\SMM2-31_20260421_050400.wav
3114.0,3117.0,Corvus brachyrhynchos,American Crow,0.5931,D:\Bird_Anuran_ARUs\IF06\SMM2-31_20260421_050400.wav
3117.0,3120.0,Corvus brachyrhynchos,American Crow,0.5814,D:\Bird_Anuran_ARUs\IF06\SMM2-31_20260421_050400.wav
3123.0,3126.0,Pipilo erythrophthalmus,Eastern Towhee,0.6328,D:\Bird_Anuran_ARUs\IF06\SMM2-31_20260421_050400.wav
3126.0,3129.0,Setophaga citrina,Hooded Warbler,0.6898,D:\Bird_Anuran_ARUs\IF06\SMM2-31_20260421_050400.wav
3129.0,3132.0,Pipilo erythrophthalmus,Eastern Towhee,0.7105,D:\Bird_Anuran_ARUs\IF06\SMM2-31_20260421_050400.wav
3132.0,3135.0,Setophaga pinus,Pine Warbler,0.5995,D:\Bird_Anuran_ARUs\IF06\SMM2-31_20260421_050400.wav
3132.0,3135.0,Pipilo erythrophthalmus,Eastern Towhee,0.4906,D:\Bird_Anuran_ARUs\IF06\SMM2-31_20260421_050400.wav
3135.0,3138.0,Seiurus aurocapilla,Ovenbird,0.2596,D:\Bird_Anuran_ARUs\IF06\SMM2-31_20260421_050400.wav
3138.0,3141.0,Corvus brachyrhynchos,American Crow,0.7581,D:\Bird_Anuran_ARUs\IF06\SMM2-31_20260421_050400.wav
3138.0,3141.0,Pipilo erythrophthalmus,Eastern Towhee,0.7271,D:\Bird_Anuran_ARUs\IF06\SMM2-31_20260421_050400.wav
3138.0,3141.0,Setophaga citrina,Hooded Warbler,0.2504,D:\Bird_Anuran_ARUs\IF06\SMM2-31_20260421_050400.wav
3141.0,3144.0,Corvus brachyrhynchos,American Crow,0.6861,D:\Bird_Anuran_ARUs\IF06\SMM2-31_20260421_050400.wav
3141.0,3144.0,Molothrus ater,Brown-headed Cowbird,0.5640,D:\Bird_Anuran_ARUs\IF06\SMM2-31_20260421_050400.wav
3144.0,3147.0,Pipilo erythrophthalmus,Eastern Towhee,0.9794,D:\Bird_Anuran_ARUs\IF06\SMM2-31_20260421_050400.wav
3144.0,3147.0,Corvus brachyrhynchos,American Crow,0.9481,D:\Bird_Anuran_ARUs\IF06\SMM2-31_20260421_050400.wav
3147.0,3150.0,Corvus brachyrhynchos,American Crow,0.8240,D:\Bird_Anuran_ARUs\IF06\SMM2-31_20260421_050400.wav
3147.0,3150.0,Pipilo erythrophthalmus,Eastern Towhee,0.4234,D:\Bird_Anuran_ARUs\IF06\SMM2-31_20260421_050400.wav
3150.0,3153.0,Corvus brachyrhynchos,American Crow,0.8204,D:\Bird_Anuran_ARUs\IF06\SMM2-31_20260421_050400.wav
3153.0,3156.0,Pipilo erythrophthalmus,Eastern Towhee,0.9687,D:\Bird_Anuran_ARUs\IF06\SMM2-31_20260421_050400.wav
3153.0,3156.0,Corvus brachyrhynchos,American Crow,0.9672,D:\Bird_Anuran_ARUs\IF06\SMM2-31_20260421_050400.wav
3153.0,3156.0,Setophaga citrina,Hooded Warbler,0.4364,D:\Bird_Anuran_ARUs\IF06\SMM2-31_20260421_050400.wav
3156.0,3159.0,Corvus brachyrhynchos,American Crow,0.9559,D:\Bird_Anuran_ARUs\IF06\SMM2-31_20260421_050400.wav
3159.0,3162.0,Corvus brachyrhynchos,American Crow,0.9861,D:\Bird_Anuran_ARUs\IF06\SMM2-31_20260421_050400.wav
3159.0,3162.0,Pipilo erythrophthalmus,Eastern Towhee,0.9446,D:\Bird_Anuran_ARUs\IF06\SMM2-31_20260421_050400.wav
3162.0,3165.0,Pipilo erythrophthalmus,Eastern Towhee,0.8936,D:\Bird_Anuran_ARUs\IF06\SMM2-31_20260421_050400.wav
3162.0,3165.0,Corvus brachyrhynchos,American Crow,0.8078,D:\Bird_Anuran_ARUs\IF06\SMM2-31_20260421_050400.wav
3162.0,3165.0,Setophaga pinus,Pine Warbler,0.3110,D:\Bird_Anuran_ARUs\IF06\SMM2-31_20260421_050400.wav
3168.0,3171.0,Corvus brachyrhynchos,American Crow,0.8383,D:\Bird_Anuran_ARUs\IF06\SMM2-31_20260421_050400.wav
3168.0,3171.0,Setophaga citrina,Hooded Warbler,0.6032,D:\Bird_Anuran_ARUs\IF06\SMM2-31_20260421_050400.wav
3168.0,3171.0,Geothlypis trichas,Common Yellowthroat,0.2798,D:\Bird_Anuran_ARUs\IF06\SMM2-31_20260421_050400.wav
3171.0,3174.0,Pipilo erythrophthalmus,Eastern Towhee,0.5945,D:\Bird_Anuran_ARUs\IF06\SMM2-31_20260421_050400.wav
3171.0,3174.0,Corvus brachyrhynchos,American Crow,0.3489,D:\Bird_Anuran_ARUs\IF06\SMM2-31_20260421_050400.wav
3180.0,3183.0,Corvus brachyrhynchos,American Crow,0.3867,D:\Bird_Anuran_ARUs\IF06\SMM2-31_20260421_050400.wav
3183.0,3186.0,Corvus brachyrhynchos,American Crow,0.3840,D:\Bird_Anuran_ARUs\IF06\SMM2-31_20260421_050400.wav
3189.0,3192.0,Pipilo erythrophthalmus,Eastern Towhee,0.4291,D:\Bird_Anuran_ARUs\IF06\SMM2-31_20260421_050400.wav
3189.0,3192.0,Corvus brachyrhynchos,American Crow,0.3875,D:\Bird_Anuran_ARUs\IF06\SMM2-31_20260421_050400.wav
3192.0,3195.0,Setophaga citrina,Hooded Warbler,0.6296,D:\Bird_Anuran_ARUs\IF06\SMM2-31_20260421_050400.wav
3192.0,3195.0,Corvus brachyrhynchos,American Crow,0.3887,D:\Bird_Anuran_ARUs\IF06\SMM2-31_20260421_050400.wav
3198.0,3201.0,Pipilo erythrophthalmus,Eastern Towhee,0.7796,D:\Bird_Anuran_ARUs\IF06\SMM2-31_20260421_050400.wav
3201.0,3204.0,Geothlypis trichas,Common Yellowthroat,0.3628,D:\Bird_Anuran_ARUs\IF06\SMM2-31_20260421_050400.wav
3204.0,3207.0,Pipilo erythrophthalmus,Eastern Towhee,0.6777,D:\Bird_Anuran_ARUs\IF06\SMM2-31_20260421_050400.wav
3207.0,3210.0,Pipilo erythrophthalmus,Eastern Towhee,0.3449,D:\Bird_Anuran_ARUs\IF06\SMM2-31_20260421_050400.wav
3210.0,3213.0,Corvus brachyrhynchos,American Crow,0.2692,D:\Bird_Anuran_ARUs\IF06\SMM2-31_20260421_050400.wav
3213.0,3216.0,Corvus brachyrhynchos,American Crow,0.9831,D:\Bird_Anuran_ARUs\IF06\SMM2-31_20260421_050400.wav
3213.0,3216.0,Pipilo erythrophthalmus,Eastern Towhee,0.8841,D:\Bird_Anuran_ARUs\IF06\SMM2-31_20260421_050400.wav
3216.0,3219.0,Corvus brachyrhynchos,American Crow,0.9327,D:\Bird_Anuran_ARUs\IF06\SMM2-31_20260421_050400.wav
3222.0,3225.0,Corvus brachyrhynchos,American Crow,0.3718,D:\Bird_Anuran_ARUs\IF06\SMM2-31_20260421_050400.wav
3222.0,3225.0,Setophaga citrina,Hooded Warbler,0.3069,D:\Bird_Anuran_ARUs\IF06\SMM2-31_20260421_050400.wav
3228.0,3231.0,Pipilo erythrophthalmus,Eastern Towhee,0.9075,D:\Bird_Anuran_ARUs\IF06\SMM2-31_20260421_050400.wav
3228.0,3231.0,Corvus brachyrhynchos,American Crow,0.5133,D:\Bird_Anuran_ARUs\IF06\SMM2-31_20260421_050400.wav
3231.0,3234.0,Corvus brachyrhynchos,American Crow,0.8994,D:\Bird_Anuran_ARUs\IF06\SMM2-31_20260421_050400.wav
3231.0,3234.0,Seiurus aurocapilla,Ovenbird,0.3435,D:\Bird_Anuran_ARUs\IF06\SMM2-31_20260421_050400.wav
3234.0,3237.0,Corvus brachyrhynchos,American Crow,0.9665,D:\Bird_Anuran_ARUs\IF06\SMM2-31_20260421_050400.wav
3234.0,3237.0,Pipilo erythrophthalmus,Eastern Towhee,0.8083,D:\Bird_Anuran_ARUs\IF06\SMM2-31_20260421_050400.wav
3237.0,3240.0,Setophaga citrina,Hooded Warbler,0.5852,D:\Bird_Anuran_ARUs\IF06\SMM2-31_20260421_050400.wav
3243.0,3246.0,Pipilo erythrophthalmus,Eastern Towhee,0.8631,D:\Bird_Anuran_ARUs\IF06\SMM2-31_20260421_050400.wav
3243.0,3246.0,Corvus brachyrhynchos,American Crow,0.6794,D:\Bird_Anuran_ARUs\IF06\SMM2-31_20260421_050400.wav
3246.0,3249.0,Corvus brachyrhynchos,American Crow,0.4003,D:\Bird_Anuran_ARUs\IF06\SMM2-31_20260421_050400.wav
3249.0,3252.0,Pipilo erythrophthalmus,Eastern Towhee,0.9409,D:\Bird_Anuran_ARUs\IF06\SMM2-31_20260421_050400.wav
3249.0,3252.0,Corvus brachyrhynchos,American Crow,0.5394,D:\Bird_Anuran_ARUs\IF06\SMM2-31_20260421_050400.wav
3252.0,3255.0,Setophaga citrina,Hooded Warbler,0.4557,D:\Bird_Anuran_ARUs\IF06\SMM2-31_20260421_050400.wav
3252.0,3255.0,Geothlypis trichas,Common Yellowthroat,0.3026,D:\Bird_Anuran_ARUs\IF06\SMM2-31_20260421_050400.wav
3255.0,3258.0,Molothrus ater,Brown-headed Cowbird,0.5405,D:\Bird_Anuran_ARUs\IF06\SMM2-31_20260421_050400.wav
3261.0,3264.0,Cardinalis cardinalis,Northern Cardinal,0.4594,D:\Bird_Anuran_ARUs\IF06\SMM2-31_20260421_050400.wav
3264.0,3267.0,Setophaga citrina,Hooded Warbler,0.8714,D:\Bird_Anuran_ARUs\IF06\SMM2-31_20260421_050400.wav
3267.0,3270.0,Pipilo erythrophthalmus,Eastern Towhee,0.7544,D:\Bird_Anuran_ARUs\IF06\SMM2-31_20260421_050400.wav
3273.0,3276.0,Pipilo erythrophthalmus,Eastern Towhee,0.4241,D:\Bird_Anuran_ARUs\IF06\SMM2-31_20260421_050400.wav
3276.0,3279.0,Corvus brachyrhynchos,American Crow,0.9829,D:\Bird_Anuran_ARUs\IF06\SMM2-31_20260421_050400.wav
3276.0,3279.0,Pipilo erythrophthalmus,Eastern Towhee,0.9616,D:\Bird_Anuran_ARUs\IF06\SMM2-31_20260421_050400.wav
3279.0,3282.0,Corvus brachyrhynchos,American Crow,0.9516,D:\Bird_Anuran_ARUs\IF06\SMM2-31_20260421_050400.wav
3279.0,3282.0,Pipilo erythrophthalmus,Eastern Towhee,0.9305,D:\Bird_Anuran_ARUs\IF06\SMM2-31_20260421_050400.wav
3282.0,3285.0,Geothlypis trichas,Common Yellowthroat,0.2920,D:\Bird_Anuran_ARUs\IF06\SMM2-31_20260421_050400.wav
3285.0,3288.0,Pipilo erythrophthalmus,Eastern Towhee,0.5086,D:\Bird_Anuran_ARUs\IF06\SMM2-31_20260421_050400.wav
3288.0,3291.0,Corvus brachyrhynchos,American Crow,0.9669,D:\Bird_Anuran_ARUs\IF06\SMM2-31_20260421_050400.wav
3288.0,3291.0,Pipilo erythrophthalmus,Eastern Towhee,0.8726,D:\Bird_Anuran_ARUs\IF06\SMM2-31_20260421_050400.wav
3291.0,3294.0,Corvus brachyrhynchos,American Crow,0.3849,D:\Bird_Anuran_ARUs\IF06\SMM2-31_20260421_050400.wav
3294.0,3297.0,Pipilo erythrophthalmus,Eastern Towhee,0.7129,D:\Bird_Anuran_ARUs\IF06\SMM2-31_20260421_050400.wav
3297.0,3300.0,Corvus brachyrhynchos,American Crow,0.8421,D:\Bird_Anuran_ARUs\IF06\SMM2-31_20260421_050400.wav
3297.0,3300.0,Pipilo erythrophthalmus,Eastern Towhee,0.7840,D:\Bird_Anuran_ARUs\IF06\SMM2-31_20260421_050400.wav
3300.0,3303.0,Corvus brachyrhynchos,American Crow,0.6082,D:\Bird_Anuran_ARUs\IF06\SMM2-31_20260421_050400.wav
3303.0,3306.0,Corvus brachyrhynchos,American Crow,0.4233,D:\Bird_Anuran_ARUs\IF06\SMM2-31_20260421_050400.wav
3303.0,3306.0,Geothlypis trichas,Common Yellowthroat,0.3047,D:\Bird_Anuran_ARUs\IF06\SMM2-31_20260421_050400.wav
3306.0,3309.0,Pipilo erythrophthalmus,Eastern Towhee,0.8148,D:\Bird_Anuran_ARUs\IF06\SMM2-31_20260421_050400.wav
3312.0,3315.0,Pipilo erythrophthalmus,Eastern Towhee,0.9441,D:\Bird_Anuran_ARUs\IF06\SMM2-31_20260421_050400.wav
3312.0,3315.0,Corvus brachyrhynchos,American Crow,0.5168,D:\Bird_Anuran_ARUs\IF06\SMM2-31_20260421_050400.wav
3318.0,3321.0,Corvus brachyrhynchos,American Crow,0.9774,D:\Bird_Anuran_ARUs\IF06\SMM2-31_20260421_050400.wav
3318.0,3321.0,Pipilo erythrophthalmus,Eastern Towhee,0.4283,D:\Bird_Anuran_ARUs\IF06\SMM2-31_20260421_050400.wav
3321.0,3324.0,Pipilo erythrophthalmus,Eastern Towhee,0.9739,D:\Bird_Anuran_ARUs\IF06\SMM2-31_20260421_050400.wav
3321.0,3324.0,Corvus brachyrhynchos,American Crow,0.8022,D:\Bird_Anuran_ARUs\IF06\SMM2-31_20260421_050400.wav
3324.0,3327.0,Corvus brachyrhynchos,American Crow,0.7088,D:\Bird_Anuran_ARUs\IF06\SMM2-31_20260421_050400.wav
3327.0,3330.0,Corvus brachyrhynchos,American Crow,0.4942,D:\Bird_Anuran_ARUs\IF06\SMM2-31_20260421_050400.wav
3330.0,3333.0,Pipilo erythrophthalmus,Eastern Towhee,0.9068,D:\Bird_Anuran_ARUs\IF06\SMM2-31_20260421_050400.wav
3339.0,3342.0,Corvus brachyrhynchos,American Crow,0.9191,D:\Bird_Anuran_ARUs\IF06\SMM2-31_20260421_050400.wav
3339.0,3342.0,Pipilo erythrophthalmus,Eastern Towhee,0.9064,D:\Bird_Anuran_ARUs\IF06\SMM2-31_20260421_050400.wav
3339.0,3342.0,Setophaga citrina,Hooded Warbler,0.4495,D:\Bird_Anuran_ARUs\IF06\SMM2-31_20260421_050400.wav
3342.0,3345.0,Corvus brachyrhynchos,American Crow,0.6263,D:\Bird_Anuran_ARUs\IF06\SMM2-31_20260421_050400.wav
3342.0,3345.0,Setophaga citrina,Hooded Warbler,0.3830,D:\Bird_Anuran_ARUs\IF06\SMM2-31_20260421_050400.wav
3345.0,3348.0,Pipilo erythrophthalmus,Eastern Towhee,0.9756,D:\Bird_Anuran_ARUs\IF06\SMM2-31_20260421_050400.wav
3345.0,3348.0,Corvus brachyrhynchos,American Crow,0.5912,D:\Bird_Anuran_ARUs\IF06\SMM2-31_20260421_050400.wav
3348.0,3351.0,Corvus brachyrhynchos,American Crow,0.3330,D:\Bird_Anuran_ARUs\IF06\SMM2-31_20260421_050400.wav
3351.0,3354.0,Molothrus ater,Brown-headed Cowbird,0.5779,D:\Bird_Anuran_ARUs\IF06\SMM2-31_20260421_050400.wav
3354.0,3357.0,Pipilo erythrophthalmus,Eastern Towhee,0.9518,D:\Bird_Anuran_ARUs\IF06\SMM2-31_20260421_050400.wav
3354.0,3357.0,Corvus brachyrhynchos,American Crow,0.3559,D:\Bird_Anuran_ARUs\IF06\SMM2-31_20260421_050400.wav
3363.0,3366.0,Corvus brachyrhynchos,American Crow,0.7930,D:\Bird_Anuran_ARUs\IF06\SMM2-31_20260421_050400.wav
3363.0,3366.0,Pipilo erythrophthalmus,Eastern Towhee,0.5656,D:\Bird_Anuran_ARUs\IF06\SMM2-31_20260421_050400.wav
3366.0,3369.0,Setophaga citrina,Hooded Warbler,0.6635,D:\Bird_Anuran_ARUs\IF06\SMM2-31_20260421_050400.wav
3369.0,3372.0,Pipilo erythrophthalmus,Eastern Towhee,0.3931,D:\Bird_Anuran_ARUs\IF06\SMM2-31_20260421_050400.wav
3369.0,3372.0,Corvus brachyrhynchos,American Crow,0.3818,D:\Bird_Anuran_ARUs\IF06\SMM2-31_20260421_050400.wav
3372.0,3375.0,Pipilo erythrophthalmus,Eastern Towhee,0.7757,D:\Bird_Anuran_ARUs\IF06\SMM2-31_20260421_050400.wav
3372.0,3375.0,Corvus brachyrhynchos,American Crow,0.6644,D:\Bird_Anuran_ARUs\IF06\SMM2-31_20260421_050400.wav
3375.0,3378.0,Molothrus ater,Brown-headed Cowbird,0.9226,D:\Bird_Anuran_ARUs\IF06\SMM2-31_20260421_050400.wav
3375.0,3378.0,Corvus brachyrhynchos,American Crow,0.7752,D:\Bird_Anuran_ARUs\IF06\SMM2-31_20260421_050400.wav
3378.0,3381.0,Pipilo erythrophthalmus,Eastern Towhee,0.9743,D:\Bird_Anuran_ARUs\IF06\SMM2-31_20260421_050400.wav
3378.0,3381.0,Corvus brachyrhynchos,American Crow,0.5921,D:\Bird_Anuran_ARUs\IF06\SMM2-31_20260421_050400.wav
3381.0,3384.0,Corvus brachyrhynchos,American Crow,0.7544,D:\Bird_Anuran_ARUs\IF06\SMM2-31_20260421_050400.wav
3381.0,3384.0,Setophaga citrina,Hooded Warbler,0.6423,D:\Bird_Anuran_ARUs\IF06\SMM2-31_20260421_050400.wav
3384.0,3387.0,Setophaga citrina,Hooded Warbler,0.2684,D:\Bird_Anuran_ARUs\IF06\SMM2-31_20260421_050400.wav
3384.0,3387.0,Corvus brachyrhynchos,American Crow,0.2553,D:\Bird_Anuran_ARUs\IF06\SMM2-31_20260421_050400.wav
3387.0,3390.0,Pipilo erythrophthalmus,Eastern Towhee,0.9381,D:\Bird_Anuran_ARUs\IF06\SMM2-31_20260421_050400.wav
3387.0,3390.0,Corvus brachyrhynchos,American Crow,0.8821,D:\Bird_Anuran_ARUs\IF06\SMM2-31_20260421_050400.wav
3393.0,3396.0,Setophaga citrina,Hooded Warbler,0.4360,D:\Bird_Anuran_ARUs\IF06\SMM2-31_20260421_050400.wav
3393.0,3396.0,Corvus brachyrhynchos,American Crow,0.3859,D:\Bird_Anuran_ARUs\IF06\SMM2-31_20260421_050400.wav
3396.0,3399.0,Pipilo erythrophthalmus,Eastern Towhee,0.7260,D:\Bird_Anuran_ARUs\IF06\SMM2-31_20260421_050400.wav
3399.0,3402.0,Corvus brachyrhynchos,American Crow,0.5638,D:\Bird_Anuran_ARUs\IF06\SMM2-31_20260421_050400.wav
3402.0,3405.0,Corvus brachyrhynchos,American Crow,0.7289,D:\Bird_Anuran_ARUs\IF06\SMM2-31_20260421_050400.wav
3402.0,3405.0,Pipilo erythrophthalmus,Eastern Towhee,0.5145,D:\Bird_Anuran_ARUs\IF06\SMM2-31_20260421_050400.wav
3405.0,3408.0,Pipilo erythrophthalmus,Eastern Towhee,0.7341,D:\Bird_Anuran_ARUs\IF06\SMM2-31_20260421_050400.wav
3405.0,3408.0,Corvus brachyrhynchos,American Crow,0.3758,D:\Bird_Anuran_ARUs\IF06\SMM2-31_20260421_050400.wav
3408.0,3411.0,Corvus brachyrhynchos,American Crow,0.5589,D:\Bird_Anuran_ARUs\IF06\SMM2-31_20260421_050400.wav
3411.0,3414.0,Corvus brachyrhynchos,American Crow,0.9784,D:\Bird_Anuran_ARUs\IF06\SMM2-31_20260421_050400.wav
3411.0,3414.0,Pipilo erythrophthalmus,Eastern Towhee,0.9042,D:\Bird_Anuran_ARUs\IF06\SMM2-31_20260421_050400.wav
3414.0,3417.0,Pipilo erythrophthalmus,Eastern Towhee,0.6470,D:\Bird_Anuran_ARUs\IF06\SMM2-31_20260421_050400.wav
3414.0,3417.0,Corvus brachyrhynchos,American Crow,0.4265,D:\Bird_Anuran_ARUs\IF06\SMM2-31_20260421_050400.wav
3414.0,3417.0,Setophaga pinus,Pine Warbler,0.3850,D:\Bird_Anuran_ARUs\IF06\SMM2-31_20260421_050400.wav
3420.0,3423.0,Pipilo erythrophthalmus,Eastern Towhee,0.9886,D:\Bird_Anuran_ARUs\IF06\SMM2-31_20260421_050400.wav
3420.0,3423.0,Corvus brachyrhynchos,American Crow,0.9828,D:\Bird_Anuran_ARUs\IF06\SMM2-31_20260421_050400.wav
3423.0,3426.0,Corvus brachyrhynchos,American Crow,0.4829,D:\Bird_Anuran_ARUs\IF06\SMM2-31_20260421_050400.wav
3426.0,3429.0,Pipilo erythrophthalmus,Eastern Towhee,0.8226,D:\Bird_Anuran_ARUs\IF06\SMM2-31_20260421_050400.wav
3426.0,3429.0,Corvus brachyrhynchos,American Crow,0.7847,D:\Bird_Anuran_ARUs\IF06\SMM2-31_20260421_050400.wav
3429.0,3432.0,Pipilo erythrophthalmus,Eastern Towhee,0.8441,D:\Bird_Anuran_ARUs\IF06\SMM2-31_20260421_050400.wav
3429.0,3432.0,Corvus brachyrhynchos,American Crow,0.6767,D:\Bird_Anuran_ARUs\IF06\SMM2-31_20260421_050400.wav
3432.0,3435.0,Corvus brachyrhynchos,American Crow,0.9803,D:\Bird_Anuran_ARUs\IF06\SMM2-31_20260421_050400.wav
3432.0,3435.0,Geothlypis trichas,Common Yellowthroat,0.3593,D:\Bird_Anuran_ARUs\IF06\SMM2-31_20260421_050400.wav
3432.0,3435.0,Setophaga citrina,Hooded Warbler,0.2980,D:\Bird_Anuran_ARUs\IF06\SMM2-31_20260421_050400.wav
3432.0,3435.0,Vireo olivaceus,Red-eyed Vireo,0.2710,D:\Bird_Anuran_ARUs\IF06\SMM2-31_20260421_050400.wav
3435.0,3438.0,Corvus brachyrhynchos,American Crow,0.9899,D:\Bird_Anuran_ARUs\IF06\SMM2-31_20260421_050400.wav
3435.0,3438.0,Setophaga citrina,Hooded Warbler,0.9675,D:\Bird_Anuran_ARUs\IF06\SMM2-31_20260421_050400.wav
3435.0,3438.0,Pipilo erythrophthalmus,Eastern Towhee,0.2729,D:\Bird_Anuran_ARUs\IF06\SMM2-31_20260421_050400.wav
3438.0,3441.0,Pipilo erythrophthalmus,Eastern Towhee,0.9484,D:\Bird_Anuran_ARUs\IF06\SMM2-31_20260421_050400.wav
3438.0,3441.0,Corvus brachyrhynchos,American Crow,0.6278,D:\Bird_Anuran_ARUs\IF06\SMM2-31_20260421_050400.wav
3441.0,3444.0,Corvus brachyrhynchos,American Crow,0.3148,D:\Bird_Anuran_ARUs\IF06\SMM2-31_20260421_050400.wav
3444.0,3447.0,Corvus brachyrhynchos,American Crow,0.7474,D:\Bird_Anuran_ARUs\IF06\SMM2-31_20260421_050400.wav
3444.0,3447.0,Pipilo erythrophthalmus,Eastern Towhee,0.5201,D:\Bird_Anuran_ARUs\IF06\SMM2-31_20260421_050400.wav
3447.0,3450.0,Pipilo erythrophthalmus,Eastern Towhee,0.9138,D:\Bird_Anuran_ARUs\IF06\SMM2-31_20260421_050400.wav
3447.0,3450.0,Corvus brachyrhynchos,American Crow,0.2678,D:\Bird_Anuran_ARUs\IF06\SMM2-31_20260421_050400.wav
3450.0,3453.0,Seiurus aurocapilla,Ovenbird,0.9940,D:\Bird_Anuran_ARUs\IF06\SMM2-31_20260421_050400.wav
3453.0,3456.0,Pipilo erythrophthalmus,Eastern Towhee,0.9275,D:\Bird_Anuran_ARUs\IF06\SMM2-31_20260421_050400.wav
3453.0,3456.0,Corvus brachyrhynchos,American Crow,0.3205,D:\Bird_Anuran_ARUs\IF06\SMM2-31_20260421_050400.wav
3456.0,3459.0,Corvus brachyrhynchos,American Crow,0.6829,D:\Bird_Anuran_ARUs\IF06\SMM2-31_20260421_050400.wav
3456.0,3459.0,Pipilo erythrophthalmus,Eastern Towhee,0.4865,D:\Bird_Anuran_ARUs\IF06\SMM2-31_20260421_050400.wav
3459.0,3462.0,Corvus brachyrhynchos,American Crow,0.5739,D:\Bird_Anuran_ARUs\IF06\SMM2-31_20260421_050400.wav
3462.0,3465.0,Pipilo erythrophthalmus,Eastern Towhee,0.8540,D:\Bird_Anuran_ARUs\IF06\SMM2-31_20260421_050400.wav
3462.0,3465.0,Corvus brachyrhynchos,American Crow,0.5072,D:\Bird_Anuran_ARUs\IF06\SMM2-31_20260421_050400.wav
3465.0,3468.0,Seiurus aurocapilla,Ovenbird,0.9790,D:\Bird_Anuran_ARUs\IF06\SMM2-31_20260421_050400.wav
3468.0,3471.0,Seiurus aurocapilla,Ovenbird,0.8770,D:\Bird_Anuran_ARUs\IF06\SMM2-31_20260421_050400.wav
3477.0,3480.0,Pipilo erythrophthalmus,Eastern Towhee,0.7716,D:\Bird_Anuran_ARUs\IF06\SMM2-31_20260421_050400.wav
3480.0,3483.0,Seiurus aurocapilla,Ovenbird,0.9366,D:\Bird_Anuran_ARUs\IF06\SMM2-31_20260421_050400.wav
3483.0,3486.0,Seiurus aurocapilla,Ovenbird,0.5362,D:\Bird_Anuran_ARUs\IF06\SMM2-31_20260421_050400.wav
3486.0,3489.0,Pipilo erythrophthalmus,Eastern Towhee,0.7483,D:\Bird_Anuran_ARUs\IF06\SMM2-31_20260421_050400.wav
3486.0,3489.0,Setophaga pinus,Pine Warbler,0.3827,D:\Bird_Anuran_ARUs\IF06\SMM2-31_20260421_050400.wav
3489.0,3492.0,Pipilo erythrophthalmus,Eastern Towhee,0.7228,D:\Bird_Anuran_ARUs\IF06\SMM2-31_20260421_050400.wav
3495.0,3498.0,Seiurus aurocapilla,Ovenbird,0.8665,D:\Bird_Anuran_ARUs\IF06\SMM2-31_20260421_050400.wav
3495.0,3498.0,Pipilo erythrophthalmus,Eastern Towhee,0.2786,D:\Bird_Anuran_ARUs\IF06\SMM2-31_20260421_050400.wav
3498.0,3501.0,Seiurus aurocapilla,Ovenbird,0.9596,D:\Bird_Anuran_ARUs\IF06\SMM2-31_20260421_050400.wav
3501.0,3504.0,Pipilo erythrophthalmus,Eastern Towhee,0.7810,D:\Bird_Anuran_ARUs\IF06\SMM2-31_20260421_050400.wav
3501.0,3504.0,Corvus brachyrhynchos,American Crow,0.3068,D:\Bird_Anuran_ARUs\IF06\SMM2-31_20260421_050400.wav
3510.0,3513.0,Seiurus aurocapilla,Ovenbird,0.9117,D:\Bird_Anuran_ARUs\IF06\SMM2-31_20260421_050400.wav
3510.0,3513.0,Pipilo erythrophthalmus,Eastern Towhee,0.7597,D:\Bird_Anuran_ARUs\IF06\SMM2-31_20260421_050400.wav
3510.0,3513.0,Corvus brachyrhynchos,American Crow,0.2799,D:\Bird_Anuran_ARUs\IF06\SMM2-31_20260421_050400.wav
3513.0,3516.0,Seiurus aurocapilla,Ovenbird,0.9645,D:\Bird_Anuran_ARUs\IF06\SMM2-31_20260421_050400.wav
3519.0,3522.0,Pipilo erythrophthalmus,Eastern Towhee,0.8382,D:\Bird_Anuran_ARUs\IF06\SMM2-31_20260421_050400.wav
3519.0,3522.0,Corvus brachyrhynchos,American Crow,0.4610,D:\Bird_Anuran_ARUs\IF06\SMM2-31_20260421_050400.wav
3525.0,3528.0,Corvus brachyrhynchos,American Crow,0.7794,D:\Bird_Anuran_ARUs\IF06\SMM2-31_20260421_050400.wav
3528.0,3531.0,Seiurus aurocapilla,Ovenbird,0.8624,D:\Bird_Anuran_ARUs\IF06\SMM2-31_20260421_050400.wav
3531.0,3534.0,Setophaga citrina,Hooded Warbler,0.8507,D:\Bird_Anuran_ARUs\IF06\SMM2-31_20260421_050400.wav
3534.0,3537.0,Pipilo erythrophthalmus,Eastern Towhee,0.8288,D:\Bird_Anuran_ARUs\IF06\SMM2-31_20260421_050400.wav
3537.0,3540.0,Pipilo erythrophthalmus,Eastern Towhee,0.3381,D:\Bird_Anuran_ARUs\IF06\SMM2-31_20260421_050400.wav
3537.0,3540.0,Corvus brachyrhynchos,American Crow,0.3176,D:\Bird_Anuran_ARUs\IF06\SMM2-31_20260421_050400.wav
3540.0,3543.0,Corvus brachyrhynchos,American Crow,0.6867,D:\Bird_Anuran_ARUs\IF06\SMM2-31_20260421_050400.wav
3540.0,3543.0,Geothlypis trichas,Common Yellowthroat,0.4228,D:\Bird_Anuran_ARUs\IF06\SMM2-31_20260421_050400.wav
3543.0,3546.0,Pipilo erythrophthalmus,Eastern Towhee,0.6428,D:\Bird_Anuran_ARUs\IF06\SMM2-31_20260421_050400.wav
3546.0,3549.0,Seiurus aurocapilla,Ovenbird,0.4826,D:\Bird_Anuran_ARUs\IF06\SMM2-31_20260421_050400.wav
3552.0,3555.0,Corvus brachyrhynchos,American Crow,0.2506,D:\Bird_Anuran_ARUs\IF06\SMM2-31_20260421_050400.wav
3558.0,3561.0,Pipilo erythrophthalmus,Eastern Towhee,0.6043,D:\Bird_Anuran_ARUs\IF06\SMM2-31_20260421_050400.wav
3561.0,3564.0,Seiurus aurocapilla,Ovenbird,0.6096,D:\Bird_Anuran_ARUs\IF06\SMM2-31_20260421_050400.wav
3564.0,3567.0,Seiurus aurocapilla,Ovenbird,0.9501,D:\Bird_Anuran_ARUs\IF06\SMM2-31_20260421_050400.wav
3567.0,3570.0,Pipilo erythrophthalmus,Eastern Towhee,0.9248,D:\Bird_Anuran_ARUs\IF06\SMM2-31_20260421_050400.wav
3567.0,3570.0,Corvus brachyrhynchos,American Crow,0.5980,D:\Bird_Anuran_ARUs\IF06\SMM2-31_20260421_050400.wav
3570.0,3573.0,Pipilo erythrophthalmus,Eastern Towhee,0.2871,D:\Bird_Anuran_ARUs\IF06\SMM2-31_20260421_050400.wav
3576.0,3579.0,Setophaga citrina,Hooded Warbler,0.6313,D:\Bird_Anuran_ARUs\IF06\SMM2-31_20260421_050400.wav
3591.0,3594.0,Seiurus aurocapilla,Ovenbird,0.7935,D:\Bird_Anuran_ARUs\IF06\SMM2-31_20260421_050400.wav
3591.0,3594.0,Pipilo erythrophthalmus,Eastern Towhee,0.5888,D:\Bird_Anuran_ARUs\IF06\SMM2-31_20260421_050400.wav
3594.0,3597.0,Pipilo erythrophthalmus,Eastern Towhee,0.6977,D:\Bird_Anuran_ARUs\IF06\SMM2-31_20260421_050400.wav
3597.0,3600.0,Corvus brachyrhynchos,American Crow,0.3327,D:\Bird_Anuran_ARUs\IF06\SMM2-31_20260421_050400.wav
