Start (s),End (s),Scientific name,Common name,Confidence,File
0.0,3.0,Setophaga pinus,Pine Warbler,0.5804,D:\Bird_Anuran_ARUs\IF06\SMM2-31_20260322_054600.wav
0.0,3.0,Pipilo erythrophthalmus,Eastern Towhee,0.2819,D:\Bird_Anuran_ARUs\IF06\SMM2-31_20260322_054600.wav
6.0,9.0,Pipilo erythrophthalmus,Eastern Towhee,0.5507,D:\Bird_Anuran_ARUs\IF06\SMM2-31_20260322_054600.wav
9.0,12.0,Setophaga pinus,Pine Warbler,0.8395,D:\Bird_Anuran_ARUs\IF06\SMM2-31_20260322_054600.wav
12.0,15.0,Setophaga pinus,Pine Warbler,0.7686,D:\Bird_Anuran_ARUs\IF06\SMM2-31_20260322_054600.wav
15.0,18.0,Setophaga pinus,Pine Warbler,0.6645,D:\Bird_Anuran_ARUs\IF06\SMM2-31_20260322_054600.wav
15.0,18.0,Pipilo erythrophthalmus,Eastern Towhee,0.3240,D:\Bird_Anuran_ARUs\IF06\SMM2-31_20260322_054600.wav
18.0,21.0,Pipilo erythrophthalmus,Eastern Towhee,0.8211,D:\Bird_Anuran_ARUs\IF06\SMM2-31_20260322_054600.wav
18.0,21.0,Corvus brachyrhynchos,American Crow,0.7208,D:\Bird_Anuran_ARUs\IF06\SMM2-31_20260322_054600.wav
21.0,24.0,Setophaga pinus,Pine Warbler,0.2649,D:\Bird_Anuran_ARUs\IF06\SMM2-31_20260322_054600.wav
24.0,27.0,Setophaga pinus,Pine Warbler,0.6743,D:\Bird_Anuran_ARUs\IF06\SMM2-31_20260322_054600.wav
24.0,27.0,Pipilo erythrophthalmus,Eastern Towhee,0.4623,D:\Bird_Anuran_ARUs\IF06\SMM2-31_20260322_054600.wav
27.0,30.0,Setophaga pinus,Pine Warbler,0.3861,D:\Bird_Anuran_ARUs\IF06\SMM2-31_20260322_054600.wav
27.0,30.0,Pipilo erythrophthalmus,Eastern Towhee,0.2915,D:\Bird_Anuran_ARUs\IF06\SMM2-31_20260322_054600.wav
30.0,33.0,Pipilo erythrophthalmus,Eastern Towhee,0.4052,D:\Bird_Anuran_ARUs\IF06\SMM2-31_20260322_054600.wav
33.0,36.0,Setophaga pinus,Pine Warbler,0.4645,D:\Bird_Anuran_ARUs\IF06\SMM2-31_20260322_054600.wav
33.0,36.0,Strix varia,Barred Owl,0.2564,D:\Bird_Anuran_ARUs\IF06\SMM2-31_20260322_054600.wav
36.0,39.0,Zenaida macroura,Mourning Dove,0.5228,D:\Bird_Anuran_ARUs\IF06\SMM2-31_20260322_054600.wav
36.0,39.0,Setophaga pinus,Pine Warbler,0.3179,D:\Bird_Anuran_ARUs\IF06\SMM2-31_20260322_054600.wav
42.0,45.0,Pipilo erythrophthalmus,Eastern Towhee,0.6161,D:\Bird_Anuran_ARUs\IF06\SMM2-31_20260322_054600.wav
45.0,48.0,Setophaga pinus,Pine Warbler,0.3612,D:\Bird_Anuran_ARUs\IF06\SMM2-31_20260322_054600.wav
48.0,51.0,Setophaga pinus,Pine Warbler,0.7256,D:\Bird_Anuran_ARUs\IF06\SMM2-31_20260322_054600.wav
54.0,57.0,Pipilo erythrophthalmus,Eastern Towhee,0.3512,D:\Bird_Anuran_ARUs\IF06\SMM2-31_20260322_054600.wav
57.0,60.0,Setophaga pinus,Pine Warbler,0.2768,D:\Bird_Anuran_ARUs\IF06\SMM2-31_20260322_054600.wav
60.0,63.0,Setophaga pinus,Pine Warbler,0.3989,D:\Bird_Anuran_ARUs\IF06\SMM2-31_20260322_054600.wav
60.0,63.0,Pipilo erythrophthalmus,Eastern Towhee,0.3454,D:\Bird_Anuran_ARUs\IF06\SMM2-31_20260322_054600.wav
63.0,66.0,Setophaga pinus,Pine Warbler,0.3657,D:\Bird_Anuran_ARUs\IF06\SMM2-31_20260322_054600.wav
69.0,72.0,Pipilo erythrophthalmus,Eastern Towhee,0.5808,D:\Bird_Anuran_ARUs\IF06\SMM2-31_20260322_054600.wav
75.0,78.0,Pipilo erythrophthalmus,Eastern Towhee,0.5291,D:\Bird_Anuran_ARUs\IF06\SMM2-31_20260322_054600.wav
78.0,81.0,Piranga olivacea,Scarlet Tanager,0.2753,D:\Bird_Anuran_ARUs\IF06\SMM2-31_20260322_054600.wav
78.0,81.0,Pipilo erythrophthalmus,Eastern Towhee,0.2527,D:\Bird_Anuran_ARUs\IF06\SMM2-31_20260322_054600.wav
81.0,84.0,Pipilo erythrophthalmus,Eastern Towhee,0.6505,D:\Bird_Anuran_ARUs\IF06\SMM2-31_20260322_054600.wav
84.0,87.0,Setophaga pinus,Pine Warbler,0.3717,D:\Bird_Anuran_ARUs\IF06\SMM2-31_20260322_054600.wav
87.0,90.0,Pipilo erythrophthalmus,Eastern Towhee,0.9158,D:\Bird_Anuran_ARUs\IF06\SMM2-31_20260322_054600.wav
90.0,93.0,Setophaga pinus,Pine Warbler,0.7168,D:\Bird_Anuran_ARUs\IF06\SMM2-31_20260322_054600.wav
93.0,96.0,Pipilo erythrophthalmus,Eastern Towhee,0.9730,D:\Bird_Anuran_ARUs\IF06\SMM2-31_20260322_054600.wav
93.0,96.0,Corvus brachyrhynchos,American Crow,0.7293,D:\Bird_Anuran_ARUs\IF06\SMM2-31_20260322_054600.wav
96.0,99.0,Setophaga pinus,Pine Warbler,0.4129,D:\Bird_Anuran_ARUs\IF06\SMM2-31_20260322_054600.wav
99.0,102.0,Pipilo erythrophthalmus,Eastern Towhee,0.8220,D:\Bird_Anuran_ARUs\IF06\SMM2-31_20260322_054600.wav
99.0,102.0,Corvus brachyrhynchos,American Crow,0.2744,D:\Bird_Anuran_ARUs\IF06\SMM2-31_20260322_054600.wav
108.0,111.0,Pipilo erythrophthalmus,Eastern Towhee,0.5285,D:\Bird_Anuran_ARUs\IF06\SMM2-31_20260322_054600.wav
114.0,117.0,Pipilo erythrophthalmus,Eastern Towhee,0.7863,D:\Bird_Anuran_ARUs\IF06\SMM2-31_20260322_054600.wav
117.0,120.0,Setophaga pinus,Pine Warbler,0.3106,D:\Bird_Anuran_ARUs\IF06\SMM2-31_20260322_054600.wav
120.0,123.0,Pipilo erythrophthalmus,Eastern Towhee,0.6065,D:\Bird_Anuran_ARUs\IF06\SMM2-31_20260322_054600.wav
123.0,126.0,Setophaga pinus,Pine Warbler,0.3707,D:\Bird_Anuran_ARUs\IF06\SMM2-31_20260322_054600.wav
126.0,129.0,Pipilo erythrophthalmus,Eastern Towhee,0.4501,D:\Bird_Anuran_ARUs\IF06\SMM2-31_20260322_054600.wav
129.0,132.0,Setophaga pinus,Pine Warbler,0.3432,D:\Bird_Anuran_ARUs\IF06\SMM2-31_20260322_054600.wav
132.0,135.0,Setophaga pinus,Pine Warbler,0.2910,D:\Bird_Anuran_ARUs\IF06\SMM2-31_20260322_054600.wav
138.0,141.0,Setophaga pinus,Pine Warbler,0.2769,D:\Bird_Anuran_ARUs\IF06\SMM2-31_20260322_054600.wav
144.0,147.0,Setophaga pinus,Pine Warbler,0.4628,D:\Bird_Anuran_ARUs\IF06\SMM2-31_20260322_054600.wav
144.0,147.0,Pipilo erythrophthalmus,Eastern Towhee,0.4039,D:\Bird_Anuran_ARUs\IF06\SMM2-31_20260322_054600.wav
147.0,150.0,Setophaga pinus,Pine Warbler,0.8459,D:\Bird_Anuran_ARUs\IF06\SMM2-31_20260322_054600.wav
150.0,153.0,Zenaida macroura,Mourning Dove,0.4710,D:\Bird_Anuran_ARUs\IF06\SMM2-31_20260322_054600.wav
153.0,156.0,Pipilo erythrophthalmus,Eastern Towhee,0.3016,D:\Bird_Anuran_ARUs\IF06\SMM2-31_20260322_054600.wav
153.0,156.0,Zenaida macroura,Mourning Dove,0.2758,D:\Bird_Anuran_ARUs\IF06\SMM2-31_20260322_054600.wav
156.0,159.0,Pipilo erythrophthalmus,Eastern Towhee,0.4894,D:\Bird_Anuran_ARUs\IF06\SMM2-31_20260322_054600.wav
159.0,162.0,Setophaga pinus,Pine Warbler,0.3337,D:\Bird_Anuran_ARUs\IF06\SMM2-31_20260322_054600.wav
168.0,171.0,Zenaida macroura,Mourning Dove,0.4448,D:\Bird_Anuran_ARUs\IF06\SMM2-31_20260322_054600.wav
168.0,171.0,Pipilo erythrophthalmus,Eastern Towhee,0.2888,D:\Bird_Anuran_ARUs\IF06\SMM2-31_20260322_054600.wav
171.0,174.0,Pipilo erythrophthalmus,Eastern Towhee,0.8354,D:\Bird_Anuran_ARUs\IF06\SMM2-31_20260322_054600.wav
177.0,180.0,Pipilo erythrophthalmus,Eastern Towhee,0.5484,D:\Bird_Anuran_ARUs\IF06\SMM2-31_20260322_054600.wav
183.0,186.0,Pipilo erythrophthalmus,Eastern Towhee,0.5790,D:\Bird_Anuran_ARUs\IF06\SMM2-31_20260322_054600.wav
183.0,186.0,Zenaida macroura,Mourning Dove,0.3041,D:\Bird_Anuran_ARUs\IF06\SMM2-31_20260322_054600.wav
186.0,189.0,Zenaida macroura,Mourning Dove,0.3197,D:\Bird_Anuran_ARUs\IF06\SMM2-31_20260322_054600.wav
195.0,198.0,Pipilo erythrophthalmus,Eastern Towhee,0.9148,D:\Bird_Anuran_ARUs\IF06\SMM2-31_20260322_054600.wav
201.0,204.0,Pipilo erythrophthalmus,Eastern Towhee,0.6162,D:\Bird_Anuran_ARUs\IF06\SMM2-31_20260322_054600.wav
204.0,207.0,Setophaga citrina,Hooded Warbler,0.2961,D:\Bird_Anuran_ARUs\IF06\SMM2-31_20260322_054600.wav
207.0,210.0,Pipilo erythrophthalmus,Eastern Towhee,0.5428,D:\Bird_Anuran_ARUs\IF06\SMM2-31_20260322_054600.wav
210.0,213.0,Pipilo erythrophthalmus,Eastern Towhee,0.4852,D:\Bird_Anuran_ARUs\IF06\SMM2-31_20260322_054600.wav
216.0,219.0,Pipilo erythrophthalmus,Eastern Towhee,0.6049,D:\Bird_Anuran_ARUs\IF06\SMM2-31_20260322_054600.wav
216.0,219.0,Zenaida macroura,Mourning Dove,0.2502,D:\Bird_Anuran_ARUs\IF06\SMM2-31_20260322_054600.wav
219.0,222.0,Corvus brachyrhynchos,American Crow,0.3991,D:\Bird_Anuran_ARUs\IF06\SMM2-31_20260322_054600.wav
222.0,225.0,Pipilo erythrophthalmus,Eastern Towhee,0.3713,D:\Bird_Anuran_ARUs\IF06\SMM2-31_20260322_054600.wav
228.0,231.0,Zenaida macroura,Mourning Dove,0.4522,D:\Bird_Anuran_ARUs\IF06\SMM2-31_20260322_054600.wav
231.0,234.0,Pipilo erythrophthalmus,Eastern Towhee,0.4779,D:\Bird_Anuran_ARUs\IF06\SMM2-31_20260322_054600.wav
234.0,237.0,Pipilo erythrophthalmus,Eastern Towhee,0.3155,D:\Bird_Anuran_ARUs\IF06\SMM2-31_20260322_054600.wav
237.0,240.0,Pipilo erythrophthalmus,Eastern Towhee,0.7050,D:\Bird_Anuran_ARUs\IF06\SMM2-31_20260322_054600.wav
237.0,240.0,Corvus brachyrhynchos,American Crow,0.4500,D:\Bird_Anuran_ARUs\IF06\SMM2-31_20260322_054600.wav
240.0,243.0,Pipilo erythrophthalmus,Eastern Towhee,0.7196,D:\Bird_Anuran_ARUs\IF06\SMM2-31_20260322_054600.wav
240.0,243.0,Corvus brachyrhynchos,American Crow,0.3872,D:\Bird_Anuran_ARUs\IF06\SMM2-31_20260322_054600.wav
243.0,246.0,Pipilo erythrophthalmus,Eastern Towhee,0.7281,D:\Bird_Anuran_ARUs\IF06\SMM2-31_20260322_054600.wav
246.0,249.0,Pipilo erythrophthalmus,Eastern Towhee,0.3206,D:\Bird_Anuran_ARUs\IF06\SMM2-31_20260322_054600.wav
249.0,252.0,Setophaga pinus,Pine Warbler,0.3067,D:\Bird_Anuran_ARUs\IF06\SMM2-31_20260322_054600.wav
252.0,255.0,Pipilo erythrophthalmus,Eastern Towhee,0.8037,D:\Bird_Anuran_ARUs\IF06\SMM2-31_20260322_054600.wav
252.0,255.0,Corvus brachyrhynchos,American Crow,0.6719,D:\Bird_Anuran_ARUs\IF06\SMM2-31_20260322_054600.wav
255.0,258.0,Pipilo erythrophthalmus,Eastern Towhee,0.7233,D:\Bird_Anuran_ARUs\IF06\SMM2-31_20260322_054600.wav
258.0,261.0,Zenaida macroura,Mourning Dove,0.6859,D:\Bird_Anuran_ARUs\IF06\SMM2-31_20260322_054600.wav
261.0,264.0,Pipilo erythrophthalmus,Eastern Towhee,0.4675,D:\Bird_Anuran_ARUs\IF06\SMM2-31_20260322_054600.wav
264.0,267.0,Cardinalis cardinalis,Northern Cardinal,0.2892,D:\Bird_Anuran_ARUs\IF06\SMM2-31_20260322_054600.wav
267.0,270.0,Pipilo erythrophthalmus,Eastern Towhee,0.8218,D:\Bird_Anuran_ARUs\IF06\SMM2-31_20260322_054600.wav
273.0,276.0,Pipilo erythrophthalmus,Eastern Towhee,0.3223,D:\Bird_Anuran_ARUs\IF06\SMM2-31_20260322_054600.wav
276.0,279.0,Setophaga pinus,Pine Warbler,0.3734,D:\Bird_Anuran_ARUs\IF06\SMM2-31_20260322_054600.wav
279.0,282.0,Setophaga pinus,Pine Warbler,0.2828,D:\Bird_Anuran_ARUs\IF06\SMM2-31_20260322_054600.wav
282.0,285.0,Pipilo erythrophthalmus,Eastern Towhee,0.3558,D:\Bird_Anuran_ARUs\IF06\SMM2-31_20260322_054600.wav
288.0,291.0,Pipilo erythrophthalmus,Eastern Towhee,0.7733,D:\Bird_Anuran_ARUs\IF06\SMM2-31_20260322_054600.wav
297.0,300.0,Pipilo erythrophthalmus,Eastern Towhee,0.5402,D:\Bird_Anuran_ARUs\IF06\SMM2-31_20260322_054600.wav
309.0,312.0,Pipilo erythrophthalmus,Eastern Towhee,0.7377,D:\Bird_Anuran_ARUs\IF06\SMM2-31_20260322_054600.wav
315.0,318.0,Pipilo erythrophthalmus,Eastern Towhee,0.5797,D:\Bird_Anuran_ARUs\IF06\SMM2-31_20260322_054600.wav
321.0,324.0,Pipilo erythrophthalmus,Eastern Towhee,0.6749,D:\Bird_Anuran_ARUs\IF06\SMM2-31_20260322_054600.wav
321.0,324.0,Corvus brachyrhynchos,American Crow,0.2731,D:\Bird_Anuran_ARUs\IF06\SMM2-31_20260322_054600.wav
324.0,327.0,Setophaga pinus,Pine Warbler,0.4535,D:\Bird_Anuran_ARUs\IF06\SMM2-31_20260322_054600.wav
327.0,330.0,Pipilo erythrophthalmus,Eastern Towhee,0.8530,D:\Bird_Anuran_ARUs\IF06\SMM2-31_20260322_054600.wav
327.0,330.0,Cardinalis cardinalis,Northern Cardinal,0.3097,D:\Bird_Anuran_ARUs\IF06\SMM2-31_20260322_054600.wav
330.0,333.0,Pipilo erythrophthalmus,Eastern Towhee,0.3542,D:\Bird_Anuran_ARUs\IF06\SMM2-31_20260322_054600.wav
336.0,339.0,Pipilo erythrophthalmus,Eastern Towhee,0.5537,D:\Bird_Anuran_ARUs\IF06\SMM2-31_20260322_054600.wav
339.0,342.0,Setophaga pinus,Pine Warbler,0.3550,D:\Bird_Anuran_ARUs\IF06\SMM2-31_20260322_054600.wav
348.0,351.0,Pipilo erythrophthalmus,Eastern Towhee,0.3672,D:\Bird_Anuran_ARUs\IF06\SMM2-31_20260322_054600.wav
354.0,357.0,Meleagris gallopavo,Wild Turkey,0.7635,D:\Bird_Anuran_ARUs\IF06\SMM2-31_20260322_054600.wav
357.0,360.0,Pipilo erythrophthalmus,Eastern Towhee,0.4711,D:\Bird_Anuran_ARUs\IF06\SMM2-31_20260322_054600.wav
360.0,363.0,Setophaga pinus,Pine Warbler,0.2748,D:\Bird_Anuran_ARUs\IF06\SMM2-31_20260322_054600.wav
363.0,366.0,Pipilo erythrophthalmus,Eastern Towhee,0.6544,D:\Bird_Anuran_ARUs\IF06\SMM2-31_20260322_054600.wav
378.0,381.0,Pipilo erythrophthalmus,Eastern Towhee,0.6303,D:\Bird_Anuran_ARUs\IF06\SMM2-31_20260322_054600.wav
405.0,408.0,Strix varia,Barred Owl,0.4979,D:\Bird_Anuran_ARUs\IF06\SMM2-31_20260322_054600.wav
411.0,414.0,Cardinalis cardinalis,Northern Cardinal,0.2777,D:\Bird_Anuran_ARUs\IF06\SMM2-31_20260322_054600.wav
414.0,417.0,Strix varia,Barred Owl,0.2621,D:\Bird_Anuran_ARUs\IF06\SMM2-31_20260322_054600.wav
417.0,420.0,Setophaga pinus,Pine Warbler,0.2814,D:\Bird_Anuran_ARUs\IF06\SMM2-31_20260322_054600.wav
420.0,423.0,Pipilo erythrophthalmus,Eastern Towhee,0.2664,D:\Bird_Anuran_ARUs\IF06\SMM2-31_20260322_054600.wav
435.0,438.0,Pipilo erythrophthalmus,Eastern Towhee,0.4372,D:\Bird_Anuran_ARUs\IF06\SMM2-31_20260322_054600.wav
441.0,444.0,Strix varia,Barred Owl,0.3483,D:\Bird_Anuran_ARUs\IF06\SMM2-31_20260322_054600.wav
444.0,447.0,Pipilo erythrophthalmus,Eastern Towhee,0.3003,D:\Bird_Anuran_ARUs\IF06\SMM2-31_20260322_054600.wav
459.0,462.0,Pipilo erythrophthalmus,Eastern Towhee,0.4412,D:\Bird_Anuran_ARUs\IF06\SMM2-31_20260322_054600.wav
465.0,468.0,Pipilo erythrophthalmus,Eastern Towhee,0.3947,D:\Bird_Anuran_ARUs\IF06\SMM2-31_20260322_054600.wav
474.0,477.0,Strix varia,Barred Owl,0.3199,D:\Bird_Anuran_ARUs\IF06\SMM2-31_20260322_054600.wav
483.0,486.0,Setophaga pinus,Pine Warbler,0.5517,D:\Bird_Anuran_ARUs\IF06\SMM2-31_20260322_054600.wav
489.0,492.0,Pipilo erythrophthalmus,Eastern Towhee,0.2662,D:\Bird_Anuran_ARUs\IF06\SMM2-31_20260322_054600.wav
492.0,495.0,Cardinalis cardinalis,Northern Cardinal,0.5907,D:\Bird_Anuran_ARUs\IF06\SMM2-31_20260322_054600.wav
495.0,498.0,Pipilo erythrophthalmus,Eastern Towhee,0.6264,D:\Bird_Anuran_ARUs\IF06\SMM2-31_20260322_054600.wav
498.0,501.0,Cardinalis cardinalis,Northern Cardinal,0.4287,D:\Bird_Anuran_ARUs\IF06\SMM2-31_20260322_054600.wav
507.0,510.0,Pipilo erythrophthalmus,Eastern Towhee,0.5807,D:\Bird_Anuran_ARUs\IF06\SMM2-31_20260322_054600.wav
510.0,513.0,Cardinalis cardinalis,Northern Cardinal,0.2888,D:\Bird_Anuran_ARUs\IF06\SMM2-31_20260322_054600.wav
513.0,516.0,Pipilo erythrophthalmus,Eastern Towhee,0.3910,D:\Bird_Anuran_ARUs\IF06\SMM2-31_20260322_054600.wav
522.0,525.0,Piranga olivacea,Scarlet Tanager,0.3411,D:\Bird_Anuran_ARUs\IF06\SMM2-31_20260322_054600.wav
525.0,528.0,Pipilo erythrophthalmus,Eastern Towhee,0.5202,D:\Bird_Anuran_ARUs\IF06\SMM2-31_20260322_054600.wav
525.0,528.0,Cardinalis cardinalis,Northern Cardinal,0.4413,D:\Bird_Anuran_ARUs\IF06\SMM2-31_20260322_054600.wav
525.0,528.0,Piranga olivacea,Scarlet Tanager,0.3077,D:\Bird_Anuran_ARUs\IF06\SMM2-31_20260322_054600.wav
528.0,531.0,Pipilo erythrophthalmus,Eastern Towhee,0.8805,D:\Bird_Anuran_ARUs\IF06\SMM2-31_20260322_054600.wav
531.0,534.0,Cardinalis cardinalis,Northern Cardinal,0.2793,D:\Bird_Anuran_ARUs\IF06\SMM2-31_20260322_054600.wav
534.0,537.0,Pipilo erythrophthalmus,Eastern Towhee,0.5327,D:\Bird_Anuran_ARUs\IF06\SMM2-31_20260322_054600.wav
537.0,540.0,Setophaga pinus,Pine Warbler,0.4656,D:\Bird_Anuran_ARUs\IF06\SMM2-31_20260322_054600.wav
540.0,543.0,Pipilo erythrophthalmus,Eastern Towhee,0.6590,D:\Bird_Anuran_ARUs\IF06\SMM2-31_20260322_054600.wav
543.0,546.0,Setophaga pinus,Pine Warbler,0.6474,D:\Bird_Anuran_ARUs\IF06\SMM2-31_20260322_054600.wav
549.0,552.0,Setophaga pinus,Pine Warbler,0.4822,D:\Bird_Anuran_ARUs\IF06\SMM2-31_20260322_054600.wav
558.0,561.0,Setophaga pinus,Pine Warbler,0.4080,D:\Bird_Anuran_ARUs\IF06\SMM2-31_20260322_054600.wav
561.0,564.0,Pipilo erythrophthalmus,Eastern Towhee,0.2860,D:\Bird_Anuran_ARUs\IF06\SMM2-31_20260322_054600.wav
567.0,570.0,Pipilo erythrophthalmus,Eastern Towhee,0.3010,D:\Bird_Anuran_ARUs\IF06\SMM2-31_20260322_054600.wav
567.0,570.0,Setophaga pinus,Pine Warbler,0.2520,D:\Bird_Anuran_ARUs\IF06\SMM2-31_20260322_054600.wav
570.0,573.0,Setophaga pinus,Pine Warbler,0.3409,D:\Bird_Anuran_ARUs\IF06\SMM2-31_20260322_054600.wav
573.0,576.0,Pipilo erythrophthalmus,Eastern Towhee,0.3455,D:\Bird_Anuran_ARUs\IF06\SMM2-31_20260322_054600.wav
576.0,579.0,Setophaga pinus,Pine Warbler,0.2516,D:\Bird_Anuran_ARUs\IF06\SMM2-31_20260322_054600.wav
579.0,582.0,Pipilo erythrophthalmus,Eastern Towhee,0.7478,D:\Bird_Anuran_ARUs\IF06\SMM2-31_20260322_054600.wav
585.0,588.0,Pipilo erythrophthalmus,Eastern Towhee,0.7810,D:\Bird_Anuran_ARUs\IF06\SMM2-31_20260322_054600.wav
594.0,597.0,Setophaga pinus,Pine Warbler,0.4790,D:\Bird_Anuran_ARUs\IF06\SMM2-31_20260322_054600.wav
603.0,606.0,Protonotaria citrea,Prothonotary Warbler,0.3025,D:\Bird_Anuran_ARUs\IF06\SMM2-31_20260322_054600.wav
606.0,609.0,Pipilo erythrophthalmus,Eastern Towhee,0.3056,D:\Bird_Anuran_ARUs\IF06\SMM2-31_20260322_054600.wav
609.0,612.0,Setophaga pinus,Pine Warbler,0.2719,D:\Bird_Anuran_ARUs\IF06\SMM2-31_20260322_054600.wav
612.0,615.0,Setophaga pinus,Pine Warbler,0.4575,D:\Bird_Anuran_ARUs\IF06\SMM2-31_20260322_054600.wav
621.0,624.0,Pipilo erythrophthalmus,Eastern Towhee,0.6825,D:\Bird_Anuran_ARUs\IF06\SMM2-31_20260322_054600.wav
630.0,633.0,Pipilo erythrophthalmus,Eastern Towhee,0.5736,D:\Bird_Anuran_ARUs\IF06\SMM2-31_20260322_054600.wav
633.0,636.0,Zenaida macroura,Mourning Dove,0.3478,D:\Bird_Anuran_ARUs\IF06\SMM2-31_20260322_054600.wav
636.0,639.0,Pipilo erythrophthalmus,Eastern Towhee,0.6557,D:\Bird_Anuran_ARUs\IF06\SMM2-31_20260322_054600.wav
642.0,645.0,Pipilo erythrophthalmus,Eastern Towhee,0.7798,D:\Bird_Anuran_ARUs\IF06\SMM2-31_20260322_054600.wav
651.0,654.0,Pipilo erythrophthalmus,Eastern Towhee,0.4634,D:\Bird_Anuran_ARUs\IF06\SMM2-31_20260322_054600.wav
654.0,657.0,Pipilo erythrophthalmus,Eastern Towhee,0.8366,D:\Bird_Anuran_ARUs\IF06\SMM2-31_20260322_054600.wav
657.0,660.0,Strix varia,Barred Owl,0.2691,D:\Bird_Anuran_ARUs\IF06\SMM2-31_20260322_054600.wav
660.0,663.0,Pipilo erythrophthalmus,Eastern Towhee,0.4972,D:\Bird_Anuran_ARUs\IF06\SMM2-31_20260322_054600.wav
663.0,666.0,Pipilo erythrophthalmus,Eastern Towhee,0.7131,D:\Bird_Anuran_ARUs\IF06\SMM2-31_20260322_054600.wav
666.0,669.0,Pipilo erythrophthalmus,Eastern Towhee,0.4646,D:\Bird_Anuran_ARUs\IF06\SMM2-31_20260322_054600.wav
666.0,669.0,Setophaga pinus,Pine Warbler,0.3051,D:\Bird_Anuran_ARUs\IF06\SMM2-31_20260322_054600.wav
669.0,672.0,Pipilo erythrophthalmus,Eastern Towhee,0.3397,D:\Bird_Anuran_ARUs\IF06\SMM2-31_20260322_054600.wav
672.0,675.0,Pipilo erythrophthalmus,Eastern Towhee,0.6579,D:\Bird_Anuran_ARUs\IF06\SMM2-31_20260322_054600.wav
672.0,675.0,Setophaga pinus,Pine Warbler,0.2522,D:\Bird_Anuran_ARUs\IF06\SMM2-31_20260322_054600.wav
675.0,678.0,Piranga olivacea,Scarlet Tanager,0.4009,D:\Bird_Anuran_ARUs\IF06\SMM2-31_20260322_054600.wav
678.0,681.0,Pipilo erythrophthalmus,Eastern Towhee,0.5296,D:\Bird_Anuran_ARUs\IF06\SMM2-31_20260322_054600.wav
681.0,684.0,Pipilo erythrophthalmus,Eastern Towhee,0.3470,D:\Bird_Anuran_ARUs\IF06\SMM2-31_20260322_054600.wav
684.0,687.0,Pipilo erythrophthalmus,Eastern Towhee,0.5643,D:\Bird_Anuran_ARUs\IF06\SMM2-31_20260322_054600.wav
690.0,693.0,Pipilo erythrophthalmus,Eastern Towhee,0.4968,D:\Bird_Anuran_ARUs\IF06\SMM2-31_20260322_054600.wav
696.0,699.0,Pipilo erythrophthalmus,Eastern Towhee,0.6479,D:\Bird_Anuran_ARUs\IF06\SMM2-31_20260322_054600.wav
699.0,702.0,Setophaga pinus,Pine Warbler,0.4432,D:\Bird_Anuran_ARUs\IF06\SMM2-31_20260322_054600.wav
702.0,705.0,Pipilo erythrophthalmus,Eastern Towhee,0.5879,D:\Bird_Anuran_ARUs\IF06\SMM2-31_20260322_054600.wav
705.0,708.0,Setophaga pinus,Pine Warbler,0.6504,D:\Bird_Anuran_ARUs\IF06\SMM2-31_20260322_054600.wav
708.0,711.0,Piranga olivacea,Scarlet Tanager,0.3671,D:\Bird_Anuran_ARUs\IF06\SMM2-31_20260322_054600.wav
711.0,714.0,Pipilo erythrophthalmus,Eastern Towhee,0.9435,D:\Bird_Anuran_ARUs\IF06\SMM2-31_20260322_054600.wav
714.0,717.0,Setophaga pinus,Pine Warbler,0.6684,D:\Bird_Anuran_ARUs\IF06\SMM2-31_20260322_054600.wav
717.0,720.0,Pipilo erythrophthalmus,Eastern Towhee,0.4130,D:\Bird_Anuran_ARUs\IF06\SMM2-31_20260322_054600.wav
723.0,726.0,Pipilo erythrophthalmus,Eastern Towhee,0.5529,D:\Bird_Anuran_ARUs\IF06\SMM2-31_20260322_054600.wav
723.0,726.0,Setophaga pinus,Pine Warbler,0.3339,D:\Bird_Anuran_ARUs\IF06\SMM2-31_20260322_054600.wav
729.0,732.0,Setophaga pinus,Pine Warbler,0.5699,D:\Bird_Anuran_ARUs\IF06\SMM2-31_20260322_054600.wav
732.0,735.0,Setophaga pinus,Pine Warbler,0.6495,D:\Bird_Anuran_ARUs\IF06\SMM2-31_20260322_054600.wav
735.0,738.0,Piranga olivacea,Scarlet Tanager,0.6048,D:\Bird_Anuran_ARUs\IF06\SMM2-31_20260322_054600.wav
735.0,738.0,Pipilo erythrophthalmus,Eastern Towhee,0.2857,D:\Bird_Anuran_ARUs\IF06\SMM2-31_20260322_054600.wav
741.0,744.0,Setophaga pinus,Pine Warbler,0.9622,D:\Bird_Anuran_ARUs\IF06\SMM2-31_20260322_054600.wav
744.0,747.0,Pipilo erythrophthalmus,Eastern Towhee,0.8572,D:\Bird_Anuran_ARUs\IF06\SMM2-31_20260322_054600.wav
747.0,750.0,Setophaga pinus,Pine Warbler,0.8827,D:\Bird_Anuran_ARUs\IF06\SMM2-31_20260322_054600.wav
750.0,753.0,Strix varia,Barred Owl,0.7824,D:\Bird_Anuran_ARUs\IF06\SMM2-31_20260322_054600.wav
762.0,765.0,Setophaga pinus,Pine Warbler,0.6642,D:\Bird_Anuran_ARUs\IF06\SMM2-31_20260322_054600.wav
765.0,768.0,Setophaga pinus,Pine Warbler,0.2844,D:\Bird_Anuran_ARUs\IF06\SMM2-31_20260322_054600.wav
768.0,771.0,Pipilo erythrophthalmus,Eastern Towhee,0.4732,D:\Bird_Anuran_ARUs\IF06\SMM2-31_20260322_054600.wav
771.0,774.0,Setophaga pinus,Pine Warbler,0.8804,D:\Bird_Anuran_ARUs\IF06\SMM2-31_20260322_054600.wav
774.0,777.0,Corvus brachyrhynchos,American Crow,0.9150,D:\Bird_Anuran_ARUs\IF06\SMM2-31_20260322_054600.wav
774.0,777.0,Pipilo erythrophthalmus,Eastern Towhee,0.2864,D:\Bird_Anuran_ARUs\IF06\SMM2-31_20260322_054600.wav
777.0,780.0,Pipilo erythrophthalmus,Eastern Towhee,0.8898,D:\Bird_Anuran_ARUs\IF06\SMM2-31_20260322_054600.wav
777.0,780.0,Corvus brachyrhynchos,American Crow,0.4533,D:\Bird_Anuran_ARUs\IF06\SMM2-31_20260322_054600.wav
786.0,789.0,Pipilo erythrophthalmus,Eastern Towhee,0.9060,D:\Bird_Anuran_ARUs\IF06\SMM2-31_20260322_054600.wav
789.0,792.0,Corvus brachyrhynchos,American Crow,0.4079,D:\Bird_Anuran_ARUs\IF06\SMM2-31_20260322_054600.wav
795.0,798.0,Pipilo erythrophthalmus,Eastern Towhee,0.3653,D:\Bird_Anuran_ARUs\IF06\SMM2-31_20260322_054600.wav
804.0,807.0,Pipilo erythrophthalmus,Eastern Towhee,0.8372,D:\Bird_Anuran_ARUs\IF06\SMM2-31_20260322_054600.wav
804.0,807.0,Corvus brachyrhynchos,American Crow,0.3668,D:\Bird_Anuran_ARUs\IF06\SMM2-31_20260322_054600.wav
810.0,813.0,Pipilo erythrophthalmus,Eastern Towhee,0.6279,D:\Bird_Anuran_ARUs\IF06\SMM2-31_20260322_054600.wav
810.0,813.0,Piranga olivacea,Scarlet Tanager,0.2667,D:\Bird_Anuran_ARUs\IF06\SMM2-31_20260322_054600.wav
813.0,816.0,Corvus brachyrhynchos,American Crow,0.9101,D:\Bird_Anuran_ARUs\IF06\SMM2-31_20260322_054600.wav
813.0,816.0,Cardinalis cardinalis,Northern Cardinal,0.2887,D:\Bird_Anuran_ARUs\IF06\SMM2-31_20260322_054600.wav
816.0,819.0,Piranga olivacea,Scarlet Tanager,0.2949,D:\Bird_Anuran_ARUs\IF06\SMM2-31_20260322_054600.wav
819.0,822.0,Pipilo erythrophthalmus,Eastern Towhee,0.9057,D:\Bird_Anuran_ARUs\IF06\SMM2-31_20260322_054600.wav
831.0,834.0,Pipilo erythrophthalmus,Eastern Towhee,0.6348,D:\Bird_Anuran_ARUs\IF06\SMM2-31_20260322_054600.wav
840.0,843.0,Pipilo erythrophthalmus,Eastern Towhee,0.8412,D:\Bird_Anuran_ARUs\IF06\SMM2-31_20260322_054600.wav
840.0,843.0,Corvus brachyrhynchos,American Crow,0.3860,D:\Bird_Anuran_ARUs\IF06\SMM2-31_20260322_054600.wav
852.0,855.0,Pipilo erythrophthalmus,Eastern Towhee,0.5790,D:\Bird_Anuran_ARUs\IF06\SMM2-31_20260322_054600.wav
861.0,864.0,Pipilo erythrophthalmus,Eastern Towhee,0.7598,D:\Bird_Anuran_ARUs\IF06\SMM2-31_20260322_054600.wav
867.0,870.0,Pipilo erythrophthalmus,Eastern Towhee,0.8238,D:\Bird_Anuran_ARUs\IF06\SMM2-31_20260322_054600.wav
867.0,870.0,Piranga olivacea,Scarlet Tanager,0.3508,D:\Bird_Anuran_ARUs\IF06\SMM2-31_20260322_054600.wav
870.0,873.0,Pipilo erythrophthalmus,Eastern Towhee,0.5436,D:\Bird_Anuran_ARUs\IF06\SMM2-31_20260322_054600.wav
876.0,879.0,Pipilo erythrophthalmus,Eastern Towhee,0.5040,D:\Bird_Anuran_ARUs\IF06\SMM2-31_20260322_054600.wav
876.0,879.0,Piranga olivacea,Scarlet Tanager,0.3215,D:\Bird_Anuran_ARUs\IF06\SMM2-31_20260322_054600.wav
882.0,885.0,Pipilo erythrophthalmus,Eastern Towhee,0.6487,D:\Bird_Anuran_ARUs\IF06\SMM2-31_20260322_054600.wav
891.0,894.0,Pipilo erythrophthalmus,Eastern Towhee,0.9042,D:\Bird_Anuran_ARUs\IF06\SMM2-31_20260322_054600.wav
894.0,897.0,Baeolophus bicolor,Tufted Titmouse,0.4300,D:\Bird_Anuran_ARUs\IF06\SMM2-31_20260322_054600.wav
894.0,897.0,Corvus brachyrhynchos,American Crow,0.4047,D:\Bird_Anuran_ARUs\IF06\SMM2-31_20260322_054600.wav
897.0,900.0,Pipilo erythrophthalmus,Eastern Towhee,0.9030,D:\Bird_Anuran_ARUs\IF06\SMM2-31_20260322_054600.wav
897.0,900.0,Corvus brachyrhynchos,American Crow,0.5386,D:\Bird_Anuran_ARUs\IF06\SMM2-31_20260322_054600.wav
900.0,903.0,Corvus brachyrhynchos,American Crow,0.9234,D:\Bird_Anuran_ARUs\IF06\SMM2-31_20260322_054600.wav
900.0,903.0,Baeolophus bicolor,Tufted Titmouse,0.4893,D:\Bird_Anuran_ARUs\IF06\SMM2-31_20260322_054600.wav
903.0,906.0,Pipilo erythrophthalmus,Eastern Towhee,0.9790,D:\Bird_Anuran_ARUs\IF06\SMM2-31_20260322_054600.wav
903.0,906.0,Corvus brachyrhynchos,American Crow,0.9310,D:\Bird_Anuran_ARUs\IF06\SMM2-31_20260322_054600.wav
909.0,912.0,Corvus brachyrhynchos,American Crow,0.5636,D:\Bird_Anuran_ARUs\IF06\SMM2-31_20260322_054600.wav
912.0,915.0,Pipilo erythrophthalmus,Eastern Towhee,0.5604,D:\Bird_Anuran_ARUs\IF06\SMM2-31_20260322_054600.wav
915.0,918.0,Baeolophus bicolor,Tufted Titmouse,0.4121,D:\Bird_Anuran_ARUs\IF06\SMM2-31_20260322_054600.wav
918.0,921.0,Pipilo erythrophthalmus,Eastern Towhee,0.9041,D:\Bird_Anuran_ARUs\IF06\SMM2-31_20260322_054600.wav
921.0,924.0,Setophaga pinus,Pine Warbler,0.3318,D:\Bird_Anuran_ARUs\IF06\SMM2-31_20260322_054600.wav
927.0,930.0,Pipilo erythrophthalmus,Eastern Towhee,0.7191,D:\Bird_Anuran_ARUs\IF06\SMM2-31_20260322_054600.wav
930.0,933.0,Corvus brachyrhynchos,American Crow,0.9103,D:\Bird_Anuran_ARUs\IF06\SMM2-31_20260322_054600.wav
933.0,936.0,Pipilo erythrophthalmus,Eastern Towhee,0.8200,D:\Bird_Anuran_ARUs\IF06\SMM2-31_20260322_054600.wav
936.0,939.0,Corvus brachyrhynchos,American Crow,0.7206,D:\Bird_Anuran_ARUs\IF06\SMM2-31_20260322_054600.wav
936.0,939.0,Baeolophus bicolor,Tufted Titmouse,0.6201,D:\Bird_Anuran_ARUs\IF06\SMM2-31_20260322_054600.wav
939.0,942.0,Corvus brachyrhynchos,American Crow,0.9758,D:\Bird_Anuran_ARUs\IF06\SMM2-31_20260322_054600.wav
939.0,942.0,Piranga olivacea,Scarlet Tanager,0.5458,D:\Bird_Anuran_ARUs\IF06\SMM2-31_20260322_054600.wav
939.0,942.0,Pipilo erythrophthalmus,Eastern Towhee,0.4231,D:\Bird_Anuran_ARUs\IF06\SMM2-31_20260322_054600.wav
942.0,945.0,Pipilo erythrophthalmus,Eastern Towhee,0.8150,D:\Bird_Anuran_ARUs\IF06\SMM2-31_20260322_054600.wav
942.0,945.0,Corvus brachyrhynchos,American Crow,0.4716,D:\Bird_Anuran_ARUs\IF06\SMM2-31_20260322_054600.wav
942.0,945.0,Baeolophus bicolor,Tufted Titmouse,0.3055,D:\Bird_Anuran_ARUs\IF06\SMM2-31_20260322_054600.wav
942.0,945.0,Cardinalis cardinalis,Northern Cardinal,0.2795,D:\Bird_Anuran_ARUs\IF06\SMM2-31_20260322_054600.wav
948.0,951.0,Pipilo erythrophthalmus,Eastern Towhee,0.8609,D:\Bird_Anuran_ARUs\IF06\SMM2-31_20260322_054600.wav
954.0,957.0,Corvus brachyrhynchos,American Crow,0.8874,D:\Bird_Anuran_ARUs\IF06\SMM2-31_20260322_054600.wav
954.0,957.0,Piranga olivacea,Scarlet Tanager,0.6736,D:\Bird_Anuran_ARUs\IF06\SMM2-31_20260322_054600.wav
957.0,960.0,Pipilo erythrophthalmus,Eastern Towhee,0.8616,D:\Bird_Anuran_ARUs\IF06\SMM2-31_20260322_054600.wav
963.0,966.0,Pipilo erythrophthalmus,Eastern Towhee,0.8395,D:\Bird_Anuran_ARUs\IF06\SMM2-31_20260322_054600.wav
969.0,972.0,Pipilo erythrophthalmus,Eastern Towhee,0.8756,D:\Bird_Anuran_ARUs\IF06\SMM2-31_20260322_054600.wav
969.0,972.0,Corvus brachyrhynchos,American Crow,0.8305,D:\Bird_Anuran_ARUs\IF06\SMM2-31_20260322_054600.wav
972.0,975.0,Corvus brachyrhynchos,American Crow,0.3974,D:\Bird_Anuran_ARUs\IF06\SMM2-31_20260322_054600.wav
975.0,978.0,Pipilo erythrophthalmus,Eastern Towhee,0.8503,D:\Bird_Anuran_ARUs\IF06\SMM2-31_20260322_054600.wav
981.0,984.0,Pipilo erythrophthalmus,Eastern Towhee,0.9695,D:\Bird_Anuran_ARUs\IF06\SMM2-31_20260322_054600.wav
981.0,984.0,Corvus brachyrhynchos,American Crow,0.4575,D:\Bird_Anuran_ARUs\IF06\SMM2-31_20260322_054600.wav
987.0,990.0,Corvus brachyrhynchos,American Crow,0.4045,D:\Bird_Anuran_ARUs\IF06\SMM2-31_20260322_054600.wav
990.0,993.0,Pipilo erythrophthalmus,Eastern Towhee,0.8871,D:\Bird_Anuran_ARUs\IF06\SMM2-31_20260322_054600.wav
996.0,999.0,Pipilo erythrophthalmus,Eastern Towhee,0.9260,D:\Bird_Anuran_ARUs\IF06\SMM2-31_20260322_054600.wav
996.0,999.0,Piranga olivacea,Scarlet Tanager,0.4439,D:\Bird_Anuran_ARUs\IF06\SMM2-31_20260322_054600.wav
999.0,1002.0,Setophaga citrina,Hooded Warbler,0.4941,D:\Bird_Anuran_ARUs\IF06\SMM2-31_20260322_054600.wav
1005.0,1008.0,Pipilo erythrophthalmus,Eastern Towhee,0.9679,D:\Bird_Anuran_ARUs\IF06\SMM2-31_20260322_054600.wav
1008.0,1011.0,Pipilo erythrophthalmus,Eastern Towhee,0.3122,D:\Bird_Anuran_ARUs\IF06\SMM2-31_20260322_054600.wav
1014.0,1017.0,Pipilo erythrophthalmus,Eastern Towhee,0.9174,D:\Bird_Anuran_ARUs\IF06\SMM2-31_20260322_054600.wav
1014.0,1017.0,Corvus brachyrhynchos,American Crow,0.4932,D:\Bird_Anuran_ARUs\IF06\SMM2-31_20260322_054600.wav
1014.0,1017.0,Piranga olivacea,Scarlet Tanager,0.2554,D:\Bird_Anuran_ARUs\IF06\SMM2-31_20260322_054600.wav
1017.0,1020.0,Baeolophus bicolor,Tufted Titmouse,0.4731,D:\Bird_Anuran_ARUs\IF06\SMM2-31_20260322_054600.wav
1017.0,1020.0,Corvus brachyrhynchos,American Crow,0.4473,D:\Bird_Anuran_ARUs\IF06\SMM2-31_20260322_054600.wav
1020.0,1023.0,Pipilo erythrophthalmus,Eastern Towhee,0.8804,D:\Bird_Anuran_ARUs\IF06\SMM2-31_20260322_054600.wav
1026.0,1029.0,Pipilo erythrophthalmus,Eastern Towhee,0.9211,D:\Bird_Anuran_ARUs\IF06\SMM2-31_20260322_054600.wav
1029.0,1032.0,Corvus brachyrhynchos,American Crow,0.5749,D:\Bird_Anuran_ARUs\IF06\SMM2-31_20260322_054600.wav
1032.0,1035.0,Pipilo erythrophthalmus,Eastern Towhee,0.5706,D:\Bird_Anuran_ARUs\IF06\SMM2-31_20260322_054600.wav
1035.0,1038.0,Pipilo erythrophthalmus,Eastern Towhee,0.7211,D:\Bird_Anuran_ARUs\IF06\SMM2-31_20260322_054600.wav
1035.0,1038.0,Setophaga pinus,Pine Warbler,0.3367,D:\Bird_Anuran_ARUs\IF06\SMM2-31_20260322_054600.wav
1038.0,1041.0,Corvus brachyrhynchos,American Crow,0.3747,D:\Bird_Anuran_ARUs\IF06\SMM2-31_20260322_054600.wav
1041.0,1044.0,Pipilo erythrophthalmus,Eastern Towhee,0.6481,D:\Bird_Anuran_ARUs\IF06\SMM2-31_20260322_054600.wav
1041.0,1044.0,Corvus brachyrhynchos,American Crow,0.5478,D:\Bird_Anuran_ARUs\IF06\SMM2-31_20260322_054600.wav
1044.0,1047.0,Meleagris gallopavo,Wild Turkey,0.5115,D:\Bird_Anuran_ARUs\IF06\SMM2-31_20260322_054600.wav
1047.0,1050.0,Pipilo erythrophthalmus,Eastern Towhee,0.8230,D:\Bird_Anuran_ARUs\IF06\SMM2-31_20260322_054600.wav
1053.0,1056.0,Pipilo erythrophthalmus,Eastern Towhee,0.9770,D:\Bird_Anuran_ARUs\IF06\SMM2-31_20260322_054600.wav
1053.0,1056.0,Corvus brachyrhynchos,American Crow,0.5168,D:\Bird_Anuran_ARUs\IF06\SMM2-31_20260322_054600.wav
1056.0,1059.0,Corvus brachyrhynchos,American Crow,0.4654,D:\Bird_Anuran_ARUs\IF06\SMM2-31_20260322_054600.wav
1056.0,1059.0,Setophaga pinus,Pine Warbler,0.3591,D:\Bird_Anuran_ARUs\IF06\SMM2-31_20260322_054600.wav
1056.0,1059.0,Melanerpes carolinus,Red-bellied Woodpecker,0.2521,D:\Bird_Anuran_ARUs\IF06\SMM2-31_20260322_054600.wav
1056.0,1059.0,Pipilo erythrophthalmus,Eastern Towhee,0.2505,D:\Bird_Anuran_ARUs\IF06\SMM2-31_20260322_054600.wav
1059.0,1062.0,Pipilo erythrophthalmus,Eastern Towhee,0.9465,D:\Bird_Anuran_ARUs\IF06\SMM2-31_20260322_054600.wav
1059.0,1062.0,Corvus brachyrhynchos,American Crow,0.8067,D:\Bird_Anuran_ARUs\IF06\SMM2-31_20260322_054600.wav
1062.0,1065.0,Cardinalis cardinalis,Northern Cardinal,0.3174,D:\Bird_Anuran_ARUs\IF06\SMM2-31_20260322_054600.wav
1065.0,1068.0,Pipilo erythrophthalmus,Eastern Towhee,0.7972,D:\Bird_Anuran_ARUs\IF06\SMM2-31_20260322_054600.wav
1068.0,1071.0,Pipilo erythrophthalmus,Eastern Towhee,0.9742,D:\Bird_Anuran_ARUs\IF06\SMM2-31_20260322_054600.wav
1068.0,1071.0,Corvus brachyrhynchos,American Crow,0.7997,D:\Bird_Anuran_ARUs\IF06\SMM2-31_20260322_054600.wav
1071.0,1074.0,Melanerpes carolinus,Red-bellied Woodpecker,0.4419,D:\Bird_Anuran_ARUs\IF06\SMM2-31_20260322_054600.wav
1071.0,1074.0,Cardinalis cardinalis,Northern Cardinal,0.4220,D:\Bird_Anuran_ARUs\IF06\SMM2-31_20260322_054600.wav
1071.0,1074.0,Corvus brachyrhynchos,American Crow,0.2954,D:\Bird_Anuran_ARUs\IF06\SMM2-31_20260322_054600.wav
1074.0,1077.0,Pipilo erythrophthalmus,Eastern Towhee,0.8827,D:\Bird_Anuran_ARUs\IF06\SMM2-31_20260322_054600.wav
1083.0,1086.0,Pipilo erythrophthalmus,Eastern Towhee,0.8505,D:\Bird_Anuran_ARUs\IF06\SMM2-31_20260322_054600.wav
1083.0,1086.0,Meleagris gallopavo,Wild Turkey,0.6480,D:\Bird_Anuran_ARUs\IF06\SMM2-31_20260322_054600.wav
1086.0,1089.0,Pipilo erythrophthalmus,Eastern Towhee,0.9099,D:\Bird_Anuran_ARUs\IF06\SMM2-31_20260322_054600.wav
1092.0,1095.0,Pipilo erythrophthalmus,Eastern Towhee,0.7453,D:\Bird_Anuran_ARUs\IF06\SMM2-31_20260322_054600.wav
1095.0,1098.0,Poecile carolinensis,Carolina Chickadee,0.5065,D:\Bird_Anuran_ARUs\IF06\SMM2-31_20260322_054600.wav
1095.0,1098.0,Corvus brachyrhynchos,American Crow,0.3683,D:\Bird_Anuran_ARUs\IF06\SMM2-31_20260322_054600.wav
1098.0,1101.0,Pipilo erythrophthalmus,Eastern Towhee,0.7525,D:\Bird_Anuran_ARUs\IF06\SMM2-31_20260322_054600.wav
1101.0,1104.0,Setophaga pinus,Pine Warbler,0.4283,D:\Bird_Anuran_ARUs\IF06\SMM2-31_20260322_054600.wav
1110.0,1113.0,Corvus brachyrhynchos,American Crow,0.7422,D:\Bird_Anuran_ARUs\IF06\SMM2-31_20260322_054600.wav
1110.0,1113.0,Cardinalis cardinalis,Northern Cardinal,0.2998,D:\Bird_Anuran_ARUs\IF06\SMM2-31_20260322_054600.wav
1113.0,1116.0,Pipilo erythrophthalmus,Eastern Towhee,0.9395,D:\Bird_Anuran_ARUs\IF06\SMM2-31_20260322_054600.wav
1119.0,1122.0,Pipilo erythrophthalmus,Eastern Towhee,0.9781,D:\Bird_Anuran_ARUs\IF06\SMM2-31_20260322_054600.wav
1122.0,1125.0,Meleagris gallopavo,Wild Turkey,0.2776,D:\Bird_Anuran_ARUs\IF06\SMM2-31_20260322_054600.wav
1125.0,1128.0,Pipilo erythrophthalmus,Eastern Towhee,0.7766,D:\Bird_Anuran_ARUs\IF06\SMM2-31_20260322_054600.wav
1128.0,1131.0,Meleagris gallopavo,Wild Turkey,0.3115,D:\Bird_Anuran_ARUs\IF06\SMM2-31_20260322_054600.wav
1131.0,1134.0,Pipilo erythrophthalmus,Eastern Towhee,0.6768,D:\Bird_Anuran_ARUs\IF06\SMM2-31_20260322_054600.wav
1134.0,1137.0,Baeolophus bicolor,Tufted Titmouse,0.3690,D:\Bird_Anuran_ARUs\IF06\SMM2-31_20260322_054600.wav
1134.0,1137.0,Poecile carolinensis,Carolina Chickadee,0.2858,D:\Bird_Anuran_ARUs\IF06\SMM2-31_20260322_054600.wav
1137.0,1140.0,Corvus brachyrhynchos,American Crow,0.6881,D:\Bird_Anuran_ARUs\IF06\SMM2-31_20260322_054600.wav
1137.0,1140.0,Pipilo erythrophthalmus,Eastern Towhee,0.4599,D:\Bird_Anuran_ARUs\IF06\SMM2-31_20260322_054600.wav
1140.0,1143.0,Setophaga pinus,Pine Warbler,0.6903,D:\Bird_Anuran_ARUs\IF06\SMM2-31_20260322_054600.wav
1143.0,1146.0,Pipilo erythrophthalmus,Eastern Towhee,0.8026,D:\Bird_Anuran_ARUs\IF06\SMM2-31_20260322_054600.wav
1143.0,1146.0,Hylocichla mustelina,Wood Thrush,0.4243,D:\Bird_Anuran_ARUs\IF06\SMM2-31_20260322_054600.wav
1143.0,1146.0,Melanerpes carolinus,Red-bellied Woodpecker,0.2592,D:\Bird_Anuran_ARUs\IF06\SMM2-31_20260322_054600.wav
1146.0,1149.0,Corvus brachyrhynchos,American Crow,0.2573,D:\Bird_Anuran_ARUs\IF06\SMM2-31_20260322_054600.wav
1155.0,1158.0,Pipilo erythrophthalmus,Eastern Towhee,0.9048,D:\Bird_Anuran_ARUs\IF06\SMM2-31_20260322_054600.wav
1161.0,1164.0,Pipilo erythrophthalmus,Eastern Towhee,0.9889,D:\Bird_Anuran_ARUs\IF06\SMM2-31_20260322_054600.wav
1161.0,1164.0,Corvus brachyrhynchos,American Crow,0.8134,D:\Bird_Anuran_ARUs\IF06\SMM2-31_20260322_054600.wav
1161.0,1164.0,Baeolophus bicolor,Tufted Titmouse,0.2752,D:\Bird_Anuran_ARUs\IF06\SMM2-31_20260322_054600.wav
1164.0,1167.0,Corvus brachyrhynchos,American Crow,0.3067,D:\Bird_Anuran_ARUs\IF06\SMM2-31_20260322_054600.wav
1164.0,1167.0,Cardinalis cardinalis,Northern Cardinal,0.2581,D:\Bird_Anuran_ARUs\IF06\SMM2-31_20260322_054600.wav
1167.0,1170.0,Pipilo erythrophthalmus,Eastern Towhee,0.9330,D:\Bird_Anuran_ARUs\IF06\SMM2-31_20260322_054600.wav
1170.0,1173.0,Poecile carolinensis,Carolina Chickadee,0.5996,D:\Bird_Anuran_ARUs\IF06\SMM2-31_20260322_054600.wav
1173.0,1176.0,Pipilo erythrophthalmus,Eastern Towhee,0.6395,D:\Bird_Anuran_ARUs\IF06\SMM2-31_20260322_054600.wav
1176.0,1179.0,Meleagris gallopavo,Wild Turkey,0.8251,D:\Bird_Anuran_ARUs\IF06\SMM2-31_20260322_054600.wav
1179.0,1182.0,Poecile carolinensis,Carolina Chickadee,0.5146,D:\Bird_Anuran_ARUs\IF06\SMM2-31_20260322_054600.wav
1182.0,1185.0,Pipilo erythrophthalmus,Eastern Towhee,0.9254,D:\Bird_Anuran_ARUs\IF06\SMM2-31_20260322_054600.wav
1185.0,1188.0,Corvus brachyrhynchos,American Crow,0.7201,D:\Bird_Anuran_ARUs\IF06\SMM2-31_20260322_054600.wav
1188.0,1191.0,Poecile carolinensis,Carolina Chickadee,0.6517,D:\Bird_Anuran_ARUs\IF06\SMM2-31_20260322_054600.wav
1188.0,1191.0,Baeolophus bicolor,Tufted Titmouse,0.3848,D:\Bird_Anuran_ARUs\IF06\SMM2-31_20260322_054600.wav
1191.0,1194.0,Corvus brachyrhynchos,American Crow,0.9419,D:\Bird_Anuran_ARUs\IF06\SMM2-31_20260322_054600.wav
1191.0,1194.0,Poecile carolinensis,Carolina Chickadee,0.4358,D:\Bird_Anuran_ARUs\IF06\SMM2-31_20260322_054600.wav
1191.0,1194.0,Baeolophus bicolor,Tufted Titmouse,0.2638,D:\Bird_Anuran_ARUs\IF06\SMM2-31_20260322_054600.wav
1194.0,1197.0,Pipilo erythrophthalmus,Eastern Towhee,0.9484,D:\Bird_Anuran_ARUs\IF06\SMM2-31_20260322_054600.wav
1194.0,1197.0,Corvus brachyrhynchos,American Crow,0.8993,D:\Bird_Anuran_ARUs\IF06\SMM2-31_20260322_054600.wav
1194.0,1197.0,Poecile carolinensis,Carolina Chickadee,0.3637,D:\Bird_Anuran_ARUs\IF06\SMM2-31_20260322_054600.wav
1197.0,1200.0,Poecile carolinensis,Carolina Chickadee,0.8144,D:\Bird_Anuran_ARUs\IF06\SMM2-31_20260322_054600.wav
1197.0,1200.0,Baeolophus bicolor,Tufted Titmouse,0.2899,D:\Bird_Anuran_ARUs\IF06\SMM2-31_20260322_054600.wav
1200.0,1203.0,Poecile carolinensis,Carolina Chickadee,0.7074,D:\Bird_Anuran_ARUs\IF06\SMM2-31_20260322_054600.wav
1200.0,1203.0,Pipilo erythrophthalmus,Eastern Towhee,0.7065,D:\Bird_Anuran_ARUs\IF06\SMM2-31_20260322_054600.wav
1203.0,1206.0,Poecile carolinensis,Carolina Chickadee,0.9071,D:\Bird_Anuran_ARUs\IF06\SMM2-31_20260322_054600.wav
1203.0,1206.0,Corvus brachyrhynchos,American Crow,0.8976,D:\Bird_Anuran_ARUs\IF06\SMM2-31_20260322_054600.wav
1203.0,1206.0,Pipilo erythrophthalmus,Eastern Towhee,0.2666,D:\Bird_Anuran_ARUs\IF06\SMM2-31_20260322_054600.wav
1206.0,1209.0,Pipilo erythrophthalmus,Eastern Towhee,0.8153,D:\Bird_Anuran_ARUs\IF06\SMM2-31_20260322_054600.wav
1206.0,1209.0,Poecile carolinensis,Carolina Chickadee,0.2816,D:\Bird_Anuran_ARUs\IF06\SMM2-31_20260322_054600.wav
1209.0,1212.0,Poecile carolinensis,Carolina Chickadee,0.8552,D:\Bird_Anuran_ARUs\IF06\SMM2-31_20260322_054600.wav
1209.0,1212.0,Corvus brachyrhynchos,American Crow,0.8141,D:\Bird_Anuran_ARUs\IF06\SMM2-31_20260322_054600.wav
1209.0,1212.0,Pipilo erythrophthalmus,Eastern Towhee,0.5590,D:\Bird_Anuran_ARUs\IF06\SMM2-31_20260322_054600.wav
1212.0,1215.0,Pipilo erythrophthalmus,Eastern Towhee,0.9160,D:\Bird_Anuran_ARUs\IF06\SMM2-31_20260322_054600.wav
1212.0,1215.0,Poecile carolinensis,Carolina Chickadee,0.3319,D:\Bird_Anuran_ARUs\IF06\SMM2-31_20260322_054600.wav
1215.0,1218.0,Pipilo erythrophthalmus,Eastern Towhee,0.7833,D:\Bird_Anuran_ARUs\IF06\SMM2-31_20260322_054600.wav
1215.0,1218.0,Corvus brachyrhynchos,American Crow,0.2933,D:\Bird_Anuran_ARUs\IF06\SMM2-31_20260322_054600.wav
1218.0,1221.0,Pipilo erythrophthalmus,Eastern Towhee,0.9902,D:\Bird_Anuran_ARUs\IF06\SMM2-31_20260322_054600.wav
1218.0,1221.0,Corvus brachyrhynchos,American Crow,0.8913,D:\Bird_Anuran_ARUs\IF06\SMM2-31_20260322_054600.wav
1221.0,1224.0,Pipilo erythrophthalmus,Eastern Towhee,0.8510,D:\Bird_Anuran_ARUs\IF06\SMM2-31_20260322_054600.wav
1221.0,1224.0,Poecile carolinensis,Carolina Chickadee,0.4499,D:\Bird_Anuran_ARUs\IF06\SMM2-31_20260322_054600.wav
1224.0,1227.0,Poecile carolinensis,Carolina Chickadee,0.7151,D:\Bird_Anuran_ARUs\IF06\SMM2-31_20260322_054600.wav
1227.0,1230.0,Pipilo erythrophthalmus,Eastern Towhee,0.5025,D:\Bird_Anuran_ARUs\IF06\SMM2-31_20260322_054600.wav
1227.0,1230.0,Poecile carolinensis,Carolina Chickadee,0.4176,D:\Bird_Anuran_ARUs\IF06\SMM2-31_20260322_054600.wav
1230.0,1233.0,Meleagris gallopavo,Wild Turkey,0.5216,D:\Bird_Anuran_ARUs\IF06\SMM2-31_20260322_054600.wav
1233.0,1236.0,Pipilo erythrophthalmus,Eastern Towhee,0.7202,D:\Bird_Anuran_ARUs\IF06\SMM2-31_20260322_054600.wav
1233.0,1236.0,Poecile carolinensis,Carolina Chickadee,0.4533,D:\Bird_Anuran_ARUs\IF06\SMM2-31_20260322_054600.wav
1236.0,1239.0,Corvus brachyrhynchos,American Crow,0.9533,D:\Bird_Anuran_ARUs\IF06\SMM2-31_20260322_054600.wav
1236.0,1239.0,Poecile carolinensis,Carolina Chickadee,0.6266,D:\Bird_Anuran_ARUs\IF06\SMM2-31_20260322_054600.wav
1239.0,1242.0,Pipilo erythrophthalmus,Eastern Towhee,0.6763,D:\Bird_Anuran_ARUs\IF06\SMM2-31_20260322_054600.wav
1242.0,1245.0,Poecile carolinensis,Carolina Chickadee,0.8260,D:\Bird_Anuran_ARUs\IF06\SMM2-31_20260322_054600.wav
1245.0,1248.0,Pipilo erythrophthalmus,Eastern Towhee,0.7296,D:\Bird_Anuran_ARUs\IF06\SMM2-31_20260322_054600.wav
1248.0,1251.0,Poecile carolinensis,Carolina Chickadee,0.5449,D:\Bird_Anuran_ARUs\IF06\SMM2-31_20260322_054600.wav
1248.0,1251.0,Pipilo erythrophthalmus,Eastern Towhee,0.3068,D:\Bird_Anuran_ARUs\IF06\SMM2-31_20260322_054600.wav
1251.0,1254.0,Pipilo erythrophthalmus,Eastern Towhee,0.6526,D:\Bird_Anuran_ARUs\IF06\SMM2-31_20260322_054600.wav
1254.0,1257.0,Pipilo erythrophthalmus,Eastern Towhee,0.9001,D:\Bird_Anuran_ARUs\IF06\SMM2-31_20260322_054600.wav
1257.0,1260.0,Poecile carolinensis,Carolina Chickadee,0.7937,D:\Bird_Anuran_ARUs\IF06\SMM2-31_20260322_054600.wav
1257.0,1260.0,Pipilo erythrophthalmus,Eastern Towhee,0.6724,D:\Bird_Anuran_ARUs\IF06\SMM2-31_20260322_054600.wav
1260.0,1263.0,Poecile carolinensis,Carolina Chickadee,0.5496,D:\Bird_Anuran_ARUs\IF06\SMM2-31_20260322_054600.wav
1260.0,1263.0,Pipilo erythrophthalmus,Eastern Towhee,0.5405,D:\Bird_Anuran_ARUs\IF06\SMM2-31_20260322_054600.wav
1263.0,1266.0,Pipilo erythrophthalmus,Eastern Towhee,0.8056,D:\Bird_Anuran_ARUs\IF06\SMM2-31_20260322_054600.wav
1263.0,1266.0,Setophaga pinus,Pine Warbler,0.4904,D:\Bird_Anuran_ARUs\IF06\SMM2-31_20260322_054600.wav
1266.0,1269.0,Pipilo erythrophthalmus,Eastern Towhee,0.7281,D:\Bird_Anuran_ARUs\IF06\SMM2-31_20260322_054600.wav
1272.0,1275.0,Pipilo erythrophthalmus,Eastern Towhee,0.8217,D:\Bird_Anuran_ARUs\IF06\SMM2-31_20260322_054600.wav
1275.0,1278.0,Pipilo erythrophthalmus,Eastern Towhee,0.8971,D:\Bird_Anuran_ARUs\IF06\SMM2-31_20260322_054600.wav
1278.0,1281.0,Pipilo erythrophthalmus,Eastern Towhee,0.6069,D:\Bird_Anuran_ARUs\IF06\SMM2-31_20260322_054600.wav
1281.0,1284.0,Pipilo erythrophthalmus,Eastern Towhee,0.9530,D:\Bird_Anuran_ARUs\IF06\SMM2-31_20260322_054600.wav
1284.0,1287.0,Pipilo erythrophthalmus,Eastern Towhee,0.7877,D:\Bird_Anuran_ARUs\IF06\SMM2-31_20260322_054600.wav
1287.0,1290.0,Pipilo erythrophthalmus,Eastern Towhee,0.9923,D:\Bird_Anuran_ARUs\IF06\SMM2-31_20260322_054600.wav
1287.0,1290.0,Corvus brachyrhynchos,American Crow,0.4928,D:\Bird_Anuran_ARUs\IF06\SMM2-31_20260322_054600.wav
1290.0,1293.0,Pipilo erythrophthalmus,Eastern Towhee,0.5479,D:\Bird_Anuran_ARUs\IF06\SMM2-31_20260322_054600.wav
1293.0,1296.0,Pipilo erythrophthalmus,Eastern Towhee,0.9742,D:\Bird_Anuran_ARUs\IF06\SMM2-31_20260322_054600.wav
1299.0,1302.0,Pipilo erythrophthalmus,Eastern Towhee,0.9655,D:\Bird_Anuran_ARUs\IF06\SMM2-31_20260322_054600.wav
1305.0,1308.0,Meleagris gallopavo,Wild Turkey,0.5423,D:\Bird_Anuran_ARUs\IF06\SMM2-31_20260322_054600.wav
1311.0,1314.0,Setophaga pinus,Pine Warbler,0.2877,D:\Bird_Anuran_ARUs\IF06\SMM2-31_20260322_054600.wav
1314.0,1317.0,Pipilo erythrophthalmus,Eastern Towhee,0.8330,D:\Bird_Anuran_ARUs\IF06\SMM2-31_20260322_054600.wav
1323.0,1326.0,Pipilo erythrophthalmus,Eastern Towhee,0.9027,D:\Bird_Anuran_ARUs\IF06\SMM2-31_20260322_054600.wav
1326.0,1329.0,Pipilo erythrophthalmus,Eastern Towhee,0.8929,D:\Bird_Anuran_ARUs\IF06\SMM2-31_20260322_054600.wav
1329.0,1332.0,Pipilo erythrophthalmus,Eastern Towhee,0.9512,D:\Bird_Anuran_ARUs\IF06\SMM2-31_20260322_054600.wav
1332.0,1335.0,Pipilo erythrophthalmus,Eastern Towhee,0.7351,D:\Bird_Anuran_ARUs\IF06\SMM2-31_20260322_054600.wav
1335.0,1338.0,Pipilo erythrophthalmus,Eastern Towhee,0.7310,D:\Bird_Anuran_ARUs\IF06\SMM2-31_20260322_054600.wav
1335.0,1338.0,Setophaga pinus,Pine Warbler,0.4496,D:\Bird_Anuran_ARUs\IF06\SMM2-31_20260322_054600.wav
1341.0,1344.0,Meleagris gallopavo,Wild Turkey,0.3121,D:\Bird_Anuran_ARUs\IF06\SMM2-31_20260322_054600.wav
1347.0,1350.0,Pipilo erythrophthalmus,Eastern Towhee,0.7660,D:\Bird_Anuran_ARUs\IF06\SMM2-31_20260322_054600.wav
1347.0,1350.0,Setophaga pinus,Pine Warbler,0.5584,D:\Bird_Anuran_ARUs\IF06\SMM2-31_20260322_054600.wav
1353.0,1356.0,Pipilo erythrophthalmus,Eastern Towhee,0.7252,D:\Bird_Anuran_ARUs\IF06\SMM2-31_20260322_054600.wav
1356.0,1359.0,Pipilo erythrophthalmus,Eastern Towhee,0.4926,D:\Bird_Anuran_ARUs\IF06\SMM2-31_20260322_054600.wav
1359.0,1362.0,Pipilo erythrophthalmus,Eastern Towhee,0.8502,D:\Bird_Anuran_ARUs\IF06\SMM2-31_20260322_054600.wav
1362.0,1365.0,Pipilo erythrophthalmus,Eastern Towhee,0.5848,D:\Bird_Anuran_ARUs\IF06\SMM2-31_20260322_054600.wav
1365.0,1368.0,Setophaga pinus,Pine Warbler,0.3081,D:\Bird_Anuran_ARUs\IF06\SMM2-31_20260322_054600.wav
1368.0,1371.0,Pipilo erythrophthalmus,Eastern Towhee,0.9351,D:\Bird_Anuran_ARUs\IF06\SMM2-31_20260322_054600.wav
1371.0,1374.0,Pipilo erythrophthalmus,Eastern Towhee,0.6734,D:\Bird_Anuran_ARUs\IF06\SMM2-31_20260322_054600.wav
1374.0,1377.0,Pipilo erythrophthalmus,Eastern Towhee,0.9562,D:\Bird_Anuran_ARUs\IF06\SMM2-31_20260322_054600.wav
1377.0,1380.0,Pipilo erythrophthalmus,Eastern Towhee,0.7317,D:\Bird_Anuran_ARUs\IF06\SMM2-31_20260322_054600.wav
1380.0,1383.0,Pipilo erythrophthalmus,Eastern Towhee,0.8395,D:\Bird_Anuran_ARUs\IF06\SMM2-31_20260322_054600.wav
1386.0,1389.0,Pipilo erythrophthalmus,Eastern Towhee,0.3266,D:\Bird_Anuran_ARUs\IF06\SMM2-31_20260322_054600.wav
1392.0,1395.0,Pipilo erythrophthalmus,Eastern Towhee,0.3992,D:\Bird_Anuran_ARUs\IF06\SMM2-31_20260322_054600.wav
1398.0,1401.0,Pipilo erythrophthalmus,Eastern Towhee,0.6111,D:\Bird_Anuran_ARUs\IF06\SMM2-31_20260322_054600.wav
1401.0,1404.0,Pipilo erythrophthalmus,Eastern Towhee,0.5962,D:\Bird_Anuran_ARUs\IF06\SMM2-31_20260322_054600.wav
1401.0,1404.0,Molothrus ater,Brown-headed Cowbird,0.5799,D:\Bird_Anuran_ARUs\IF06\SMM2-31_20260322_054600.wav
1404.0,1407.0,Pipilo erythrophthalmus,Eastern Towhee,0.3655,D:\Bird_Anuran_ARUs\IF06\SMM2-31_20260322_054600.wav
1407.0,1410.0,Molothrus ater,Brown-headed Cowbird,0.4315,D:\Bird_Anuran_ARUs\IF06\SMM2-31_20260322_054600.wav
1410.0,1413.0,Pipilo erythrophthalmus,Eastern Towhee,0.5816,D:\Bird_Anuran_ARUs\IF06\SMM2-31_20260322_054600.wav
1416.0,1419.0,Pipilo erythrophthalmus,Eastern Towhee,0.5433,D:\Bird_Anuran_ARUs\IF06\SMM2-31_20260322_054600.wav
1422.0,1425.0,Pipilo erythrophthalmus,Eastern Towhee,0.5585,D:\Bird_Anuran_ARUs\IF06\SMM2-31_20260322_054600.wav
1428.0,1431.0,Pipilo erythrophthalmus,Eastern Towhee,0.3200,D:\Bird_Anuran_ARUs\IF06\SMM2-31_20260322_054600.wav
1431.0,1434.0,Pipilo erythrophthalmus,Eastern Towhee,0.7363,D:\Bird_Anuran_ARUs\IF06\SMM2-31_20260322_054600.wav
1434.0,1437.0,Pipilo erythrophthalmus,Eastern Towhee,0.8062,D:\Bird_Anuran_ARUs\IF06\SMM2-31_20260322_054600.wav
1440.0,1443.0,Pipilo erythrophthalmus,Eastern Towhee,0.9889,D:\Bird_Anuran_ARUs\IF06\SMM2-31_20260322_054600.wav
1446.0,1449.0,Pipilo erythrophthalmus,Eastern Towhee,0.9822,D:\Bird_Anuran_ARUs\IF06\SMM2-31_20260322_054600.wav
1449.0,1452.0,Pipilo erythrophthalmus,Eastern Towhee,0.4664,D:\Bird_Anuran_ARUs\IF06\SMM2-31_20260322_054600.wav
1455.0,1458.0,Pipilo erythrophthalmus,Eastern Towhee,0.8197,D:\Bird_Anuran_ARUs\IF06\SMM2-31_20260322_054600.wav
1458.0,1461.0,Meleagris gallopavo,Wild Turkey,0.6257,D:\Bird_Anuran_ARUs\IF06\SMM2-31_20260322_054600.wav
1461.0,1464.0,Pipilo erythrophthalmus,Eastern Towhee,0.5806,D:\Bird_Anuran_ARUs\IF06\SMM2-31_20260322_054600.wav
1464.0,1467.0,Pipilo erythrophthalmus,Eastern Towhee,0.4350,D:\Bird_Anuran_ARUs\IF06\SMM2-31_20260322_054600.wav
1467.0,1470.0,Pipilo erythrophthalmus,Eastern Towhee,0.6321,D:\Bird_Anuran_ARUs\IF06\SMM2-31_20260322_054600.wav
1470.0,1473.0,Setophaga pinus,Pine Warbler,0.4677,D:\Bird_Anuran_ARUs\IF06\SMM2-31_20260322_054600.wav
1473.0,1476.0,Pipilo erythrophthalmus,Eastern Towhee,0.7201,D:\Bird_Anuran_ARUs\IF06\SMM2-31_20260322_054600.wav
1479.0,1482.0,Pipilo erythrophthalmus,Eastern Towhee,0.7941,D:\Bird_Anuran_ARUs\IF06\SMM2-31_20260322_054600.wav
1485.0,1488.0,Pipilo erythrophthalmus,Eastern Towhee,0.7278,D:\Bird_Anuran_ARUs\IF06\SMM2-31_20260322_054600.wav
1500.0,1503.0,Pipilo erythrophthalmus,Eastern Towhee,0.7825,D:\Bird_Anuran_ARUs\IF06\SMM2-31_20260322_054600.wav
1506.0,1509.0,Pipilo erythrophthalmus,Eastern Towhee,0.7053,D:\Bird_Anuran_ARUs\IF06\SMM2-31_20260322_054600.wav
1512.0,1515.0,Pipilo erythrophthalmus,Eastern Towhee,0.9154,D:\Bird_Anuran_ARUs\IF06\SMM2-31_20260322_054600.wav
1515.0,1518.0,Setophaga pinus,Pine Warbler,0.6520,D:\Bird_Anuran_ARUs\IF06\SMM2-31_20260322_054600.wav
1518.0,1521.0,Pipilo erythrophthalmus,Eastern Towhee,0.7594,D:\Bird_Anuran_ARUs\IF06\SMM2-31_20260322_054600.wav
1521.0,1524.0,Setophaga pinus,Pine Warbler,0.5114,D:\Bird_Anuran_ARUs\IF06\SMM2-31_20260322_054600.wav
1524.0,1527.0,Pipilo erythrophthalmus,Eastern Towhee,0.3645,D:\Bird_Anuran_ARUs\IF06\SMM2-31_20260322_054600.wav
1527.0,1530.0,Pipilo erythrophthalmus,Eastern Towhee,0.3407,D:\Bird_Anuran_ARUs\IF06\SMM2-31_20260322_054600.wav
1530.0,1533.0,Setophaga pinus,Pine Warbler,0.3382,D:\Bird_Anuran_ARUs\IF06\SMM2-31_20260322_054600.wav
1533.0,1536.0,Pipilo erythrophthalmus,Eastern Towhee,0.6434,D:\Bird_Anuran_ARUs\IF06\SMM2-31_20260322_054600.wav
1536.0,1539.0,Setophaga pinus,Pine Warbler,0.3497,D:\Bird_Anuran_ARUs\IF06\SMM2-31_20260322_054600.wav
1539.0,1542.0,Pipilo erythrophthalmus,Eastern Towhee,0.4395,D:\Bird_Anuran_ARUs\IF06\SMM2-31_20260322_054600.wav
1542.0,1545.0,Pipilo erythrophthalmus,Eastern Towhee,0.5223,D:\Bird_Anuran_ARUs\IF06\SMM2-31_20260322_054600.wav
1545.0,1548.0,Setophaga pinus,Pine Warbler,0.7305,D:\Bird_Anuran_ARUs\IF06\SMM2-31_20260322_054600.wav
1551.0,1554.0,Pipilo erythrophthalmus,Eastern Towhee,0.7467,D:\Bird_Anuran_ARUs\IF06\SMM2-31_20260322_054600.wav
1554.0,1557.0,Setophaga pinus,Pine Warbler,0.9284,D:\Bird_Anuran_ARUs\IF06\SMM2-31_20260322_054600.wav
1557.0,1560.0,Pipilo erythrophthalmus,Eastern Towhee,0.9808,D:\Bird_Anuran_ARUs\IF06\SMM2-31_20260322_054600.wav
1566.0,1569.0,Setophaga pinus,Pine Warbler,0.5145,D:\Bird_Anuran_ARUs\IF06\SMM2-31_20260322_054600.wav
1569.0,1572.0,Pipilo erythrophthalmus,Eastern Towhee,0.6297,D:\Bird_Anuran_ARUs\IF06\SMM2-31_20260322_054600.wav
1572.0,1575.0,Pipilo erythrophthalmus,Eastern Towhee,0.4798,D:\Bird_Anuran_ARUs\IF06\SMM2-31_20260322_054600.wav
1575.0,1578.0,Setophaga pinus,Pine Warbler,0.7428,D:\Bird_Anuran_ARUs\IF06\SMM2-31_20260322_054600.wav
1578.0,1581.0,Setophaga pinus,Pine Warbler,0.4773,D:\Bird_Anuran_ARUs\IF06\SMM2-31_20260322_054600.wav
1581.0,1584.0,Pipilo erythrophthalmus,Eastern Towhee,0.8822,D:\Bird_Anuran_ARUs\IF06\SMM2-31_20260322_054600.wav
1584.0,1587.0,Pipilo erythrophthalmus,Eastern Towhee,0.7809,D:\Bird_Anuran_ARUs\IF06\SMM2-31_20260322_054600.wav
1590.0,1593.0,Pipilo erythrophthalmus,Eastern Towhee,0.6400,D:\Bird_Anuran_ARUs\IF06\SMM2-31_20260322_054600.wav
1593.0,1596.0,Pipilo erythrophthalmus,Eastern Towhee,0.4927,D:\Bird_Anuran_ARUs\IF06\SMM2-31_20260322_054600.wav
1596.0,1599.0,Pipilo erythrophthalmus,Eastern Towhee,0.8642,D:\Bird_Anuran_ARUs\IF06\SMM2-31_20260322_054600.wav
1599.0,1602.0,Pipilo erythrophthalmus,Eastern Towhee,0.6029,D:\Bird_Anuran_ARUs\IF06\SMM2-31_20260322_054600.wav
1602.0,1605.0,Setophaga dominica,Yellow-throated Warbler,0.4644,D:\Bird_Anuran_ARUs\IF06\SMM2-31_20260322_054600.wav
1605.0,1608.0,Pipilo erythrophthalmus,Eastern Towhee,0.9430,D:\Bird_Anuran_ARUs\IF06\SMM2-31_20260322_054600.wav
1608.0,1611.0,Baeolophus bicolor,Tufted Titmouse,0.3172,D:\Bird_Anuran_ARUs\IF06\SMM2-31_20260322_054600.wav
1611.0,1614.0,Pipilo erythrophthalmus,Eastern Towhee,0.8586,D:\Bird_Anuran_ARUs\IF06\SMM2-31_20260322_054600.wav
1614.0,1617.0,Setophaga pinus,Pine Warbler,0.2539,D:\Bird_Anuran_ARUs\IF06\SMM2-31_20260322_054600.wav
1617.0,1620.0,Pipilo erythrophthalmus,Eastern Towhee,0.8042,D:\Bird_Anuran_ARUs\IF06\SMM2-31_20260322_054600.wav
1623.0,1626.0,Pipilo erythrophthalmus,Eastern Towhee,0.3372,D:\Bird_Anuran_ARUs\IF06\SMM2-31_20260322_054600.wav
1626.0,1629.0,Pipilo erythrophthalmus,Eastern Towhee,0.9844,D:\Bird_Anuran_ARUs\IF06\SMM2-31_20260322_054600.wav
1629.0,1632.0,Baeolophus bicolor,Tufted Titmouse,0.2678,D:\Bird_Anuran_ARUs\IF06\SMM2-31_20260322_054600.wav
1632.0,1635.0,Pipilo erythrophthalmus,Eastern Towhee,0.9746,D:\Bird_Anuran_ARUs\IF06\SMM2-31_20260322_054600.wav
1635.0,1638.0,Pipilo erythrophthalmus,Eastern Towhee,0.5318,D:\Bird_Anuran_ARUs\IF06\SMM2-31_20260322_054600.wav
1638.0,1641.0,Setophaga pinus,Pine Warbler,0.5757,D:\Bird_Anuran_ARUs\IF06\SMM2-31_20260322_054600.wav
1641.0,1644.0,Baeolophus bicolor,Tufted Titmouse,0.2847,D:\Bird_Anuran_ARUs\IF06\SMM2-31_20260322_054600.wav
1644.0,1647.0,Pipilo erythrophthalmus,Eastern Towhee,0.8742,D:\Bird_Anuran_ARUs\IF06\SMM2-31_20260322_054600.wav
1647.0,1650.0,Pipilo erythrophthalmus,Eastern Towhee,0.9525,D:\Bird_Anuran_ARUs\IF06\SMM2-31_20260322_054600.wav
1653.0,1656.0,Pipilo erythrophthalmus,Eastern Towhee,0.9500,D:\Bird_Anuran_ARUs\IF06\SMM2-31_20260322_054600.wav
1653.0,1656.0,Corvus brachyrhynchos,American Crow,0.8606,D:\Bird_Anuran_ARUs\IF06\SMM2-31_20260322_054600.wav
1656.0,1659.0,Baeolophus bicolor,Tufted Titmouse,0.4619,D:\Bird_Anuran_ARUs\IF06\SMM2-31_20260322_054600.wav
1662.0,1665.0,Pipilo erythrophthalmus,Eastern Towhee,0.8269,D:\Bird_Anuran_ARUs\IF06\SMM2-31_20260322_054600.wav
1665.0,1668.0,Pipilo erythrophthalmus,Eastern Towhee,0.2854,D:\Bird_Anuran_ARUs\IF06\SMM2-31_20260322_054600.wav
1668.0,1671.0,Pipilo erythrophthalmus,Eastern Towhee,0.7330,D:\Bird_Anuran_ARUs\IF06\SMM2-31_20260322_054600.wav
1677.0,1680.0,Pipilo erythrophthalmus,Eastern Towhee,0.4649,D:\Bird_Anuran_ARUs\IF06\SMM2-31_20260322_054600.wav
1677.0,1680.0,Setophaga pinus,Pine Warbler,0.4586,D:\Bird_Anuran_ARUs\IF06\SMM2-31_20260322_054600.wav
1683.0,1686.0,Pipilo erythrophthalmus,Eastern Towhee,0.7495,D:\Bird_Anuran_ARUs\IF06\SMM2-31_20260322_054600.wav
1689.0,1692.0,Baeolophus bicolor,Tufted Titmouse,0.5464,D:\Bird_Anuran_ARUs\IF06\SMM2-31_20260322_054600.wav
1692.0,1695.0,Pipilo erythrophthalmus,Eastern Towhee,0.9297,D:\Bird_Anuran_ARUs\IF06\SMM2-31_20260322_054600.wav
1695.0,1698.0,Setophaga pinus,Pine Warbler,0.7862,D:\Bird_Anuran_ARUs\IF06\SMM2-31_20260322_054600.wav
1698.0,1701.0,Pipilo erythrophthalmus,Eastern Towhee,0.9473,D:\Bird_Anuran_ARUs\IF06\SMM2-31_20260322_054600.wav
1704.0,1707.0,Pipilo erythrophthalmus,Eastern Towhee,0.9237,D:\Bird_Anuran_ARUs\IF06\SMM2-31_20260322_054600.wav
1707.0,1710.0,Pipilo erythrophthalmus,Eastern Towhee,0.4808,D:\Bird_Anuran_ARUs\IF06\SMM2-31_20260322_054600.wav
1710.0,1713.0,Pipilo erythrophthalmus,Eastern Towhee,0.6744,D:\Bird_Anuran_ARUs\IF06\SMM2-31_20260322_054600.wav
1713.0,1716.0,Pipilo erythrophthalmus,Eastern Towhee,0.4920,D:\Bird_Anuran_ARUs\IF06\SMM2-31_20260322_054600.wav
1713.0,1716.0,Setophaga pinus,Pine Warbler,0.3158,D:\Bird_Anuran_ARUs\IF06\SMM2-31_20260322_054600.wav
1716.0,1719.0,Pipilo erythrophthalmus,Eastern Towhee,0.4153,D:\Bird_Anuran_ARUs\IF06\SMM2-31_20260322_054600.wav
1719.0,1722.0,Pipilo erythrophthalmus,Eastern Towhee,0.6180,D:\Bird_Anuran_ARUs\IF06\SMM2-31_20260322_054600.wav
1722.0,1725.0,Pipilo erythrophthalmus,Eastern Towhee,0.5654,D:\Bird_Anuran_ARUs\IF06\SMM2-31_20260322_054600.wav
1725.0,1728.0,Pipilo erythrophthalmus,Eastern Towhee,0.9531,D:\Bird_Anuran_ARUs\IF06\SMM2-31_20260322_054600.wav
1728.0,1731.0,Setophaga pinus,Pine Warbler,0.7853,D:\Bird_Anuran_ARUs\IF06\SMM2-31_20260322_054600.wav
1731.0,1734.0,Pipilo erythrophthalmus,Eastern Towhee,0.8290,D:\Bird_Anuran_ARUs\IF06\SMM2-31_20260322_054600.wav
1734.0,1737.0,Pipilo erythrophthalmus,Eastern Towhee,0.5220,D:\Bird_Anuran_ARUs\IF06\SMM2-31_20260322_054600.wav
1737.0,1740.0,Pipilo erythrophthalmus,Eastern Towhee,0.8080,D:\Bird_Anuran_ARUs\IF06\SMM2-31_20260322_054600.wav
1740.0,1743.0,Setophaga pinus,Pine Warbler,0.4873,D:\Bird_Anuran_ARUs\IF06\SMM2-31_20260322_054600.wav
1743.0,1746.0,Pipilo erythrophthalmus,Eastern Towhee,0.8043,D:\Bird_Anuran_ARUs\IF06\SMM2-31_20260322_054600.wav
1746.0,1749.0,Pipilo erythrophthalmus,Eastern Towhee,0.6694,D:\Bird_Anuran_ARUs\IF06\SMM2-31_20260322_054600.wav
1749.0,1752.0,Setophaga pinus,Pine Warbler,0.5821,D:\Bird_Anuran_ARUs\IF06\SMM2-31_20260322_054600.wav
1752.0,1755.0,Pipilo erythrophthalmus,Eastern Towhee,0.9553,D:\Bird_Anuran_ARUs\IF06\SMM2-31_20260322_054600.wav
1755.0,1758.0,Pipilo erythrophthalmus,Eastern Towhee,0.9087,D:\Bird_Anuran_ARUs\IF06\SMM2-31_20260322_054600.wav
1758.0,1761.0,Pipilo erythrophthalmus,Eastern Towhee,0.9508,D:\Bird_Anuran_ARUs\IF06\SMM2-31_20260322_054600.wav
1764.0,1767.0,Pipilo erythrophthalmus,Eastern Towhee,0.7434,D:\Bird_Anuran_ARUs\IF06\SMM2-31_20260322_054600.wav
1770.0,1773.0,Pipilo erythrophthalmus,Eastern Towhee,0.4797,D:\Bird_Anuran_ARUs\IF06\SMM2-31_20260322_054600.wav
1773.0,1776.0,Pipilo erythrophthalmus,Eastern Towhee,0.9617,D:\Bird_Anuran_ARUs\IF06\SMM2-31_20260322_054600.wav
1779.0,1782.0,Pipilo erythrophthalmus,Eastern Towhee,0.8882,D:\Bird_Anuran_ARUs\IF06\SMM2-31_20260322_054600.wav
1782.0,1785.0,Meleagris gallopavo,Wild Turkey,0.3597,D:\Bird_Anuran_ARUs\IF06\SMM2-31_20260322_054600.wav
1785.0,1788.0,Pipilo erythrophthalmus,Eastern Towhee,0.4997,D:\Bird_Anuran_ARUs\IF06\SMM2-31_20260322_054600.wav
1788.0,1791.0,Pipilo erythrophthalmus,Eastern Towhee,0.8520,D:\Bird_Anuran_ARUs\IF06\SMM2-31_20260322_054600.wav
1794.0,1797.0,Pipilo erythrophthalmus,Eastern Towhee,0.9209,D:\Bird_Anuran_ARUs\IF06\SMM2-31_20260322_054600.wav
1800.0,1803.0,Pipilo erythrophthalmus,Eastern Towhee,0.9137,D:\Bird_Anuran_ARUs\IF06\SMM2-31_20260322_054600.wav
1803.0,1806.0,Setophaga pinus,Pine Warbler,0.4180,D:\Bird_Anuran_ARUs\IF06\SMM2-31_20260322_054600.wav
1806.0,1809.0,Pipilo erythrophthalmus,Eastern Towhee,0.7575,D:\Bird_Anuran_ARUs\IF06\SMM2-31_20260322_054600.wav
1812.0,1815.0,Pipilo erythrophthalmus,Eastern Towhee,0.8399,D:\Bird_Anuran_ARUs\IF06\SMM2-31_20260322_054600.wav
1815.0,1818.0,Pipilo erythrophthalmus,Eastern Towhee,0.4563,D:\Bird_Anuran_ARUs\IF06\SMM2-31_20260322_054600.wav
1821.0,1824.0,Pipilo erythrophthalmus,Eastern Towhee,0.9628,D:\Bird_Anuran_ARUs\IF06\SMM2-31_20260322_054600.wav
1827.0,1830.0,Pipilo erythrophthalmus,Eastern Towhee,0.9310,D:\Bird_Anuran_ARUs\IF06\SMM2-31_20260322_054600.wav
1830.0,1833.0,Setophaga pinus,Pine Warbler,0.5840,D:\Bird_Anuran_ARUs\IF06\SMM2-31_20260322_054600.wav
1833.0,1836.0,Pipilo erythrophthalmus,Eastern Towhee,0.8068,D:\Bird_Anuran_ARUs\IF06\SMM2-31_20260322_054600.wav
1842.0,1845.0,Pipilo erythrophthalmus,Eastern Towhee,0.5439,D:\Bird_Anuran_ARUs\IF06\SMM2-31_20260322_054600.wav
1845.0,1848.0,Pipilo erythrophthalmus,Eastern Towhee,0.5648,D:\Bird_Anuran_ARUs\IF06\SMM2-31_20260322_054600.wav
1848.0,1851.0,Pipilo erythrophthalmus,Eastern Towhee,0.6687,D:\Bird_Anuran_ARUs\IF06\SMM2-31_20260322_054600.wav
1851.0,1854.0,Setophaga pinus,Pine Warbler,0.2810,D:\Bird_Anuran_ARUs\IF06\SMM2-31_20260322_054600.wav
1854.0,1857.0,Pipilo erythrophthalmus,Eastern Towhee,0.3981,D:\Bird_Anuran_ARUs\IF06\SMM2-31_20260322_054600.wav
1857.0,1860.0,Pipilo erythrophthalmus,Eastern Towhee,0.7906,D:\Bird_Anuran_ARUs\IF06\SMM2-31_20260322_054600.wav
1863.0,1866.0,Pipilo erythrophthalmus,Eastern Towhee,0.7162,D:\Bird_Anuran_ARUs\IF06\SMM2-31_20260322_054600.wav
1866.0,1869.0,Pipilo erythrophthalmus,Eastern Towhee,0.3877,D:\Bird_Anuran_ARUs\IF06\SMM2-31_20260322_054600.wav
1869.0,1872.0,Pipilo erythrophthalmus,Eastern Towhee,0.3666,D:\Bird_Anuran_ARUs\IF06\SMM2-31_20260322_054600.wav
1875.0,1878.0,Pipilo erythrophthalmus,Eastern Towhee,0.4578,D:\Bird_Anuran_ARUs\IF06\SMM2-31_20260322_054600.wav
1878.0,1881.0,Pipilo erythrophthalmus,Eastern Towhee,0.5124,D:\Bird_Anuran_ARUs\IF06\SMM2-31_20260322_054600.wav
1881.0,1884.0,Setophaga pinus,Pine Warbler,0.8198,D:\Bird_Anuran_ARUs\IF06\SMM2-31_20260322_054600.wav
1890.0,1893.0,Meleagris gallopavo,Wild Turkey,0.8589,D:\Bird_Anuran_ARUs\IF06\SMM2-31_20260322_054600.wav
1893.0,1896.0,Pipilo erythrophthalmus,Eastern Towhee,0.7745,D:\Bird_Anuran_ARUs\IF06\SMM2-31_20260322_054600.wav
1896.0,1899.0,Setophaga pinus,Pine Warbler,0.4681,D:\Bird_Anuran_ARUs\IF06\SMM2-31_20260322_054600.wav
1899.0,1902.0,Pipilo erythrophthalmus,Eastern Towhee,0.6245,D:\Bird_Anuran_ARUs\IF06\SMM2-31_20260322_054600.wav
1902.0,1905.0,Pipilo erythrophthalmus,Eastern Towhee,0.7300,D:\Bird_Anuran_ARUs\IF06\SMM2-31_20260322_054600.wav
1908.0,1911.0,Pipilo erythrophthalmus,Eastern Towhee,0.9002,D:\Bird_Anuran_ARUs\IF06\SMM2-31_20260322_054600.wav
1911.0,1914.0,Setophaga pinus,Pine Warbler,0.8550,D:\Bird_Anuran_ARUs\IF06\SMM2-31_20260322_054600.wav
1914.0,1917.0,Setophaga pinus,Pine Warbler,0.5286,D:\Bird_Anuran_ARUs\IF06\SMM2-31_20260322_054600.wav
1920.0,1923.0,Setophaga pinus,Pine Warbler,0.5308,D:\Bird_Anuran_ARUs\IF06\SMM2-31_20260322_054600.wav
1926.0,1929.0,Pipilo erythrophthalmus,Eastern Towhee,0.9589,D:\Bird_Anuran_ARUs\IF06\SMM2-31_20260322_054600.wav
1926.0,1929.0,Corvus brachyrhynchos,American Crow,0.3187,D:\Bird_Anuran_ARUs\IF06\SMM2-31_20260322_054600.wav
1929.0,1932.0,Pipilo erythrophthalmus,Eastern Towhee,0.4114,D:\Bird_Anuran_ARUs\IF06\SMM2-31_20260322_054600.wav
1932.0,1935.0,Pipilo erythrophthalmus,Eastern Towhee,0.8085,D:\Bird_Anuran_ARUs\IF06\SMM2-31_20260322_054600.wav
1935.0,1938.0,Setophaga pinus,Pine Warbler,0.5518,D:\Bird_Anuran_ARUs\IF06\SMM2-31_20260322_054600.wav
1941.0,1944.0,Setophaga pinus,Pine Warbler,0.2880,D:\Bird_Anuran_ARUs\IF06\SMM2-31_20260322_054600.wav
1950.0,1953.0,Pipilo erythrophthalmus,Eastern Towhee,0.9034,D:\Bird_Anuran_ARUs\IF06\SMM2-31_20260322_054600.wav
1953.0,1956.0,Setophaga pinus,Pine Warbler,0.6754,D:\Bird_Anuran_ARUs\IF06\SMM2-31_20260322_054600.wav
1956.0,1959.0,Setophaga pinus,Pine Warbler,0.2822,D:\Bird_Anuran_ARUs\IF06\SMM2-31_20260322_054600.wav
1965.0,1968.0,Pipilo erythrophthalmus,Eastern Towhee,0.4999,D:\Bird_Anuran_ARUs\IF06\SMM2-31_20260322_054600.wav
1968.0,1971.0,Setophaga pinus,Pine Warbler,0.7030,D:\Bird_Anuran_ARUs\IF06\SMM2-31_20260322_054600.wav
1971.0,1974.0,Setophaga pinus,Pine Warbler,0.5060,D:\Bird_Anuran_ARUs\IF06\SMM2-31_20260322_054600.wav
1974.0,1977.0,Pipilo erythrophthalmus,Eastern Towhee,0.8785,D:\Bird_Anuran_ARUs\IF06\SMM2-31_20260322_054600.wav
1980.0,1983.0,Pipilo erythrophthalmus,Eastern Towhee,0.5328,D:\Bird_Anuran_ARUs\IF06\SMM2-31_20260322_054600.wav
1983.0,1986.0,Setophaga pinus,Pine Warbler,0.3720,D:\Bird_Anuran_ARUs\IF06\SMM2-31_20260322_054600.wav
1989.0,1992.0,Pipilo erythrophthalmus,Eastern Towhee,0.8845,D:\Bird_Anuran_ARUs\IF06\SMM2-31_20260322_054600.wav
1998.0,2001.0,Pipilo erythrophthalmus,Eastern Towhee,0.7938,D:\Bird_Anuran_ARUs\IF06\SMM2-31_20260322_054600.wav
1998.0,2001.0,Corvus brachyrhynchos,American Crow,0.2679,D:\Bird_Anuran_ARUs\IF06\SMM2-31_20260322_054600.wav
2001.0,2004.0,Setophaga pinus,Pine Warbler,0.2967,D:\Bird_Anuran_ARUs\IF06\SMM2-31_20260322_054600.wav
2004.0,2007.0,Pipilo erythrophthalmus,Eastern Towhee,0.7213,D:\Bird_Anuran_ARUs\IF06\SMM2-31_20260322_054600.wav
2007.0,2010.0,Setophaga pinus,Pine Warbler,0.5360,D:\Bird_Anuran_ARUs\IF06\SMM2-31_20260322_054600.wav
2007.0,2010.0,Pipilo erythrophthalmus,Eastern Towhee,0.2708,D:\Bird_Anuran_ARUs\IF06\SMM2-31_20260322_054600.wav
2013.0,2016.0,Pipilo erythrophthalmus,Eastern Towhee,0.9618,D:\Bird_Anuran_ARUs\IF06\SMM2-31_20260322_054600.wav
2022.0,2025.0,Setophaga pinus,Pine Warbler,0.5160,D:\Bird_Anuran_ARUs\IF06\SMM2-31_20260322_054600.wav
2025.0,2028.0,Pipilo erythrophthalmus,Eastern Towhee,0.5027,D:\Bird_Anuran_ARUs\IF06\SMM2-31_20260322_054600.wav
2028.0,2031.0,Pipilo erythrophthalmus,Eastern Towhee,0.9380,D:\Bird_Anuran_ARUs\IF06\SMM2-31_20260322_054600.wav
2037.0,2040.0,Pipilo erythrophthalmus,Eastern Towhee,0.9700,D:\Bird_Anuran_ARUs\IF06\SMM2-31_20260322_054600.wav
2043.0,2046.0,Baeolophus bicolor,Tufted Titmouse,0.3758,D:\Bird_Anuran_ARUs\IF06\SMM2-31_20260322_054600.wav
2046.0,2049.0,Pipilo erythrophthalmus,Eastern Towhee,0.8209,D:\Bird_Anuran_ARUs\IF06\SMM2-31_20260322_054600.wav
2049.0,2052.0,Pipilo erythrophthalmus,Eastern Towhee,0.2602,D:\Bird_Anuran_ARUs\IF06\SMM2-31_20260322_054600.wav
2052.0,2055.0,Baeolophus bicolor,Tufted Titmouse,0.2702,D:\Bird_Anuran_ARUs\IF06\SMM2-31_20260322_054600.wav
2055.0,2058.0,Pipilo erythrophthalmus,Eastern Towhee,0.9151,D:\Bird_Anuran_ARUs\IF06\SMM2-31_20260322_054600.wav
2064.0,2067.0,Pipilo erythrophthalmus,Eastern Towhee,0.7783,D:\Bird_Anuran_ARUs\IF06\SMM2-31_20260322_054600.wav
2067.0,2070.0,Pipilo erythrophthalmus,Eastern Towhee,0.7616,D:\Bird_Anuran_ARUs\IF06\SMM2-31_20260322_054600.wav
2070.0,2073.0,Setophaga dominica,Yellow-throated Warbler,0.2793,D:\Bird_Anuran_ARUs\IF06\SMM2-31_20260322_054600.wav
2073.0,2076.0,Pipilo erythrophthalmus,Eastern Towhee,0.9776,D:\Bird_Anuran_ARUs\IF06\SMM2-31_20260322_054600.wav
2079.0,2082.0,Pipilo erythrophthalmus,Eastern Towhee,0.3671,D:\Bird_Anuran_ARUs\IF06\SMM2-31_20260322_054600.wav
2082.0,2085.0,Pipilo erythrophthalmus,Eastern Towhee,0.2943,D:\Bird_Anuran_ARUs\IF06\SMM2-31_20260322_054600.wav
2085.0,2088.0,Pipilo erythrophthalmus,Eastern Towhee,0.4581,D:\Bird_Anuran_ARUs\IF06\SMM2-31_20260322_054600.wav
2091.0,2094.0,Baeolophus bicolor,Tufted Titmouse,0.3333,D:\Bird_Anuran_ARUs\IF06\SMM2-31_20260322_054600.wav
2091.0,2094.0,Pipilo erythrophthalmus,Eastern Towhee,0.2552,D:\Bird_Anuran_ARUs\IF06\SMM2-31_20260322_054600.wav
2160.0,2163.0,Setophaga pinus,Pine Warbler,0.3355,D:\Bird_Anuran_ARUs\IF06\SMM2-31_20260322_054600.wav
2166.0,2169.0,Pipilo erythrophthalmus,Eastern Towhee,0.2916,D:\Bird_Anuran_ARUs\IF06\SMM2-31_20260322_054600.wav
2178.0,2181.0,Pipilo erythrophthalmus,Eastern Towhee,0.3271,D:\Bird_Anuran_ARUs\IF06\SMM2-31_20260322_054600.wav
2220.0,2223.0,Meleagris gallopavo,Wild Turkey,0.9396,D:\Bird_Anuran_ARUs\IF06\SMM2-31_20260322_054600.wav
2223.0,2226.0,Pipilo erythrophthalmus,Eastern Towhee,0.7439,D:\Bird_Anuran_ARUs\IF06\SMM2-31_20260322_054600.wav
2226.0,2229.0,Cardinalis cardinalis,Northern Cardinal,0.4607,D:\Bird_Anuran_ARUs\IF06\SMM2-31_20260322_054600.wav
2226.0,2229.0,Pipilo erythrophthalmus,Eastern Towhee,0.2720,D:\Bird_Anuran_ARUs\IF06\SMM2-31_20260322_054600.wav
2229.0,2232.0,Pipilo erythrophthalmus,Eastern Towhee,0.7445,D:\Bird_Anuran_ARUs\IF06\SMM2-31_20260322_054600.wav
2229.0,2232.0,Cardinalis cardinalis,Northern Cardinal,0.4623,D:\Bird_Anuran_ARUs\IF06\SMM2-31_20260322_054600.wav
2232.0,2235.0,Pipilo erythrophthalmus,Eastern Towhee,0.3470,D:\Bird_Anuran_ARUs\IF06\SMM2-31_20260322_054600.wav
2232.0,2235.0,Setophaga pinus,Pine Warbler,0.3107,D:\Bird_Anuran_ARUs\IF06\SMM2-31_20260322_054600.wav
2235.0,2238.0,Setophaga pinus,Pine Warbler,0.4697,D:\Bird_Anuran_ARUs\IF06\SMM2-31_20260322_054600.wav
2247.0,2250.0,Setophaga pinus,Pine Warbler,0.4549,D:\Bird_Anuran_ARUs\IF06\SMM2-31_20260322_054600.wav
2250.0,2253.0,Pipilo erythrophthalmus,Eastern Towhee,0.5990,D:\Bird_Anuran_ARUs\IF06\SMM2-31_20260322_054600.wav
2253.0,2256.0,Pipilo erythrophthalmus,Eastern Towhee,0.3444,D:\Bird_Anuran_ARUs\IF06\SMM2-31_20260322_054600.wav
2256.0,2259.0,Setophaga pinus,Pine Warbler,0.3963,D:\Bird_Anuran_ARUs\IF06\SMM2-31_20260322_054600.wav
2262.0,2265.0,Cardinalis cardinalis,Northern Cardinal,0.2779,D:\Bird_Anuran_ARUs\IF06\SMM2-31_20260322_054600.wav
2268.0,2271.0,Setophaga pinus,Pine Warbler,0.7134,D:\Bird_Anuran_ARUs\IF06\SMM2-31_20260322_054600.wav
2271.0,2274.0,Setophaga pinus,Pine Warbler,0.4227,D:\Bird_Anuran_ARUs\IF06\SMM2-31_20260322_054600.wav
2283.0,2286.0,Setophaga pinus,Pine Warbler,0.3168,D:\Bird_Anuran_ARUs\IF06\SMM2-31_20260322_054600.wav
2292.0,2295.0,Pipilo erythrophthalmus,Eastern Towhee,0.5940,D:\Bird_Anuran_ARUs\IF06\SMM2-31_20260322_054600.wav
2304.0,2307.0,Pipilo erythrophthalmus,Eastern Towhee,0.6924,D:\Bird_Anuran_ARUs\IF06\SMM2-31_20260322_054600.wav
2304.0,2307.0,Hylocichla mustelina,Wood Thrush,0.4687,D:\Bird_Anuran_ARUs\IF06\SMM2-31_20260322_054600.wav
2304.0,2307.0,Cardinalis cardinalis,Northern Cardinal,0.2621,D:\Bird_Anuran_ARUs\IF06\SMM2-31_20260322_054600.wav
2337.0,2340.0,Setophaga pinus,Pine Warbler,0.4380,D:\Bird_Anuran_ARUs\IF06\SMM2-31_20260322_054600.wav
2352.0,2355.0,Setophaga pinus,Pine Warbler,0.2825,D:\Bird_Anuran_ARUs\IF06\SMM2-31_20260322_054600.wav
2364.0,2367.0,Setophaga pinus,Pine Warbler,0.2892,D:\Bird_Anuran_ARUs\IF06\SMM2-31_20260322_054600.wav
2403.0,2406.0,Sitta pusilla,Brown-headed Nuthatch,0.8300,D:\Bird_Anuran_ARUs\IF06\SMM2-31_20260322_054600.wav
2406.0,2409.0,Sitta pusilla,Brown-headed Nuthatch,0.6825,D:\Bird_Anuran_ARUs\IF06\SMM2-31_20260322_054600.wav
2409.0,2412.0,Empidonax virescens,Acadian Flycatcher,0.4248,D:\Bird_Anuran_ARUs\IF06\SMM2-31_20260322_054600.wav
2421.0,2424.0,Sitta pusilla,Brown-headed Nuthatch,0.5575,D:\Bird_Anuran_ARUs\IF06\SMM2-31_20260322_054600.wav
2421.0,2424.0,Empidonax virescens,Acadian Flycatcher,0.3421,D:\Bird_Anuran_ARUs\IF06\SMM2-31_20260322_054600.wav
2436.0,2439.0,Empidonax virescens,Acadian Flycatcher,0.2910,D:\Bird_Anuran_ARUs\IF06\SMM2-31_20260322_054600.wav
2442.0,2445.0,Setophaga pinus,Pine Warbler,0.5913,D:\Bird_Anuran_ARUs\IF06\SMM2-31_20260322_054600.wav
2451.0,2454.0,Sitta pusilla,Brown-headed Nuthatch,0.7950,D:\Bird_Anuran_ARUs\IF06\SMM2-31_20260322_054600.wav
2457.0,2460.0,Sitta pusilla,Brown-headed Nuthatch,0.8777,D:\Bird_Anuran_ARUs\IF06\SMM2-31_20260322_054600.wav
2457.0,2460.0,Empidonax virescens,Acadian Flycatcher,0.6114,D:\Bird_Anuran_ARUs\IF06\SMM2-31_20260322_054600.wav
2460.0,2463.0,Sitta pusilla,Brown-headed Nuthatch,0.6601,D:\Bird_Anuran_ARUs\IF06\SMM2-31_20260322_054600.wav
2466.0,2469.0,Sitta pusilla,Brown-headed Nuthatch,0.4239,D:\Bird_Anuran_ARUs\IF06\SMM2-31_20260322_054600.wav
2466.0,2469.0,Empidonax virescens,Acadian Flycatcher,0.3850,D:\Bird_Anuran_ARUs\IF06\SMM2-31_20260322_054600.wav
2472.0,2475.0,Sitta pusilla,Brown-headed Nuthatch,0.6673,D:\Bird_Anuran_ARUs\IF06\SMM2-31_20260322_054600.wav
2490.0,2493.0,Sitta pusilla,Brown-headed Nuthatch,0.9571,D:\Bird_Anuran_ARUs\IF06\SMM2-31_20260322_054600.wav
2502.0,2505.0,Sitta pusilla,Brown-headed Nuthatch,0.4875,D:\Bird_Anuran_ARUs\IF06\SMM2-31_20260322_054600.wav
2505.0,2508.0,Sitta pusilla,Brown-headed Nuthatch,0.7259,D:\Bird_Anuran_ARUs\IF06\SMM2-31_20260322_054600.wav
2508.0,2511.0,Dryocopus pileatus,Pileated Woodpecker,0.5392,D:\Bird_Anuran_ARUs\IF06\SMM2-31_20260322_054600.wav
2511.0,2514.0,Sitta pusilla,Brown-headed Nuthatch,0.9411,D:\Bird_Anuran_ARUs\IF06\SMM2-31_20260322_054600.wav
2514.0,2517.0,Sitta pusilla,Brown-headed Nuthatch,0.9966,D:\Bird_Anuran_ARUs\IF06\SMM2-31_20260322_054600.wav
2520.0,2523.0,Sitta pusilla,Brown-headed Nuthatch,0.9586,D:\Bird_Anuran_ARUs\IF06\SMM2-31_20260322_054600.wav
2523.0,2526.0,Sitta pusilla,Brown-headed Nuthatch,0.8464,D:\Bird_Anuran_ARUs\IF06\SMM2-31_20260322_054600.wav
2526.0,2529.0,Sitta pusilla,Brown-headed Nuthatch,0.8746,D:\Bird_Anuran_ARUs\IF06\SMM2-31_20260322_054600.wav
2532.0,2535.0,Pipilo erythrophthalmus,Eastern Towhee,0.5058,D:\Bird_Anuran_ARUs\IF06\SMM2-31_20260322_054600.wav
2535.0,2538.0,Sitta pusilla,Brown-headed Nuthatch,0.9526,D:\Bird_Anuran_ARUs\IF06\SMM2-31_20260322_054600.wav
2541.0,2544.0,Baeolophus bicolor,Tufted Titmouse,0.4128,D:\Bird_Anuran_ARUs\IF06\SMM2-31_20260322_054600.wav
2547.0,2550.0,Sitta pusilla,Brown-headed Nuthatch,0.5742,D:\Bird_Anuran_ARUs\IF06\SMM2-31_20260322_054600.wav
2550.0,2553.0,Sitta pusilla,Brown-headed Nuthatch,0.9675,D:\Bird_Anuran_ARUs\IF06\SMM2-31_20260322_054600.wav
2553.0,2556.0,Sitta pusilla,Brown-headed Nuthatch,0.8789,D:\Bird_Anuran_ARUs\IF06\SMM2-31_20260322_054600.wav
2556.0,2559.0,Sitta pusilla,Brown-headed Nuthatch,0.3391,D:\Bird_Anuran_ARUs\IF06\SMM2-31_20260322_054600.wav
2559.0,2562.0,Sitta pusilla,Brown-headed Nuthatch,0.3459,D:\Bird_Anuran_ARUs\IF06\SMM2-31_20260322_054600.wav
2565.0,2568.0,Sitta pusilla,Brown-headed Nuthatch,0.6604,D:\Bird_Anuran_ARUs\IF06\SMM2-31_20260322_054600.wav
2571.0,2574.0,Baeolophus bicolor,Tufted Titmouse,0.2846,D:\Bird_Anuran_ARUs\IF06\SMM2-31_20260322_054600.wav
2574.0,2577.0,Baeolophus bicolor,Tufted Titmouse,0.2821,D:\Bird_Anuran_ARUs\IF06\SMM2-31_20260322_054600.wav
2577.0,2580.0,Sitta pusilla,Brown-headed Nuthatch,0.9299,D:\Bird_Anuran_ARUs\IF06\SMM2-31_20260322_054600.wav
2580.0,2583.0,Baeolophus bicolor,Tufted Titmouse,0.6279,D:\Bird_Anuran_ARUs\IF06\SMM2-31_20260322_054600.wav
2583.0,2586.0,Setophaga pinus,Pine Warbler,0.4351,D:\Bird_Anuran_ARUs\IF06\SMM2-31_20260322_054600.wav
2583.0,2586.0,Baeolophus bicolor,Tufted Titmouse,0.3177,D:\Bird_Anuran_ARUs\IF06\SMM2-31_20260322_054600.wav
2586.0,2589.0,Sitta pusilla,Brown-headed Nuthatch,0.4945,D:\Bird_Anuran_ARUs\IF06\SMM2-31_20260322_054600.wav
2589.0,2592.0,Baeolophus bicolor,Tufted Titmouse,0.9186,D:\Bird_Anuran_ARUs\IF06\SMM2-31_20260322_054600.wav
2592.0,2595.0,Baeolophus bicolor,Tufted Titmouse,0.4768,D:\Bird_Anuran_ARUs\IF06\SMM2-31_20260322_054600.wav
2595.0,2598.0,Sitta pusilla,Brown-headed Nuthatch,0.9420,D:\Bird_Anuran_ARUs\IF06\SMM2-31_20260322_054600.wav
2598.0,2601.0,Sitta pusilla,Brown-headed Nuthatch,0.9946,D:\Bird_Anuran_ARUs\IF06\SMM2-31_20260322_054600.wav
2601.0,2604.0,Baeolophus bicolor,Tufted Titmouse,0.3366,D:\Bird_Anuran_ARUs\IF06\SMM2-31_20260322_054600.wav
2604.0,2607.0,Baeolophus bicolor,Tufted Titmouse,0.6471,D:\Bird_Anuran_ARUs\IF06\SMM2-31_20260322_054600.wav
2607.0,2610.0,Corvus brachyrhynchos,American Crow,0.8625,D:\Bird_Anuran_ARUs\IF06\SMM2-31_20260322_054600.wav
2607.0,2610.0,Poecile carolinensis,Carolina Chickadee,0.8564,D:\Bird_Anuran_ARUs\IF06\SMM2-31_20260322_054600.wav
2610.0,2613.0,Baeolophus bicolor,Tufted Titmouse,0.7754,D:\Bird_Anuran_ARUs\IF06\SMM2-31_20260322_054600.wav
2613.0,2616.0,Baeolophus bicolor,Tufted Titmouse,0.8713,D:\Bird_Anuran_ARUs\IF06\SMM2-31_20260322_054600.wav
2616.0,2619.0,Baeolophus bicolor,Tufted Titmouse,0.8983,D:\Bird_Anuran_ARUs\IF06\SMM2-31_20260322_054600.wav
2619.0,2622.0,Baeolophus bicolor,Tufted Titmouse,0.8284,D:\Bird_Anuran_ARUs\IF06\SMM2-31_20260322_054600.wav
2622.0,2625.0,Baeolophus bicolor,Tufted Titmouse,0.5354,D:\Bird_Anuran_ARUs\IF06\SMM2-31_20260322_054600.wav
2628.0,2631.0,Baeolophus bicolor,Tufted Titmouse,0.7326,D:\Bird_Anuran_ARUs\IF06\SMM2-31_20260322_054600.wav
2631.0,2634.0,Baeolophus bicolor,Tufted Titmouse,0.5372,D:\Bird_Anuran_ARUs\IF06\SMM2-31_20260322_054600.wav
2655.0,2658.0,Pipilo erythrophthalmus,Eastern Towhee,0.2573,D:\Bird_Anuran_ARUs\IF06\SMM2-31_20260322_054600.wav
2658.0,2661.0,Pipilo erythrophthalmus,Eastern Towhee,0.6090,D:\Bird_Anuran_ARUs\IF06\SMM2-31_20260322_054600.wav
2661.0,2664.0,Pipilo erythrophthalmus,Eastern Towhee,0.8202,D:\Bird_Anuran_ARUs\IF06\SMM2-31_20260322_054600.wav
2661.0,2664.0,Corvus brachyrhynchos,American Crow,0.8000,D:\Bird_Anuran_ARUs\IF06\SMM2-31_20260322_054600.wav
2664.0,2667.0,Pipilo erythrophthalmus,Eastern Towhee,0.4083,D:\Bird_Anuran_ARUs\IF06\SMM2-31_20260322_054600.wav
2667.0,2670.0,Pipilo erythrophthalmus,Eastern Towhee,0.5200,D:\Bird_Anuran_ARUs\IF06\SMM2-31_20260322_054600.wav
2670.0,2673.0,Pipilo erythrophthalmus,Eastern Towhee,0.5786,D:\Bird_Anuran_ARUs\IF06\SMM2-31_20260322_054600.wav
2670.0,2673.0,Corvus brachyrhynchos,American Crow,0.2782,D:\Bird_Anuran_ARUs\IF06\SMM2-31_20260322_054600.wav
2673.0,2676.0,Pipilo erythrophthalmus,Eastern Towhee,0.4260,D:\Bird_Anuran_ARUs\IF06\SMM2-31_20260322_054600.wav
2676.0,2679.0,Pipilo erythrophthalmus,Eastern Towhee,0.4834,D:\Bird_Anuran_ARUs\IF06\SMM2-31_20260322_054600.wav
2679.0,2682.0,Setophaga pinus,Pine Warbler,0.5195,D:\Bird_Anuran_ARUs\IF06\SMM2-31_20260322_054600.wav
2682.0,2685.0,Pipilo erythrophthalmus,Eastern Towhee,0.9168,D:\Bird_Anuran_ARUs\IF06\SMM2-31_20260322_054600.wav
2685.0,2688.0,Pipilo erythrophthalmus,Eastern Towhee,0.5600,D:\Bird_Anuran_ARUs\IF06\SMM2-31_20260322_054600.wav
2688.0,2691.0,Setophaga pinus,Pine Warbler,0.6972,D:\Bird_Anuran_ARUs\IF06\SMM2-31_20260322_054600.wav
2691.0,2694.0,Pipilo erythrophthalmus,Eastern Towhee,0.7258,D:\Bird_Anuran_ARUs\IF06\SMM2-31_20260322_054600.wav
2697.0,2700.0,Pipilo erythrophthalmus,Eastern Towhee,0.4041,D:\Bird_Anuran_ARUs\IF06\SMM2-31_20260322_054600.wav
2700.0,2703.0,Setophaga pinus,Pine Warbler,0.5561,D:\Bird_Anuran_ARUs\IF06\SMM2-31_20260322_054600.wav
2703.0,2706.0,Baeolophus bicolor,Tufted Titmouse,0.3534,D:\Bird_Anuran_ARUs\IF06\SMM2-31_20260322_054600.wav
2706.0,2709.0,Baeolophus bicolor,Tufted Titmouse,0.2748,D:\Bird_Anuran_ARUs\IF06\SMM2-31_20260322_054600.wav
2709.0,2712.0,Baeolophus bicolor,Tufted Titmouse,0.3170,D:\Bird_Anuran_ARUs\IF06\SMM2-31_20260322_054600.wav
2712.0,2715.0,Baeolophus bicolor,Tufted Titmouse,0.3663,D:\Bird_Anuran_ARUs\IF06\SMM2-31_20260322_054600.wav
2715.0,2718.0,Baeolophus bicolor,Tufted Titmouse,0.3536,D:\Bird_Anuran_ARUs\IF06\SMM2-31_20260322_054600.wav
2718.0,2721.0,Baeolophus bicolor,Tufted Titmouse,0.6394,D:\Bird_Anuran_ARUs\IF06\SMM2-31_20260322_054600.wav
2721.0,2724.0,Baeolophus bicolor,Tufted Titmouse,0.5163,D:\Bird_Anuran_ARUs\IF06\SMM2-31_20260322_054600.wav
2727.0,2730.0,Baeolophus bicolor,Tufted Titmouse,0.3245,D:\Bird_Anuran_ARUs\IF06\SMM2-31_20260322_054600.wav
2730.0,2733.0,Baeolophus bicolor,Tufted Titmouse,0.3101,D:\Bird_Anuran_ARUs\IF06\SMM2-31_20260322_054600.wav
2733.0,2736.0,Dryocopus pileatus,Pileated Woodpecker,0.2961,D:\Bird_Anuran_ARUs\IF06\SMM2-31_20260322_054600.wav
2745.0,2748.0,Pipilo erythrophthalmus,Eastern Towhee,0.2977,D:\Bird_Anuran_ARUs\IF06\SMM2-31_20260322_054600.wav
2751.0,2754.0,Pipilo erythrophthalmus,Eastern Towhee,0.3691,D:\Bird_Anuran_ARUs\IF06\SMM2-31_20260322_054600.wav
2754.0,2757.0,Baeolophus bicolor,Tufted Titmouse,0.7562,D:\Bird_Anuran_ARUs\IF06\SMM2-31_20260322_054600.wav
2757.0,2760.0,Baeolophus bicolor,Tufted Titmouse,0.4669,D:\Bird_Anuran_ARUs\IF06\SMM2-31_20260322_054600.wav
2763.0,2766.0,Baeolophus bicolor,Tufted Titmouse,0.8827,D:\Bird_Anuran_ARUs\IF06\SMM2-31_20260322_054600.wav
2766.0,2769.0,Baeolophus bicolor,Tufted Titmouse,0.5701,D:\Bird_Anuran_ARUs\IF06\SMM2-31_20260322_054600.wav
2775.0,2778.0,Pipilo erythrophthalmus,Eastern Towhee,0.2541,D:\Bird_Anuran_ARUs\IF06\SMM2-31_20260322_054600.wav
2778.0,2781.0,Baeolophus bicolor,Tufted Titmouse,0.5829,D:\Bird_Anuran_ARUs\IF06\SMM2-31_20260322_054600.wav
2781.0,2784.0,Baeolophus bicolor,Tufted Titmouse,0.6989,D:\Bird_Anuran_ARUs\IF06\SMM2-31_20260322_054600.wav
2790.0,2793.0,Baeolophus bicolor,Tufted Titmouse,0.6887,D:\Bird_Anuran_ARUs\IF06\SMM2-31_20260322_054600.wav
2793.0,2796.0,Baeolophus bicolor,Tufted Titmouse,0.5213,D:\Bird_Anuran_ARUs\IF06\SMM2-31_20260322_054600.wav
2796.0,2799.0,Setophaga dominica,Yellow-throated Warbler,0.3594,D:\Bird_Anuran_ARUs\IF06\SMM2-31_20260322_054600.wav
2796.0,2799.0,Baeolophus bicolor,Tufted Titmouse,0.2916,D:\Bird_Anuran_ARUs\IF06\SMM2-31_20260322_054600.wav
2799.0,2802.0,Baeolophus bicolor,Tufted Titmouse,0.7759,D:\Bird_Anuran_ARUs\IF06\SMM2-31_20260322_054600.wav
2802.0,2805.0,Baeolophus bicolor,Tufted Titmouse,0.8291,D:\Bird_Anuran_ARUs\IF06\SMM2-31_20260322_054600.wav
2805.0,2808.0,Baeolophus bicolor,Tufted Titmouse,0.6260,D:\Bird_Anuran_ARUs\IF06\SMM2-31_20260322_054600.wav
2808.0,2811.0,Baeolophus bicolor,Tufted Titmouse,0.7666,D:\Bird_Anuran_ARUs\IF06\SMM2-31_20260322_054600.wav
2811.0,2814.0,Baeolophus bicolor,Tufted Titmouse,0.6596,D:\Bird_Anuran_ARUs\IF06\SMM2-31_20260322_054600.wav
2814.0,2817.0,Baeolophus bicolor,Tufted Titmouse,0.7387,D:\Bird_Anuran_ARUs\IF06\SMM2-31_20260322_054600.wav
2817.0,2820.0,Baeolophus bicolor,Tufted Titmouse,0.4337,D:\Bird_Anuran_ARUs\IF06\SMM2-31_20260322_054600.wav
2817.0,2820.0,Corvus brachyrhynchos,American Crow,0.2804,D:\Bird_Anuran_ARUs\IF06\SMM2-31_20260322_054600.wav
2820.0,2823.0,Baeolophus bicolor,Tufted Titmouse,0.4001,D:\Bird_Anuran_ARUs\IF06\SMM2-31_20260322_054600.wav
2823.0,2826.0,Baeolophus bicolor,Tufted Titmouse,0.4778,D:\Bird_Anuran_ARUs\IF06\SMM2-31_20260322_054600.wav
2826.0,2829.0,Setophaga pinus,Pine Warbler,0.5854,D:\Bird_Anuran_ARUs\IF06\SMM2-31_20260322_054600.wav
2829.0,2832.0,Baeolophus bicolor,Tufted Titmouse,0.7130,D:\Bird_Anuran_ARUs\IF06\SMM2-31_20260322_054600.wav
2832.0,2835.0,Baeolophus bicolor,Tufted Titmouse,0.5067,D:\Bird_Anuran_ARUs\IF06\SMM2-31_20260322_054600.wav
2835.0,2838.0,Baeolophus bicolor,Tufted Titmouse,0.5656,D:\Bird_Anuran_ARUs\IF06\SMM2-31_20260322_054600.wav
2838.0,2841.0,Baeolophus bicolor,Tufted Titmouse,0.7907,D:\Bird_Anuran_ARUs\IF06\SMM2-31_20260322_054600.wav
2844.0,2847.0,Setophaga pinus,Pine Warbler,0.4534,D:\Bird_Anuran_ARUs\IF06\SMM2-31_20260322_054600.wav
2850.0,2853.0,Baeolophus bicolor,Tufted Titmouse,0.3387,D:\Bird_Anuran_ARUs\IF06\SMM2-31_20260322_054600.wav
2853.0,2856.0,Baeolophus bicolor,Tufted Titmouse,0.6523,D:\Bird_Anuran_ARUs\IF06\SMM2-31_20260322_054600.wav
2856.0,2859.0,Baeolophus bicolor,Tufted Titmouse,0.2675,D:\Bird_Anuran_ARUs\IF06\SMM2-31_20260322_054600.wav
2859.0,2862.0,Baeolophus bicolor,Tufted Titmouse,0.6803,D:\Bird_Anuran_ARUs\IF06\SMM2-31_20260322_054600.wav
2865.0,2868.0,Baeolophus bicolor,Tufted Titmouse,0.3343,D:\Bird_Anuran_ARUs\IF06\SMM2-31_20260322_054600.wav
2871.0,2874.0,Baeolophus bicolor,Tufted Titmouse,0.4246,D:\Bird_Anuran_ARUs\IF06\SMM2-31_20260322_054600.wav
2874.0,2877.0,Baeolophus bicolor,Tufted Titmouse,0.2885,D:\Bird_Anuran_ARUs\IF06\SMM2-31_20260322_054600.wav
2877.0,2880.0,Baeolophus bicolor,Tufted Titmouse,0.7963,D:\Bird_Anuran_ARUs\IF06\SMM2-31_20260322_054600.wav
2880.0,2883.0,Baeolophus bicolor,Tufted Titmouse,0.2802,D:\Bird_Anuran_ARUs\IF06\SMM2-31_20260322_054600.wav
2883.0,2886.0,Baeolophus bicolor,Tufted Titmouse,0.6866,D:\Bird_Anuran_ARUs\IF06\SMM2-31_20260322_054600.wav
2886.0,2889.0,Baeolophus bicolor,Tufted Titmouse,0.5628,D:\Bird_Anuran_ARUs\IF06\SMM2-31_20260322_054600.wav
2889.0,2892.0,Baeolophus bicolor,Tufted Titmouse,0.8152,D:\Bird_Anuran_ARUs\IF06\SMM2-31_20260322_054600.wav
2892.0,2895.0,Baeolophus bicolor,Tufted Titmouse,0.3403,D:\Bird_Anuran_ARUs\IF06\SMM2-31_20260322_054600.wav
2895.0,2898.0,Baeolophus bicolor,Tufted Titmouse,0.3827,D:\Bird_Anuran_ARUs\IF06\SMM2-31_20260322_054600.wav
2898.0,2901.0,Baeolophus bicolor,Tufted Titmouse,0.7091,D:\Bird_Anuran_ARUs\IF06\SMM2-31_20260322_054600.wav
2904.0,2907.0,Baeolophus bicolor,Tufted Titmouse,0.4518,D:\Bird_Anuran_ARUs\IF06\SMM2-31_20260322_054600.wav
2907.0,2910.0,Baeolophus bicolor,Tufted Titmouse,0.4847,D:\Bird_Anuran_ARUs\IF06\SMM2-31_20260322_054600.wav
2910.0,2913.0,Baeolophus bicolor,Tufted Titmouse,0.2503,D:\Bird_Anuran_ARUs\IF06\SMM2-31_20260322_054600.wav
2913.0,2916.0,Baeolophus bicolor,Tufted Titmouse,0.4436,D:\Bird_Anuran_ARUs\IF06\SMM2-31_20260322_054600.wav
2916.0,2919.0,Baeolophus bicolor,Tufted Titmouse,0.7525,D:\Bird_Anuran_ARUs\IF06\SMM2-31_20260322_054600.wav
2922.0,2925.0,Baeolophus bicolor,Tufted Titmouse,0.4306,D:\Bird_Anuran_ARUs\IF06\SMM2-31_20260322_054600.wav
2925.0,2928.0,Baeolophus bicolor,Tufted Titmouse,0.2866,D:\Bird_Anuran_ARUs\IF06\SMM2-31_20260322_054600.wav
2928.0,2931.0,Baeolophus bicolor,Tufted Titmouse,0.3218,D:\Bird_Anuran_ARUs\IF06\SMM2-31_20260322_054600.wav
2931.0,2934.0,Baeolophus bicolor,Tufted Titmouse,0.3768,D:\Bird_Anuran_ARUs\IF06\SMM2-31_20260322_054600.wav
2934.0,2937.0,Baeolophus bicolor,Tufted Titmouse,0.4733,D:\Bird_Anuran_ARUs\IF06\SMM2-31_20260322_054600.wav
2940.0,2943.0,Baeolophus bicolor,Tufted Titmouse,0.3542,D:\Bird_Anuran_ARUs\IF06\SMM2-31_20260322_054600.wav
2949.0,2952.0,Baeolophus bicolor,Tufted Titmouse,0.4910,D:\Bird_Anuran_ARUs\IF06\SMM2-31_20260322_054600.wav
2955.0,2958.0,Baeolophus bicolor,Tufted Titmouse,0.8081,D:\Bird_Anuran_ARUs\IF06\SMM2-31_20260322_054600.wav
2961.0,2964.0,Baeolophus bicolor,Tufted Titmouse,0.2517,D:\Bird_Anuran_ARUs\IF06\SMM2-31_20260322_054600.wav
2985.0,2988.0,Setophaga pinus,Pine Warbler,0.4728,D:\Bird_Anuran_ARUs\IF06\SMM2-31_20260322_054600.wav
3003.0,3006.0,Baeolophus bicolor,Tufted Titmouse,0.2835,D:\Bird_Anuran_ARUs\IF06\SMM2-31_20260322_054600.wav
3009.0,3012.0,Baeolophus bicolor,Tufted Titmouse,0.3711,D:\Bird_Anuran_ARUs\IF06\SMM2-31_20260322_054600.wav
3015.0,3018.0,Setophaga pinus,Pine Warbler,0.3732,D:\Bird_Anuran_ARUs\IF06\SMM2-31_20260322_054600.wav
3018.0,3021.0,Baeolophus bicolor,Tufted Titmouse,0.3527,D:\Bird_Anuran_ARUs\IF06\SMM2-31_20260322_054600.wav
3024.0,3027.0,Setophaga pinus,Pine Warbler,0.3796,D:\Bird_Anuran_ARUs\IF06\SMM2-31_20260322_054600.wav
3027.0,3030.0,Setophaga pinus,Pine Warbler,0.4490,D:\Bird_Anuran_ARUs\IF06\SMM2-31_20260322_054600.wav
3027.0,3030.0,Pipilo erythrophthalmus,Eastern Towhee,0.2781,D:\Bird_Anuran_ARUs\IF06\SMM2-31_20260322_054600.wav
3045.0,3048.0,Baeolophus bicolor,Tufted Titmouse,0.4636,D:\Bird_Anuran_ARUs\IF06\SMM2-31_20260322_054600.wav
3051.0,3054.0,Baeolophus bicolor,Tufted Titmouse,0.3794,D:\Bird_Anuran_ARUs\IF06\SMM2-31_20260322_054600.wav
3054.0,3057.0,Baeolophus bicolor,Tufted Titmouse,0.3919,D:\Bird_Anuran_ARUs\IF06\SMM2-31_20260322_054600.wav
3057.0,3060.0,Poecile carolinensis,Carolina Chickadee,0.7448,D:\Bird_Anuran_ARUs\IF06\SMM2-31_20260322_054600.wav
3060.0,3063.0,Poecile carolinensis,Carolina Chickadee,0.7104,D:\Bird_Anuran_ARUs\IF06\SMM2-31_20260322_054600.wav
3063.0,3066.0,Poecile carolinensis,Carolina Chickadee,0.3397,D:\Bird_Anuran_ARUs\IF06\SMM2-31_20260322_054600.wav
3066.0,3069.0,Poecile carolinensis,Carolina Chickadee,0.6305,D:\Bird_Anuran_ARUs\IF06\SMM2-31_20260322_054600.wav
3069.0,3072.0,Poecile carolinensis,Carolina Chickadee,0.5704,D:\Bird_Anuran_ARUs\IF06\SMM2-31_20260322_054600.wav
3072.0,3075.0,Poecile carolinensis,Carolina Chickadee,0.7905,D:\Bird_Anuran_ARUs\IF06\SMM2-31_20260322_054600.wav
3075.0,3078.0,Poecile carolinensis,Carolina Chickadee,0.9040,D:\Bird_Anuran_ARUs\IF06\SMM2-31_20260322_054600.wav
3078.0,3081.0,Poecile carolinensis,Carolina Chickadee,0.2514,D:\Bird_Anuran_ARUs\IF06\SMM2-31_20260322_054600.wav
3081.0,3084.0,Poecile carolinensis,Carolina Chickadee,0.7206,D:\Bird_Anuran_ARUs\IF06\SMM2-31_20260322_054600.wav
3087.0,3090.0,Poecile carolinensis,Carolina Chickadee,0.3120,D:\Bird_Anuran_ARUs\IF06\SMM2-31_20260322_054600.wav
3090.0,3093.0,Poecile carolinensis,Carolina Chickadee,0.7397,D:\Bird_Anuran_ARUs\IF06\SMM2-31_20260322_054600.wav
3093.0,3096.0,Poecile carolinensis,Carolina Chickadee,0.2868,D:\Bird_Anuran_ARUs\IF06\SMM2-31_20260322_054600.wav
3096.0,3099.0,Poecile carolinensis,Carolina Chickadee,0.6462,D:\Bird_Anuran_ARUs\IF06\SMM2-31_20260322_054600.wav
3099.0,3102.0,Poecile carolinensis,Carolina Chickadee,0.4124,D:\Bird_Anuran_ARUs\IF06\SMM2-31_20260322_054600.wav
3102.0,3105.0,Poecile carolinensis,Carolina Chickadee,0.3718,D:\Bird_Anuran_ARUs\IF06\SMM2-31_20260322_054600.wav
3105.0,3108.0,Poecile carolinensis,Carolina Chickadee,0.8408,D:\Bird_Anuran_ARUs\IF06\SMM2-31_20260322_054600.wav
3114.0,3117.0,Poecile carolinensis,Carolina Chickadee,0.8010,D:\Bird_Anuran_ARUs\IF06\SMM2-31_20260322_054600.wav
3117.0,3120.0,Setophaga pinus,Pine Warbler,0.2946,D:\Bird_Anuran_ARUs\IF06\SMM2-31_20260322_054600.wav
3120.0,3123.0,Poecile carolinensis,Carolina Chickadee,0.4986,D:\Bird_Anuran_ARUs\IF06\SMM2-31_20260322_054600.wav
3123.0,3126.0,Poecile carolinensis,Carolina Chickadee,0.3522,D:\Bird_Anuran_ARUs\IF06\SMM2-31_20260322_054600.wav
3126.0,3129.0,Poecile carolinensis,Carolina Chickadee,0.9104,D:\Bird_Anuran_ARUs\IF06\SMM2-31_20260322_054600.wav
3129.0,3132.0,Poecile carolinensis,Carolina Chickadee,0.8849,D:\Bird_Anuran_ARUs\IF06\SMM2-31_20260322_054600.wav
3132.0,3135.0,Baeolophus bicolor,Tufted Titmouse,0.6639,D:\Bird_Anuran_ARUs\IF06\SMM2-31_20260322_054600.wav
3135.0,3138.0,Poecile carolinensis,Carolina Chickadee,0.3070,D:\Bird_Anuran_ARUs\IF06\SMM2-31_20260322_054600.wav
3138.0,3141.0,Baeolophus bicolor,Tufted Titmouse,0.4215,D:\Bird_Anuran_ARUs\IF06\SMM2-31_20260322_054600.wav
3138.0,3141.0,Poecile carolinensis,Carolina Chickadee,0.3085,D:\Bird_Anuran_ARUs\IF06\SMM2-31_20260322_054600.wav
3141.0,3144.0,Baeolophus bicolor,Tufted Titmouse,0.8140,D:\Bird_Anuran_ARUs\IF06\SMM2-31_20260322_054600.wav
3144.0,3147.0,Baeolophus bicolor,Tufted Titmouse,0.9261,D:\Bird_Anuran_ARUs\IF06\SMM2-31_20260322_054600.wav
3147.0,3150.0,Baeolophus bicolor,Tufted Titmouse,0.9768,D:\Bird_Anuran_ARUs\IF06\SMM2-31_20260322_054600.wav
3153.0,3156.0,Baeolophus bicolor,Tufted Titmouse,0.9668,D:\Bird_Anuran_ARUs\IF06\SMM2-31_20260322_054600.wav
3156.0,3159.0,Baeolophus bicolor,Tufted Titmouse,0.9258,D:\Bird_Anuran_ARUs\IF06\SMM2-31_20260322_054600.wav
3162.0,3165.0,Poecile carolinensis,Carolina Chickadee,0.2735,D:\Bird_Anuran_ARUs\IF06\SMM2-31_20260322_054600.wav
3165.0,3168.0,Poecile carolinensis,Carolina Chickadee,0.2850,D:\Bird_Anuran_ARUs\IF06\SMM2-31_20260322_054600.wav
3168.0,3171.0,Poecile carolinensis,Carolina Chickadee,0.3586,D:\Bird_Anuran_ARUs\IF06\SMM2-31_20260322_054600.wav
3171.0,3174.0,Poecile carolinensis,Carolina Chickadee,0.5001,D:\Bird_Anuran_ARUs\IF06\SMM2-31_20260322_054600.wav
3174.0,3177.0,Poecile carolinensis,Carolina Chickadee,0.4034,D:\Bird_Anuran_ARUs\IF06\SMM2-31_20260322_054600.wav
3177.0,3180.0,Baeolophus bicolor,Tufted Titmouse,0.4248,D:\Bird_Anuran_ARUs\IF06\SMM2-31_20260322_054600.wav
3180.0,3183.0,Baeolophus bicolor,Tufted Titmouse,0.3928,D:\Bird_Anuran_ARUs\IF06\SMM2-31_20260322_054600.wav
3180.0,3183.0,Poecile carolinensis,Carolina Chickadee,0.2896,D:\Bird_Anuran_ARUs\IF06\SMM2-31_20260322_054600.wav
3183.0,3186.0,Poecile carolinensis,Carolina Chickadee,0.4412,D:\Bird_Anuran_ARUs\IF06\SMM2-31_20260322_054600.wav
3183.0,3186.0,Baeolophus bicolor,Tufted Titmouse,0.2732,D:\Bird_Anuran_ARUs\IF06\SMM2-31_20260322_054600.wav
3186.0,3189.0,Poecile carolinensis,Carolina Chickadee,0.5567,D:\Bird_Anuran_ARUs\IF06\SMM2-31_20260322_054600.wav
3186.0,3189.0,Baeolophus bicolor,Tufted Titmouse,0.2528,D:\Bird_Anuran_ARUs\IF06\SMM2-31_20260322_054600.wav
3189.0,3192.0,Poecile carolinensis,Carolina Chickadee,0.6342,D:\Bird_Anuran_ARUs\IF06\SMM2-31_20260322_054600.wav
3192.0,3195.0,Poecile carolinensis,Carolina Chickadee,0.8023,D:\Bird_Anuran_ARUs\IF06\SMM2-31_20260322_054600.wav
3195.0,3198.0,Poecile carolinensis,Carolina Chickadee,0.5841,D:\Bird_Anuran_ARUs\IF06\SMM2-31_20260322_054600.wav
3195.0,3198.0,Baeolophus bicolor,Tufted Titmouse,0.5187,D:\Bird_Anuran_ARUs\IF06\SMM2-31_20260322_054600.wav
3198.0,3201.0,Poecile carolinensis,Carolina Chickadee,0.8898,D:\Bird_Anuran_ARUs\IF06\SMM2-31_20260322_054600.wav
3198.0,3201.0,Baeolophus bicolor,Tufted Titmouse,0.3090,D:\Bird_Anuran_ARUs\IF06\SMM2-31_20260322_054600.wav
3201.0,3204.0,Poecile carolinensis,Carolina Chickadee,0.6342,D:\Bird_Anuran_ARUs\IF06\SMM2-31_20260322_054600.wav
3207.0,3210.0,Poecile carolinensis,Carolina Chickadee,0.5300,D:\Bird_Anuran_ARUs\IF06\SMM2-31_20260322_054600.wav
3210.0,3213.0,Poecile carolinensis,Carolina Chickadee,0.2915,D:\Bird_Anuran_ARUs\IF06\SMM2-31_20260322_054600.wav
3210.0,3213.0,Baeolophus bicolor,Tufted Titmouse,0.2595,D:\Bird_Anuran_ARUs\IF06\SMM2-31_20260322_054600.wav
3213.0,3216.0,Poecile carolinensis,Carolina Chickadee,0.6215,D:\Bird_Anuran_ARUs\IF06\SMM2-31_20260322_054600.wav
3216.0,3219.0,Poecile carolinensis,Carolina Chickadee,0.6058,D:\Bird_Anuran_ARUs\IF06\SMM2-31_20260322_054600.wav
3219.0,3222.0,Poecile carolinensis,Carolina Chickadee,0.5880,D:\Bird_Anuran_ARUs\IF06\SMM2-31_20260322_054600.wav
3222.0,3225.0,Poecile carolinensis,Carolina Chickadee,0.5439,D:\Bird_Anuran_ARUs\IF06\SMM2-31_20260322_054600.wav
3225.0,3228.0,Poecile carolinensis,Carolina Chickadee,0.6918,D:\Bird_Anuran_ARUs\IF06\SMM2-31_20260322_054600.wav
3228.0,3231.0,Poecile carolinensis,Carolina Chickadee,0.4061,D:\Bird_Anuran_ARUs\IF06\SMM2-31_20260322_054600.wav
3234.0,3237.0,Poecile carolinensis,Carolina Chickadee,0.6193,D:\Bird_Anuran_ARUs\IF06\SMM2-31_20260322_054600.wav
3237.0,3240.0,Poecile carolinensis,Carolina Chickadee,0.7339,D:\Bird_Anuran_ARUs\IF06\SMM2-31_20260322_054600.wav
3240.0,3243.0,Poecile carolinensis,Carolina Chickadee,0.8386,D:\Bird_Anuran_ARUs\IF06\SMM2-31_20260322_054600.wav
3243.0,3246.0,Poecile carolinensis,Carolina Chickadee,0.9666,D:\Bird_Anuran_ARUs\IF06\SMM2-31_20260322_054600.wav
3246.0,3249.0,Poecile carolinensis,Carolina Chickadee,0.4344,D:\Bird_Anuran_ARUs\IF06\SMM2-31_20260322_054600.wav
3249.0,3252.0,Poecile carolinensis,Carolina Chickadee,0.9424,D:\Bird_Anuran_ARUs\IF06\SMM2-31_20260322_054600.wav
3252.0,3255.0,Poecile carolinensis,Carolina Chickadee,0.7659,D:\Bird_Anuran_ARUs\IF06\SMM2-31_20260322_054600.wav
3255.0,3258.0,Poecile carolinensis,Carolina Chickadee,0.8313,D:\Bird_Anuran_ARUs\IF06\SMM2-31_20260322_054600.wav
3258.0,3261.0,Poecile carolinensis,Carolina Chickadee,0.8619,D:\Bird_Anuran_ARUs\IF06\SMM2-31_20260322_054600.wav
3261.0,3264.0,Poecile carolinensis,Carolina Chickadee,0.8329,D:\Bird_Anuran_ARUs\IF06\SMM2-31_20260322_054600.wav
3264.0,3267.0,Poecile carolinensis,Carolina Chickadee,0.7317,D:\Bird_Anuran_ARUs\IF06\SMM2-31_20260322_054600.wav
3270.0,3273.0,Poecile carolinensis,Carolina Chickadee,0.8226,D:\Bird_Anuran_ARUs\IF06\SMM2-31_20260322_054600.wav
3273.0,3276.0,Poecile carolinensis,Carolina Chickadee,0.6357,D:\Bird_Anuran_ARUs\IF06\SMM2-31_20260322_054600.wav
3276.0,3279.0,Poecile carolinensis,Carolina Chickadee,0.7460,D:\Bird_Anuran_ARUs\IF06\SMM2-31_20260322_054600.wav
3279.0,3282.0,Poecile carolinensis,Carolina Chickadee,0.6837,D:\Bird_Anuran_ARUs\IF06\SMM2-31_20260322_054600.wav
3282.0,3285.0,Poecile carolinensis,Carolina Chickadee,0.7657,D:\Bird_Anuran_ARUs\IF06\SMM2-31_20260322_054600.wav
3285.0,3288.0,Poecile carolinensis,Carolina Chickadee,0.8253,D:\Bird_Anuran_ARUs\IF06\SMM2-31_20260322_054600.wav
3288.0,3291.0,Poecile carolinensis,Carolina Chickadee,0.9413,D:\Bird_Anuran_ARUs\IF06\SMM2-31_20260322_054600.wav
3291.0,3294.0,Poecile carolinensis,Carolina Chickadee,0.9109,D:\Bird_Anuran_ARUs\IF06\SMM2-31_20260322_054600.wav
3294.0,3297.0,Poecile carolinensis,Carolina Chickadee,0.7548,D:\Bird_Anuran_ARUs\IF06\SMM2-31_20260322_054600.wav
3297.0,3300.0,Poecile carolinensis,Carolina Chickadee,0.8068,D:\Bird_Anuran_ARUs\IF06\SMM2-31_20260322_054600.wav
3300.0,3303.0,Baeolophus bicolor,Tufted Titmouse,0.9118,D:\Bird_Anuran_ARUs\IF06\SMM2-31_20260322_054600.wav
3303.0,3306.0,Poecile carolinensis,Carolina Chickadee,0.9845,D:\Bird_Anuran_ARUs\IF06\SMM2-31_20260322_054600.wav
3306.0,3309.0,Poecile carolinensis,Carolina Chickadee,0.7424,D:\Bird_Anuran_ARUs\IF06\SMM2-31_20260322_054600.wav
3309.0,3312.0,Poecile carolinensis,Carolina Chickadee,0.9663,D:\Bird_Anuran_ARUs\IF06\SMM2-31_20260322_054600.wav
3312.0,3315.0,Poecile carolinensis,Carolina Chickadee,0.5244,D:\Bird_Anuran_ARUs\IF06\SMM2-31_20260322_054600.wav
3312.0,3315.0,Baeolophus bicolor,Tufted Titmouse,0.2513,D:\Bird_Anuran_ARUs\IF06\SMM2-31_20260322_054600.wav
3315.0,3318.0,Poecile carolinensis,Carolina Chickadee,0.7699,D:\Bird_Anuran_ARUs\IF06\SMM2-31_20260322_054600.wav
3318.0,3321.0,Poecile carolinensis,Carolina Chickadee,0.6686,D:\Bird_Anuran_ARUs\IF06\SMM2-31_20260322_054600.wav
3321.0,3324.0,Baeolophus bicolor,Tufted Titmouse,0.9273,D:\Bird_Anuran_ARUs\IF06\SMM2-31_20260322_054600.wav
3324.0,3327.0,Poecile carolinensis,Carolina Chickadee,0.8591,D:\Bird_Anuran_ARUs\IF06\SMM2-31_20260322_054600.wav
3327.0,3330.0,Poecile carolinensis,Carolina Chickadee,0.5392,D:\Bird_Anuran_ARUs\IF06\SMM2-31_20260322_054600.wav
3327.0,3330.0,Baeolophus bicolor,Tufted Titmouse,0.4042,D:\Bird_Anuran_ARUs\IF06\SMM2-31_20260322_054600.wav
3330.0,3333.0,Poecile carolinensis,Carolina Chickadee,0.9264,D:\Bird_Anuran_ARUs\IF06\SMM2-31_20260322_054600.wav
3333.0,3336.0,Baeolophus bicolor,Tufted Titmouse,0.6732,D:\Bird_Anuran_ARUs\IF06\SMM2-31_20260322_054600.wav
3336.0,3339.0,Poecile carolinensis,Carolina Chickadee,0.5879,D:\Bird_Anuran_ARUs\IF06\SMM2-31_20260322_054600.wav
3339.0,3342.0,Poecile carolinensis,Carolina Chickadee,0.9049,D:\Bird_Anuran_ARUs\IF06\SMM2-31_20260322_054600.wav
3339.0,3342.0,Baeolophus bicolor,Tufted Titmouse,0.3515,D:\Bird_Anuran_ARUs\IF06\SMM2-31_20260322_054600.wav
3345.0,3348.0,Poecile carolinensis,Carolina Chickadee,0.9124,D:\Bird_Anuran_ARUs\IF06\SMM2-31_20260322_054600.wav
3348.0,3351.0,Baeolophus bicolor,Tufted Titmouse,0.6234,D:\Bird_Anuran_ARUs\IF06\SMM2-31_20260322_054600.wav
3351.0,3354.0,Baeolophus bicolor,Tufted Titmouse,0.6783,D:\Bird_Anuran_ARUs\IF06\SMM2-31_20260322_054600.wav
3354.0,3357.0,Poecile carolinensis,Carolina Chickadee,0.8763,D:\Bird_Anuran_ARUs\IF06\SMM2-31_20260322_054600.wav
3357.0,3360.0,Poecile carolinensis,Carolina Chickadee,0.3278,D:\Bird_Anuran_ARUs\IF06\SMM2-31_20260322_054600.wav
3360.0,3363.0,Poecile carolinensis,Carolina Chickadee,0.7254,D:\Bird_Anuran_ARUs\IF06\SMM2-31_20260322_054600.wav
3363.0,3366.0,Poecile carolinensis,Carolina Chickadee,0.6650,D:\Bird_Anuran_ARUs\IF06\SMM2-31_20260322_054600.wav
3366.0,3369.0,Poecile carolinensis,Carolina Chickadee,0.6339,D:\Bird_Anuran_ARUs\IF06\SMM2-31_20260322_054600.wav
3369.0,3372.0,Poecile carolinensis,Carolina Chickadee,0.2630,D:\Bird_Anuran_ARUs\IF06\SMM2-31_20260322_054600.wav
3372.0,3375.0,Poecile carolinensis,Carolina Chickadee,0.8711,D:\Bird_Anuran_ARUs\IF06\SMM2-31_20260322_054600.wav
3378.0,3381.0,Poecile carolinensis,Carolina Chickadee,0.4611,D:\Bird_Anuran_ARUs\IF06\SMM2-31_20260322_054600.wav
3381.0,3384.0,Poecile carolinensis,Carolina Chickadee,0.2883,D:\Bird_Anuran_ARUs\IF06\SMM2-31_20260322_054600.wav
3390.0,3393.0,Poecile carolinensis,Carolina Chickadee,0.3889,D:\Bird_Anuran_ARUs\IF06\SMM2-31_20260322_054600.wav
3396.0,3399.0,Baeolophus bicolor,Tufted Titmouse,0.4170,D:\Bird_Anuran_ARUs\IF06\SMM2-31_20260322_054600.wav
3405.0,3408.0,Poecile carolinensis,Carolina Chickadee,0.4446,D:\Bird_Anuran_ARUs\IF06\SMM2-31_20260322_054600.wav
3408.0,3411.0,Setophaga pinus,Pine Warbler,0.6659,D:\Bird_Anuran_ARUs\IF06\SMM2-31_20260322_054600.wav
3417.0,3420.0,Baeolophus bicolor,Tufted Titmouse,0.3033,D:\Bird_Anuran_ARUs\IF06\SMM2-31_20260322_054600.wav
3420.0,3423.0,Baeolophus bicolor,Tufted Titmouse,0.7333,D:\Bird_Anuran_ARUs\IF06\SMM2-31_20260322_054600.wav
3423.0,3426.0,Baeolophus bicolor,Tufted Titmouse,0.5301,D:\Bird_Anuran_ARUs\IF06\SMM2-31_20260322_054600.wav
3426.0,3429.0,Baeolophus bicolor,Tufted Titmouse,0.5002,D:\Bird_Anuran_ARUs\IF06\SMM2-31_20260322_054600.wav
3429.0,3432.0,Baeolophus bicolor,Tufted Titmouse,0.8268,D:\Bird_Anuran_ARUs\IF06\SMM2-31_20260322_054600.wav
3432.0,3435.0,Baeolophus bicolor,Tufted Titmouse,0.5079,D:\Bird_Anuran_ARUs\IF06\SMM2-31_20260322_054600.wav
3435.0,3438.0,Setophaga pinus,Pine Warbler,0.7600,D:\Bird_Anuran_ARUs\IF06\SMM2-31_20260322_054600.wav
3438.0,3441.0,Baeolophus bicolor,Tufted Titmouse,0.5791,D:\Bird_Anuran_ARUs\IF06\SMM2-31_20260322_054600.wav
3441.0,3444.0,Baeolophus bicolor,Tufted Titmouse,0.7370,D:\Bird_Anuran_ARUs\IF06\SMM2-31_20260322_054600.wav
3444.0,3447.0,Melanerpes erythrocephalus,Red-headed Woodpecker,0.2966,D:\Bird_Anuran_ARUs\IF06\SMM2-31_20260322_054600.wav
3447.0,3450.0,Baeolophus bicolor,Tufted Titmouse,0.5847,D:\Bird_Anuran_ARUs\IF06\SMM2-31_20260322_054600.wav
3453.0,3456.0,Baeolophus bicolor,Tufted Titmouse,0.5095,D:\Bird_Anuran_ARUs\IF06\SMM2-31_20260322_054600.wav
3456.0,3459.0,Setophaga pinus,Pine Warbler,0.6660,D:\Bird_Anuran_ARUs\IF06\SMM2-31_20260322_054600.wav
3459.0,3462.0,Baeolophus bicolor,Tufted Titmouse,0.4949,D:\Bird_Anuran_ARUs\IF06\SMM2-31_20260322_054600.wav
3462.0,3465.0,Pipilo erythrophthalmus,Eastern Towhee,0.3057,D:\Bird_Anuran_ARUs\IF06\SMM2-31_20260322_054600.wav
3465.0,3468.0,Baeolophus bicolor,Tufted Titmouse,0.3910,D:\Bird_Anuran_ARUs\IF06\SMM2-31_20260322_054600.wav
3474.0,3477.0,Molothrus ater,Brown-headed Cowbird,0.8371,D:\Bird_Anuran_ARUs\IF06\SMM2-31_20260322_054600.wav
3477.0,3480.0,Baeolophus bicolor,Tufted Titmouse,0.6083,D:\Bird_Anuran_ARUs\IF06\SMM2-31_20260322_054600.wav
3483.0,3486.0,Baeolophus bicolor,Tufted Titmouse,0.5443,D:\Bird_Anuran_ARUs\IF06\SMM2-31_20260322_054600.wav
3486.0,3489.0,Baeolophus bicolor,Tufted Titmouse,0.8391,D:\Bird_Anuran_ARUs\IF06\SMM2-31_20260322_054600.wav
3489.0,3492.0,Baeolophus bicolor,Tufted Titmouse,0.4311,D:\Bird_Anuran_ARUs\IF06\SMM2-31_20260322_054600.wav
3492.0,3495.0,Baeolophus bicolor,Tufted Titmouse,0.8110,D:\Bird_Anuran_ARUs\IF06\SMM2-31_20260322_054600.wav
3495.0,3498.0,Baeolophus bicolor,Tufted Titmouse,0.6997,D:\Bird_Anuran_ARUs\IF06\SMM2-31_20260322_054600.wav
3498.0,3501.0,Baeolophus bicolor,Tufted Titmouse,0.8135,D:\Bird_Anuran_ARUs\IF06\SMM2-31_20260322_054600.wav
3501.0,3504.0,Baeolophus bicolor,Tufted Titmouse,0.4825,D:\Bird_Anuran_ARUs\IF06\SMM2-31_20260322_054600.wav
3504.0,3507.0,Baeolophus bicolor,Tufted Titmouse,0.5651,D:\Bird_Anuran_ARUs\IF06\SMM2-31_20260322_054600.wav
3507.0,3510.0,Baeolophus bicolor,Tufted Titmouse,0.8128,D:\Bird_Anuran_ARUs\IF06\SMM2-31_20260322_054600.wav
3510.0,3513.0,Baeolophus bicolor,Tufted Titmouse,0.7588,D:\Bird_Anuran_ARUs\IF06\SMM2-31_20260322_054600.wav
3513.0,3516.0,Pipilo erythrophthalmus,Eastern Towhee,0.6234,D:\Bird_Anuran_ARUs\IF06\SMM2-31_20260322_054600.wav
3513.0,3516.0,Baeolophus bicolor,Tufted Titmouse,0.5475,D:\Bird_Anuran_ARUs\IF06\SMM2-31_20260322_054600.wav
3519.0,3522.0,Pipilo erythrophthalmus,Eastern Towhee,0.7654,D:\Bird_Anuran_ARUs\IF06\SMM2-31_20260322_054600.wav
3525.0,3528.0,Baeolophus bicolor,Tufted Titmouse,0.3040,D:\Bird_Anuran_ARUs\IF06\SMM2-31_20260322_054600.wav
3531.0,3534.0,Baeolophus bicolor,Tufted Titmouse,0.5667,D:\Bird_Anuran_ARUs\IF06\SMM2-31_20260322_054600.wav
3534.0,3537.0,Pipilo erythrophthalmus,Eastern Towhee,0.8077,D:\Bird_Anuran_ARUs\IF06\SMM2-31_20260322_054600.wav
3537.0,3540.0,Baeolophus bicolor,Tufted Titmouse,0.3752,D:\Bird_Anuran_ARUs\IF06\SMM2-31_20260322_054600.wav
3537.0,3540.0,Pipilo erythrophthalmus,Eastern Towhee,0.3454,D:\Bird_Anuran_ARUs\IF06\SMM2-31_20260322_054600.wav
3540.0,3543.0,Pipilo erythrophthalmus,Eastern Towhee,0.8784,D:\Bird_Anuran_ARUs\IF06\SMM2-31_20260322_054600.wav
3543.0,3546.0,Baeolophus bicolor,Tufted Titmouse,0.5964,D:\Bird_Anuran_ARUs\IF06\SMM2-31_20260322_054600.wav
3546.0,3549.0,Pipilo erythrophthalmus,Eastern Towhee,0.7493,D:\Bird_Anuran_ARUs\IF06\SMM2-31_20260322_054600.wav
3546.0,3549.0,Baeolophus bicolor,Tufted Titmouse,0.3477,D:\Bird_Anuran_ARUs\IF06\SMM2-31_20260322_054600.wav
3549.0,3552.0,Pipilo erythrophthalmus,Eastern Towhee,0.4637,D:\Bird_Anuran_ARUs\IF06\SMM2-31_20260322_054600.wav
3549.0,3552.0,Baeolophus bicolor,Tufted Titmouse,0.4184,D:\Bird_Anuran_ARUs\IF06\SMM2-31_20260322_054600.wav
3552.0,3555.0,Baeolophus bicolor,Tufted Titmouse,0.6488,D:\Bird_Anuran_ARUs\IF06\SMM2-31_20260322_054600.wav
3555.0,3558.0,Pipilo erythrophthalmus,Eastern Towhee,0.3569,D:\Bird_Anuran_ARUs\IF06\SMM2-31_20260322_054600.wav
3561.0,3564.0,Pipilo erythrophthalmus,Eastern Towhee,0.3308,D:\Bird_Anuran_ARUs\IF06\SMM2-31_20260322_054600.wav
3561.0,3564.0,Baeolophus bicolor,Tufted Titmouse,0.3089,D:\Bird_Anuran_ARUs\IF06\SMM2-31_20260322_054600.wav
3564.0,3567.0,Pipilo erythrophthalmus,Eastern Towhee,0.3598,D:\Bird_Anuran_ARUs\IF06\SMM2-31_20260322_054600.wav
3567.0,3570.0,Pipilo erythrophthalmus,Eastern Towhee,0.6380,D:\Bird_Anuran_ARUs\IF06\SMM2-31_20260322_054600.wav
3570.0,3573.0,Pipilo erythrophthalmus,Eastern Towhee,0.3660,D:\Bird_Anuran_ARUs\IF06\SMM2-31_20260322_054600.wav
3576.0,3579.0,Baeolophus bicolor,Tufted Titmouse,0.4526,D:\Bird_Anuran_ARUs\IF06\SMM2-31_20260322_054600.wav
3579.0,3582.0,Pipilo erythrophthalmus,Eastern Towhee,0.2601,D:\Bird_Anuran_ARUs\IF06\SMM2-31_20260322_054600.wav
