Start (s),End (s),Scientific name,Common name,Confidence,File
0.0,3.0,Setophaga pinus,Pine Warbler,0.4812,D:\Bird_Anuran_ARUs\IF06\SMM2-31_20260403_052800.wav
0.0,3.0,Pipilo erythrophthalmus,Eastern Towhee,0.3942,D:\Bird_Anuran_ARUs\IF06\SMM2-31_20260403_052800.wav
3.0,6.0,Setophaga pinus,Pine Warbler,0.4672,D:\Bird_Anuran_ARUs\IF06\SMM2-31_20260403_052800.wav
12.0,15.0,Pipilo erythrophthalmus,Eastern Towhee,0.6506,D:\Bird_Anuran_ARUs\IF06\SMM2-31_20260403_052800.wav
18.0,21.0,Pipilo erythrophthalmus,Eastern Towhee,0.8296,D:\Bird_Anuran_ARUs\IF06\SMM2-31_20260403_052800.wav
18.0,21.0,Corvus brachyrhynchos,American Crow,0.5109,D:\Bird_Anuran_ARUs\IF06\SMM2-31_20260403_052800.wav
18.0,21.0,Melanerpes carolinus,Red-bellied Woodpecker,0.2504,D:\Bird_Anuran_ARUs\IF06\SMM2-31_20260403_052800.wav
24.0,27.0,Setophaga pinus,Pine Warbler,0.3450,D:\Bird_Anuran_ARUs\IF06\SMM2-31_20260403_052800.wav
30.0,33.0,Setophaga pinus,Pine Warbler,0.4928,D:\Bird_Anuran_ARUs\IF06\SMM2-31_20260403_052800.wav
33.0,36.0,Setophaga pinus,Pine Warbler,0.2922,D:\Bird_Anuran_ARUs\IF06\SMM2-31_20260403_052800.wav
36.0,39.0,Setophaga pinus,Pine Warbler,0.7201,D:\Bird_Anuran_ARUs\IF06\SMM2-31_20260403_052800.wav
39.0,42.0,Pipilo erythrophthalmus,Eastern Towhee,0.4111,D:\Bird_Anuran_ARUs\IF06\SMM2-31_20260403_052800.wav
39.0,42.0,Setophaga pinus,Pine Warbler,0.2765,D:\Bird_Anuran_ARUs\IF06\SMM2-31_20260403_052800.wav
48.0,51.0,Setophaga pinus,Pine Warbler,0.3783,D:\Bird_Anuran_ARUs\IF06\SMM2-31_20260403_052800.wav
48.0,51.0,Seiurus aurocapilla,Ovenbird,0.2513,D:\Bird_Anuran_ARUs\IF06\SMM2-31_20260403_052800.wav
51.0,54.0,Pipilo erythrophthalmus,Eastern Towhee,0.3476,D:\Bird_Anuran_ARUs\IF06\SMM2-31_20260403_052800.wav
54.0,57.0,Setophaga pinus,Pine Warbler,0.6646,D:\Bird_Anuran_ARUs\IF06\SMM2-31_20260403_052800.wav
60.0,63.0,Setophaga pinus,Pine Warbler,0.3461,D:\Bird_Anuran_ARUs\IF06\SMM2-31_20260403_052800.wav
66.0,69.0,Pipilo erythrophthalmus,Eastern Towhee,0.6302,D:\Bird_Anuran_ARUs\IF06\SMM2-31_20260403_052800.wav
69.0,72.0,Setophaga pinus,Pine Warbler,0.4026,D:\Bird_Anuran_ARUs\IF06\SMM2-31_20260403_052800.wav
75.0,78.0,Setophaga pinus,Pine Warbler,0.4520,D:\Bird_Anuran_ARUs\IF06\SMM2-31_20260403_052800.wav
78.0,81.0,Setophaga pinus,Pine Warbler,0.6809,D:\Bird_Anuran_ARUs\IF06\SMM2-31_20260403_052800.wav
84.0,87.0,Setophaga pinus,Pine Warbler,0.2885,D:\Bird_Anuran_ARUs\IF06\SMM2-31_20260403_052800.wav
87.0,90.0,Pipilo erythrophthalmus,Eastern Towhee,0.5502,D:\Bird_Anuran_ARUs\IF06\SMM2-31_20260403_052800.wav
93.0,96.0,Setophaga pinus,Pine Warbler,0.3100,D:\Bird_Anuran_ARUs\IF06\SMM2-31_20260403_052800.wav
96.0,99.0,Setophaga pinus,Pine Warbler,0.3823,D:\Bird_Anuran_ARUs\IF06\SMM2-31_20260403_052800.wav
99.0,102.0,Setophaga pinus,Pine Warbler,0.6041,D:\Bird_Anuran_ARUs\IF06\SMM2-31_20260403_052800.wav
111.0,114.0,Setophaga pinus,Pine Warbler,0.6706,D:\Bird_Anuran_ARUs\IF06\SMM2-31_20260403_052800.wav
114.0,117.0,Setophaga pinus,Pine Warbler,0.4164,D:\Bird_Anuran_ARUs\IF06\SMM2-31_20260403_052800.wav
117.0,120.0,Pipilo erythrophthalmus,Eastern Towhee,0.9189,D:\Bird_Anuran_ARUs\IF06\SMM2-31_20260403_052800.wav
126.0,129.0,Setophaga pinus,Pine Warbler,0.2646,D:\Bird_Anuran_ARUs\IF06\SMM2-31_20260403_052800.wav
129.0,132.0,Setophaga pinus,Pine Warbler,0.2506,D:\Bird_Anuran_ARUs\IF06\SMM2-31_20260403_052800.wav
132.0,135.0,Pipilo erythrophthalmus,Eastern Towhee,0.4373,D:\Bird_Anuran_ARUs\IF06\SMM2-31_20260403_052800.wav
135.0,138.0,Pipilo erythrophthalmus,Eastern Towhee,0.5268,D:\Bird_Anuran_ARUs\IF06\SMM2-31_20260403_052800.wav
138.0,141.0,Pipilo erythrophthalmus,Eastern Towhee,0.3335,D:\Bird_Anuran_ARUs\IF06\SMM2-31_20260403_052800.wav
144.0,147.0,Setophaga pinus,Pine Warbler,0.4556,D:\Bird_Anuran_ARUs\IF06\SMM2-31_20260403_052800.wav
144.0,147.0,Pipilo erythrophthalmus,Eastern Towhee,0.3447,D:\Bird_Anuran_ARUs\IF06\SMM2-31_20260403_052800.wav
147.0,150.0,Setophaga pinus,Pine Warbler,0.6823,D:\Bird_Anuran_ARUs\IF06\SMM2-31_20260403_052800.wav
150.0,153.0,Pipilo erythrophthalmus,Eastern Towhee,0.3849,D:\Bird_Anuran_ARUs\IF06\SMM2-31_20260403_052800.wav
159.0,162.0,Pipilo erythrophthalmus,Eastern Towhee,0.5507,D:\Bird_Anuran_ARUs\IF06\SMM2-31_20260403_052800.wav
180.0,183.0,Pipilo erythrophthalmus,Eastern Towhee,0.7792,D:\Bird_Anuran_ARUs\IF06\SMM2-31_20260403_052800.wav
186.0,189.0,Pipilo erythrophthalmus,Eastern Towhee,0.7064,D:\Bird_Anuran_ARUs\IF06\SMM2-31_20260403_052800.wav
198.0,201.0,Cardinalis cardinalis,Northern Cardinal,0.3989,D:\Bird_Anuran_ARUs\IF06\SMM2-31_20260403_052800.wav
201.0,204.0,Cardinalis cardinalis,Northern Cardinal,0.8285,D:\Bird_Anuran_ARUs\IF06\SMM2-31_20260403_052800.wav
204.0,207.0,Setophaga pinus,Pine Warbler,0.6830,D:\Bird_Anuran_ARUs\IF06\SMM2-31_20260403_052800.wav
207.0,210.0,Setophaga pinus,Pine Warbler,0.8991,D:\Bird_Anuran_ARUs\IF06\SMM2-31_20260403_052800.wav
210.0,213.0,Setophaga pinus,Pine Warbler,0.7610,D:\Bird_Anuran_ARUs\IF06\SMM2-31_20260403_052800.wav
213.0,216.0,Setophaga pinus,Pine Warbler,0.2776,D:\Bird_Anuran_ARUs\IF06\SMM2-31_20260403_052800.wav
216.0,219.0,Setophaga pinus,Pine Warbler,0.8367,D:\Bird_Anuran_ARUs\IF06\SMM2-31_20260403_052800.wav
219.0,222.0,Setophaga pinus,Pine Warbler,0.8652,D:\Bird_Anuran_ARUs\IF06\SMM2-31_20260403_052800.wav
222.0,225.0,Setophaga pinus,Pine Warbler,0.8145,D:\Bird_Anuran_ARUs\IF06\SMM2-31_20260403_052800.wav
225.0,228.0,Setophaga pinus,Pine Warbler,0.6970,D:\Bird_Anuran_ARUs\IF06\SMM2-31_20260403_052800.wav
228.0,231.0,Setophaga pinus,Pine Warbler,0.8051,D:\Bird_Anuran_ARUs\IF06\SMM2-31_20260403_052800.wav
231.0,234.0,Setophaga pinus,Pine Warbler,0.8112,D:\Bird_Anuran_ARUs\IF06\SMM2-31_20260403_052800.wav
234.0,237.0,Setophaga pinus,Pine Warbler,0.9542,D:\Bird_Anuran_ARUs\IF06\SMM2-31_20260403_052800.wav
237.0,240.0,Setophaga pinus,Pine Warbler,0.9821,D:\Bird_Anuran_ARUs\IF06\SMM2-31_20260403_052800.wav
240.0,243.0,Setophaga pinus,Pine Warbler,0.9469,D:\Bird_Anuran_ARUs\IF06\SMM2-31_20260403_052800.wav
249.0,252.0,Cardinalis cardinalis,Northern Cardinal,0.9854,D:\Bird_Anuran_ARUs\IF06\SMM2-31_20260403_052800.wav
252.0,255.0,Setophaga pinus,Pine Warbler,0.4680,D:\Bird_Anuran_ARUs\IF06\SMM2-31_20260403_052800.wav
255.0,258.0,Pipilo erythrophthalmus,Eastern Towhee,0.2532,D:\Bird_Anuran_ARUs\IF06\SMM2-31_20260403_052800.wav
258.0,261.0,Setophaga pinus,Pine Warbler,0.6058,D:\Bird_Anuran_ARUs\IF06\SMM2-31_20260403_052800.wav
258.0,261.0,Cardinalis cardinalis,Northern Cardinal,0.5823,D:\Bird_Anuran_ARUs\IF06\SMM2-31_20260403_052800.wav
261.0,264.0,Setophaga pinus,Pine Warbler,0.4786,D:\Bird_Anuran_ARUs\IF06\SMM2-31_20260403_052800.wav
264.0,267.0,Setophaga pinus,Pine Warbler,0.7032,D:\Bird_Anuran_ARUs\IF06\SMM2-31_20260403_052800.wav
267.0,270.0,Setophaga pinus,Pine Warbler,0.6147,D:\Bird_Anuran_ARUs\IF06\SMM2-31_20260403_052800.wav
270.0,273.0,Setophaga pinus,Pine Warbler,0.4288,D:\Bird_Anuran_ARUs\IF06\SMM2-31_20260403_052800.wav
273.0,276.0,Setophaga pinus,Pine Warbler,0.6201,D:\Bird_Anuran_ARUs\IF06\SMM2-31_20260403_052800.wav
276.0,279.0,Setophaga pinus,Pine Warbler,0.7879,D:\Bird_Anuran_ARUs\IF06\SMM2-31_20260403_052800.wav
279.0,282.0,Setophaga pinus,Pine Warbler,0.8002,D:\Bird_Anuran_ARUs\IF06\SMM2-31_20260403_052800.wav
282.0,285.0,Setophaga pinus,Pine Warbler,0.7287,D:\Bird_Anuran_ARUs\IF06\SMM2-31_20260403_052800.wav
285.0,288.0,Setophaga pinus,Pine Warbler,0.5213,D:\Bird_Anuran_ARUs\IF06\SMM2-31_20260403_052800.wav
288.0,291.0,Setophaga pinus,Pine Warbler,0.7982,D:\Bird_Anuran_ARUs\IF06\SMM2-31_20260403_052800.wav
291.0,294.0,Setophaga pinus,Pine Warbler,0.7879,D:\Bird_Anuran_ARUs\IF06\SMM2-31_20260403_052800.wav
294.0,297.0,Setophaga pinus,Pine Warbler,0.4884,D:\Bird_Anuran_ARUs\IF06\SMM2-31_20260403_052800.wav
297.0,300.0,Setophaga pinus,Pine Warbler,0.6809,D:\Bird_Anuran_ARUs\IF06\SMM2-31_20260403_052800.wav
306.0,309.0,Setophaga pinus,Pine Warbler,0.7967,D:\Bird_Anuran_ARUs\IF06\SMM2-31_20260403_052800.wav
309.0,312.0,Setophaga pinus,Pine Warbler,0.7145,D:\Bird_Anuran_ARUs\IF06\SMM2-31_20260403_052800.wav
312.0,315.0,Pipilo erythrophthalmus,Eastern Towhee,0.3702,D:\Bird_Anuran_ARUs\IF06\SMM2-31_20260403_052800.wav
312.0,315.0,Setophaga pinus,Pine Warbler,0.2584,D:\Bird_Anuran_ARUs\IF06\SMM2-31_20260403_052800.wav
315.0,318.0,Setophaga pinus,Pine Warbler,0.5533,D:\Bird_Anuran_ARUs\IF06\SMM2-31_20260403_052800.wav
321.0,324.0,Setophaga pinus,Pine Warbler,0.5838,D:\Bird_Anuran_ARUs\IF06\SMM2-31_20260403_052800.wav
324.0,327.0,Setophaga pinus,Pine Warbler,0.5685,D:\Bird_Anuran_ARUs\IF06\SMM2-31_20260403_052800.wav
333.0,336.0,Cardinalis cardinalis,Northern Cardinal,0.3975,D:\Bird_Anuran_ARUs\IF06\SMM2-31_20260403_052800.wav
336.0,339.0,Setophaga pinus,Pine Warbler,0.5126,D:\Bird_Anuran_ARUs\IF06\SMM2-31_20260403_052800.wav
339.0,342.0,Pipilo erythrophthalmus,Eastern Towhee,0.6381,D:\Bird_Anuran_ARUs\IF06\SMM2-31_20260403_052800.wav
339.0,342.0,Setophaga pinus,Pine Warbler,0.5942,D:\Bird_Anuran_ARUs\IF06\SMM2-31_20260403_052800.wav
345.0,348.0,Pipilo erythrophthalmus,Eastern Towhee,0.4175,D:\Bird_Anuran_ARUs\IF06\SMM2-31_20260403_052800.wav
348.0,351.0,Setophaga pinus,Pine Warbler,0.7021,D:\Bird_Anuran_ARUs\IF06\SMM2-31_20260403_052800.wav
351.0,354.0,Setophaga pinus,Pine Warbler,0.3275,D:\Bird_Anuran_ARUs\IF06\SMM2-31_20260403_052800.wav
357.0,360.0,Setophaga pinus,Pine Warbler,0.5144,D:\Bird_Anuran_ARUs\IF06\SMM2-31_20260403_052800.wav
363.0,366.0,Pipilo erythrophthalmus,Eastern Towhee,0.3093,D:\Bird_Anuran_ARUs\IF06\SMM2-31_20260403_052800.wav
366.0,369.0,Setophaga pinus,Pine Warbler,0.4145,D:\Bird_Anuran_ARUs\IF06\SMM2-31_20260403_052800.wav
372.0,375.0,Corvus brachyrhynchos,American Crow,0.2528,D:\Bird_Anuran_ARUs\IF06\SMM2-31_20260403_052800.wav
375.0,378.0,Setophaga pinus,Pine Warbler,0.7160,D:\Bird_Anuran_ARUs\IF06\SMM2-31_20260403_052800.wav
387.0,390.0,Setophaga pinus,Pine Warbler,0.4740,D:\Bird_Anuran_ARUs\IF06\SMM2-31_20260403_052800.wav
390.0,393.0,Setophaga pinus,Pine Warbler,0.3796,D:\Bird_Anuran_ARUs\IF06\SMM2-31_20260403_052800.wav
396.0,399.0,Setophaga pinus,Pine Warbler,0.2635,D:\Bird_Anuran_ARUs\IF06\SMM2-31_20260403_052800.wav
399.0,402.0,Setophaga pinus,Pine Warbler,0.5146,D:\Bird_Anuran_ARUs\IF06\SMM2-31_20260403_052800.wav
408.0,411.0,Setophaga pinus,Pine Warbler,0.2823,D:\Bird_Anuran_ARUs\IF06\SMM2-31_20260403_052800.wav
414.0,417.0,Setophaga pinus,Pine Warbler,0.8469,D:\Bird_Anuran_ARUs\IF06\SMM2-31_20260403_052800.wav
417.0,420.0,Corvus brachyrhynchos,American Crow,0.6545,D:\Bird_Anuran_ARUs\IF06\SMM2-31_20260403_052800.wav
417.0,420.0,Setophaga pinus,Pine Warbler,0.4779,D:\Bird_Anuran_ARUs\IF06\SMM2-31_20260403_052800.wav
417.0,420.0,Pipilo erythrophthalmus,Eastern Towhee,0.4533,D:\Bird_Anuran_ARUs\IF06\SMM2-31_20260403_052800.wav
420.0,423.0,Setophaga pinus,Pine Warbler,0.8520,D:\Bird_Anuran_ARUs\IF06\SMM2-31_20260403_052800.wav
423.0,426.0,Setophaga pinus,Pine Warbler,0.2970,D:\Bird_Anuran_ARUs\IF06\SMM2-31_20260403_052800.wav
429.0,432.0,Pipilo erythrophthalmus,Eastern Towhee,0.2960,D:\Bird_Anuran_ARUs\IF06\SMM2-31_20260403_052800.wav
432.0,435.0,Setophaga pinus,Pine Warbler,0.8698,D:\Bird_Anuran_ARUs\IF06\SMM2-31_20260403_052800.wav
435.0,438.0,Setophaga pinus,Pine Warbler,0.9385,D:\Bird_Anuran_ARUs\IF06\SMM2-31_20260403_052800.wav
438.0,441.0,Setophaga pinus,Pine Warbler,0.8297,D:\Bird_Anuran_ARUs\IF06\SMM2-31_20260403_052800.wav
441.0,444.0,Setophaga pinus,Pine Warbler,0.8028,D:\Bird_Anuran_ARUs\IF06\SMM2-31_20260403_052800.wav
450.0,453.0,Setophaga pinus,Pine Warbler,0.8640,D:\Bird_Anuran_ARUs\IF06\SMM2-31_20260403_052800.wav
453.0,456.0,Pipilo erythrophthalmus,Eastern Towhee,0.4851,D:\Bird_Anuran_ARUs\IF06\SMM2-31_20260403_052800.wav
456.0,459.0,Setophaga pinus,Pine Warbler,0.9480,D:\Bird_Anuran_ARUs\IF06\SMM2-31_20260403_052800.wav
459.0,462.0,Pipilo erythrophthalmus,Eastern Towhee,0.5405,D:\Bird_Anuran_ARUs\IF06\SMM2-31_20260403_052800.wav
462.0,465.0,Setophaga pinus,Pine Warbler,0.3905,D:\Bird_Anuran_ARUs\IF06\SMM2-31_20260403_052800.wav
465.0,468.0,Setophaga pinus,Pine Warbler,0.2717,D:\Bird_Anuran_ARUs\IF06\SMM2-31_20260403_052800.wav
468.0,471.0,Pipilo erythrophthalmus,Eastern Towhee,0.8562,D:\Bird_Anuran_ARUs\IF06\SMM2-31_20260403_052800.wav
474.0,477.0,Corvus brachyrhynchos,American Crow,0.7861,D:\Bird_Anuran_ARUs\IF06\SMM2-31_20260403_052800.wav
474.0,477.0,Seiurus aurocapilla,Ovenbird,0.3180,D:\Bird_Anuran_ARUs\IF06\SMM2-31_20260403_052800.wav
477.0,480.0,Pipilo erythrophthalmus,Eastern Towhee,0.9275,D:\Bird_Anuran_ARUs\IF06\SMM2-31_20260403_052800.wav
483.0,486.0,Pipilo erythrophthalmus,Eastern Towhee,0.6387,D:\Bird_Anuran_ARUs\IF06\SMM2-31_20260403_052800.wav
486.0,489.0,Setophaga pinus,Pine Warbler,0.3477,D:\Bird_Anuran_ARUs\IF06\SMM2-31_20260403_052800.wav
489.0,492.0,Pipilo erythrophthalmus,Eastern Towhee,0.7663,D:\Bird_Anuran_ARUs\IF06\SMM2-31_20260403_052800.wav
492.0,495.0,Setophaga pinus,Pine Warbler,0.9060,D:\Bird_Anuran_ARUs\IF06\SMM2-31_20260403_052800.wav
495.0,498.0,Setophaga pinus,Pine Warbler,0.5374,D:\Bird_Anuran_ARUs\IF06\SMM2-31_20260403_052800.wav
498.0,501.0,Setophaga pinus,Pine Warbler,0.4789,D:\Bird_Anuran_ARUs\IF06\SMM2-31_20260403_052800.wav
501.0,504.0,Melanerpes carolinus,Red-bellied Woodpecker,0.3567,D:\Bird_Anuran_ARUs\IF06\SMM2-31_20260403_052800.wav
504.0,507.0,Pipilo erythrophthalmus,Eastern Towhee,0.3416,D:\Bird_Anuran_ARUs\IF06\SMM2-31_20260403_052800.wav
510.0,513.0,Pipilo erythrophthalmus,Eastern Towhee,0.8806,D:\Bird_Anuran_ARUs\IF06\SMM2-31_20260403_052800.wav
513.0,516.0,Setophaga pinus,Pine Warbler,0.9004,D:\Bird_Anuran_ARUs\IF06\SMM2-31_20260403_052800.wav
519.0,522.0,Setophaga pinus,Pine Warbler,0.7512,D:\Bird_Anuran_ARUs\IF06\SMM2-31_20260403_052800.wav
525.0,528.0,Setophaga pinus,Pine Warbler,0.4868,D:\Bird_Anuran_ARUs\IF06\SMM2-31_20260403_052800.wav
525.0,528.0,Pipilo erythrophthalmus,Eastern Towhee,0.4105,D:\Bird_Anuran_ARUs\IF06\SMM2-31_20260403_052800.wav
531.0,534.0,Setophaga pinus,Pine Warbler,0.6455,D:\Bird_Anuran_ARUs\IF06\SMM2-31_20260403_052800.wav
534.0,537.0,Setophaga pinus,Pine Warbler,0.2520,D:\Bird_Anuran_ARUs\IF06\SMM2-31_20260403_052800.wav
537.0,540.0,Setophaga pinus,Pine Warbler,0.4500,D:\Bird_Anuran_ARUs\IF06\SMM2-31_20260403_052800.wav
540.0,543.0,Pipilo erythrophthalmus,Eastern Towhee,0.7118,D:\Bird_Anuran_ARUs\IF06\SMM2-31_20260403_052800.wav
540.0,543.0,Setophaga pinus,Pine Warbler,0.2996,D:\Bird_Anuran_ARUs\IF06\SMM2-31_20260403_052800.wav
543.0,546.0,Setophaga pinus,Pine Warbler,0.9151,D:\Bird_Anuran_ARUs\IF06\SMM2-31_20260403_052800.wav
546.0,549.0,Pipilo erythrophthalmus,Eastern Towhee,0.3025,D:\Bird_Anuran_ARUs\IF06\SMM2-31_20260403_052800.wav
552.0,555.0,Setophaga pinus,Pine Warbler,0.3375,D:\Bird_Anuran_ARUs\IF06\SMM2-31_20260403_052800.wav
552.0,555.0,Pipilo erythrophthalmus,Eastern Towhee,0.2877,D:\Bird_Anuran_ARUs\IF06\SMM2-31_20260403_052800.wav
555.0,558.0,Setophaga pinus,Pine Warbler,0.3990,D:\Bird_Anuran_ARUs\IF06\SMM2-31_20260403_052800.wav
558.0,561.0,Setophaga pinus,Pine Warbler,0.2607,D:\Bird_Anuran_ARUs\IF06\SMM2-31_20260403_052800.wav
561.0,564.0,Pipilo erythrophthalmus,Eastern Towhee,0.7575,D:\Bird_Anuran_ARUs\IF06\SMM2-31_20260403_052800.wav
561.0,564.0,Setophaga pinus,Pine Warbler,0.5386,D:\Bird_Anuran_ARUs\IF06\SMM2-31_20260403_052800.wav
564.0,567.0,Setophaga pinus,Pine Warbler,0.7094,D:\Bird_Anuran_ARUs\IF06\SMM2-31_20260403_052800.wav
567.0,570.0,Pipilo erythrophthalmus,Eastern Towhee,0.7391,D:\Bird_Anuran_ARUs\IF06\SMM2-31_20260403_052800.wav
573.0,576.0,Pipilo erythrophthalmus,Eastern Towhee,0.5664,D:\Bird_Anuran_ARUs\IF06\SMM2-31_20260403_052800.wav
573.0,576.0,Setophaga pinus,Pine Warbler,0.3788,D:\Bird_Anuran_ARUs\IF06\SMM2-31_20260403_052800.wav
576.0,579.0,Pipilo erythrophthalmus,Eastern Towhee,0.7425,D:\Bird_Anuran_ARUs\IF06\SMM2-31_20260403_052800.wav
579.0,582.0,Setophaga pinus,Pine Warbler,0.6347,D:\Bird_Anuran_ARUs\IF06\SMM2-31_20260403_052800.wav
582.0,585.0,Pipilo erythrophthalmus,Eastern Towhee,0.5443,D:\Bird_Anuran_ARUs\IF06\SMM2-31_20260403_052800.wav
585.0,588.0,Seiurus aurocapilla,Ovenbird,0.4104,D:\Bird_Anuran_ARUs\IF06\SMM2-31_20260403_052800.wav
588.0,591.0,Setophaga pinus,Pine Warbler,0.5663,D:\Bird_Anuran_ARUs\IF06\SMM2-31_20260403_052800.wav
594.0,597.0,Setophaga pinus,Pine Warbler,0.3564,D:\Bird_Anuran_ARUs\IF06\SMM2-31_20260403_052800.wav
600.0,603.0,Setophaga pinus,Pine Warbler,0.6233,D:\Bird_Anuran_ARUs\IF06\SMM2-31_20260403_052800.wav
603.0,606.0,Pipilo erythrophthalmus,Eastern Towhee,0.7183,D:\Bird_Anuran_ARUs\IF06\SMM2-31_20260403_052800.wav
609.0,612.0,Pipilo erythrophthalmus,Eastern Towhee,0.7378,D:\Bird_Anuran_ARUs\IF06\SMM2-31_20260403_052800.wav
612.0,615.0,Setophaga pinus,Pine Warbler,0.6624,D:\Bird_Anuran_ARUs\IF06\SMM2-31_20260403_052800.wav
615.0,618.0,Pipilo erythrophthalmus,Eastern Towhee,0.7370,D:\Bird_Anuran_ARUs\IF06\SMM2-31_20260403_052800.wav
618.0,621.0,Pipilo erythrophthalmus,Eastern Towhee,0.5048,D:\Bird_Anuran_ARUs\IF06\SMM2-31_20260403_052800.wav
618.0,621.0,Setophaga pinus,Pine Warbler,0.2742,D:\Bird_Anuran_ARUs\IF06\SMM2-31_20260403_052800.wav
621.0,624.0,Cardinalis cardinalis,Northern Cardinal,0.3646,D:\Bird_Anuran_ARUs\IF06\SMM2-31_20260403_052800.wav
624.0,627.0,Pipilo erythrophthalmus,Eastern Towhee,0.7675,D:\Bird_Anuran_ARUs\IF06\SMM2-31_20260403_052800.wav
627.0,630.0,Corvus brachyrhynchos,American Crow,0.3504,D:\Bird_Anuran_ARUs\IF06\SMM2-31_20260403_052800.wav
630.0,633.0,Pipilo erythrophthalmus,Eastern Towhee,0.7218,D:\Bird_Anuran_ARUs\IF06\SMM2-31_20260403_052800.wav
636.0,639.0,Seiurus aurocapilla,Ovenbird,0.2716,D:\Bird_Anuran_ARUs\IF06\SMM2-31_20260403_052800.wav
639.0,642.0,Pipilo erythrophthalmus,Eastern Towhee,0.4466,D:\Bird_Anuran_ARUs\IF06\SMM2-31_20260403_052800.wav
642.0,645.0,Cardinalis cardinalis,Northern Cardinal,0.8361,D:\Bird_Anuran_ARUs\IF06\SMM2-31_20260403_052800.wav
645.0,648.0,Pipilo erythrophthalmus,Eastern Towhee,0.8344,D:\Bird_Anuran_ARUs\IF06\SMM2-31_20260403_052800.wav
645.0,648.0,Cardinalis cardinalis,Northern Cardinal,0.3100,D:\Bird_Anuran_ARUs\IF06\SMM2-31_20260403_052800.wav
651.0,654.0,Pipilo erythrophthalmus,Eastern Towhee,0.9824,D:\Bird_Anuran_ARUs\IF06\SMM2-31_20260403_052800.wav
651.0,654.0,Corvus brachyrhynchos,American Crow,0.5127,D:\Bird_Anuran_ARUs\IF06\SMM2-31_20260403_052800.wav
651.0,654.0,Cardinalis cardinalis,Northern Cardinal,0.4329,D:\Bird_Anuran_ARUs\IF06\SMM2-31_20260403_052800.wav
654.0,657.0,Cardinalis cardinalis,Northern Cardinal,0.8155,D:\Bird_Anuran_ARUs\IF06\SMM2-31_20260403_052800.wav
657.0,660.0,Pipilo erythrophthalmus,Eastern Towhee,0.5552,D:\Bird_Anuran_ARUs\IF06\SMM2-31_20260403_052800.wav
657.0,660.0,Cardinalis cardinalis,Northern Cardinal,0.2860,D:\Bird_Anuran_ARUs\IF06\SMM2-31_20260403_052800.wav
660.0,663.0,Pipilo erythrophthalmus,Eastern Towhee,0.7988,D:\Bird_Anuran_ARUs\IF06\SMM2-31_20260403_052800.wav
663.0,666.0,Cardinalis cardinalis,Northern Cardinal,0.5143,D:\Bird_Anuran_ARUs\IF06\SMM2-31_20260403_052800.wav
666.0,669.0,Pipilo erythrophthalmus,Eastern Towhee,0.5037,D:\Bird_Anuran_ARUs\IF06\SMM2-31_20260403_052800.wav
669.0,672.0,Cardinalis cardinalis,Northern Cardinal,0.5342,D:\Bird_Anuran_ARUs\IF06\SMM2-31_20260403_052800.wav
672.0,675.0,Setophaga pinus,Pine Warbler,0.5581,D:\Bird_Anuran_ARUs\IF06\SMM2-31_20260403_052800.wav
675.0,678.0,Setophaga pinus,Pine Warbler,0.5809,D:\Bird_Anuran_ARUs\IF06\SMM2-31_20260403_052800.wav
678.0,681.0,Cardinalis cardinalis,Northern Cardinal,0.8794,D:\Bird_Anuran_ARUs\IF06\SMM2-31_20260403_052800.wav
678.0,681.0,Pipilo erythrophthalmus,Eastern Towhee,0.5188,D:\Bird_Anuran_ARUs\IF06\SMM2-31_20260403_052800.wav
684.0,687.0,Setophaga pinus,Pine Warbler,0.7965,D:\Bird_Anuran_ARUs\IF06\SMM2-31_20260403_052800.wav
687.0,690.0,Pipilo erythrophthalmus,Eastern Towhee,0.6324,D:\Bird_Anuran_ARUs\IF06\SMM2-31_20260403_052800.wav
690.0,693.0,Setophaga pinus,Pine Warbler,0.8376,D:\Bird_Anuran_ARUs\IF06\SMM2-31_20260403_052800.wav
693.0,696.0,Pipilo erythrophthalmus,Eastern Towhee,0.6983,D:\Bird_Anuran_ARUs\IF06\SMM2-31_20260403_052800.wav
693.0,696.0,Setophaga pinus,Pine Warbler,0.6145,D:\Bird_Anuran_ARUs\IF06\SMM2-31_20260403_052800.wav
693.0,696.0,Cardinalis cardinalis,Northern Cardinal,0.3539,D:\Bird_Anuran_ARUs\IF06\SMM2-31_20260403_052800.wav
699.0,702.0,Pipilo erythrophthalmus,Eastern Towhee,0.3156,D:\Bird_Anuran_ARUs\IF06\SMM2-31_20260403_052800.wav
702.0,705.0,Cardinalis cardinalis,Northern Cardinal,0.7852,D:\Bird_Anuran_ARUs\IF06\SMM2-31_20260403_052800.wav
708.0,711.0,Pipilo erythrophthalmus,Eastern Towhee,0.2974,D:\Bird_Anuran_ARUs\IF06\SMM2-31_20260403_052800.wav
714.0,717.0,Pipilo erythrophthalmus,Eastern Towhee,0.6450,D:\Bird_Anuran_ARUs\IF06\SMM2-31_20260403_052800.wav
717.0,720.0,Seiurus aurocapilla,Ovenbird,0.5892,D:\Bird_Anuran_ARUs\IF06\SMM2-31_20260403_052800.wav
720.0,723.0,Seiurus aurocapilla,Ovenbird,0.4439,D:\Bird_Anuran_ARUs\IF06\SMM2-31_20260403_052800.wav
723.0,726.0,Pipilo erythrophthalmus,Eastern Towhee,0.6619,D:\Bird_Anuran_ARUs\IF06\SMM2-31_20260403_052800.wav
729.0,732.0,Pipilo erythrophthalmus,Eastern Towhee,0.5873,D:\Bird_Anuran_ARUs\IF06\SMM2-31_20260403_052800.wav
735.0,738.0,Seiurus aurocapilla,Ovenbird,0.4729,D:\Bird_Anuran_ARUs\IF06\SMM2-31_20260403_052800.wav
744.0,747.0,Pipilo erythrophthalmus,Eastern Towhee,0.9055,D:\Bird_Anuran_ARUs\IF06\SMM2-31_20260403_052800.wav
750.0,753.0,Pipilo erythrophthalmus,Eastern Towhee,0.6492,D:\Bird_Anuran_ARUs\IF06\SMM2-31_20260403_052800.wav
753.0,756.0,Seiurus aurocapilla,Ovenbird,0.9314,D:\Bird_Anuran_ARUs\IF06\SMM2-31_20260403_052800.wav
759.0,762.0,Pipilo erythrophthalmus,Eastern Towhee,0.6077,D:\Bird_Anuran_ARUs\IF06\SMM2-31_20260403_052800.wav
765.0,768.0,Pipilo erythrophthalmus,Eastern Towhee,0.4908,D:\Bird_Anuran_ARUs\IF06\SMM2-31_20260403_052800.wav
771.0,774.0,Seiurus aurocapilla,Ovenbird,0.8907,D:\Bird_Anuran_ARUs\IF06\SMM2-31_20260403_052800.wav
774.0,777.0,Seiurus aurocapilla,Ovenbird,0.7284,D:\Bird_Anuran_ARUs\IF06\SMM2-31_20260403_052800.wav
780.0,783.0,Pipilo erythrophthalmus,Eastern Towhee,0.6707,D:\Bird_Anuran_ARUs\IF06\SMM2-31_20260403_052800.wav
783.0,786.0,Pipilo erythrophthalmus,Eastern Towhee,0.6576,D:\Bird_Anuran_ARUs\IF06\SMM2-31_20260403_052800.wav
789.0,792.0,Pipilo erythrophthalmus,Eastern Towhee,0.6519,D:\Bird_Anuran_ARUs\IF06\SMM2-31_20260403_052800.wav
792.0,795.0,Setophaga pinus,Pine Warbler,0.4279,D:\Bird_Anuran_ARUs\IF06\SMM2-31_20260403_052800.wav
795.0,798.0,Pipilo erythrophthalmus,Eastern Towhee,0.5568,D:\Bird_Anuran_ARUs\IF06\SMM2-31_20260403_052800.wav
795.0,798.0,Setophaga pinus,Pine Warbler,0.3083,D:\Bird_Anuran_ARUs\IF06\SMM2-31_20260403_052800.wav
801.0,804.0,Pipilo erythrophthalmus,Eastern Towhee,0.4606,D:\Bird_Anuran_ARUs\IF06\SMM2-31_20260403_052800.wav
804.0,807.0,Setophaga pinus,Pine Warbler,0.4442,D:\Bird_Anuran_ARUs\IF06\SMM2-31_20260403_052800.wav
810.0,813.0,Pipilo erythrophthalmus,Eastern Towhee,0.3009,D:\Bird_Anuran_ARUs\IF06\SMM2-31_20260403_052800.wav
810.0,813.0,Seiurus aurocapilla,Ovenbird,0.2806,D:\Bird_Anuran_ARUs\IF06\SMM2-31_20260403_052800.wav
813.0,816.0,Setophaga pinus,Pine Warbler,0.2950,D:\Bird_Anuran_ARUs\IF06\SMM2-31_20260403_052800.wav
816.0,819.0,Pipilo erythrophthalmus,Eastern Towhee,0.5830,D:\Bird_Anuran_ARUs\IF06\SMM2-31_20260403_052800.wav
822.0,825.0,Pipilo erythrophthalmus,Eastern Towhee,0.5198,D:\Bird_Anuran_ARUs\IF06\SMM2-31_20260403_052800.wav
825.0,828.0,Corvus brachyrhynchos,American Crow,0.4587,D:\Bird_Anuran_ARUs\IF06\SMM2-31_20260403_052800.wav
828.0,831.0,Seiurus aurocapilla,Ovenbird,0.2970,D:\Bird_Anuran_ARUs\IF06\SMM2-31_20260403_052800.wav
834.0,837.0,Pipilo erythrophthalmus,Eastern Towhee,0.7497,D:\Bird_Anuran_ARUs\IF06\SMM2-31_20260403_052800.wav
837.0,840.0,Setophaga pinus,Pine Warbler,0.4779,D:\Bird_Anuran_ARUs\IF06\SMM2-31_20260403_052800.wav
843.0,846.0,Pipilo erythrophthalmus,Eastern Towhee,0.8811,D:\Bird_Anuran_ARUs\IF06\SMM2-31_20260403_052800.wav
843.0,846.0,Corvus brachyrhynchos,American Crow,0.6935,D:\Bird_Anuran_ARUs\IF06\SMM2-31_20260403_052800.wav
849.0,852.0,Pipilo erythrophthalmus,Eastern Towhee,0.7468,D:\Bird_Anuran_ARUs\IF06\SMM2-31_20260403_052800.wav
849.0,852.0,Seiurus aurocapilla,Ovenbird,0.4295,D:\Bird_Anuran_ARUs\IF06\SMM2-31_20260403_052800.wav
855.0,858.0,Baeolophus bicolor,Tufted Titmouse,0.3126,D:\Bird_Anuran_ARUs\IF06\SMM2-31_20260403_052800.wav
858.0,861.0,Pipilo erythrophthalmus,Eastern Towhee,0.8375,D:\Bird_Anuran_ARUs\IF06\SMM2-31_20260403_052800.wav
861.0,864.0,Cardinalis cardinalis,Northern Cardinal,0.5023,D:\Bird_Anuran_ARUs\IF06\SMM2-31_20260403_052800.wav
864.0,867.0,Pipilo erythrophthalmus,Eastern Towhee,0.7374,D:\Bird_Anuran_ARUs\IF06\SMM2-31_20260403_052800.wav
867.0,870.0,Seiurus aurocapilla,Ovenbird,0.8520,D:\Bird_Anuran_ARUs\IF06\SMM2-31_20260403_052800.wav
870.0,873.0,Pipilo erythrophthalmus,Eastern Towhee,0.6028,D:\Bird_Anuran_ARUs\IF06\SMM2-31_20260403_052800.wav
879.0,882.0,Pipilo erythrophthalmus,Eastern Towhee,0.9769,D:\Bird_Anuran_ARUs\IF06\SMM2-31_20260403_052800.wav
882.0,885.0,Baeolophus bicolor,Tufted Titmouse,0.4693,D:\Bird_Anuran_ARUs\IF06\SMM2-31_20260403_052800.wav
882.0,885.0,Setophaga pinus,Pine Warbler,0.3208,D:\Bird_Anuran_ARUs\IF06\SMM2-31_20260403_052800.wav
885.0,888.0,Pipilo erythrophthalmus,Eastern Towhee,0.3464,D:\Bird_Anuran_ARUs\IF06\SMM2-31_20260403_052800.wav
888.0,891.0,Seiurus aurocapilla,Ovenbird,0.6579,D:\Bird_Anuran_ARUs\IF06\SMM2-31_20260403_052800.wav
894.0,897.0,Pipilo erythrophthalmus,Eastern Towhee,0.7386,D:\Bird_Anuran_ARUs\IF06\SMM2-31_20260403_052800.wav
906.0,909.0,Setophaga pinus,Pine Warbler,0.3766,D:\Bird_Anuran_ARUs\IF06\SMM2-31_20260403_052800.wav
909.0,912.0,Pipilo erythrophthalmus,Eastern Towhee,0.3176,D:\Bird_Anuran_ARUs\IF06\SMM2-31_20260403_052800.wav
912.0,915.0,Pipilo erythrophthalmus,Eastern Towhee,0.5183,D:\Bird_Anuran_ARUs\IF06\SMM2-31_20260403_052800.wav
918.0,921.0,Pipilo erythrophthalmus,Eastern Towhee,0.8376,D:\Bird_Anuran_ARUs\IF06\SMM2-31_20260403_052800.wav
924.0,927.0,Pipilo erythrophthalmus,Eastern Towhee,0.9520,D:\Bird_Anuran_ARUs\IF06\SMM2-31_20260403_052800.wav
927.0,930.0,Pipilo erythrophthalmus,Eastern Towhee,0.8533,D:\Bird_Anuran_ARUs\IF06\SMM2-31_20260403_052800.wav
936.0,939.0,Pipilo erythrophthalmus,Eastern Towhee,0.5803,D:\Bird_Anuran_ARUs\IF06\SMM2-31_20260403_052800.wav
942.0,945.0,Pipilo erythrophthalmus,Eastern Towhee,0.7010,D:\Bird_Anuran_ARUs\IF06\SMM2-31_20260403_052800.wav
948.0,951.0,Seiurus aurocapilla,Ovenbird,0.4815,D:\Bird_Anuran_ARUs\IF06\SMM2-31_20260403_052800.wav
951.0,954.0,Pipilo erythrophthalmus,Eastern Towhee,0.6220,D:\Bird_Anuran_ARUs\IF06\SMM2-31_20260403_052800.wav
960.0,963.0,Pipilo erythrophthalmus,Eastern Towhee,0.5454,D:\Bird_Anuran_ARUs\IF06\SMM2-31_20260403_052800.wav
966.0,969.0,Pipilo erythrophthalmus,Eastern Towhee,0.5266,D:\Bird_Anuran_ARUs\IF06\SMM2-31_20260403_052800.wav
972.0,975.0,Pipilo erythrophthalmus,Eastern Towhee,0.2505,D:\Bird_Anuran_ARUs\IF06\SMM2-31_20260403_052800.wav
975.0,978.0,Cardinalis cardinalis,Northern Cardinal,0.3575,D:\Bird_Anuran_ARUs\IF06\SMM2-31_20260403_052800.wav
978.0,981.0,Pipilo erythrophthalmus,Eastern Towhee,0.8702,D:\Bird_Anuran_ARUs\IF06\SMM2-31_20260403_052800.wav
981.0,984.0,Cardinalis cardinalis,Northern Cardinal,0.4462,D:\Bird_Anuran_ARUs\IF06\SMM2-31_20260403_052800.wav
987.0,990.0,Pipilo erythrophthalmus,Eastern Towhee,0.8041,D:\Bird_Anuran_ARUs\IF06\SMM2-31_20260403_052800.wav
987.0,990.0,Seiurus aurocapilla,Ovenbird,0.2923,D:\Bird_Anuran_ARUs\IF06\SMM2-31_20260403_052800.wav
993.0,996.0,Pipilo erythrophthalmus,Eastern Towhee,0.5850,D:\Bird_Anuran_ARUs\IF06\SMM2-31_20260403_052800.wav
999.0,1002.0,Pipilo erythrophthalmus,Eastern Towhee,0.4960,D:\Bird_Anuran_ARUs\IF06\SMM2-31_20260403_052800.wav
1005.0,1008.0,Pipilo erythrophthalmus,Eastern Towhee,0.8124,D:\Bird_Anuran_ARUs\IF06\SMM2-31_20260403_052800.wav
1008.0,1011.0,Seiurus aurocapilla,Ovenbird,0.6990,D:\Bird_Anuran_ARUs\IF06\SMM2-31_20260403_052800.wav
1011.0,1014.0,Pipilo erythrophthalmus,Eastern Towhee,0.8266,D:\Bird_Anuran_ARUs\IF06\SMM2-31_20260403_052800.wav
1011.0,1014.0,Seiurus aurocapilla,Ovenbird,0.4481,D:\Bird_Anuran_ARUs\IF06\SMM2-31_20260403_052800.wav
1014.0,1017.0,Pipilo erythrophthalmus,Eastern Towhee,0.8343,D:\Bird_Anuran_ARUs\IF06\SMM2-31_20260403_052800.wav
1017.0,1020.0,Setophaga pinus,Pine Warbler,0.3024,D:\Bird_Anuran_ARUs\IF06\SMM2-31_20260403_052800.wav
1020.0,1023.0,Pipilo erythrophthalmus,Eastern Towhee,0.9233,D:\Bird_Anuran_ARUs\IF06\SMM2-31_20260403_052800.wav
1023.0,1026.0,Setophaga pinus,Pine Warbler,0.5258,D:\Bird_Anuran_ARUs\IF06\SMM2-31_20260403_052800.wav
1026.0,1029.0,Pipilo erythrophthalmus,Eastern Towhee,0.9076,D:\Bird_Anuran_ARUs\IF06\SMM2-31_20260403_052800.wav
1035.0,1038.0,Pipilo erythrophthalmus,Eastern Towhee,0.8580,D:\Bird_Anuran_ARUs\IF06\SMM2-31_20260403_052800.wav
1035.0,1038.0,Seiurus aurocapilla,Ovenbird,0.2563,D:\Bird_Anuran_ARUs\IF06\SMM2-31_20260403_052800.wav
1041.0,1044.0,Pipilo erythrophthalmus,Eastern Towhee,0.9866,D:\Bird_Anuran_ARUs\IF06\SMM2-31_20260403_052800.wav
1041.0,1044.0,Corvus brachyrhynchos,American Crow,0.4187,D:\Bird_Anuran_ARUs\IF06\SMM2-31_20260403_052800.wav
1044.0,1047.0,Corvus brachyrhynchos,American Crow,0.4984,D:\Bird_Anuran_ARUs\IF06\SMM2-31_20260403_052800.wav
1044.0,1047.0,Pipilo erythrophthalmus,Eastern Towhee,0.3601,D:\Bird_Anuran_ARUs\IF06\SMM2-31_20260403_052800.wav
1047.0,1050.0,Pipilo erythrophthalmus,Eastern Towhee,0.9780,D:\Bird_Anuran_ARUs\IF06\SMM2-31_20260403_052800.wav
1053.0,1056.0,Pipilo erythrophthalmus,Eastern Towhee,0.9504,D:\Bird_Anuran_ARUs\IF06\SMM2-31_20260403_052800.wav
1056.0,1059.0,Seiurus aurocapilla,Ovenbird,0.4692,D:\Bird_Anuran_ARUs\IF06\SMM2-31_20260403_052800.wav
1059.0,1062.0,Seiurus aurocapilla,Ovenbird,0.5518,D:\Bird_Anuran_ARUs\IF06\SMM2-31_20260403_052800.wav
1059.0,1062.0,Pipilo erythrophthalmus,Eastern Towhee,0.4075,D:\Bird_Anuran_ARUs\IF06\SMM2-31_20260403_052800.wav
1062.0,1065.0,Pipilo erythrophthalmus,Eastern Towhee,0.9543,D:\Bird_Anuran_ARUs\IF06\SMM2-31_20260403_052800.wav
1068.0,1071.0,Pipilo erythrophthalmus,Eastern Towhee,0.7693,D:\Bird_Anuran_ARUs\IF06\SMM2-31_20260403_052800.wav
1074.0,1077.0,Pipilo erythrophthalmus,Eastern Towhee,0.8049,D:\Bird_Anuran_ARUs\IF06\SMM2-31_20260403_052800.wav
1080.0,1083.0,Seiurus aurocapilla,Ovenbird,0.8157,D:\Bird_Anuran_ARUs\IF06\SMM2-31_20260403_052800.wav
1083.0,1086.0,Pipilo erythrophthalmus,Eastern Towhee,0.8909,D:\Bird_Anuran_ARUs\IF06\SMM2-31_20260403_052800.wav
1089.0,1092.0,Pipilo erythrophthalmus,Eastern Towhee,0.9462,D:\Bird_Anuran_ARUs\IF06\SMM2-31_20260403_052800.wav
1092.0,1095.0,Corvus brachyrhynchos,American Crow,0.2859,D:\Bird_Anuran_ARUs\IF06\SMM2-31_20260403_052800.wav
1095.0,1098.0,Pipilo erythrophthalmus,Eastern Towhee,0.9699,D:\Bird_Anuran_ARUs\IF06\SMM2-31_20260403_052800.wav
1098.0,1101.0,Setophaga pinus,Pine Warbler,0.7931,D:\Bird_Anuran_ARUs\IF06\SMM2-31_20260403_052800.wav
1101.0,1104.0,Pipilo erythrophthalmus,Eastern Towhee,0.8216,D:\Bird_Anuran_ARUs\IF06\SMM2-31_20260403_052800.wav
1104.0,1107.0,Pipilo erythrophthalmus,Eastern Towhee,0.8490,D:\Bird_Anuran_ARUs\IF06\SMM2-31_20260403_052800.wav
1104.0,1107.0,Setophaga pinus,Pine Warbler,0.2503,D:\Bird_Anuran_ARUs\IF06\SMM2-31_20260403_052800.wav
1107.0,1110.0,Seiurus aurocapilla,Ovenbird,0.6670,D:\Bird_Anuran_ARUs\IF06\SMM2-31_20260403_052800.wav
1110.0,1113.0,Pipilo erythrophthalmus,Eastern Towhee,0.9758,D:\Bird_Anuran_ARUs\IF06\SMM2-31_20260403_052800.wav
1116.0,1119.0,Pipilo erythrophthalmus,Eastern Towhee,0.9085,D:\Bird_Anuran_ARUs\IF06\SMM2-31_20260403_052800.wav
1119.0,1122.0,Corvus brachyrhynchos,American Crow,0.3754,D:\Bird_Anuran_ARUs\IF06\SMM2-31_20260403_052800.wav
1125.0,1128.0,Pipilo erythrophthalmus,Eastern Towhee,0.7622,D:\Bird_Anuran_ARUs\IF06\SMM2-31_20260403_052800.wav
1131.0,1134.0,Pipilo erythrophthalmus,Eastern Towhee,0.8525,D:\Bird_Anuran_ARUs\IF06\SMM2-31_20260403_052800.wav
1134.0,1137.0,Seiurus aurocapilla,Ovenbird,0.4388,D:\Bird_Anuran_ARUs\IF06\SMM2-31_20260403_052800.wav
1140.0,1143.0,Pipilo erythrophthalmus,Eastern Towhee,0.8699,D:\Bird_Anuran_ARUs\IF06\SMM2-31_20260403_052800.wav
1143.0,1146.0,Piranga olivacea,Scarlet Tanager,0.4297,D:\Bird_Anuran_ARUs\IF06\SMM2-31_20260403_052800.wav
1143.0,1146.0,Pipilo erythrophthalmus,Eastern Towhee,0.3750,D:\Bird_Anuran_ARUs\IF06\SMM2-31_20260403_052800.wav
1146.0,1149.0,Pipilo erythrophthalmus,Eastern Towhee,0.8025,D:\Bird_Anuran_ARUs\IF06\SMM2-31_20260403_052800.wav
1149.0,1152.0,Setophaga pinus,Pine Warbler,0.8881,D:\Bird_Anuran_ARUs\IF06\SMM2-31_20260403_052800.wav
1152.0,1155.0,Pipilo erythrophthalmus,Eastern Towhee,0.7302,D:\Bird_Anuran_ARUs\IF06\SMM2-31_20260403_052800.wav
1155.0,1158.0,Pipilo erythrophthalmus,Eastern Towhee,0.6332,D:\Bird_Anuran_ARUs\IF06\SMM2-31_20260403_052800.wav
1155.0,1158.0,Setophaga pinus,Pine Warbler,0.4241,D:\Bird_Anuran_ARUs\IF06\SMM2-31_20260403_052800.wav
1158.0,1161.0,Corvus brachyrhynchos,American Crow,0.5815,D:\Bird_Anuran_ARUs\IF06\SMM2-31_20260403_052800.wav
1158.0,1161.0,Pipilo erythrophthalmus,Eastern Towhee,0.5223,D:\Bird_Anuran_ARUs\IF06\SMM2-31_20260403_052800.wav
1158.0,1161.0,Piranga olivacea,Scarlet Tanager,0.5084,D:\Bird_Anuran_ARUs\IF06\SMM2-31_20260403_052800.wav
1161.0,1164.0,Pipilo erythrophthalmus,Eastern Towhee,0.9289,D:\Bird_Anuran_ARUs\IF06\SMM2-31_20260403_052800.wav
1164.0,1167.0,Seiurus aurocapilla,Ovenbird,0.9407,D:\Bird_Anuran_ARUs\IF06\SMM2-31_20260403_052800.wav
1167.0,1170.0,Pipilo erythrophthalmus,Eastern Towhee,0.8065,D:\Bird_Anuran_ARUs\IF06\SMM2-31_20260403_052800.wav
1170.0,1173.0,Pipilo erythrophthalmus,Eastern Towhee,0.9069,D:\Bird_Anuran_ARUs\IF06\SMM2-31_20260403_052800.wav
1173.0,1176.0,Pipilo erythrophthalmus,Eastern Towhee,0.3322,D:\Bird_Anuran_ARUs\IF06\SMM2-31_20260403_052800.wav
1173.0,1176.0,Piranga olivacea,Scarlet Tanager,0.2737,D:\Bird_Anuran_ARUs\IF06\SMM2-31_20260403_052800.wav
1176.0,1179.0,Pipilo erythrophthalmus,Eastern Towhee,0.9535,D:\Bird_Anuran_ARUs\IF06\SMM2-31_20260403_052800.wav
1179.0,1182.0,Corvus brachyrhynchos,American Crow,0.7946,D:\Bird_Anuran_ARUs\IF06\SMM2-31_20260403_052800.wav
1179.0,1182.0,Pipilo erythrophthalmus,Eastern Towhee,0.3958,D:\Bird_Anuran_ARUs\IF06\SMM2-31_20260403_052800.wav
1179.0,1182.0,Cardinalis cardinalis,Northern Cardinal,0.2757,D:\Bird_Anuran_ARUs\IF06\SMM2-31_20260403_052800.wav
1182.0,1185.0,Pipilo erythrophthalmus,Eastern Towhee,0.8606,D:\Bird_Anuran_ARUs\IF06\SMM2-31_20260403_052800.wav
1185.0,1188.0,Seiurus aurocapilla,Ovenbird,0.6364,D:\Bird_Anuran_ARUs\IF06\SMM2-31_20260403_052800.wav
1188.0,1191.0,Pipilo erythrophthalmus,Eastern Towhee,0.4386,D:\Bird_Anuran_ARUs\IF06\SMM2-31_20260403_052800.wav
1188.0,1191.0,Seiurus aurocapilla,Ovenbird,0.4383,D:\Bird_Anuran_ARUs\IF06\SMM2-31_20260403_052800.wav
1191.0,1194.0,Pipilo erythrophthalmus,Eastern Towhee,0.9441,D:\Bird_Anuran_ARUs\IF06\SMM2-31_20260403_052800.wav
1194.0,1197.0,Pipilo erythrophthalmus,Eastern Towhee,0.2526,D:\Bird_Anuran_ARUs\IF06\SMM2-31_20260403_052800.wav
1197.0,1200.0,Pipilo erythrophthalmus,Eastern Towhee,0.9424,D:\Bird_Anuran_ARUs\IF06\SMM2-31_20260403_052800.wav
1206.0,1209.0,Pipilo erythrophthalmus,Eastern Towhee,0.9531,D:\Bird_Anuran_ARUs\IF06\SMM2-31_20260403_052800.wav
1206.0,1209.0,Seiurus aurocapilla,Ovenbird,0.6419,D:\Bird_Anuran_ARUs\IF06\SMM2-31_20260403_052800.wav
1209.0,1212.0,Seiurus aurocapilla,Ovenbird,0.7113,D:\Bird_Anuran_ARUs\IF06\SMM2-31_20260403_052800.wav
1212.0,1215.0,Pipilo erythrophthalmus,Eastern Towhee,0.7166,D:\Bird_Anuran_ARUs\IF06\SMM2-31_20260403_052800.wav
1215.0,1218.0,Setophaga pinus,Pine Warbler,0.5929,D:\Bird_Anuran_ARUs\IF06\SMM2-31_20260403_052800.wav
1218.0,1221.0,Pipilo erythrophthalmus,Eastern Towhee,0.9753,D:\Bird_Anuran_ARUs\IF06\SMM2-31_20260403_052800.wav
1224.0,1227.0,Pipilo erythrophthalmus,Eastern Towhee,0.9832,D:\Bird_Anuran_ARUs\IF06\SMM2-31_20260403_052800.wav
1224.0,1227.0,Corvus brachyrhynchos,American Crow,0.7245,D:\Bird_Anuran_ARUs\IF06\SMM2-31_20260403_052800.wav
1227.0,1230.0,Pipilo erythrophthalmus,Eastern Towhee,0.6773,D:\Bird_Anuran_ARUs\IF06\SMM2-31_20260403_052800.wav
1227.0,1230.0,Setophaga pinus,Pine Warbler,0.6162,D:\Bird_Anuran_ARUs\IF06\SMM2-31_20260403_052800.wav
1230.0,1233.0,Piranga olivacea,Scarlet Tanager,0.4795,D:\Bird_Anuran_ARUs\IF06\SMM2-31_20260403_052800.wav
1233.0,1236.0,Pipilo erythrophthalmus,Eastern Towhee,0.8396,D:\Bird_Anuran_ARUs\IF06\SMM2-31_20260403_052800.wav
1233.0,1236.0,Seiurus aurocapilla,Ovenbird,0.6351,D:\Bird_Anuran_ARUs\IF06\SMM2-31_20260403_052800.wav
1236.0,1239.0,Seiurus aurocapilla,Ovenbird,0.4459,D:\Bird_Anuran_ARUs\IF06\SMM2-31_20260403_052800.wav
1236.0,1239.0,Setophaga pinus,Pine Warbler,0.2738,D:\Bird_Anuran_ARUs\IF06\SMM2-31_20260403_052800.wav
1239.0,1242.0,Pipilo erythrophthalmus,Eastern Towhee,0.9843,D:\Bird_Anuran_ARUs\IF06\SMM2-31_20260403_052800.wav
1245.0,1248.0,Setophaga pinus,Pine Warbler,0.6961,D:\Bird_Anuran_ARUs\IF06\SMM2-31_20260403_052800.wav
1248.0,1251.0,Pipilo erythrophthalmus,Eastern Towhee,0.7972,D:\Bird_Anuran_ARUs\IF06\SMM2-31_20260403_052800.wav
1254.0,1257.0,Pipilo erythrophthalmus,Eastern Towhee,0.9582,D:\Bird_Anuran_ARUs\IF06\SMM2-31_20260403_052800.wav
1257.0,1260.0,Setophaga pinus,Pine Warbler,0.6180,D:\Bird_Anuran_ARUs\IF06\SMM2-31_20260403_052800.wav
1260.0,1263.0,Molothrus ater,Brown-headed Cowbird,0.3150,D:\Bird_Anuran_ARUs\IF06\SMM2-31_20260403_052800.wav
1263.0,1266.0,Pipilo erythrophthalmus,Eastern Towhee,0.9442,D:\Bird_Anuran_ARUs\IF06\SMM2-31_20260403_052800.wav
1269.0,1272.0,Pipilo erythrophthalmus,Eastern Towhee,0.7452,D:\Bird_Anuran_ARUs\IF06\SMM2-31_20260403_052800.wav
1275.0,1278.0,Pipilo erythrophthalmus,Eastern Towhee,0.7931,D:\Bird_Anuran_ARUs\IF06\SMM2-31_20260403_052800.wav
1278.0,1281.0,Seiurus aurocapilla,Ovenbird,0.8787,D:\Bird_Anuran_ARUs\IF06\SMM2-31_20260403_052800.wav
1278.0,1281.0,Pipilo erythrophthalmus,Eastern Towhee,0.5955,D:\Bird_Anuran_ARUs\IF06\SMM2-31_20260403_052800.wav
1281.0,1284.0,Seiurus aurocapilla,Ovenbird,0.6257,D:\Bird_Anuran_ARUs\IF06\SMM2-31_20260403_052800.wav
1284.0,1287.0,Pipilo erythrophthalmus,Eastern Towhee,0.7891,D:\Bird_Anuran_ARUs\IF06\SMM2-31_20260403_052800.wav
1287.0,1290.0,Cardinalis cardinalis,Northern Cardinal,0.3573,D:\Bird_Anuran_ARUs\IF06\SMM2-31_20260403_052800.wav
1296.0,1299.0,Setophaga pinus,Pine Warbler,0.7587,D:\Bird_Anuran_ARUs\IF06\SMM2-31_20260403_052800.wav
1302.0,1305.0,Cardinalis cardinalis,Northern Cardinal,0.3685,D:\Bird_Anuran_ARUs\IF06\SMM2-31_20260403_052800.wav
1305.0,1308.0,Setophaga pinus,Pine Warbler,0.4189,D:\Bird_Anuran_ARUs\IF06\SMM2-31_20260403_052800.wav
1311.0,1314.0,Baeolophus bicolor,Tufted Titmouse,0.4584,D:\Bird_Anuran_ARUs\IF06\SMM2-31_20260403_052800.wav
1311.0,1314.0,Corvus brachyrhynchos,American Crow,0.2653,D:\Bird_Anuran_ARUs\IF06\SMM2-31_20260403_052800.wav
1314.0,1317.0,Pipilo erythrophthalmus,Eastern Towhee,0.7250,D:\Bird_Anuran_ARUs\IF06\SMM2-31_20260403_052800.wav
1317.0,1320.0,Cardinalis cardinalis,Northern Cardinal,0.7003,D:\Bird_Anuran_ARUs\IF06\SMM2-31_20260403_052800.wav
1320.0,1323.0,Pipilo erythrophthalmus,Eastern Towhee,0.9124,D:\Bird_Anuran_ARUs\IF06\SMM2-31_20260403_052800.wav
1323.0,1326.0,Cardinalis cardinalis,Northern Cardinal,0.6577,D:\Bird_Anuran_ARUs\IF06\SMM2-31_20260403_052800.wav
1329.0,1332.0,Pipilo erythrophthalmus,Eastern Towhee,0.4002,D:\Bird_Anuran_ARUs\IF06\SMM2-31_20260403_052800.wav
1329.0,1332.0,Seiurus aurocapilla,Ovenbird,0.3186,D:\Bird_Anuran_ARUs\IF06\SMM2-31_20260403_052800.wav
1329.0,1332.0,Cardinalis cardinalis,Northern Cardinal,0.2638,D:\Bird_Anuran_ARUs\IF06\SMM2-31_20260403_052800.wav
1332.0,1335.0,Seiurus aurocapilla,Ovenbird,0.6047,D:\Bird_Anuran_ARUs\IF06\SMM2-31_20260403_052800.wav
1332.0,1335.0,Corvus brachyrhynchos,American Crow,0.5708,D:\Bird_Anuran_ARUs\IF06\SMM2-31_20260403_052800.wav
1335.0,1338.0,Cardinalis cardinalis,Northern Cardinal,0.6705,D:\Bird_Anuran_ARUs\IF06\SMM2-31_20260403_052800.wav
1338.0,1341.0,Pipilo erythrophthalmus,Eastern Towhee,0.9149,D:\Bird_Anuran_ARUs\IF06\SMM2-31_20260403_052800.wav
1341.0,1344.0,Cardinalis cardinalis,Northern Cardinal,0.9739,D:\Bird_Anuran_ARUs\IF06\SMM2-31_20260403_052800.wav
1344.0,1347.0,Pipilo erythrophthalmus,Eastern Towhee,0.7307,D:\Bird_Anuran_ARUs\IF06\SMM2-31_20260403_052800.wav
1347.0,1350.0,Seiurus aurocapilla,Ovenbird,0.9540,D:\Bird_Anuran_ARUs\IF06\SMM2-31_20260403_052800.wav
1347.0,1350.0,Cardinalis cardinalis,Northern Cardinal,0.5241,D:\Bird_Anuran_ARUs\IF06\SMM2-31_20260403_052800.wav
1350.0,1353.0,Seiurus aurocapilla,Ovenbird,0.6775,D:\Bird_Anuran_ARUs\IF06\SMM2-31_20260403_052800.wav
1350.0,1353.0,Cardinalis cardinalis,Northern Cardinal,0.2612,D:\Bird_Anuran_ARUs\IF06\SMM2-31_20260403_052800.wav
1353.0,1356.0,Pipilo erythrophthalmus,Eastern Towhee,0.8255,D:\Bird_Anuran_ARUs\IF06\SMM2-31_20260403_052800.wav
1353.0,1356.0,Cardinalis cardinalis,Northern Cardinal,0.5007,D:\Bird_Anuran_ARUs\IF06\SMM2-31_20260403_052800.wav
1359.0,1362.0,Cardinalis cardinalis,Northern Cardinal,0.4832,D:\Bird_Anuran_ARUs\IF06\SMM2-31_20260403_052800.wav
1362.0,1365.0,Pipilo erythrophthalmus,Eastern Towhee,0.9185,D:\Bird_Anuran_ARUs\IF06\SMM2-31_20260403_052800.wav
1365.0,1368.0,Seiurus aurocapilla,Ovenbird,0.4920,D:\Bird_Anuran_ARUs\IF06\SMM2-31_20260403_052800.wav
1368.0,1371.0,Seiurus aurocapilla,Ovenbird,0.7650,D:\Bird_Anuran_ARUs\IF06\SMM2-31_20260403_052800.wav
1368.0,1371.0,Piranga olivacea,Scarlet Tanager,0.3778,D:\Bird_Anuran_ARUs\IF06\SMM2-31_20260403_052800.wav
1371.0,1374.0,Pipilo erythrophthalmus,Eastern Towhee,0.9038,D:\Bird_Anuran_ARUs\IF06\SMM2-31_20260403_052800.wav
1377.0,1380.0,Pipilo erythrophthalmus,Eastern Towhee,0.3716,D:\Bird_Anuran_ARUs\IF06\SMM2-31_20260403_052800.wav
1386.0,1389.0,Pipilo erythrophthalmus,Eastern Towhee,0.9232,D:\Bird_Anuran_ARUs\IF06\SMM2-31_20260403_052800.wav
1389.0,1392.0,Setophaga pinus,Pine Warbler,0.8197,D:\Bird_Anuran_ARUs\IF06\SMM2-31_20260403_052800.wav
1392.0,1395.0,Seiurus aurocapilla,Ovenbird,0.7386,D:\Bird_Anuran_ARUs\IF06\SMM2-31_20260403_052800.wav
1395.0,1398.0,Pipilo erythrophthalmus,Eastern Towhee,0.3544,D:\Bird_Anuran_ARUs\IF06\SMM2-31_20260403_052800.wav
1401.0,1404.0,Pipilo erythrophthalmus,Eastern Towhee,0.8636,D:\Bird_Anuran_ARUs\IF06\SMM2-31_20260403_052800.wav
1407.0,1410.0,Pipilo erythrophthalmus,Eastern Towhee,0.2706,D:\Bird_Anuran_ARUs\IF06\SMM2-31_20260403_052800.wav
1410.0,1413.0,Pipilo erythrophthalmus,Eastern Towhee,0.9044,D:\Bird_Anuran_ARUs\IF06\SMM2-31_20260403_052800.wav
1416.0,1419.0,Pipilo erythrophthalmus,Eastern Towhee,0.9379,D:\Bird_Anuran_ARUs\IF06\SMM2-31_20260403_052800.wav
1416.0,1419.0,Seiurus aurocapilla,Ovenbird,0.6541,D:\Bird_Anuran_ARUs\IF06\SMM2-31_20260403_052800.wav
1422.0,1425.0,Pipilo erythrophthalmus,Eastern Towhee,0.9353,D:\Bird_Anuran_ARUs\IF06\SMM2-31_20260403_052800.wav
1431.0,1434.0,Pipilo erythrophthalmus,Eastern Towhee,0.8906,D:\Bird_Anuran_ARUs\IF06\SMM2-31_20260403_052800.wav
1437.0,1440.0,Pipilo erythrophthalmus,Eastern Towhee,0.9844,D:\Bird_Anuran_ARUs\IF06\SMM2-31_20260403_052800.wav
1440.0,1443.0,Seiurus aurocapilla,Ovenbird,0.9141,D:\Bird_Anuran_ARUs\IF06\SMM2-31_20260403_052800.wav
1443.0,1446.0,Setophaga pinus,Pine Warbler,0.3904,D:\Bird_Anuran_ARUs\IF06\SMM2-31_20260403_052800.wav
1443.0,1446.0,Seiurus aurocapilla,Ovenbird,0.3598,D:\Bird_Anuran_ARUs\IF06\SMM2-31_20260403_052800.wav
1446.0,1449.0,Pipilo erythrophthalmus,Eastern Towhee,0.7594,D:\Bird_Anuran_ARUs\IF06\SMM2-31_20260403_052800.wav
1452.0,1455.0,Pipilo erythrophthalmus,Eastern Towhee,0.8769,D:\Bird_Anuran_ARUs\IF06\SMM2-31_20260403_052800.wav
1458.0,1461.0,Piranga olivacea,Scarlet Tanager,0.6512,D:\Bird_Anuran_ARUs\IF06\SMM2-31_20260403_052800.wav
1461.0,1464.0,Pipilo erythrophthalmus,Eastern Towhee,0.8336,D:\Bird_Anuran_ARUs\IF06\SMM2-31_20260403_052800.wav
1467.0,1470.0,Pipilo erythrophthalmus,Eastern Towhee,0.8494,D:\Bird_Anuran_ARUs\IF06\SMM2-31_20260403_052800.wav
1470.0,1473.0,Seiurus aurocapilla,Ovenbird,0.7045,D:\Bird_Anuran_ARUs\IF06\SMM2-31_20260403_052800.wav
1473.0,1476.0,Pipilo erythrophthalmus,Eastern Towhee,0.8841,D:\Bird_Anuran_ARUs\IF06\SMM2-31_20260403_052800.wav
1473.0,1476.0,Seiurus aurocapilla,Ovenbird,0.5063,D:\Bird_Anuran_ARUs\IF06\SMM2-31_20260403_052800.wav
1476.0,1479.0,Pipilo erythrophthalmus,Eastern Towhee,0.7562,D:\Bird_Anuran_ARUs\IF06\SMM2-31_20260403_052800.wav
1482.0,1485.0,Pipilo erythrophthalmus,Eastern Towhee,0.7704,D:\Bird_Anuran_ARUs\IF06\SMM2-31_20260403_052800.wav
1488.0,1491.0,Pipilo erythrophthalmus,Eastern Towhee,0.8844,D:\Bird_Anuran_ARUs\IF06\SMM2-31_20260403_052800.wav
1497.0,1500.0,Pipilo erythrophthalmus,Eastern Towhee,0.7455,D:\Bird_Anuran_ARUs\IF06\SMM2-31_20260403_052800.wav
1500.0,1503.0,Seiurus aurocapilla,Ovenbird,0.7654,D:\Bird_Anuran_ARUs\IF06\SMM2-31_20260403_052800.wav
1506.0,1509.0,Pipilo erythrophthalmus,Eastern Towhee,0.7740,D:\Bird_Anuran_ARUs\IF06\SMM2-31_20260403_052800.wav
1512.0,1515.0,Pipilo erythrophthalmus,Eastern Towhee,0.9500,D:\Bird_Anuran_ARUs\IF06\SMM2-31_20260403_052800.wav
1521.0,1524.0,Pipilo erythrophthalmus,Eastern Towhee,0.7392,D:\Bird_Anuran_ARUs\IF06\SMM2-31_20260403_052800.wav
1527.0,1530.0,Pipilo erythrophthalmus,Eastern Towhee,0.8354,D:\Bird_Anuran_ARUs\IF06\SMM2-31_20260403_052800.wav
1530.0,1533.0,Pipilo erythrophthalmus,Eastern Towhee,0.8623,D:\Bird_Anuran_ARUs\IF06\SMM2-31_20260403_052800.wav
1533.0,1536.0,Seiurus aurocapilla,Ovenbird,0.4181,D:\Bird_Anuran_ARUs\IF06\SMM2-31_20260403_052800.wav
1536.0,1539.0,Seiurus aurocapilla,Ovenbird,0.8141,D:\Bird_Anuran_ARUs\IF06\SMM2-31_20260403_052800.wav
1536.0,1539.0,Pipilo erythrophthalmus,Eastern Towhee,0.4581,D:\Bird_Anuran_ARUs\IF06\SMM2-31_20260403_052800.wav
1539.0,1542.0,Setophaga pinus,Pine Warbler,0.2948,D:\Bird_Anuran_ARUs\IF06\SMM2-31_20260403_052800.wav
1551.0,1554.0,Pipilo erythrophthalmus,Eastern Towhee,0.4945,D:\Bird_Anuran_ARUs\IF06\SMM2-31_20260403_052800.wav
1566.0,1569.0,Seiurus aurocapilla,Ovenbird,0.8804,D:\Bird_Anuran_ARUs\IF06\SMM2-31_20260403_052800.wav
1569.0,1572.0,Strix varia,Barred Owl,0.6513,D:\Bird_Anuran_ARUs\IF06\SMM2-31_20260403_052800.wav
1578.0,1581.0,Pipilo erythrophthalmus,Eastern Towhee,0.7182,D:\Bird_Anuran_ARUs\IF06\SMM2-31_20260403_052800.wav
1581.0,1584.0,Setophaga pinus,Pine Warbler,0.5881,D:\Bird_Anuran_ARUs\IF06\SMM2-31_20260403_052800.wav
1593.0,1596.0,Pipilo erythrophthalmus,Eastern Towhee,0.3062,D:\Bird_Anuran_ARUs\IF06\SMM2-31_20260403_052800.wav
1596.0,1599.0,Seiurus aurocapilla,Ovenbird,0.6924,D:\Bird_Anuran_ARUs\IF06\SMM2-31_20260403_052800.wav
1608.0,1611.0,Strix varia,Barred Owl,0.3300,D:\Bird_Anuran_ARUs\IF06\SMM2-31_20260403_052800.wav
1611.0,1614.0,Pipilo erythrophthalmus,Eastern Towhee,0.3185,D:\Bird_Anuran_ARUs\IF06\SMM2-31_20260403_052800.wav
1620.0,1623.0,Seiurus aurocapilla,Ovenbird,0.3258,D:\Bird_Anuran_ARUs\IF06\SMM2-31_20260403_052800.wav
1629.0,1632.0,Seiurus aurocapilla,Ovenbird,0.9321,D:\Bird_Anuran_ARUs\IF06\SMM2-31_20260403_052800.wav
1638.0,1641.0,Corvus brachyrhynchos,American Crow,0.7806,D:\Bird_Anuran_ARUs\IF06\SMM2-31_20260403_052800.wav
1653.0,1656.0,Seiurus aurocapilla,Ovenbird,0.5813,D:\Bird_Anuran_ARUs\IF06\SMM2-31_20260403_052800.wav
1656.0,1659.0,Seiurus aurocapilla,Ovenbird,0.5121,D:\Bird_Anuran_ARUs\IF06\SMM2-31_20260403_052800.wav
1659.0,1662.0,Pipilo erythrophthalmus,Eastern Towhee,0.4136,D:\Bird_Anuran_ARUs\IF06\SMM2-31_20260403_052800.wav
1659.0,1662.0,Corvus brachyrhynchos,American Crow,0.2903,D:\Bird_Anuran_ARUs\IF06\SMM2-31_20260403_052800.wav
1665.0,1668.0,Setophaga pinus,Pine Warbler,0.2675,D:\Bird_Anuran_ARUs\IF06\SMM2-31_20260403_052800.wav
1671.0,1674.0,Melanerpes carolinus,Red-bellied Woodpecker,0.6280,D:\Bird_Anuran_ARUs\IF06\SMM2-31_20260403_052800.wav
1677.0,1680.0,Setophaga pinus,Pine Warbler,0.5915,D:\Bird_Anuran_ARUs\IF06\SMM2-31_20260403_052800.wav
1680.0,1683.0,Seiurus aurocapilla,Ovenbird,0.9539,D:\Bird_Anuran_ARUs\IF06\SMM2-31_20260403_052800.wav
1680.0,1683.0,Corvus brachyrhynchos,American Crow,0.6936,D:\Bird_Anuran_ARUs\IF06\SMM2-31_20260403_052800.wav
1683.0,1686.0,Seiurus aurocapilla,Ovenbird,0.9392,D:\Bird_Anuran_ARUs\IF06\SMM2-31_20260403_052800.wav
1686.0,1689.0,Setophaga pinus,Pine Warbler,0.4341,D:\Bird_Anuran_ARUs\IF06\SMM2-31_20260403_052800.wav
1692.0,1695.0,Corvus brachyrhynchos,American Crow,0.5429,D:\Bird_Anuran_ARUs\IF06\SMM2-31_20260403_052800.wav
1695.0,1698.0,Corvus brachyrhynchos,American Crow,0.7302,D:\Bird_Anuran_ARUs\IF06\SMM2-31_20260403_052800.wav
1698.0,1701.0,Pipilo erythrophthalmus,Eastern Towhee,0.3458,D:\Bird_Anuran_ARUs\IF06\SMM2-31_20260403_052800.wav
1704.0,1707.0,Setophaga pinus,Pine Warbler,0.4316,D:\Bird_Anuran_ARUs\IF06\SMM2-31_20260403_052800.wav
1707.0,1710.0,Seiurus aurocapilla,Ovenbird,0.8713,D:\Bird_Anuran_ARUs\IF06\SMM2-31_20260403_052800.wav
1707.0,1710.0,Corvus brachyrhynchos,American Crow,0.3075,D:\Bird_Anuran_ARUs\IF06\SMM2-31_20260403_052800.wav
1710.0,1713.0,Seiurus aurocapilla,Ovenbird,0.4913,D:\Bird_Anuran_ARUs\IF06\SMM2-31_20260403_052800.wav
1710.0,1713.0,Setophaga citrina,Hooded Warbler,0.4130,D:\Bird_Anuran_ARUs\IF06\SMM2-31_20260403_052800.wav
1710.0,1713.0,Corvus brachyrhynchos,American Crow,0.3545,D:\Bird_Anuran_ARUs\IF06\SMM2-31_20260403_052800.wav
1713.0,1716.0,Setophaga pinus,Pine Warbler,0.5012,D:\Bird_Anuran_ARUs\IF06\SMM2-31_20260403_052800.wav
1716.0,1719.0,Corvus brachyrhynchos,American Crow,0.4200,D:\Bird_Anuran_ARUs\IF06\SMM2-31_20260403_052800.wav
1719.0,1722.0,Corvus brachyrhynchos,American Crow,0.9752,D:\Bird_Anuran_ARUs\IF06\SMM2-31_20260403_052800.wav
1719.0,1722.0,Pipilo erythrophthalmus,Eastern Towhee,0.7325,D:\Bird_Anuran_ARUs\IF06\SMM2-31_20260403_052800.wav
1722.0,1725.0,Setophaga pinus,Pine Warbler,0.6894,D:\Bird_Anuran_ARUs\IF06\SMM2-31_20260403_052800.wav
1722.0,1725.0,Corvus brachyrhynchos,American Crow,0.3051,D:\Bird_Anuran_ARUs\IF06\SMM2-31_20260403_052800.wav
1728.0,1731.0,Pipilo erythrophthalmus,Eastern Towhee,0.7283,D:\Bird_Anuran_ARUs\IF06\SMM2-31_20260403_052800.wav
1731.0,1734.0,Seiurus aurocapilla,Ovenbird,0.8334,D:\Bird_Anuran_ARUs\IF06\SMM2-31_20260403_052800.wav
1731.0,1734.0,Pipilo erythrophthalmus,Eastern Towhee,0.2657,D:\Bird_Anuran_ARUs\IF06\SMM2-31_20260403_052800.wav
1734.0,1737.0,Setophaga pinus,Pine Warbler,0.4386,D:\Bird_Anuran_ARUs\IF06\SMM2-31_20260403_052800.wav
1734.0,1737.0,Pipilo erythrophthalmus,Eastern Towhee,0.2552,D:\Bird_Anuran_ARUs\IF06\SMM2-31_20260403_052800.wav
1737.0,1740.0,Setophaga pinus,Pine Warbler,0.4022,D:\Bird_Anuran_ARUs\IF06\SMM2-31_20260403_052800.wav
1740.0,1743.0,Pipilo erythrophthalmus,Eastern Towhee,0.8258,D:\Bird_Anuran_ARUs\IF06\SMM2-31_20260403_052800.wav
1749.0,1752.0,Pipilo erythrophthalmus,Eastern Towhee,0.9864,D:\Bird_Anuran_ARUs\IF06\SMM2-31_20260403_052800.wav
1752.0,1755.0,Setophaga pinus,Pine Warbler,0.3480,D:\Bird_Anuran_ARUs\IF06\SMM2-31_20260403_052800.wav
1755.0,1758.0,Seiurus aurocapilla,Ovenbird,0.9703,D:\Bird_Anuran_ARUs\IF06\SMM2-31_20260403_052800.wav
1758.0,1761.0,Setophaga pinus,Pine Warbler,0.8169,D:\Bird_Anuran_ARUs\IF06\SMM2-31_20260403_052800.wav
1761.0,1764.0,Pipilo erythrophthalmus,Eastern Towhee,0.7886,D:\Bird_Anuran_ARUs\IF06\SMM2-31_20260403_052800.wav
1761.0,1764.0,Corvus brachyrhynchos,American Crow,0.7766,D:\Bird_Anuran_ARUs\IF06\SMM2-31_20260403_052800.wav
1773.0,1776.0,Setophaga pinus,Pine Warbler,0.4795,D:\Bird_Anuran_ARUs\IF06\SMM2-31_20260403_052800.wav
1779.0,1782.0,Corvus brachyrhynchos,American Crow,0.5835,D:\Bird_Anuran_ARUs\IF06\SMM2-31_20260403_052800.wav
1779.0,1782.0,Pipilo erythrophthalmus,Eastern Towhee,0.3846,D:\Bird_Anuran_ARUs\IF06\SMM2-31_20260403_052800.wav
1782.0,1785.0,Seiurus aurocapilla,Ovenbird,0.5869,D:\Bird_Anuran_ARUs\IF06\SMM2-31_20260403_052800.wav
1788.0,1791.0,Corvus brachyrhynchos,American Crow,0.9564,D:\Bird_Anuran_ARUs\IF06\SMM2-31_20260403_052800.wav
1788.0,1791.0,Pipilo erythrophthalmus,Eastern Towhee,0.9328,D:\Bird_Anuran_ARUs\IF06\SMM2-31_20260403_052800.wav
1791.0,1794.0,Dryocopus pileatus,Pileated Woodpecker,0.4240,D:\Bird_Anuran_ARUs\IF06\SMM2-31_20260403_052800.wav
1794.0,1797.0,Pipilo erythrophthalmus,Eastern Towhee,0.6215,D:\Bird_Anuran_ARUs\IF06\SMM2-31_20260403_052800.wav
1797.0,1800.0,Pipilo erythrophthalmus,Eastern Towhee,0.6441,D:\Bird_Anuran_ARUs\IF06\SMM2-31_20260403_052800.wav
1797.0,1800.0,Corvus brachyrhynchos,American Crow,0.5456,D:\Bird_Anuran_ARUs\IF06\SMM2-31_20260403_052800.wav
1797.0,1800.0,Setophaga pinus,Pine Warbler,0.3721,D:\Bird_Anuran_ARUs\IF06\SMM2-31_20260403_052800.wav
1800.0,1803.0,Pipilo erythrophthalmus,Eastern Towhee,0.7516,D:\Bird_Anuran_ARUs\IF06\SMM2-31_20260403_052800.wav
1800.0,1803.0,Corvus brachyrhynchos,American Crow,0.3039,D:\Bird_Anuran_ARUs\IF06\SMM2-31_20260403_052800.wav
1803.0,1806.0,Seiurus aurocapilla,Ovenbird,0.6685,D:\Bird_Anuran_ARUs\IF06\SMM2-31_20260403_052800.wav
1806.0,1809.0,Seiurus aurocapilla,Ovenbird,0.4908,D:\Bird_Anuran_ARUs\IF06\SMM2-31_20260403_052800.wav
1815.0,1818.0,Pipilo erythrophthalmus,Eastern Towhee,0.4017,D:\Bird_Anuran_ARUs\IF06\SMM2-31_20260403_052800.wav
1821.0,1824.0,Setophaga pinus,Pine Warbler,0.3727,D:\Bird_Anuran_ARUs\IF06\SMM2-31_20260403_052800.wav
1821.0,1824.0,Pipilo erythrophthalmus,Eastern Towhee,0.2579,D:\Bird_Anuran_ARUs\IF06\SMM2-31_20260403_052800.wav
1824.0,1827.0,Pipilo erythrophthalmus,Eastern Towhee,0.4319,D:\Bird_Anuran_ARUs\IF06\SMM2-31_20260403_052800.wav
1824.0,1827.0,Setophaga pinus,Pine Warbler,0.4305,D:\Bird_Anuran_ARUs\IF06\SMM2-31_20260403_052800.wav
1827.0,1830.0,Dryocopus pileatus,Pileated Woodpecker,0.5011,D:\Bird_Anuran_ARUs\IF06\SMM2-31_20260403_052800.wav
1839.0,1842.0,Pipilo erythrophthalmus,Eastern Towhee,0.7371,D:\Bird_Anuran_ARUs\IF06\SMM2-31_20260403_052800.wav
1842.0,1845.0,Pipilo erythrophthalmus,Eastern Towhee,0.3927,D:\Bird_Anuran_ARUs\IF06\SMM2-31_20260403_052800.wav
1848.0,1851.0,Pipilo erythrophthalmus,Eastern Towhee,0.7600,D:\Bird_Anuran_ARUs\IF06\SMM2-31_20260403_052800.wav
1851.0,1854.0,Seiurus aurocapilla,Ovenbird,0.5775,D:\Bird_Anuran_ARUs\IF06\SMM2-31_20260403_052800.wav
1854.0,1857.0,Pipilo erythrophthalmus,Eastern Towhee,0.8297,D:\Bird_Anuran_ARUs\IF06\SMM2-31_20260403_052800.wav
1863.0,1866.0,Pipilo erythrophthalmus,Eastern Towhee,0.9393,D:\Bird_Anuran_ARUs\IF06\SMM2-31_20260403_052800.wav
1866.0,1869.0,Setophaga pinus,Pine Warbler,0.4942,D:\Bird_Anuran_ARUs\IF06\SMM2-31_20260403_052800.wav
1869.0,1872.0,Seiurus aurocapilla,Ovenbird,0.9616,D:\Bird_Anuran_ARUs\IF06\SMM2-31_20260403_052800.wav
1872.0,1875.0,Setophaga pinus,Pine Warbler,0.3102,D:\Bird_Anuran_ARUs\IF06\SMM2-31_20260403_052800.wav
1878.0,1881.0,Pipilo erythrophthalmus,Eastern Towhee,0.4273,D:\Bird_Anuran_ARUs\IF06\SMM2-31_20260403_052800.wav
1881.0,1884.0,Setophaga pinus,Pine Warbler,0.6555,D:\Bird_Anuran_ARUs\IF06\SMM2-31_20260403_052800.wav
1884.0,1887.0,Pipilo erythrophthalmus,Eastern Towhee,0.8399,D:\Bird_Anuran_ARUs\IF06\SMM2-31_20260403_052800.wav
1890.0,1893.0,Seiurus aurocapilla,Ovenbird,0.9005,D:\Bird_Anuran_ARUs\IF06\SMM2-31_20260403_052800.wav
1893.0,1896.0,Dryocopus pileatus,Pileated Woodpecker,0.7164,D:\Bird_Anuran_ARUs\IF06\SMM2-31_20260403_052800.wav
1893.0,1896.0,Seiurus aurocapilla,Ovenbird,0.3719,D:\Bird_Anuran_ARUs\IF06\SMM2-31_20260403_052800.wav
1896.0,1899.0,Pipilo erythrophthalmus,Eastern Towhee,0.8277,D:\Bird_Anuran_ARUs\IF06\SMM2-31_20260403_052800.wav
1905.0,1908.0,Pipilo erythrophthalmus,Eastern Towhee,0.9266,D:\Bird_Anuran_ARUs\IF06\SMM2-31_20260403_052800.wav
1911.0,1914.0,Corvus brachyrhynchos,American Crow,0.4996,D:\Bird_Anuran_ARUs\IF06\SMM2-31_20260403_052800.wav
1911.0,1914.0,Seiurus aurocapilla,Ovenbird,0.3341,D:\Bird_Anuran_ARUs\IF06\SMM2-31_20260403_052800.wav
1914.0,1917.0,Seiurus aurocapilla,Ovenbird,0.9067,D:\Bird_Anuran_ARUs\IF06\SMM2-31_20260403_052800.wav
1914.0,1917.0,Corvus brachyrhynchos,American Crow,0.2594,D:\Bird_Anuran_ARUs\IF06\SMM2-31_20260403_052800.wav
1917.0,1920.0,Pipilo erythrophthalmus,Eastern Towhee,0.8777,D:\Bird_Anuran_ARUs\IF06\SMM2-31_20260403_052800.wav
1926.0,1929.0,Pipilo erythrophthalmus,Eastern Towhee,0.8465,D:\Bird_Anuran_ARUs\IF06\SMM2-31_20260403_052800.wav
1932.0,1935.0,Pipilo erythrophthalmus,Eastern Towhee,0.4981,D:\Bird_Anuran_ARUs\IF06\SMM2-31_20260403_052800.wav
1935.0,1938.0,Pipilo erythrophthalmus,Eastern Towhee,0.6315,D:\Bird_Anuran_ARUs\IF06\SMM2-31_20260403_052800.wav
1941.0,1944.0,Seiurus aurocapilla,Ovenbird,0.9446,D:\Bird_Anuran_ARUs\IF06\SMM2-31_20260403_052800.wav
1944.0,1947.0,Seiurus aurocapilla,Ovenbird,0.7456,D:\Bird_Anuran_ARUs\IF06\SMM2-31_20260403_052800.wav
1947.0,1950.0,Parkesia motacilla,Louisiana Waterthrush,0.3509,D:\Bird_Anuran_ARUs\IF06\SMM2-31_20260403_052800.wav
1953.0,1956.0,Molothrus ater,Brown-headed Cowbird,0.6054,D:\Bird_Anuran_ARUs\IF06\SMM2-31_20260403_052800.wav
1956.0,1959.0,Molothrus ater,Brown-headed Cowbird,0.8342,D:\Bird_Anuran_ARUs\IF06\SMM2-31_20260403_052800.wav
1959.0,1962.0,Molothrus ater,Brown-headed Cowbird,0.9226,D:\Bird_Anuran_ARUs\IF06\SMM2-31_20260403_052800.wav
1962.0,1965.0,Setophaga pinus,Pine Warbler,0.5292,D:\Bird_Anuran_ARUs\IF06\SMM2-31_20260403_052800.wav
1965.0,1968.0,Pipilo erythrophthalmus,Eastern Towhee,0.2700,D:\Bird_Anuran_ARUs\IF06\SMM2-31_20260403_052800.wav
1968.0,1971.0,Setophaga pinus,Pine Warbler,0.6259,D:\Bird_Anuran_ARUs\IF06\SMM2-31_20260403_052800.wav
1971.0,1974.0,Seiurus aurocapilla,Ovenbird,0.8970,D:\Bird_Anuran_ARUs\IF06\SMM2-31_20260403_052800.wav
1971.0,1974.0,Cardinalis cardinalis,Northern Cardinal,0.2759,D:\Bird_Anuran_ARUs\IF06\SMM2-31_20260403_052800.wav
1974.0,1977.0,Molothrus ater,Brown-headed Cowbird,0.2739,D:\Bird_Anuran_ARUs\IF06\SMM2-31_20260403_052800.wav
1974.0,1977.0,Pipilo erythrophthalmus,Eastern Towhee,0.2655,D:\Bird_Anuran_ARUs\IF06\SMM2-31_20260403_052800.wav
1980.0,1983.0,Pipilo erythrophthalmus,Eastern Towhee,0.5180,D:\Bird_Anuran_ARUs\IF06\SMM2-31_20260403_052800.wav
1983.0,1986.0,Pipilo erythrophthalmus,Eastern Towhee,0.2897,D:\Bird_Anuran_ARUs\IF06\SMM2-31_20260403_052800.wav
1983.0,1986.0,Molothrus ater,Brown-headed Cowbird,0.2664,D:\Bird_Anuran_ARUs\IF06\SMM2-31_20260403_052800.wav
1986.0,1989.0,Cardinalis cardinalis,Northern Cardinal,0.2640,D:\Bird_Anuran_ARUs\IF06\SMM2-31_20260403_052800.wav
1992.0,1995.0,Seiurus aurocapilla,Ovenbird,0.3878,D:\Bird_Anuran_ARUs\IF06\SMM2-31_20260403_052800.wav
1995.0,1998.0,Setophaga pinus,Pine Warbler,0.7410,D:\Bird_Anuran_ARUs\IF06\SMM2-31_20260403_052800.wav
1995.0,1998.0,Pipilo erythrophthalmus,Eastern Towhee,0.7400,D:\Bird_Anuran_ARUs\IF06\SMM2-31_20260403_052800.wav
1998.0,2001.0,Pipilo erythrophthalmus,Eastern Towhee,0.9964,D:\Bird_Anuran_ARUs\IF06\SMM2-31_20260403_052800.wav
1998.0,2001.0,Corvus brachyrhynchos,American Crow,0.8789,D:\Bird_Anuran_ARUs\IF06\SMM2-31_20260403_052800.wav
2004.0,2007.0,Pipilo erythrophthalmus,Eastern Towhee,0.9921,D:\Bird_Anuran_ARUs\IF06\SMM2-31_20260403_052800.wav
2010.0,2013.0,Pipilo erythrophthalmus,Eastern Towhee,0.7356,D:\Bird_Anuran_ARUs\IF06\SMM2-31_20260403_052800.wav
2013.0,2016.0,Seiurus aurocapilla,Ovenbird,0.5688,D:\Bird_Anuran_ARUs\IF06\SMM2-31_20260403_052800.wav
2019.0,2022.0,Pipilo erythrophthalmus,Eastern Towhee,0.9845,D:\Bird_Anuran_ARUs\IF06\SMM2-31_20260403_052800.wav
2022.0,2025.0,Molothrus ater,Brown-headed Cowbird,0.6485,D:\Bird_Anuran_ARUs\IF06\SMM2-31_20260403_052800.wav
2022.0,2025.0,Corvus brachyrhynchos,American Crow,0.2573,D:\Bird_Anuran_ARUs\IF06\SMM2-31_20260403_052800.wav
2025.0,2028.0,Pipilo erythrophthalmus,Eastern Towhee,0.8261,D:\Bird_Anuran_ARUs\IF06\SMM2-31_20260403_052800.wav
2028.0,2031.0,Molothrus ater,Brown-headed Cowbird,0.3017,D:\Bird_Anuran_ARUs\IF06\SMM2-31_20260403_052800.wav
2031.0,2034.0,Pipilo erythrophthalmus,Eastern Towhee,0.8345,D:\Bird_Anuran_ARUs\IF06\SMM2-31_20260403_052800.wav
2034.0,2037.0,Pipilo erythrophthalmus,Eastern Towhee,0.7258,D:\Bird_Anuran_ARUs\IF06\SMM2-31_20260403_052800.wav
2034.0,2037.0,Seiurus aurocapilla,Ovenbird,0.4746,D:\Bird_Anuran_ARUs\IF06\SMM2-31_20260403_052800.wav
2037.0,2040.0,Seiurus aurocapilla,Ovenbird,0.5990,D:\Bird_Anuran_ARUs\IF06\SMM2-31_20260403_052800.wav
2040.0,2043.0,Pipilo erythrophthalmus,Eastern Towhee,0.8888,D:\Bird_Anuran_ARUs\IF06\SMM2-31_20260403_052800.wav
2043.0,2046.0,Molothrus ater,Brown-headed Cowbird,0.8320,D:\Bird_Anuran_ARUs\IF06\SMM2-31_20260403_052800.wav
2046.0,2049.0,Pipilo erythrophthalmus,Eastern Towhee,0.9174,D:\Bird_Anuran_ARUs\IF06\SMM2-31_20260403_052800.wav
2055.0,2058.0,Pipilo erythrophthalmus,Eastern Towhee,0.7911,D:\Bird_Anuran_ARUs\IF06\SMM2-31_20260403_052800.wav
2064.0,2067.0,Molothrus ater,Brown-headed Cowbird,0.4807,D:\Bird_Anuran_ARUs\IF06\SMM2-31_20260403_052800.wav
2067.0,2070.0,Pipilo erythrophthalmus,Eastern Towhee,0.3430,D:\Bird_Anuran_ARUs\IF06\SMM2-31_20260403_052800.wav
2076.0,2079.0,Pipilo erythrophthalmus,Eastern Towhee,0.8651,D:\Bird_Anuran_ARUs\IF06\SMM2-31_20260403_052800.wav
2082.0,2085.0,Dryocopus pileatus,Pileated Woodpecker,0.6307,D:\Bird_Anuran_ARUs\IF06\SMM2-31_20260403_052800.wav
2082.0,2085.0,Pipilo erythrophthalmus,Eastern Towhee,0.3958,D:\Bird_Anuran_ARUs\IF06\SMM2-31_20260403_052800.wav
2085.0,2088.0,Seiurus aurocapilla,Ovenbird,0.6160,D:\Bird_Anuran_ARUs\IF06\SMM2-31_20260403_052800.wav
2088.0,2091.0,Pipilo erythrophthalmus,Eastern Towhee,0.8420,D:\Bird_Anuran_ARUs\IF06\SMM2-31_20260403_052800.wav
2094.0,2097.0,Pipilo erythrophthalmus,Eastern Towhee,0.9426,D:\Bird_Anuran_ARUs\IF06\SMM2-31_20260403_052800.wav
2097.0,2100.0,Pipilo erythrophthalmus,Eastern Towhee,0.5055,D:\Bird_Anuran_ARUs\IF06\SMM2-31_20260403_052800.wav
2106.0,2109.0,Seiurus aurocapilla,Ovenbird,0.3239,D:\Bird_Anuran_ARUs\IF06\SMM2-31_20260403_052800.wav
2109.0,2112.0,Dryocopus pileatus,Pileated Woodpecker,0.8020,D:\Bird_Anuran_ARUs\IF06\SMM2-31_20260403_052800.wav
2112.0,2115.0,Pipilo erythrophthalmus,Eastern Towhee,0.7438,D:\Bird_Anuran_ARUs\IF06\SMM2-31_20260403_052800.wav
2118.0,2121.0,Pipilo erythrophthalmus,Eastern Towhee,0.9070,D:\Bird_Anuran_ARUs\IF06\SMM2-31_20260403_052800.wav
2121.0,2124.0,Geothlypis trichas,Common Yellowthroat,0.3129,D:\Bird_Anuran_ARUs\IF06\SMM2-31_20260403_052800.wav
2124.0,2127.0,Melanerpes erythrocephalus,Red-headed Woodpecker,0.5212,D:\Bird_Anuran_ARUs\IF06\SMM2-31_20260403_052800.wav
2127.0,2130.0,Pipilo erythrophthalmus,Eastern Towhee,0.6610,D:\Bird_Anuran_ARUs\IF06\SMM2-31_20260403_052800.wav
2130.0,2133.0,Seiurus aurocapilla,Ovenbird,0.8885,D:\Bird_Anuran_ARUs\IF06\SMM2-31_20260403_052800.wav
2133.0,2136.0,Seiurus aurocapilla,Ovenbird,0.8052,D:\Bird_Anuran_ARUs\IF06\SMM2-31_20260403_052800.wav
2133.0,2136.0,Pipilo erythrophthalmus,Eastern Towhee,0.4655,D:\Bird_Anuran_ARUs\IF06\SMM2-31_20260403_052800.wav
2136.0,2139.0,Pipilo erythrophthalmus,Eastern Towhee,0.5626,D:\Bird_Anuran_ARUs\IF06\SMM2-31_20260403_052800.wav
2139.0,2142.0,Dryocopus pileatus,Pileated Woodpecker,0.8313,D:\Bird_Anuran_ARUs\IF06\SMM2-31_20260403_052800.wav
2142.0,2145.0,Pipilo erythrophthalmus,Eastern Towhee,0.7550,D:\Bird_Anuran_ARUs\IF06\SMM2-31_20260403_052800.wav
2151.0,2154.0,Pipilo erythrophthalmus,Eastern Towhee,0.9501,D:\Bird_Anuran_ARUs\IF06\SMM2-31_20260403_052800.wav
2154.0,2157.0,Seiurus aurocapilla,Ovenbird,0.7951,D:\Bird_Anuran_ARUs\IF06\SMM2-31_20260403_052800.wav
2157.0,2160.0,Seiurus aurocapilla,Ovenbird,0.4980,D:\Bird_Anuran_ARUs\IF06\SMM2-31_20260403_052800.wav
2160.0,2163.0,Pipilo erythrophthalmus,Eastern Towhee,0.6490,D:\Bird_Anuran_ARUs\IF06\SMM2-31_20260403_052800.wav
2166.0,2169.0,Pipilo erythrophthalmus,Eastern Towhee,0.4864,D:\Bird_Anuran_ARUs\IF06\SMM2-31_20260403_052800.wav
2175.0,2178.0,Pipilo erythrophthalmus,Eastern Towhee,0.8490,D:\Bird_Anuran_ARUs\IF06\SMM2-31_20260403_052800.wav
2178.0,2181.0,Seiurus aurocapilla,Ovenbird,0.8422,D:\Bird_Anuran_ARUs\IF06\SMM2-31_20260403_052800.wav
2181.0,2184.0,Cardinalis cardinalis,Northern Cardinal,0.4735,D:\Bird_Anuran_ARUs\IF06\SMM2-31_20260403_052800.wav
2181.0,2184.0,Pipilo erythrophthalmus,Eastern Towhee,0.3104,D:\Bird_Anuran_ARUs\IF06\SMM2-31_20260403_052800.wav
2184.0,2187.0,Pipilo erythrophthalmus,Eastern Towhee,0.5462,D:\Bird_Anuran_ARUs\IF06\SMM2-31_20260403_052800.wav
2190.0,2193.0,Pipilo erythrophthalmus,Eastern Towhee,0.7785,D:\Bird_Anuran_ARUs\IF06\SMM2-31_20260403_052800.wav
2193.0,2196.0,Pipilo erythrophthalmus,Eastern Towhee,0.8128,D:\Bird_Anuran_ARUs\IF06\SMM2-31_20260403_052800.wav
2199.0,2202.0,Pipilo erythrophthalmus,Eastern Towhee,0.9141,D:\Bird_Anuran_ARUs\IF06\SMM2-31_20260403_052800.wav
2202.0,2205.0,Seiurus aurocapilla,Ovenbird,0.8487,D:\Bird_Anuran_ARUs\IF06\SMM2-31_20260403_052800.wav
2205.0,2208.0,Seiurus aurocapilla,Ovenbird,0.6199,D:\Bird_Anuran_ARUs\IF06\SMM2-31_20260403_052800.wav
2205.0,2208.0,Setophaga citrina,Hooded Warbler,0.2658,D:\Bird_Anuran_ARUs\IF06\SMM2-31_20260403_052800.wav
2208.0,2211.0,Pipilo erythrophthalmus,Eastern Towhee,0.6728,D:\Bird_Anuran_ARUs\IF06\SMM2-31_20260403_052800.wav
2214.0,2217.0,Pipilo erythrophthalmus,Eastern Towhee,0.9097,D:\Bird_Anuran_ARUs\IF06\SMM2-31_20260403_052800.wav
2217.0,2220.0,Pipilo erythrophthalmus,Eastern Towhee,0.4907,D:\Bird_Anuran_ARUs\IF06\SMM2-31_20260403_052800.wav
2217.0,2220.0,Setophaga pinus,Pine Warbler,0.2753,D:\Bird_Anuran_ARUs\IF06\SMM2-31_20260403_052800.wav
2223.0,2226.0,Corvus brachyrhynchos,American Crow,0.5810,D:\Bird_Anuran_ARUs\IF06\SMM2-31_20260403_052800.wav
2226.0,2229.0,Pipilo erythrophthalmus,Eastern Towhee,0.9649,D:\Bird_Anuran_ARUs\IF06\SMM2-31_20260403_052800.wav
2229.0,2232.0,Seiurus aurocapilla,Ovenbird,0.8531,D:\Bird_Anuran_ARUs\IF06\SMM2-31_20260403_052800.wav
2235.0,2238.0,Pipilo erythrophthalmus,Eastern Towhee,0.8877,D:\Bird_Anuran_ARUs\IF06\SMM2-31_20260403_052800.wav
2241.0,2244.0,Pipilo erythrophthalmus,Eastern Towhee,0.9294,D:\Bird_Anuran_ARUs\IF06\SMM2-31_20260403_052800.wav
2247.0,2250.0,Seiurus aurocapilla,Ovenbird,0.5045,D:\Bird_Anuran_ARUs\IF06\SMM2-31_20260403_052800.wav
2250.0,2253.0,Pipilo erythrophthalmus,Eastern Towhee,0.8932,D:\Bird_Anuran_ARUs\IF06\SMM2-31_20260403_052800.wav
2259.0,2262.0,Pipilo erythrophthalmus,Eastern Towhee,0.8724,D:\Bird_Anuran_ARUs\IF06\SMM2-31_20260403_052800.wav
2265.0,2268.0,Pipilo erythrophthalmus,Eastern Towhee,0.9204,D:\Bird_Anuran_ARUs\IF06\SMM2-31_20260403_052800.wav
2265.0,2268.0,Corvus brachyrhynchos,American Crow,0.2597,D:\Bird_Anuran_ARUs\IF06\SMM2-31_20260403_052800.wav
2268.0,2271.0,Seiurus aurocapilla,Ovenbird,0.8027,D:\Bird_Anuran_ARUs\IF06\SMM2-31_20260403_052800.wav
2271.0,2274.0,Pipilo erythrophthalmus,Eastern Towhee,0.9544,D:\Bird_Anuran_ARUs\IF06\SMM2-31_20260403_052800.wav
2274.0,2277.0,Pipilo erythrophthalmus,Eastern Towhee,0.8713,D:\Bird_Anuran_ARUs\IF06\SMM2-31_20260403_052800.wav
2280.0,2283.0,Pipilo erythrophthalmus,Eastern Towhee,0.4371,D:\Bird_Anuran_ARUs\IF06\SMM2-31_20260403_052800.wav
2286.0,2289.0,Pipilo erythrophthalmus,Eastern Towhee,0.5533,D:\Bird_Anuran_ARUs\IF06\SMM2-31_20260403_052800.wav
2286.0,2289.0,Dryocopus pileatus,Pileated Woodpecker,0.4821,D:\Bird_Anuran_ARUs\IF06\SMM2-31_20260403_052800.wav
2289.0,2292.0,Seiurus aurocapilla,Ovenbird,0.9279,D:\Bird_Anuran_ARUs\IF06\SMM2-31_20260403_052800.wav
2289.0,2292.0,Corvus brachyrhynchos,American Crow,0.3623,D:\Bird_Anuran_ARUs\IF06\SMM2-31_20260403_052800.wav
2292.0,2295.0,Seiurus aurocapilla,Ovenbird,0.8570,D:\Bird_Anuran_ARUs\IF06\SMM2-31_20260403_052800.wav
2295.0,2298.0,Pipilo erythrophthalmus,Eastern Towhee,0.7602,D:\Bird_Anuran_ARUs\IF06\SMM2-31_20260403_052800.wav
2295.0,2298.0,Corvus brachyrhynchos,American Crow,0.5319,D:\Bird_Anuran_ARUs\IF06\SMM2-31_20260403_052800.wav
2298.0,2301.0,Pipilo erythrophthalmus,Eastern Towhee,0.3208,D:\Bird_Anuran_ARUs\IF06\SMM2-31_20260403_052800.wav
2301.0,2304.0,Pipilo erythrophthalmus,Eastern Towhee,0.9694,D:\Bird_Anuran_ARUs\IF06\SMM2-31_20260403_052800.wav
2304.0,2307.0,Corvus brachyrhynchos,American Crow,0.3465,D:\Bird_Anuran_ARUs\IF06\SMM2-31_20260403_052800.wav
2307.0,2310.0,Pipilo erythrophthalmus,Eastern Towhee,0.9406,D:\Bird_Anuran_ARUs\IF06\SMM2-31_20260403_052800.wav
2313.0,2316.0,Dryocopus pileatus,Pileated Woodpecker,0.3852,D:\Bird_Anuran_ARUs\IF06\SMM2-31_20260403_052800.wav
2316.0,2319.0,Pipilo erythrophthalmus,Eastern Towhee,0.9725,D:\Bird_Anuran_ARUs\IF06\SMM2-31_20260403_052800.wav
2322.0,2325.0,Pipilo erythrophthalmus,Eastern Towhee,0.9892,D:\Bird_Anuran_ARUs\IF06\SMM2-31_20260403_052800.wav
2328.0,2331.0,Pipilo erythrophthalmus,Eastern Towhee,0.9727,D:\Bird_Anuran_ARUs\IF06\SMM2-31_20260403_052800.wav
2328.0,2331.0,Seiurus aurocapilla,Ovenbird,0.5384,D:\Bird_Anuran_ARUs\IF06\SMM2-31_20260403_052800.wav
2331.0,2334.0,Corvus brachyrhynchos,American Crow,0.9345,D:\Bird_Anuran_ARUs\IF06\SMM2-31_20260403_052800.wav
2331.0,2334.0,Pipilo erythrophthalmus,Eastern Towhee,0.6297,D:\Bird_Anuran_ARUs\IF06\SMM2-31_20260403_052800.wav
2337.0,2340.0,Pipilo erythrophthalmus,Eastern Towhee,0.9557,D:\Bird_Anuran_ARUs\IF06\SMM2-31_20260403_052800.wav
2337.0,2340.0,Corvus brachyrhynchos,American Crow,0.6069,D:\Bird_Anuran_ARUs\IF06\SMM2-31_20260403_052800.wav
2340.0,2343.0,Setophaga pinus,Pine Warbler,0.4462,D:\Bird_Anuran_ARUs\IF06\SMM2-31_20260403_052800.wav
2343.0,2346.0,Pipilo erythrophthalmus,Eastern Towhee,0.9656,D:\Bird_Anuran_ARUs\IF06\SMM2-31_20260403_052800.wav
2349.0,2352.0,Seiurus aurocapilla,Ovenbird,0.6323,D:\Bird_Anuran_ARUs\IF06\SMM2-31_20260403_052800.wav
2352.0,2355.0,Pipilo erythrophthalmus,Eastern Towhee,0.8861,D:\Bird_Anuran_ARUs\IF06\SMM2-31_20260403_052800.wav
2355.0,2358.0,Seiurus aurocapilla,Ovenbird,0.2720,D:\Bird_Anuran_ARUs\IF06\SMM2-31_20260403_052800.wav
2358.0,2361.0,Pipilo erythrophthalmus,Eastern Towhee,0.9193,D:\Bird_Anuran_ARUs\IF06\SMM2-31_20260403_052800.wav
2361.0,2364.0,Pipilo erythrophthalmus,Eastern Towhee,0.7826,D:\Bird_Anuran_ARUs\IF06\SMM2-31_20260403_052800.wav
2361.0,2364.0,Corvus brachyrhynchos,American Crow,0.6252,D:\Bird_Anuran_ARUs\IF06\SMM2-31_20260403_052800.wav
2367.0,2370.0,Pipilo erythrophthalmus,Eastern Towhee,0.8778,D:\Bird_Anuran_ARUs\IF06\SMM2-31_20260403_052800.wav
2370.0,2373.0,Pipilo erythrophthalmus,Eastern Towhee,0.2519,D:\Bird_Anuran_ARUs\IF06\SMM2-31_20260403_052800.wav
2373.0,2376.0,Seiurus aurocapilla,Ovenbird,0.9026,D:\Bird_Anuran_ARUs\IF06\SMM2-31_20260403_052800.wav
2373.0,2376.0,Corvus brachyrhynchos,American Crow,0.6946,D:\Bird_Anuran_ARUs\IF06\SMM2-31_20260403_052800.wav
2376.0,2379.0,Pipilo erythrophthalmus,Eastern Towhee,0.9300,D:\Bird_Anuran_ARUs\IF06\SMM2-31_20260403_052800.wav
2379.0,2382.0,Setophaga pinus,Pine Warbler,0.5842,D:\Bird_Anuran_ARUs\IF06\SMM2-31_20260403_052800.wav
2379.0,2382.0,Pipilo erythrophthalmus,Eastern Towhee,0.4209,D:\Bird_Anuran_ARUs\IF06\SMM2-31_20260403_052800.wav
2385.0,2388.0,Pipilo erythrophthalmus,Eastern Towhee,0.6719,D:\Bird_Anuran_ARUs\IF06\SMM2-31_20260403_052800.wav
2391.0,2394.0,Pipilo erythrophthalmus,Eastern Towhee,0.8199,D:\Bird_Anuran_ARUs\IF06\SMM2-31_20260403_052800.wav
2394.0,2397.0,Setophaga pinus,Pine Warbler,0.3164,D:\Bird_Anuran_ARUs\IF06\SMM2-31_20260403_052800.wav
2394.0,2397.0,Seiurus aurocapilla,Ovenbird,0.2745,D:\Bird_Anuran_ARUs\IF06\SMM2-31_20260403_052800.wav
2397.0,2400.0,Seiurus aurocapilla,Ovenbird,0.3973,D:\Bird_Anuran_ARUs\IF06\SMM2-31_20260403_052800.wav
2400.0,2403.0,Pipilo erythrophthalmus,Eastern Towhee,0.9722,D:\Bird_Anuran_ARUs\IF06\SMM2-31_20260403_052800.wav
2400.0,2403.0,Corvus brachyrhynchos,American Crow,0.3684,D:\Bird_Anuran_ARUs\IF06\SMM2-31_20260403_052800.wav
2406.0,2409.0,Pipilo erythrophthalmus,Eastern Towhee,0.8917,D:\Bird_Anuran_ARUs\IF06\SMM2-31_20260403_052800.wav
2409.0,2412.0,Setophaga pinus,Pine Warbler,0.3961,D:\Bird_Anuran_ARUs\IF06\SMM2-31_20260403_052800.wav
2415.0,2418.0,Pipilo erythrophthalmus,Eastern Towhee,0.6662,D:\Bird_Anuran_ARUs\IF06\SMM2-31_20260403_052800.wav
2418.0,2421.0,Seiurus aurocapilla,Ovenbird,0.5767,D:\Bird_Anuran_ARUs\IF06\SMM2-31_20260403_052800.wav
2421.0,2424.0,Pipilo erythrophthalmus,Eastern Towhee,0.9664,D:\Bird_Anuran_ARUs\IF06\SMM2-31_20260403_052800.wav
2427.0,2430.0,Corvus brachyrhynchos,American Crow,0.6864,D:\Bird_Anuran_ARUs\IF06\SMM2-31_20260403_052800.wav
2430.0,2433.0,Pipilo erythrophthalmus,Eastern Towhee,0.9952,D:\Bird_Anuran_ARUs\IF06\SMM2-31_20260403_052800.wav
2430.0,2433.0,Corvus brachyrhynchos,American Crow,0.9455,D:\Bird_Anuran_ARUs\IF06\SMM2-31_20260403_052800.wav
2436.0,2439.0,Pipilo erythrophthalmus,Eastern Towhee,0.9666,D:\Bird_Anuran_ARUs\IF06\SMM2-31_20260403_052800.wav
2442.0,2445.0,Pipilo erythrophthalmus,Eastern Towhee,0.8619,D:\Bird_Anuran_ARUs\IF06\SMM2-31_20260403_052800.wav
2445.0,2448.0,Seiurus aurocapilla,Ovenbird,0.3965,D:\Bird_Anuran_ARUs\IF06\SMM2-31_20260403_052800.wav
2451.0,2454.0,Pipilo erythrophthalmus,Eastern Towhee,0.4522,D:\Bird_Anuran_ARUs\IF06\SMM2-31_20260403_052800.wav
2451.0,2454.0,Setophaga pinus,Pine Warbler,0.3062,D:\Bird_Anuran_ARUs\IF06\SMM2-31_20260403_052800.wav
2457.0,2460.0,Pipilo erythrophthalmus,Eastern Towhee,0.9699,D:\Bird_Anuran_ARUs\IF06\SMM2-31_20260403_052800.wav
2457.0,2460.0,Corvus brachyrhynchos,American Crow,0.6051,D:\Bird_Anuran_ARUs\IF06\SMM2-31_20260403_052800.wav
2463.0,2466.0,Pipilo erythrophthalmus,Eastern Towhee,0.5139,D:\Bird_Anuran_ARUs\IF06\SMM2-31_20260403_052800.wav
2466.0,2469.0,Setophaga pinus,Pine Warbler,0.2875,D:\Bird_Anuran_ARUs\IF06\SMM2-31_20260403_052800.wav
2466.0,2469.0,Pipilo erythrophthalmus,Eastern Towhee,0.2600,D:\Bird_Anuran_ARUs\IF06\SMM2-31_20260403_052800.wav
2469.0,2472.0,Seiurus aurocapilla,Ovenbird,0.9645,D:\Bird_Anuran_ARUs\IF06\SMM2-31_20260403_052800.wav
2469.0,2472.0,Baeolophus bicolor,Tufted Titmouse,0.3893,D:\Bird_Anuran_ARUs\IF06\SMM2-31_20260403_052800.wav
2469.0,2472.0,Corvus brachyrhynchos,American Crow,0.3744,D:\Bird_Anuran_ARUs\IF06\SMM2-31_20260403_052800.wav
2472.0,2475.0,Pipilo erythrophthalmus,Eastern Towhee,0.9670,D:\Bird_Anuran_ARUs\IF06\SMM2-31_20260403_052800.wav
2478.0,2481.0,Pipilo erythrophthalmus,Eastern Towhee,0.9154,D:\Bird_Anuran_ARUs\IF06\SMM2-31_20260403_052800.wav
2481.0,2484.0,Pipilo erythrophthalmus,Eastern Towhee,0.6070,D:\Bird_Anuran_ARUs\IF06\SMM2-31_20260403_052800.wav
2481.0,2484.0,Corvus brachyrhynchos,American Crow,0.3771,D:\Bird_Anuran_ARUs\IF06\SMM2-31_20260403_052800.wav
2487.0,2490.0,Pipilo erythrophthalmus,Eastern Towhee,0.9729,D:\Bird_Anuran_ARUs\IF06\SMM2-31_20260403_052800.wav
2493.0,2496.0,Pipilo erythrophthalmus,Eastern Towhee,0.9928,D:\Bird_Anuran_ARUs\IF06\SMM2-31_20260403_052800.wav
2493.0,2496.0,Corvus brachyrhynchos,American Crow,0.5040,D:\Bird_Anuran_ARUs\IF06\SMM2-31_20260403_052800.wav
2499.0,2502.0,Baeolophus bicolor,Tufted Titmouse,0.5973,D:\Bird_Anuran_ARUs\IF06\SMM2-31_20260403_052800.wav
2502.0,2505.0,Pipilo erythrophthalmus,Eastern Towhee,0.9989,D:\Bird_Anuran_ARUs\IF06\SMM2-31_20260403_052800.wav
2502.0,2505.0,Corvus brachyrhynchos,American Crow,0.5645,D:\Bird_Anuran_ARUs\IF06\SMM2-31_20260403_052800.wav
2505.0,2508.0,Baeolophus bicolor,Tufted Titmouse,0.2989,D:\Bird_Anuran_ARUs\IF06\SMM2-31_20260403_052800.wav
2508.0,2511.0,Pipilo erythrophthalmus,Eastern Towhee,0.9994,D:\Bird_Anuran_ARUs\IF06\SMM2-31_20260403_052800.wav
2508.0,2511.0,Corvus brachyrhynchos,American Crow,0.7674,D:\Bird_Anuran_ARUs\IF06\SMM2-31_20260403_052800.wav
2514.0,2517.0,Seiurus aurocapilla,Ovenbird,0.7005,D:\Bird_Anuran_ARUs\IF06\SMM2-31_20260403_052800.wav
2517.0,2520.0,Pipilo erythrophthalmus,Eastern Towhee,0.9854,D:\Bird_Anuran_ARUs\IF06\SMM2-31_20260403_052800.wav
2523.0,2526.0,Pipilo erythrophthalmus,Eastern Towhee,0.9925,D:\Bird_Anuran_ARUs\IF06\SMM2-31_20260403_052800.wav
2523.0,2526.0,Corvus brachyrhynchos,American Crow,0.7565,D:\Bird_Anuran_ARUs\IF06\SMM2-31_20260403_052800.wav
2529.0,2532.0,Baeolophus bicolor,Tufted Titmouse,0.2551,D:\Bird_Anuran_ARUs\IF06\SMM2-31_20260403_052800.wav
2532.0,2535.0,Pipilo erythrophthalmus,Eastern Towhee,0.9406,D:\Bird_Anuran_ARUs\IF06\SMM2-31_20260403_052800.wav
2535.0,2538.0,Seiurus aurocapilla,Ovenbird,0.4464,D:\Bird_Anuran_ARUs\IF06\SMM2-31_20260403_052800.wav
2538.0,2541.0,Pipilo erythrophthalmus,Eastern Towhee,0.9938,D:\Bird_Anuran_ARUs\IF06\SMM2-31_20260403_052800.wav
2538.0,2541.0,Corvus brachyrhynchos,American Crow,0.3836,D:\Bird_Anuran_ARUs\IF06\SMM2-31_20260403_052800.wav
2541.0,2544.0,Corvus brachyrhynchos,American Crow,0.3497,D:\Bird_Anuran_ARUs\IF06\SMM2-31_20260403_052800.wav
2544.0,2547.0,Pipilo erythrophthalmus,Eastern Towhee,0.5618,D:\Bird_Anuran_ARUs\IF06\SMM2-31_20260403_052800.wav
2547.0,2550.0,Pipilo erythrophthalmus,Eastern Towhee,0.5720,D:\Bird_Anuran_ARUs\IF06\SMM2-31_20260403_052800.wav
2553.0,2556.0,Pipilo erythrophthalmus,Eastern Towhee,0.8762,D:\Bird_Anuran_ARUs\IF06\SMM2-31_20260403_052800.wav
2556.0,2559.0,Seiurus aurocapilla,Ovenbird,0.7254,D:\Bird_Anuran_ARUs\IF06\SMM2-31_20260403_052800.wav
2556.0,2559.0,Baeolophus bicolor,Tufted Titmouse,0.3275,D:\Bird_Anuran_ARUs\IF06\SMM2-31_20260403_052800.wav
2559.0,2562.0,Pipilo erythrophthalmus,Eastern Towhee,0.9867,D:\Bird_Anuran_ARUs\IF06\SMM2-31_20260403_052800.wav
2565.0,2568.0,Pipilo erythrophthalmus,Eastern Towhee,0.7958,D:\Bird_Anuran_ARUs\IF06\SMM2-31_20260403_052800.wav
2568.0,2571.0,Setophaga pinus,Pine Warbler,0.5219,D:\Bird_Anuran_ARUs\IF06\SMM2-31_20260403_052800.wav
2568.0,2571.0,Pipilo erythrophthalmus,Eastern Towhee,0.4365,D:\Bird_Anuran_ARUs\IF06\SMM2-31_20260403_052800.wav
2571.0,2574.0,Baeolophus bicolor,Tufted Titmouse,0.4797,D:\Bird_Anuran_ARUs\IF06\SMM2-31_20260403_052800.wav
2574.0,2577.0,Pipilo erythrophthalmus,Eastern Towhee,0.9711,D:\Bird_Anuran_ARUs\IF06\SMM2-31_20260403_052800.wav
2577.0,2580.0,Setophaga dominica,Yellow-throated Warbler,0.4157,D:\Bird_Anuran_ARUs\IF06\SMM2-31_20260403_052800.wav
2580.0,2583.0,Seiurus aurocapilla,Ovenbird,0.9432,D:\Bird_Anuran_ARUs\IF06\SMM2-31_20260403_052800.wav
2580.0,2583.0,Hylocichla mustelina,Wood Thrush,0.4532,D:\Bird_Anuran_ARUs\IF06\SMM2-31_20260403_052800.wav
2583.0,2586.0,Pipilo erythrophthalmus,Eastern Towhee,0.9354,D:\Bird_Anuran_ARUs\IF06\SMM2-31_20260403_052800.wav
2589.0,2592.0,Pipilo erythrophthalmus,Eastern Towhee,0.7349,D:\Bird_Anuran_ARUs\IF06\SMM2-31_20260403_052800.wav
2595.0,2598.0,Pipilo erythrophthalmus,Eastern Towhee,0.8811,D:\Bird_Anuran_ARUs\IF06\SMM2-31_20260403_052800.wav
2598.0,2601.0,Setophaga dominica,Yellow-throated Warbler,0.3077,D:\Bird_Anuran_ARUs\IF06\SMM2-31_20260403_052800.wav
2601.0,2604.0,Pipilo erythrophthalmus,Eastern Towhee,0.9515,D:\Bird_Anuran_ARUs\IF06\SMM2-31_20260403_052800.wav
2604.0,2607.0,Seiurus aurocapilla,Ovenbird,0.3046,D:\Bird_Anuran_ARUs\IF06\SMM2-31_20260403_052800.wav
2607.0,2610.0,Seiurus aurocapilla,Ovenbird,0.9741,D:\Bird_Anuran_ARUs\IF06\SMM2-31_20260403_052800.wav
2610.0,2613.0,Pipilo erythrophthalmus,Eastern Towhee,0.3665,D:\Bird_Anuran_ARUs\IF06\SMM2-31_20260403_052800.wav
2613.0,2616.0,Baeolophus bicolor,Tufted Titmouse,0.4078,D:\Bird_Anuran_ARUs\IF06\SMM2-31_20260403_052800.wav
2616.0,2619.0,Pipilo erythrophthalmus,Eastern Towhee,0.8383,D:\Bird_Anuran_ARUs\IF06\SMM2-31_20260403_052800.wav
2622.0,2625.0,Pipilo erythrophthalmus,Eastern Towhee,0.9312,D:\Bird_Anuran_ARUs\IF06\SMM2-31_20260403_052800.wav
2628.0,2631.0,Pipilo erythrophthalmus,Eastern Towhee,0.9020,D:\Bird_Anuran_ARUs\IF06\SMM2-31_20260403_052800.wav
2634.0,2637.0,Pipilo erythrophthalmus,Eastern Towhee,0.9037,D:\Bird_Anuran_ARUs\IF06\SMM2-31_20260403_052800.wav
2640.0,2643.0,Pipilo erythrophthalmus,Eastern Towhee,0.8656,D:\Bird_Anuran_ARUs\IF06\SMM2-31_20260403_052800.wav
2640.0,2643.0,Seiurus aurocapilla,Ovenbird,0.5222,D:\Bird_Anuran_ARUs\IF06\SMM2-31_20260403_052800.wav
2643.0,2646.0,Seiurus aurocapilla,Ovenbird,0.8732,D:\Bird_Anuran_ARUs\IF06\SMM2-31_20260403_052800.wav
2646.0,2649.0,Pipilo erythrophthalmus,Eastern Towhee,0.9142,D:\Bird_Anuran_ARUs\IF06\SMM2-31_20260403_052800.wav
2652.0,2655.0,Pipilo erythrophthalmus,Eastern Towhee,0.9361,D:\Bird_Anuran_ARUs\IF06\SMM2-31_20260403_052800.wav
2658.0,2661.0,Pipilo erythrophthalmus,Eastern Towhee,0.9487,D:\Bird_Anuran_ARUs\IF06\SMM2-31_20260403_052800.wav
2667.0,2670.0,Pipilo erythrophthalmus,Eastern Towhee,0.9466,D:\Bird_Anuran_ARUs\IF06\SMM2-31_20260403_052800.wav
2673.0,2676.0,Pipilo erythrophthalmus,Eastern Towhee,0.5716,D:\Bird_Anuran_ARUs\IF06\SMM2-31_20260403_052800.wav
2676.0,2679.0,Seiurus aurocapilla,Ovenbird,0.9260,D:\Bird_Anuran_ARUs\IF06\SMM2-31_20260403_052800.wav
2679.0,2682.0,Pipilo erythrophthalmus,Eastern Towhee,0.8265,D:\Bird_Anuran_ARUs\IF06\SMM2-31_20260403_052800.wav
2685.0,2688.0,Pipilo erythrophthalmus,Eastern Towhee,0.4213,D:\Bird_Anuran_ARUs\IF06\SMM2-31_20260403_052800.wav
2688.0,2691.0,Pipilo erythrophthalmus,Eastern Towhee,0.4100,D:\Bird_Anuran_ARUs\IF06\SMM2-31_20260403_052800.wav
2691.0,2694.0,Pipilo erythrophthalmus,Eastern Towhee,0.6128,D:\Bird_Anuran_ARUs\IF06\SMM2-31_20260403_052800.wav
2694.0,2697.0,Pipilo erythrophthalmus,Eastern Towhee,0.5023,D:\Bird_Anuran_ARUs\IF06\SMM2-31_20260403_052800.wav
2694.0,2697.0,Setophaga pinus,Pine Warbler,0.3248,D:\Bird_Anuran_ARUs\IF06\SMM2-31_20260403_052800.wav
2700.0,2703.0,Pipilo erythrophthalmus,Eastern Towhee,0.9440,D:\Bird_Anuran_ARUs\IF06\SMM2-31_20260403_052800.wav
2700.0,2703.0,Seiurus aurocapilla,Ovenbird,0.6986,D:\Bird_Anuran_ARUs\IF06\SMM2-31_20260403_052800.wav
2703.0,2706.0,Seiurus aurocapilla,Ovenbird,0.7022,D:\Bird_Anuran_ARUs\IF06\SMM2-31_20260403_052800.wav
2706.0,2709.0,Pipilo erythrophthalmus,Eastern Towhee,0.8965,D:\Bird_Anuran_ARUs\IF06\SMM2-31_20260403_052800.wav
2709.0,2712.0,Setophaga pinus,Pine Warbler,0.6239,D:\Bird_Anuran_ARUs\IF06\SMM2-31_20260403_052800.wav
2712.0,2715.0,Pipilo erythrophthalmus,Eastern Towhee,0.5013,D:\Bird_Anuran_ARUs\IF06\SMM2-31_20260403_052800.wav
2718.0,2721.0,Pipilo erythrophthalmus,Eastern Towhee,0.3872,D:\Bird_Anuran_ARUs\IF06\SMM2-31_20260403_052800.wav
2721.0,2724.0,Setophaga pinus,Pine Warbler,0.9156,D:\Bird_Anuran_ARUs\IF06\SMM2-31_20260403_052800.wav
2724.0,2727.0,Seiurus aurocapilla,Ovenbird,0.7900,D:\Bird_Anuran_ARUs\IF06\SMM2-31_20260403_052800.wav
2727.0,2730.0,Pipilo erythrophthalmus,Eastern Towhee,0.5742,D:\Bird_Anuran_ARUs\IF06\SMM2-31_20260403_052800.wav
2730.0,2733.0,Setophaga pinus,Pine Warbler,0.9562,D:\Bird_Anuran_ARUs\IF06\SMM2-31_20260403_052800.wav
2736.0,2739.0,Pipilo erythrophthalmus,Eastern Towhee,0.8207,D:\Bird_Anuran_ARUs\IF06\SMM2-31_20260403_052800.wav
2739.0,2742.0,Seiurus aurocapilla,Ovenbird,0.3261,D:\Bird_Anuran_ARUs\IF06\SMM2-31_20260403_052800.wav
2742.0,2745.0,Pipilo erythrophthalmus,Eastern Towhee,0.9799,D:\Bird_Anuran_ARUs\IF06\SMM2-31_20260403_052800.wav
2745.0,2748.0,Seiurus aurocapilla,Ovenbird,0.9041,D:\Bird_Anuran_ARUs\IF06\SMM2-31_20260403_052800.wav
2748.0,2751.0,Pipilo erythrophthalmus,Eastern Towhee,0.7014,D:\Bird_Anuran_ARUs\IF06\SMM2-31_20260403_052800.wav
2754.0,2757.0,Corvus brachyrhynchos,American Crow,0.4194,D:\Bird_Anuran_ARUs\IF06\SMM2-31_20260403_052800.wav
2757.0,2760.0,Pipilo erythrophthalmus,Eastern Towhee,0.7344,D:\Bird_Anuran_ARUs\IF06\SMM2-31_20260403_052800.wav
2766.0,2769.0,Pipilo erythrophthalmus,Eastern Towhee,0.8372,D:\Bird_Anuran_ARUs\IF06\SMM2-31_20260403_052800.wav
2769.0,2772.0,Setophaga dominica,Yellow-throated Warbler,0.4141,D:\Bird_Anuran_ARUs\IF06\SMM2-31_20260403_052800.wav
2772.0,2775.0,Pipilo erythrophthalmus,Eastern Towhee,0.8745,D:\Bird_Anuran_ARUs\IF06\SMM2-31_20260403_052800.wav
2775.0,2778.0,Seiurus aurocapilla,Ovenbird,0.7548,D:\Bird_Anuran_ARUs\IF06\SMM2-31_20260403_052800.wav
2775.0,2778.0,Strix varia,Barred Owl,0.2576,D:\Bird_Anuran_ARUs\IF06\SMM2-31_20260403_052800.wav
2778.0,2781.0,Seiurus aurocapilla,Ovenbird,0.4913,D:\Bird_Anuran_ARUs\IF06\SMM2-31_20260403_052800.wav
2781.0,2784.0,Pipilo erythrophthalmus,Eastern Towhee,0.9715,D:\Bird_Anuran_ARUs\IF06\SMM2-31_20260403_052800.wav
2784.0,2787.0,Corvus brachyrhynchos,American Crow,0.6994,D:\Bird_Anuran_ARUs\IF06\SMM2-31_20260403_052800.wav
2784.0,2787.0,Baeolophus bicolor,Tufted Titmouse,0.2522,D:\Bird_Anuran_ARUs\IF06\SMM2-31_20260403_052800.wav
2787.0,2790.0,Pipilo erythrophthalmus,Eastern Towhee,0.7556,D:\Bird_Anuran_ARUs\IF06\SMM2-31_20260403_052800.wav
2790.0,2793.0,Pipilo erythrophthalmus,Eastern Towhee,0.7449,D:\Bird_Anuran_ARUs\IF06\SMM2-31_20260403_052800.wav
2790.0,2793.0,Setophaga pinus,Pine Warbler,0.7159,D:\Bird_Anuran_ARUs\IF06\SMM2-31_20260403_052800.wav
2796.0,2799.0,Pipilo erythrophthalmus,Eastern Towhee,0.6752,D:\Bird_Anuran_ARUs\IF06\SMM2-31_20260403_052800.wav
2802.0,2805.0,Seiurus aurocapilla,Ovenbird,0.4878,D:\Bird_Anuran_ARUs\IF06\SMM2-31_20260403_052800.wav
2805.0,2808.0,Pipilo erythrophthalmus,Eastern Towhee,0.3266,D:\Bird_Anuran_ARUs\IF06\SMM2-31_20260403_052800.wav
2808.0,2811.0,Setophaga pinus,Pine Warbler,0.3498,D:\Bird_Anuran_ARUs\IF06\SMM2-31_20260403_052800.wav
2814.0,2817.0,Pipilo erythrophthalmus,Eastern Towhee,0.4880,D:\Bird_Anuran_ARUs\IF06\SMM2-31_20260403_052800.wav
2817.0,2820.0,Molothrus ater,Brown-headed Cowbird,0.8415,D:\Bird_Anuran_ARUs\IF06\SMM2-31_20260403_052800.wav
2817.0,2820.0,Poecile carolinensis,Carolina Chickadee,0.3991,D:\Bird_Anuran_ARUs\IF06\SMM2-31_20260403_052800.wav
2823.0,2826.0,Setophaga pinus,Pine Warbler,0.2521,D:\Bird_Anuran_ARUs\IF06\SMM2-31_20260403_052800.wav
2829.0,2832.0,Pipilo erythrophthalmus,Eastern Towhee,0.5898,D:\Bird_Anuran_ARUs\IF06\SMM2-31_20260403_052800.wav
2835.0,2838.0,Pipilo erythrophthalmus,Eastern Towhee,0.8437,D:\Bird_Anuran_ARUs\IF06\SMM2-31_20260403_052800.wav
2841.0,2844.0,Pipilo erythrophthalmus,Eastern Towhee,0.8965,D:\Bird_Anuran_ARUs\IF06\SMM2-31_20260403_052800.wav
2844.0,2847.0,Cardinalis cardinalis,Northern Cardinal,0.4125,D:\Bird_Anuran_ARUs\IF06\SMM2-31_20260403_052800.wav
2847.0,2850.0,Pipilo erythrophthalmus,Eastern Towhee,0.9451,D:\Bird_Anuran_ARUs\IF06\SMM2-31_20260403_052800.wav
2850.0,2853.0,Seiurus aurocapilla,Ovenbird,0.6259,D:\Bird_Anuran_ARUs\IF06\SMM2-31_20260403_052800.wav
2853.0,2856.0,Seiurus aurocapilla,Ovenbird,0.5427,D:\Bird_Anuran_ARUs\IF06\SMM2-31_20260403_052800.wav
2853.0,2856.0,Baeolophus bicolor,Tufted Titmouse,0.2904,D:\Bird_Anuran_ARUs\IF06\SMM2-31_20260403_052800.wav
2856.0,2859.0,Pipilo erythrophthalmus,Eastern Towhee,0.8780,D:\Bird_Anuran_ARUs\IF06\SMM2-31_20260403_052800.wav
2862.0,2865.0,Pipilo erythrophthalmus,Eastern Towhee,0.8723,D:\Bird_Anuran_ARUs\IF06\SMM2-31_20260403_052800.wav
2868.0,2871.0,Pipilo erythrophthalmus,Eastern Towhee,0.9069,D:\Bird_Anuran_ARUs\IF06\SMM2-31_20260403_052800.wav
2883.0,2886.0,Pipilo erythrophthalmus,Eastern Towhee,0.8198,D:\Bird_Anuran_ARUs\IF06\SMM2-31_20260403_052800.wav
2889.0,2892.0,Pipilo erythrophthalmus,Eastern Towhee,0.6079,D:\Bird_Anuran_ARUs\IF06\SMM2-31_20260403_052800.wav
2892.0,2895.0,Setophaga pinus,Pine Warbler,0.8455,D:\Bird_Anuran_ARUs\IF06\SMM2-31_20260403_052800.wav
2892.0,2895.0,Pipilo erythrophthalmus,Eastern Towhee,0.3660,D:\Bird_Anuran_ARUs\IF06\SMM2-31_20260403_052800.wav
2898.0,2901.0,Seiurus aurocapilla,Ovenbird,0.8675,D:\Bird_Anuran_ARUs\IF06\SMM2-31_20260403_052800.wav
2901.0,2904.0,Pipilo erythrophthalmus,Eastern Towhee,0.5494,D:\Bird_Anuran_ARUs\IF06\SMM2-31_20260403_052800.wav
2904.0,2907.0,Cardinalis cardinalis,Northern Cardinal,0.2667,D:\Bird_Anuran_ARUs\IF06\SMM2-31_20260403_052800.wav
2907.0,2910.0,Pipilo erythrophthalmus,Eastern Towhee,0.8784,D:\Bird_Anuran_ARUs\IF06\SMM2-31_20260403_052800.wav
2916.0,2919.0,Pipilo erythrophthalmus,Eastern Towhee,0.3672,D:\Bird_Anuran_ARUs\IF06\SMM2-31_20260403_052800.wav
2919.0,2922.0,Seiurus aurocapilla,Ovenbird,0.8700,D:\Bird_Anuran_ARUs\IF06\SMM2-31_20260403_052800.wav
2922.0,2925.0,Pipilo erythrophthalmus,Eastern Towhee,0.8052,D:\Bird_Anuran_ARUs\IF06\SMM2-31_20260403_052800.wav
2922.0,2925.0,Seiurus aurocapilla,Ovenbird,0.2529,D:\Bird_Anuran_ARUs\IF06\SMM2-31_20260403_052800.wav
2925.0,2928.0,Setophaga citrina,Hooded Warbler,0.2527,D:\Bird_Anuran_ARUs\IF06\SMM2-31_20260403_052800.wav
2931.0,2934.0,Pipilo erythrophthalmus,Eastern Towhee,0.5712,D:\Bird_Anuran_ARUs\IF06\SMM2-31_20260403_052800.wav
2934.0,2937.0,Seiurus aurocapilla,Ovenbird,0.2790,D:\Bird_Anuran_ARUs\IF06\SMM2-31_20260403_052800.wav
2937.0,2940.0,Pipilo erythrophthalmus,Eastern Towhee,0.8742,D:\Bird_Anuran_ARUs\IF06\SMM2-31_20260403_052800.wav
2946.0,2949.0,Seiurus aurocapilla,Ovenbird,0.7799,D:\Bird_Anuran_ARUs\IF06\SMM2-31_20260403_052800.wav
2949.0,2952.0,Seiurus aurocapilla,Ovenbird,0.2929,D:\Bird_Anuran_ARUs\IF06\SMM2-31_20260403_052800.wav
2973.0,2976.0,Seiurus aurocapilla,Ovenbird,0.8200,D:\Bird_Anuran_ARUs\IF06\SMM2-31_20260403_052800.wav
2976.0,2979.0,Seiurus aurocapilla,Ovenbird,0.3661,D:\Bird_Anuran_ARUs\IF06\SMM2-31_20260403_052800.wav
2982.0,2985.0,Cardinalis cardinalis,Northern Cardinal,0.4018,D:\Bird_Anuran_ARUs\IF06\SMM2-31_20260403_052800.wav
2991.0,2994.0,Corvus brachyrhynchos,American Crow,0.3132,D:\Bird_Anuran_ARUs\IF06\SMM2-31_20260403_052800.wav
2997.0,3000.0,Seiurus aurocapilla,Ovenbird,0.8509,D:\Bird_Anuran_ARUs\IF06\SMM2-31_20260403_052800.wav
3000.0,3003.0,Seiurus aurocapilla,Ovenbird,0.7106,D:\Bird_Anuran_ARUs\IF06\SMM2-31_20260403_052800.wav
3000.0,3003.0,Corvus brachyrhynchos,American Crow,0.3012,D:\Bird_Anuran_ARUs\IF06\SMM2-31_20260403_052800.wav
3003.0,3006.0,Corvus brachyrhynchos,American Crow,0.4601,D:\Bird_Anuran_ARUs\IF06\SMM2-31_20260403_052800.wav
3003.0,3006.0,Cardinalis cardinalis,Northern Cardinal,0.3766,D:\Bird_Anuran_ARUs\IF06\SMM2-31_20260403_052800.wav
3015.0,3018.0,Setophaga pinus,Pine Warbler,0.8272,D:\Bird_Anuran_ARUs\IF06\SMM2-31_20260403_052800.wav
3015.0,3018.0,Corvus brachyrhynchos,American Crow,0.3374,D:\Bird_Anuran_ARUs\IF06\SMM2-31_20260403_052800.wav
3018.0,3021.0,Setophaga pinus,Pine Warbler,0.8877,D:\Bird_Anuran_ARUs\IF06\SMM2-31_20260403_052800.wav
3021.0,3024.0,Baeolophus bicolor,Tufted Titmouse,0.3438,D:\Bird_Anuran_ARUs\IF06\SMM2-31_20260403_052800.wav
3045.0,3048.0,Pipilo erythrophthalmus,Eastern Towhee,0.2832,D:\Bird_Anuran_ARUs\IF06\SMM2-31_20260403_052800.wav
3048.0,3051.0,Pipilo erythrophthalmus,Eastern Towhee,0.6493,D:\Bird_Anuran_ARUs\IF06\SMM2-31_20260403_052800.wav
3051.0,3054.0,Setophaga pinus,Pine Warbler,0.5561,D:\Bird_Anuran_ARUs\IF06\SMM2-31_20260403_052800.wav
3054.0,3057.0,Seiurus aurocapilla,Ovenbird,0.7056,D:\Bird_Anuran_ARUs\IF06\SMM2-31_20260403_052800.wav
3054.0,3057.0,Pipilo erythrophthalmus,Eastern Towhee,0.6363,D:\Bird_Anuran_ARUs\IF06\SMM2-31_20260403_052800.wav
3057.0,3060.0,Pipilo erythrophthalmus,Eastern Towhee,0.4661,D:\Bird_Anuran_ARUs\IF06\SMM2-31_20260403_052800.wav
3060.0,3063.0,Pipilo erythrophthalmus,Eastern Towhee,0.6424,D:\Bird_Anuran_ARUs\IF06\SMM2-31_20260403_052800.wav
3063.0,3066.0,Pipilo erythrophthalmus,Eastern Towhee,0.5123,D:\Bird_Anuran_ARUs\IF06\SMM2-31_20260403_052800.wav
3066.0,3069.0,Pipilo erythrophthalmus,Eastern Towhee,0.3186,D:\Bird_Anuran_ARUs\IF06\SMM2-31_20260403_052800.wav
3069.0,3072.0,Setophaga pinus,Pine Warbler,0.6249,D:\Bird_Anuran_ARUs\IF06\SMM2-31_20260403_052800.wav
3072.0,3075.0,Setophaga pinus,Pine Warbler,0.5502,D:\Bird_Anuran_ARUs\IF06\SMM2-31_20260403_052800.wav
3072.0,3075.0,Pipilo erythrophthalmus,Eastern Towhee,0.2528,D:\Bird_Anuran_ARUs\IF06\SMM2-31_20260403_052800.wav
3078.0,3081.0,Pipilo erythrophthalmus,Eastern Towhee,0.5685,D:\Bird_Anuran_ARUs\IF06\SMM2-31_20260403_052800.wav
3081.0,3084.0,Seiurus aurocapilla,Ovenbird,0.6146,D:\Bird_Anuran_ARUs\IF06\SMM2-31_20260403_052800.wav
3084.0,3087.0,Pipilo erythrophthalmus,Eastern Towhee,0.8637,D:\Bird_Anuran_ARUs\IF06\SMM2-31_20260403_052800.wav
3084.0,3087.0,Seiurus aurocapilla,Ovenbird,0.3582,D:\Bird_Anuran_ARUs\IF06\SMM2-31_20260403_052800.wav
3087.0,3090.0,Molothrus ater,Brown-headed Cowbird,0.7751,D:\Bird_Anuran_ARUs\IF06\SMM2-31_20260403_052800.wav
3090.0,3093.0,Pipilo erythrophthalmus,Eastern Towhee,0.6790,D:\Bird_Anuran_ARUs\IF06\SMM2-31_20260403_052800.wav
3093.0,3096.0,Seiurus aurocapilla,Ovenbird,0.5085,D:\Bird_Anuran_ARUs\IF06\SMM2-31_20260403_052800.wav
3093.0,3096.0,Baeolophus bicolor,Tufted Titmouse,0.2945,D:\Bird_Anuran_ARUs\IF06\SMM2-31_20260403_052800.wav
3096.0,3099.0,Pipilo erythrophthalmus,Eastern Towhee,0.5239,D:\Bird_Anuran_ARUs\IF06\SMM2-31_20260403_052800.wav
3099.0,3102.0,Pipilo erythrophthalmus,Eastern Towhee,0.5032,D:\Bird_Anuran_ARUs\IF06\SMM2-31_20260403_052800.wav
3108.0,3111.0,Molothrus ater,Brown-headed Cowbird,0.2990,D:\Bird_Anuran_ARUs\IF06\SMM2-31_20260403_052800.wav
3123.0,3126.0,Pipilo erythrophthalmus,Eastern Towhee,0.3856,D:\Bird_Anuran_ARUs\IF06\SMM2-31_20260403_052800.wav
3126.0,3129.0,Molothrus ater,Brown-headed Cowbird,0.2532,D:\Bird_Anuran_ARUs\IF06\SMM2-31_20260403_052800.wav
3132.0,3135.0,Corvus brachyrhynchos,American Crow,0.5036,D:\Bird_Anuran_ARUs\IF06\SMM2-31_20260403_052800.wav
3135.0,3138.0,Molothrus ater,Brown-headed Cowbird,0.2615,D:\Bird_Anuran_ARUs\IF06\SMM2-31_20260403_052800.wav
3138.0,3141.0,Pipilo erythrophthalmus,Eastern Towhee,0.5026,D:\Bird_Anuran_ARUs\IF06\SMM2-31_20260403_052800.wav
3138.0,3141.0,Corvus brachyrhynchos,American Crow,0.3355,D:\Bird_Anuran_ARUs\IF06\SMM2-31_20260403_052800.wav
3141.0,3144.0,Molothrus ater,Brown-headed Cowbird,0.2632,D:\Bird_Anuran_ARUs\IF06\SMM2-31_20260403_052800.wav
3141.0,3144.0,Setophaga pinus,Pine Warbler,0.2529,D:\Bird_Anuran_ARUs\IF06\SMM2-31_20260403_052800.wav
3144.0,3147.0,Seiurus aurocapilla,Ovenbird,0.3401,D:\Bird_Anuran_ARUs\IF06\SMM2-31_20260403_052800.wav
3144.0,3147.0,Setophaga pinus,Pine Warbler,0.3164,D:\Bird_Anuran_ARUs\IF06\SMM2-31_20260403_052800.wav
3147.0,3150.0,Seiurus aurocapilla,Ovenbird,0.9394,D:\Bird_Anuran_ARUs\IF06\SMM2-31_20260403_052800.wav
3147.0,3150.0,Baeolophus bicolor,Tufted Titmouse,0.2892,D:\Bird_Anuran_ARUs\IF06\SMM2-31_20260403_052800.wav
3150.0,3153.0,Pipilo erythrophthalmus,Eastern Towhee,0.3354,D:\Bird_Anuran_ARUs\IF06\SMM2-31_20260403_052800.wav
3165.0,3168.0,Corvus brachyrhynchos,American Crow,0.7923,D:\Bird_Anuran_ARUs\IF06\SMM2-31_20260403_052800.wav
3165.0,3168.0,Baeolophus bicolor,Tufted Titmouse,0.6199,D:\Bird_Anuran_ARUs\IF06\SMM2-31_20260403_052800.wav
3168.0,3171.0,Seiurus aurocapilla,Ovenbird,0.9186,D:\Bird_Anuran_ARUs\IF06\SMM2-31_20260403_052800.wav
3168.0,3171.0,Corvus brachyrhynchos,American Crow,0.2965,D:\Bird_Anuran_ARUs\IF06\SMM2-31_20260403_052800.wav
3171.0,3174.0,Pipilo erythrophthalmus,Eastern Towhee,0.6635,D:\Bird_Anuran_ARUs\IF06\SMM2-31_20260403_052800.wav
3171.0,3174.0,Seiurus aurocapilla,Ovenbird,0.4843,D:\Bird_Anuran_ARUs\IF06\SMM2-31_20260403_052800.wav
3177.0,3180.0,Pipilo erythrophthalmus,Eastern Towhee,0.5562,D:\Bird_Anuran_ARUs\IF06\SMM2-31_20260403_052800.wav
3183.0,3186.0,Baeolophus bicolor,Tufted Titmouse,0.4296,D:\Bird_Anuran_ARUs\IF06\SMM2-31_20260403_052800.wav
3186.0,3189.0,Pipilo erythrophthalmus,Eastern Towhee,0.9421,D:\Bird_Anuran_ARUs\IF06\SMM2-31_20260403_052800.wav
3189.0,3192.0,Molothrus ater,Brown-headed Cowbird,0.2520,D:\Bird_Anuran_ARUs\IF06\SMM2-31_20260403_052800.wav
3195.0,3198.0,Setophaga pinus,Pine Warbler,0.3186,D:\Bird_Anuran_ARUs\IF06\SMM2-31_20260403_052800.wav
3195.0,3198.0,Seiurus aurocapilla,Ovenbird,0.2872,D:\Bird_Anuran_ARUs\IF06\SMM2-31_20260403_052800.wav
3201.0,3204.0,Pipilo erythrophthalmus,Eastern Towhee,0.8464,D:\Bird_Anuran_ARUs\IF06\SMM2-31_20260403_052800.wav
3204.0,3207.0,Molothrus ater,Brown-headed Cowbird,0.5783,D:\Bird_Anuran_ARUs\IF06\SMM2-31_20260403_052800.wav
3207.0,3210.0,Pipilo erythrophthalmus,Eastern Towhee,0.7062,D:\Bird_Anuran_ARUs\IF06\SMM2-31_20260403_052800.wav
3210.0,3213.0,Baeolophus bicolor,Tufted Titmouse,0.4538,D:\Bird_Anuran_ARUs\IF06\SMM2-31_20260403_052800.wav
3213.0,3216.0,Pipilo erythrophthalmus,Eastern Towhee,0.8113,D:\Bird_Anuran_ARUs\IF06\SMM2-31_20260403_052800.wav
3216.0,3219.0,Molothrus ater,Brown-headed Cowbird,0.4946,D:\Bird_Anuran_ARUs\IF06\SMM2-31_20260403_052800.wav
3219.0,3222.0,Pipilo erythrophthalmus,Eastern Towhee,0.8189,D:\Bird_Anuran_ARUs\IF06\SMM2-31_20260403_052800.wav
3225.0,3228.0,Seiurus aurocapilla,Ovenbird,0.3489,D:\Bird_Anuran_ARUs\IF06\SMM2-31_20260403_052800.wav
3225.0,3228.0,Setophaga pinus,Pine Warbler,0.3070,D:\Bird_Anuran_ARUs\IF06\SMM2-31_20260403_052800.wav
3228.0,3231.0,Pipilo erythrophthalmus,Eastern Towhee,0.9684,D:\Bird_Anuran_ARUs\IF06\SMM2-31_20260403_052800.wav
3231.0,3234.0,Poecile carolinensis,Carolina Chickadee,0.8344,D:\Bird_Anuran_ARUs\IF06\SMM2-31_20260403_052800.wav
3234.0,3237.0,Pipilo erythrophthalmus,Eastern Towhee,0.6906,D:\Bird_Anuran_ARUs\IF06\SMM2-31_20260403_052800.wav
3234.0,3237.0,Poecile carolinensis,Carolina Chickadee,0.3308,D:\Bird_Anuran_ARUs\IF06\SMM2-31_20260403_052800.wav
3234.0,3237.0,Baeolophus bicolor,Tufted Titmouse,0.2633,D:\Bird_Anuran_ARUs\IF06\SMM2-31_20260403_052800.wav
3237.0,3240.0,Poecile carolinensis,Carolina Chickadee,0.2898,D:\Bird_Anuran_ARUs\IF06\SMM2-31_20260403_052800.wav
3243.0,3246.0,Pipilo erythrophthalmus,Eastern Towhee,0.5284,D:\Bird_Anuran_ARUs\IF06\SMM2-31_20260403_052800.wav
3243.0,3246.0,Poecile carolinensis,Carolina Chickadee,0.2895,D:\Bird_Anuran_ARUs\IF06\SMM2-31_20260403_052800.wav
3249.0,3252.0,Pipilo erythrophthalmus,Eastern Towhee,0.6557,D:\Bird_Anuran_ARUs\IF06\SMM2-31_20260403_052800.wav
3255.0,3258.0,Baeolophus bicolor,Tufted Titmouse,0.8428,D:\Bird_Anuran_ARUs\IF06\SMM2-31_20260403_052800.wav
3261.0,3264.0,Pipilo erythrophthalmus,Eastern Towhee,0.7354,D:\Bird_Anuran_ARUs\IF06\SMM2-31_20260403_052800.wav
3261.0,3264.0,Corvus brachyrhynchos,American Crow,0.6277,D:\Bird_Anuran_ARUs\IF06\SMM2-31_20260403_052800.wav
3264.0,3267.0,Pipilo erythrophthalmus,Eastern Towhee,0.7671,D:\Bird_Anuran_ARUs\IF06\SMM2-31_20260403_052800.wav
3264.0,3267.0,Corvus brachyrhynchos,American Crow,0.3076,D:\Bird_Anuran_ARUs\IF06\SMM2-31_20260403_052800.wav
3267.0,3270.0,Poecile carolinensis,Carolina Chickadee,0.2725,D:\Bird_Anuran_ARUs\IF06\SMM2-31_20260403_052800.wav
3270.0,3273.0,Pipilo erythrophthalmus,Eastern Towhee,0.7785,D:\Bird_Anuran_ARUs\IF06\SMM2-31_20260403_052800.wav
3270.0,3273.0,Baeolophus bicolor,Tufted Titmouse,0.2550,D:\Bird_Anuran_ARUs\IF06\SMM2-31_20260403_052800.wav
3273.0,3276.0,Poecile carolinensis,Carolina Chickadee,0.6391,D:\Bird_Anuran_ARUs\IF06\SMM2-31_20260403_052800.wav
3276.0,3279.0,Pipilo erythrophthalmus,Eastern Towhee,0.4403,D:\Bird_Anuran_ARUs\IF06\SMM2-31_20260403_052800.wav
3279.0,3282.0,Pipilo erythrophthalmus,Eastern Towhee,0.8298,D:\Bird_Anuran_ARUs\IF06\SMM2-31_20260403_052800.wav
3279.0,3282.0,Seiurus aurocapilla,Ovenbird,0.5928,D:\Bird_Anuran_ARUs\IF06\SMM2-31_20260403_052800.wav
3279.0,3282.0,Baeolophus bicolor,Tufted Titmouse,0.3036,D:\Bird_Anuran_ARUs\IF06\SMM2-31_20260403_052800.wav
3282.0,3285.0,Pipilo erythrophthalmus,Eastern Towhee,0.8052,D:\Bird_Anuran_ARUs\IF06\SMM2-31_20260403_052800.wav
3282.0,3285.0,Baeolophus bicolor,Tufted Titmouse,0.2613,D:\Bird_Anuran_ARUs\IF06\SMM2-31_20260403_052800.wav
3282.0,3285.0,Seiurus aurocapilla,Ovenbird,0.2563,D:\Bird_Anuran_ARUs\IF06\SMM2-31_20260403_052800.wav
3285.0,3288.0,Pipilo erythrophthalmus,Eastern Towhee,0.6329,D:\Bird_Anuran_ARUs\IF06\SMM2-31_20260403_052800.wav
3288.0,3291.0,Pipilo erythrophthalmus,Eastern Towhee,0.5185,D:\Bird_Anuran_ARUs\IF06\SMM2-31_20260403_052800.wav
3291.0,3294.0,Baeolophus bicolor,Tufted Titmouse,0.4553,D:\Bird_Anuran_ARUs\IF06\SMM2-31_20260403_052800.wav
3294.0,3297.0,Pipilo erythrophthalmus,Eastern Towhee,0.9199,D:\Bird_Anuran_ARUs\IF06\SMM2-31_20260403_052800.wav
3294.0,3297.0,Corvus brachyrhynchos,American Crow,0.3173,D:\Bird_Anuran_ARUs\IF06\SMM2-31_20260403_052800.wav
3297.0,3300.0,Pipilo erythrophthalmus,Eastern Towhee,0.8218,D:\Bird_Anuran_ARUs\IF06\SMM2-31_20260403_052800.wav
3300.0,3303.0,Pipilo erythrophthalmus,Eastern Towhee,0.7821,D:\Bird_Anuran_ARUs\IF06\SMM2-31_20260403_052800.wav
3303.0,3306.0,Pipilo erythrophthalmus,Eastern Towhee,0.5197,D:\Bird_Anuran_ARUs\IF06\SMM2-31_20260403_052800.wav
3306.0,3309.0,Pipilo erythrophthalmus,Eastern Towhee,0.9904,D:\Bird_Anuran_ARUs\IF06\SMM2-31_20260403_052800.wav
3306.0,3309.0,Baeolophus bicolor,Tufted Titmouse,0.2787,D:\Bird_Anuran_ARUs\IF06\SMM2-31_20260403_052800.wav
3309.0,3312.0,Pipilo erythrophthalmus,Eastern Towhee,0.9514,D:\Bird_Anuran_ARUs\IF06\SMM2-31_20260403_052800.wav
3312.0,3315.0,Pipilo erythrophthalmus,Eastern Towhee,0.4463,D:\Bird_Anuran_ARUs\IF06\SMM2-31_20260403_052800.wav
3315.0,3318.0,Pipilo erythrophthalmus,Eastern Towhee,0.4478,D:\Bird_Anuran_ARUs\IF06\SMM2-31_20260403_052800.wav
3318.0,3321.0,Pipilo erythrophthalmus,Eastern Towhee,0.3108,D:\Bird_Anuran_ARUs\IF06\SMM2-31_20260403_052800.wav
3321.0,3324.0,Pipilo erythrophthalmus,Eastern Towhee,0.2577,D:\Bird_Anuran_ARUs\IF06\SMM2-31_20260403_052800.wav
3324.0,3327.0,Pipilo erythrophthalmus,Eastern Towhee,0.4815,D:\Bird_Anuran_ARUs\IF06\SMM2-31_20260403_052800.wav
3327.0,3330.0,Pipilo erythrophthalmus,Eastern Towhee,0.9763,D:\Bird_Anuran_ARUs\IF06\SMM2-31_20260403_052800.wav
3330.0,3333.0,Pipilo erythrophthalmus,Eastern Towhee,0.6436,D:\Bird_Anuran_ARUs\IF06\SMM2-31_20260403_052800.wav
3330.0,3333.0,Baeolophus bicolor,Tufted Titmouse,0.3646,D:\Bird_Anuran_ARUs\IF06\SMM2-31_20260403_052800.wav
3336.0,3339.0,Pipilo erythrophthalmus,Eastern Towhee,0.7478,D:\Bird_Anuran_ARUs\IF06\SMM2-31_20260403_052800.wav
3339.0,3342.0,Pipilo erythrophthalmus,Eastern Towhee,0.4374,D:\Bird_Anuran_ARUs\IF06\SMM2-31_20260403_052800.wav
3339.0,3342.0,Setophaga pinus,Pine Warbler,0.2509,D:\Bird_Anuran_ARUs\IF06\SMM2-31_20260403_052800.wav
3348.0,3351.0,Pipilo erythrophthalmus,Eastern Towhee,0.6568,D:\Bird_Anuran_ARUs\IF06\SMM2-31_20260403_052800.wav
3351.0,3354.0,Pipilo erythrophthalmus,Eastern Towhee,0.8165,D:\Bird_Anuran_ARUs\IF06\SMM2-31_20260403_052800.wav
3354.0,3357.0,Baeolophus bicolor,Tufted Titmouse,0.7188,D:\Bird_Anuran_ARUs\IF06\SMM2-31_20260403_052800.wav
3354.0,3357.0,Pipilo erythrophthalmus,Eastern Towhee,0.3748,D:\Bird_Anuran_ARUs\IF06\SMM2-31_20260403_052800.wav
3354.0,3357.0,Seiurus aurocapilla,Ovenbird,0.2971,D:\Bird_Anuran_ARUs\IF06\SMM2-31_20260403_052800.wav
3357.0,3360.0,Pipilo erythrophthalmus,Eastern Towhee,0.5380,D:\Bird_Anuran_ARUs\IF06\SMM2-31_20260403_052800.wav
3360.0,3363.0,Pipilo erythrophthalmus,Eastern Towhee,0.6701,D:\Bird_Anuran_ARUs\IF06\SMM2-31_20260403_052800.wav
3363.0,3366.0,Pipilo erythrophthalmus,Eastern Towhee,0.4773,D:\Bird_Anuran_ARUs\IF06\SMM2-31_20260403_052800.wav
3369.0,3372.0,Pipilo erythrophthalmus,Eastern Towhee,0.6166,D:\Bird_Anuran_ARUs\IF06\SMM2-31_20260403_052800.wav
3372.0,3375.0,Pipilo erythrophthalmus,Eastern Towhee,0.4126,D:\Bird_Anuran_ARUs\IF06\SMM2-31_20260403_052800.wav
3378.0,3381.0,Baeolophus bicolor,Tufted Titmouse,0.2940,D:\Bird_Anuran_ARUs\IF06\SMM2-31_20260403_052800.wav
3378.0,3381.0,Pipilo erythrophthalmus,Eastern Towhee,0.2644,D:\Bird_Anuran_ARUs\IF06\SMM2-31_20260403_052800.wav
3381.0,3384.0,Pipilo erythrophthalmus,Eastern Towhee,0.4453,D:\Bird_Anuran_ARUs\IF06\SMM2-31_20260403_052800.wav
3390.0,3393.0,Pipilo erythrophthalmus,Eastern Towhee,0.5933,D:\Bird_Anuran_ARUs\IF06\SMM2-31_20260403_052800.wav
3396.0,3399.0,Baeolophus bicolor,Tufted Titmouse,0.7966,D:\Bird_Anuran_ARUs\IF06\SMM2-31_20260403_052800.wav
3396.0,3399.0,Cardinalis cardinalis,Northern Cardinal,0.2737,D:\Bird_Anuran_ARUs\IF06\SMM2-31_20260403_052800.wav
3399.0,3402.0,Pipilo erythrophthalmus,Eastern Towhee,0.9709,D:\Bird_Anuran_ARUs\IF06\SMM2-31_20260403_052800.wav
3408.0,3411.0,Pipilo erythrophthalmus,Eastern Towhee,0.3220,D:\Bird_Anuran_ARUs\IF06\SMM2-31_20260403_052800.wav
3420.0,3423.0,Pipilo erythrophthalmus,Eastern Towhee,0.2621,D:\Bird_Anuran_ARUs\IF06\SMM2-31_20260403_052800.wav
3426.0,3429.0,Pipilo erythrophthalmus,Eastern Towhee,0.4101,D:\Bird_Anuran_ARUs\IF06\SMM2-31_20260403_052800.wav
3429.0,3432.0,Pipilo erythrophthalmus,Eastern Towhee,0.7477,D:\Bird_Anuran_ARUs\IF06\SMM2-31_20260403_052800.wav
3429.0,3432.0,Corvus brachyrhynchos,American Crow,0.7322,D:\Bird_Anuran_ARUs\IF06\SMM2-31_20260403_052800.wav
3429.0,3432.0,Baeolophus bicolor,Tufted Titmouse,0.2809,D:\Bird_Anuran_ARUs\IF06\SMM2-31_20260403_052800.wav
3432.0,3435.0,Pipilo erythrophthalmus,Eastern Towhee,0.7789,D:\Bird_Anuran_ARUs\IF06\SMM2-31_20260403_052800.wav
3435.0,3438.0,Pipilo erythrophthalmus,Eastern Towhee,0.3299,D:\Bird_Anuran_ARUs\IF06\SMM2-31_20260403_052800.wav
3438.0,3441.0,Pipilo erythrophthalmus,Eastern Towhee,0.6396,D:\Bird_Anuran_ARUs\IF06\SMM2-31_20260403_052800.wav
3441.0,3444.0,Pipilo erythrophthalmus,Eastern Towhee,0.2786,D:\Bird_Anuran_ARUs\IF06\SMM2-31_20260403_052800.wav
3444.0,3447.0,Pipilo erythrophthalmus,Eastern Towhee,0.2998,D:\Bird_Anuran_ARUs\IF06\SMM2-31_20260403_052800.wav
3447.0,3450.0,Pipilo erythrophthalmus,Eastern Towhee,0.6564,D:\Bird_Anuran_ARUs\IF06\SMM2-31_20260403_052800.wav
3450.0,3453.0,Pipilo erythrophthalmus,Eastern Towhee,0.4108,D:\Bird_Anuran_ARUs\IF06\SMM2-31_20260403_052800.wav
3456.0,3459.0,Pipilo erythrophthalmus,Eastern Towhee,0.9444,D:\Bird_Anuran_ARUs\IF06\SMM2-31_20260403_052800.wav
3456.0,3459.0,Seiurus aurocapilla,Ovenbird,0.4001,D:\Bird_Anuran_ARUs\IF06\SMM2-31_20260403_052800.wav
3459.0,3462.0,Pipilo erythrophthalmus,Eastern Towhee,0.3121,D:\Bird_Anuran_ARUs\IF06\SMM2-31_20260403_052800.wav
3465.0,3468.0,Pipilo erythrophthalmus,Eastern Towhee,0.2919,D:\Bird_Anuran_ARUs\IF06\SMM2-31_20260403_052800.wav
3468.0,3471.0,Pipilo erythrophthalmus,Eastern Towhee,0.7673,D:\Bird_Anuran_ARUs\IF06\SMM2-31_20260403_052800.wav
3468.0,3471.0,Baeolophus bicolor,Tufted Titmouse,0.2894,D:\Bird_Anuran_ARUs\IF06\SMM2-31_20260403_052800.wav
3471.0,3474.0,Pipilo erythrophthalmus,Eastern Towhee,0.8383,D:\Bird_Anuran_ARUs\IF06\SMM2-31_20260403_052800.wav
3474.0,3477.0,Pipilo erythrophthalmus,Eastern Towhee,0.4076,D:\Bird_Anuran_ARUs\IF06\SMM2-31_20260403_052800.wav
3477.0,3480.0,Pipilo erythrophthalmus,Eastern Towhee,0.2608,D:\Bird_Anuran_ARUs\IF06\SMM2-31_20260403_052800.wav
3480.0,3483.0,Pipilo erythrophthalmus,Eastern Towhee,0.8777,D:\Bird_Anuran_ARUs\IF06\SMM2-31_20260403_052800.wav
3480.0,3483.0,Baeolophus bicolor,Tufted Titmouse,0.2726,D:\Bird_Anuran_ARUs\IF06\SMM2-31_20260403_052800.wav
3483.0,3486.0,Pipilo erythrophthalmus,Eastern Towhee,0.5035,D:\Bird_Anuran_ARUs\IF06\SMM2-31_20260403_052800.wav
3486.0,3489.0,Pipilo erythrophthalmus,Eastern Towhee,0.4670,D:\Bird_Anuran_ARUs\IF06\SMM2-31_20260403_052800.wav
3492.0,3495.0,Poecile carolinensis,Carolina Chickadee,0.3096,D:\Bird_Anuran_ARUs\IF06\SMM2-31_20260403_052800.wav
3492.0,3495.0,Baeolophus bicolor,Tufted Titmouse,0.2504,D:\Bird_Anuran_ARUs\IF06\SMM2-31_20260403_052800.wav
3498.0,3501.0,Pipilo erythrophthalmus,Eastern Towhee,0.7549,D:\Bird_Anuran_ARUs\IF06\SMM2-31_20260403_052800.wav
3498.0,3501.0,Baeolophus bicolor,Tufted Titmouse,0.4306,D:\Bird_Anuran_ARUs\IF06\SMM2-31_20260403_052800.wav
3504.0,3507.0,Baeolophus bicolor,Tufted Titmouse,0.5842,D:\Bird_Anuran_ARUs\IF06\SMM2-31_20260403_052800.wav
3507.0,3510.0,Pipilo erythrophthalmus,Eastern Towhee,0.9502,D:\Bird_Anuran_ARUs\IF06\SMM2-31_20260403_052800.wav
3507.0,3510.0,Baeolophus bicolor,Tufted Titmouse,0.4862,D:\Bird_Anuran_ARUs\IF06\SMM2-31_20260403_052800.wav
3510.0,3513.0,Baeolophus bicolor,Tufted Titmouse,0.3025,D:\Bird_Anuran_ARUs\IF06\SMM2-31_20260403_052800.wav
3516.0,3519.0,Pipilo erythrophthalmus,Eastern Towhee,0.5375,D:\Bird_Anuran_ARUs\IF06\SMM2-31_20260403_052800.wav
3519.0,3522.0,Pipilo erythrophthalmus,Eastern Towhee,0.6068,D:\Bird_Anuran_ARUs\IF06\SMM2-31_20260403_052800.wav
3522.0,3525.0,Setophaga pinus,Pine Warbler,0.4934,D:\Bird_Anuran_ARUs\IF06\SMM2-31_20260403_052800.wav
3525.0,3528.0,Setophaga pinus,Pine Warbler,0.9300,D:\Bird_Anuran_ARUs\IF06\SMM2-31_20260403_052800.wav
3528.0,3531.0,Baeolophus bicolor,Tufted Titmouse,0.8143,D:\Bird_Anuran_ARUs\IF06\SMM2-31_20260403_052800.wav
3531.0,3534.0,Pipilo erythrophthalmus,Eastern Towhee,0.6514,D:\Bird_Anuran_ARUs\IF06\SMM2-31_20260403_052800.wav
3534.0,3537.0,Pipilo erythrophthalmus,Eastern Towhee,0.7963,D:\Bird_Anuran_ARUs\IF06\SMM2-31_20260403_052800.wav
3537.0,3540.0,Setophaga pinus,Pine Warbler,0.9112,D:\Bird_Anuran_ARUs\IF06\SMM2-31_20260403_052800.wav
3546.0,3549.0,Pipilo erythrophthalmus,Eastern Towhee,0.7176,D:\Bird_Anuran_ARUs\IF06\SMM2-31_20260403_052800.wav
3552.0,3555.0,Setophaga pinus,Pine Warbler,0.5552,D:\Bird_Anuran_ARUs\IF06\SMM2-31_20260403_052800.wav
3555.0,3558.0,Setophaga pinus,Pine Warbler,0.9206,D:\Bird_Anuran_ARUs\IF06\SMM2-31_20260403_052800.wav
3558.0,3561.0,Pipilo erythrophthalmus,Eastern Towhee,0.4674,D:\Bird_Anuran_ARUs\IF06\SMM2-31_20260403_052800.wav
3561.0,3564.0,Pipilo erythrophthalmus,Eastern Towhee,0.4399,D:\Bird_Anuran_ARUs\IF06\SMM2-31_20260403_052800.wav
3564.0,3567.0,Pipilo erythrophthalmus,Eastern Towhee,0.9551,D:\Bird_Anuran_ARUs\IF06\SMM2-31_20260403_052800.wav
3570.0,3573.0,Pipilo erythrophthalmus,Eastern Towhee,0.8870,D:\Bird_Anuran_ARUs\IF06\SMM2-31_20260403_052800.wav
3573.0,3576.0,Setophaga pinus,Pine Warbler,0.8501,D:\Bird_Anuran_ARUs\IF06\SMM2-31_20260403_052800.wav
3576.0,3579.0,Pipilo erythrophthalmus,Eastern Towhee,0.2891,D:\Bird_Anuran_ARUs\IF06\SMM2-31_20260403_052800.wav
3579.0,3582.0,Pipilo erythrophthalmus,Eastern Towhee,0.8092,D:\Bird_Anuran_ARUs\IF06\SMM2-31_20260403_052800.wav
3585.0,3588.0,Pipilo erythrophthalmus,Eastern Towhee,0.6570,D:\Bird_Anuran_ARUs\IF06\SMM2-31_20260403_052800.wav
3588.0,3591.0,Pipilo erythrophthalmus,Eastern Towhee,0.9769,D:\Bird_Anuran_ARUs\IF06\SMM2-31_20260403_052800.wav
3591.0,3594.0,Setophaga pinus,Pine Warbler,0.8827,D:\Bird_Anuran_ARUs\IF06\SMM2-31_20260403_052800.wav
3594.0,3597.0,Seiurus aurocapilla,Ovenbird,0.4517,D:\Bird_Anuran_ARUs\IF06\SMM2-31_20260403_052800.wav
3597.0,3600.0,Pipilo erythrophthalmus,Eastern Towhee,0.9858,D:\Bird_Anuran_ARUs\IF06\SMM2-31_20260403_052800.wav
