Start (s),End (s),Scientific name,Common name,Confidence,File
6.0,9.0,Pipilo erythrophthalmus,Eastern Towhee,0.3151,D:\Bird_Anuran_ARUs\IF06\SMM2-31_20260404_062702.wav
9.0,12.0,Pipilo erythrophthalmus,Eastern Towhee,0.4049,D:\Bird_Anuran_ARUs\IF06\SMM2-31_20260404_062702.wav
12.0,15.0,Pipilo erythrophthalmus,Eastern Towhee,0.9273,D:\Bird_Anuran_ARUs\IF06\SMM2-31_20260404_062702.wav
15.0,18.0,Seiurus aurocapilla,Ovenbird,0.7493,D:\Bird_Anuran_ARUs\IF06\SMM2-31_20260404_062702.wav
18.0,21.0,Pipilo erythrophthalmus,Eastern Towhee,0.4551,D:\Bird_Anuran_ARUs\IF06\SMM2-31_20260404_062702.wav
21.0,24.0,Pipilo erythrophthalmus,Eastern Towhee,0.7500,D:\Bird_Anuran_ARUs\IF06\SMM2-31_20260404_062702.wav
24.0,27.0,Pipilo erythrophthalmus,Eastern Towhee,0.3538,D:\Bird_Anuran_ARUs\IF06\SMM2-31_20260404_062702.wav
27.0,30.0,Pipilo erythrophthalmus,Eastern Towhee,0.9314,D:\Bird_Anuran_ARUs\IF06\SMM2-31_20260404_062702.wav
36.0,39.0,Pipilo erythrophthalmus,Eastern Towhee,0.8600,D:\Bird_Anuran_ARUs\IF06\SMM2-31_20260404_062702.wav
39.0,42.0,Seiurus aurocapilla,Ovenbird,0.2579,D:\Bird_Anuran_ARUs\IF06\SMM2-31_20260404_062702.wav
42.0,45.0,Pipilo erythrophthalmus,Eastern Towhee,0.5120,D:\Bird_Anuran_ARUs\IF06\SMM2-31_20260404_062702.wav
45.0,48.0,Pipilo erythrophthalmus,Eastern Towhee,0.4700,D:\Bird_Anuran_ARUs\IF06\SMM2-31_20260404_062702.wav
48.0,51.0,Pipilo erythrophthalmus,Eastern Towhee,0.8832,D:\Bird_Anuran_ARUs\IF06\SMM2-31_20260404_062702.wav
54.0,57.0,Pipilo erythrophthalmus,Eastern Towhee,0.6071,D:\Bird_Anuran_ARUs\IF06\SMM2-31_20260404_062702.wav
57.0,60.0,Pipilo erythrophthalmus,Eastern Towhee,0.3668,D:\Bird_Anuran_ARUs\IF06\SMM2-31_20260404_062702.wav
60.0,63.0,Seiurus aurocapilla,Ovenbird,0.8029,D:\Bird_Anuran_ARUs\IF06\SMM2-31_20260404_062702.wav
63.0,66.0,Setophaga pinus,Pine Warbler,0.7417,D:\Bird_Anuran_ARUs\IF06\SMM2-31_20260404_062702.wav
66.0,69.0,Pipilo erythrophthalmus,Eastern Towhee,0.2639,D:\Bird_Anuran_ARUs\IF06\SMM2-31_20260404_062702.wav
75.0,78.0,Pipilo erythrophthalmus,Eastern Towhee,0.8699,D:\Bird_Anuran_ARUs\IF06\SMM2-31_20260404_062702.wav
78.0,81.0,Setophaga pinus,Pine Warbler,0.6722,D:\Bird_Anuran_ARUs\IF06\SMM2-31_20260404_062702.wav
81.0,84.0,Seiurus aurocapilla,Ovenbird,0.7096,D:\Bird_Anuran_ARUs\IF06\SMM2-31_20260404_062702.wav
81.0,84.0,Piranga olivacea,Scarlet Tanager,0.6669,D:\Bird_Anuran_ARUs\IF06\SMM2-31_20260404_062702.wav
84.0,87.0,Pipilo erythrophthalmus,Eastern Towhee,0.8127,D:\Bird_Anuran_ARUs\IF06\SMM2-31_20260404_062702.wav
93.0,96.0,Pipilo erythrophthalmus,Eastern Towhee,0.3177,D:\Bird_Anuran_ARUs\IF06\SMM2-31_20260404_062702.wav
99.0,102.0,Pipilo erythrophthalmus,Eastern Towhee,0.5610,D:\Bird_Anuran_ARUs\IF06\SMM2-31_20260404_062702.wav
105.0,108.0,Pipilo erythrophthalmus,Eastern Towhee,0.2996,D:\Bird_Anuran_ARUs\IF06\SMM2-31_20260404_062702.wav
108.0,111.0,Pipilo erythrophthalmus,Eastern Towhee,0.3162,D:\Bird_Anuran_ARUs\IF06\SMM2-31_20260404_062702.wav
114.0,117.0,Pipilo erythrophthalmus,Eastern Towhee,0.7632,D:\Bird_Anuran_ARUs\IF06\SMM2-31_20260404_062702.wav
117.0,120.0,Cardinalis cardinalis,Northern Cardinal,0.4355,D:\Bird_Anuran_ARUs\IF06\SMM2-31_20260404_062702.wav
117.0,120.0,Seiurus aurocapilla,Ovenbird,0.3402,D:\Bird_Anuran_ARUs\IF06\SMM2-31_20260404_062702.wav
120.0,123.0,Pipilo erythrophthalmus,Eastern Towhee,0.7662,D:\Bird_Anuran_ARUs\IF06\SMM2-31_20260404_062702.wav
123.0,126.0,Pipilo erythrophthalmus,Eastern Towhee,0.3653,D:\Bird_Anuran_ARUs\IF06\SMM2-31_20260404_062702.wav
132.0,135.0,Seiurus aurocapilla,Ovenbird,0.6601,D:\Bird_Anuran_ARUs\IF06\SMM2-31_20260404_062702.wav
135.0,138.0,Pipilo erythrophthalmus,Eastern Towhee,0.8807,D:\Bird_Anuran_ARUs\IF06\SMM2-31_20260404_062702.wav
141.0,144.0,Parkesia motacilla,Louisiana Waterthrush,0.3103,D:\Bird_Anuran_ARUs\IF06\SMM2-31_20260404_062702.wav
147.0,150.0,Pipilo erythrophthalmus,Eastern Towhee,0.7119,D:\Bird_Anuran_ARUs\IF06\SMM2-31_20260404_062702.wav
156.0,159.0,Seiurus aurocapilla,Ovenbird,0.3655,D:\Bird_Anuran_ARUs\IF06\SMM2-31_20260404_062702.wav
159.0,162.0,Seiurus aurocapilla,Ovenbird,0.3605,D:\Bird_Anuran_ARUs\IF06\SMM2-31_20260404_062702.wav
162.0,165.0,Cardinalis cardinalis,Northern Cardinal,0.3949,D:\Bird_Anuran_ARUs\IF06\SMM2-31_20260404_062702.wav
174.0,177.0,Pipilo erythrophthalmus,Eastern Towhee,0.4944,D:\Bird_Anuran_ARUs\IF06\SMM2-31_20260404_062702.wav
177.0,180.0,Pipilo erythrophthalmus,Eastern Towhee,0.5599,D:\Bird_Anuran_ARUs\IF06\SMM2-31_20260404_062702.wav
177.0,180.0,Seiurus aurocapilla,Ovenbird,0.2812,D:\Bird_Anuran_ARUs\IF06\SMM2-31_20260404_062702.wav
180.0,183.0,Seiurus aurocapilla,Ovenbird,0.5486,D:\Bird_Anuran_ARUs\IF06\SMM2-31_20260404_062702.wav
183.0,186.0,Pipilo erythrophthalmus,Eastern Towhee,0.8554,D:\Bird_Anuran_ARUs\IF06\SMM2-31_20260404_062702.wav
183.0,186.0,Cardinalis cardinalis,Northern Cardinal,0.4477,D:\Bird_Anuran_ARUs\IF06\SMM2-31_20260404_062702.wav
195.0,198.0,Pipilo erythrophthalmus,Eastern Towhee,0.6920,D:\Bird_Anuran_ARUs\IF06\SMM2-31_20260404_062702.wav
198.0,201.0,Pipilo erythrophthalmus,Eastern Towhee,0.4617,D:\Bird_Anuran_ARUs\IF06\SMM2-31_20260404_062702.wav
201.0,204.0,Seiurus aurocapilla,Ovenbird,0.6038,D:\Bird_Anuran_ARUs\IF06\SMM2-31_20260404_062702.wav
207.0,210.0,Pipilo erythrophthalmus,Eastern Towhee,0.7730,D:\Bird_Anuran_ARUs\IF06\SMM2-31_20260404_062702.wav
216.0,219.0,Pipilo erythrophthalmus,Eastern Towhee,0.3339,D:\Bird_Anuran_ARUs\IF06\SMM2-31_20260404_062702.wav
225.0,228.0,Seiurus aurocapilla,Ovenbird,0.2937,D:\Bird_Anuran_ARUs\IF06\SMM2-31_20260404_062702.wav
234.0,237.0,Pipilo erythrophthalmus,Eastern Towhee,0.7878,D:\Bird_Anuran_ARUs\IF06\SMM2-31_20260404_062702.wav
243.0,246.0,Pipilo erythrophthalmus,Eastern Towhee,0.4021,D:\Bird_Anuran_ARUs\IF06\SMM2-31_20260404_062702.wav
246.0,249.0,Seiurus aurocapilla,Ovenbird,0.6811,D:\Bird_Anuran_ARUs\IF06\SMM2-31_20260404_062702.wav
249.0,252.0,Seiurus aurocapilla,Ovenbird,0.2633,D:\Bird_Anuran_ARUs\IF06\SMM2-31_20260404_062702.wav
252.0,255.0,Piranga olivacea,Scarlet Tanager,0.6481,D:\Bird_Anuran_ARUs\IF06\SMM2-31_20260404_062702.wav
252.0,255.0,Pipilo erythrophthalmus,Eastern Towhee,0.5475,D:\Bird_Anuran_ARUs\IF06\SMM2-31_20260404_062702.wav
255.0,258.0,Pipilo erythrophthalmus,Eastern Towhee,0.6472,D:\Bird_Anuran_ARUs\IF06\SMM2-31_20260404_062702.wav
267.0,270.0,Pipilo erythrophthalmus,Eastern Towhee,0.7374,D:\Bird_Anuran_ARUs\IF06\SMM2-31_20260404_062702.wav
273.0,276.0,Seiurus aurocapilla,Ovenbird,0.9300,D:\Bird_Anuran_ARUs\IF06\SMM2-31_20260404_062702.wav
276.0,279.0,Pipilo erythrophthalmus,Eastern Towhee,0.8723,D:\Bird_Anuran_ARUs\IF06\SMM2-31_20260404_062702.wav
285.0,288.0,Pipilo erythrophthalmus,Eastern Towhee,0.8080,D:\Bird_Anuran_ARUs\IF06\SMM2-31_20260404_062702.wav
294.0,297.0,Seiurus aurocapilla,Ovenbird,0.7767,D:\Bird_Anuran_ARUs\IF06\SMM2-31_20260404_062702.wav
300.0,303.0,Cardinalis cardinalis,Northern Cardinal,0.4347,D:\Bird_Anuran_ARUs\IF06\SMM2-31_20260404_062702.wav
300.0,303.0,Seiurus aurocapilla,Ovenbird,0.3642,D:\Bird_Anuran_ARUs\IF06\SMM2-31_20260404_062702.wav
306.0,309.0,Pipilo erythrophthalmus,Eastern Towhee,0.7957,D:\Bird_Anuran_ARUs\IF06\SMM2-31_20260404_062702.wav
312.0,315.0,Molothrus ater,Brown-headed Cowbird,0.9584,D:\Bird_Anuran_ARUs\IF06\SMM2-31_20260404_062702.wav
315.0,318.0,Pipilo erythrophthalmus,Eastern Towhee,0.7771,D:\Bird_Anuran_ARUs\IF06\SMM2-31_20260404_062702.wav
318.0,321.0,Seiurus aurocapilla,Ovenbird,0.6956,D:\Bird_Anuran_ARUs\IF06\SMM2-31_20260404_062702.wav
321.0,324.0,Seiurus aurocapilla,Ovenbird,0.3438,D:\Bird_Anuran_ARUs\IF06\SMM2-31_20260404_062702.wav
327.0,330.0,Pipilo erythrophthalmus,Eastern Towhee,0.2930,D:\Bird_Anuran_ARUs\IF06\SMM2-31_20260404_062702.wav
339.0,342.0,Pipilo erythrophthalmus,Eastern Towhee,0.8887,D:\Bird_Anuran_ARUs\IF06\SMM2-31_20260404_062702.wav
342.0,345.0,Seiurus aurocapilla,Ovenbird,0.7922,D:\Bird_Anuran_ARUs\IF06\SMM2-31_20260404_062702.wav
342.0,345.0,Melanerpes carolinus,Red-bellied Woodpecker,0.2700,D:\Bird_Anuran_ARUs\IF06\SMM2-31_20260404_062702.wav
345.0,348.0,Seiurus aurocapilla,Ovenbird,0.4384,D:\Bird_Anuran_ARUs\IF06\SMM2-31_20260404_062702.wav
348.0,351.0,Pipilo erythrophthalmus,Eastern Towhee,0.7732,D:\Bird_Anuran_ARUs\IF06\SMM2-31_20260404_062702.wav
357.0,360.0,Pipilo erythrophthalmus,Eastern Towhee,0.7604,D:\Bird_Anuran_ARUs\IF06\SMM2-31_20260404_062702.wav
363.0,366.0,Seiurus aurocapilla,Ovenbird,0.5821,D:\Bird_Anuran_ARUs\IF06\SMM2-31_20260404_062702.wav
366.0,369.0,Seiurus aurocapilla,Ovenbird,0.6422,D:\Bird_Anuran_ARUs\IF06\SMM2-31_20260404_062702.wav
369.0,372.0,Pipilo erythrophthalmus,Eastern Towhee,0.8114,D:\Bird_Anuran_ARUs\IF06\SMM2-31_20260404_062702.wav
378.0,381.0,Pipilo erythrophthalmus,Eastern Towhee,0.8160,D:\Bird_Anuran_ARUs\IF06\SMM2-31_20260404_062702.wav
387.0,390.0,Seiurus aurocapilla,Ovenbird,0.2916,D:\Bird_Anuran_ARUs\IF06\SMM2-31_20260404_062702.wav
402.0,405.0,Pipilo erythrophthalmus,Eastern Towhee,0.2684,D:\Bird_Anuran_ARUs\IF06\SMM2-31_20260404_062702.wav
408.0,411.0,Seiurus aurocapilla,Ovenbird,0.7355,D:\Bird_Anuran_ARUs\IF06\SMM2-31_20260404_062702.wav
411.0,414.0,Pipilo erythrophthalmus,Eastern Towhee,0.7276,D:\Bird_Anuran_ARUs\IF06\SMM2-31_20260404_062702.wav
411.0,414.0,Seiurus aurocapilla,Ovenbird,0.2989,D:\Bird_Anuran_ARUs\IF06\SMM2-31_20260404_062702.wav
417.0,420.0,Piranga olivacea,Scarlet Tanager,0.7395,D:\Bird_Anuran_ARUs\IF06\SMM2-31_20260404_062702.wav
420.0,423.0,Pipilo erythrophthalmus,Eastern Towhee,0.8513,D:\Bird_Anuran_ARUs\IF06\SMM2-31_20260404_062702.wav
423.0,426.0,Geothlypis trichas,Common Yellowthroat,0.2739,D:\Bird_Anuran_ARUs\IF06\SMM2-31_20260404_062702.wav
426.0,429.0,Pipilo erythrophthalmus,Eastern Towhee,0.8847,D:\Bird_Anuran_ARUs\IF06\SMM2-31_20260404_062702.wav
429.0,432.0,Geothlypis trichas,Common Yellowthroat,0.2754,D:\Bird_Anuran_ARUs\IF06\SMM2-31_20260404_062702.wav
432.0,435.0,Seiurus aurocapilla,Ovenbird,0.9423,D:\Bird_Anuran_ARUs\IF06\SMM2-31_20260404_062702.wav
435.0,438.0,Pipilo erythrophthalmus,Eastern Towhee,0.6209,D:\Bird_Anuran_ARUs\IF06\SMM2-31_20260404_062702.wav
438.0,441.0,Pipilo erythrophthalmus,Eastern Towhee,0.3803,D:\Bird_Anuran_ARUs\IF06\SMM2-31_20260404_062702.wav
441.0,444.0,Piranga olivacea,Scarlet Tanager,0.3963,D:\Bird_Anuran_ARUs\IF06\SMM2-31_20260404_062702.wav
444.0,447.0,Pipilo erythrophthalmus,Eastern Towhee,0.7356,D:\Bird_Anuran_ARUs\IF06\SMM2-31_20260404_062702.wav
447.0,450.0,Pipilo erythrophthalmus,Eastern Towhee,0.3088,D:\Bird_Anuran_ARUs\IF06\SMM2-31_20260404_062702.wav
450.0,453.0,Geothlypis trichas,Common Yellowthroat,0.4199,D:\Bird_Anuran_ARUs\IF06\SMM2-31_20260404_062702.wav
453.0,456.0,Pipilo erythrophthalmus,Eastern Towhee,0.8990,D:\Bird_Anuran_ARUs\IF06\SMM2-31_20260404_062702.wav
462.0,465.0,Pipilo erythrophthalmus,Eastern Towhee,0.8237,D:\Bird_Anuran_ARUs\IF06\SMM2-31_20260404_062702.wav
462.0,465.0,Seiurus aurocapilla,Ovenbird,0.2777,D:\Bird_Anuran_ARUs\IF06\SMM2-31_20260404_062702.wav
465.0,468.0,Seiurus aurocapilla,Ovenbird,0.5298,D:\Bird_Anuran_ARUs\IF06\SMM2-31_20260404_062702.wav
468.0,471.0,Pipilo erythrophthalmus,Eastern Towhee,0.7600,D:\Bird_Anuran_ARUs\IF06\SMM2-31_20260404_062702.wav
471.0,474.0,Pipilo erythrophthalmus,Eastern Towhee,0.9860,D:\Bird_Anuran_ARUs\IF06\SMM2-31_20260404_062702.wav
474.0,477.0,Pipilo erythrophthalmus,Eastern Towhee,0.7937,D:\Bird_Anuran_ARUs\IF06\SMM2-31_20260404_062702.wav
477.0,480.0,Pipilo erythrophthalmus,Eastern Towhee,0.8619,D:\Bird_Anuran_ARUs\IF06\SMM2-31_20260404_062702.wav
480.0,483.0,Pipilo erythrophthalmus,Eastern Towhee,0.4872,D:\Bird_Anuran_ARUs\IF06\SMM2-31_20260404_062702.wav
483.0,486.0,Pipilo erythrophthalmus,Eastern Towhee,0.7839,D:\Bird_Anuran_ARUs\IF06\SMM2-31_20260404_062702.wav
486.0,489.0,Seiurus aurocapilla,Ovenbird,0.5106,D:\Bird_Anuran_ARUs\IF06\SMM2-31_20260404_062702.wav
486.0,489.0,Pipilo erythrophthalmus,Eastern Towhee,0.3252,D:\Bird_Anuran_ARUs\IF06\SMM2-31_20260404_062702.wav
489.0,492.0,Seiurus aurocapilla,Ovenbird,0.3842,D:\Bird_Anuran_ARUs\IF06\SMM2-31_20260404_062702.wav
492.0,495.0,Pipilo erythrophthalmus,Eastern Towhee,0.2783,D:\Bird_Anuran_ARUs\IF06\SMM2-31_20260404_062702.wav
495.0,498.0,Pipilo erythrophthalmus,Eastern Towhee,0.7970,D:\Bird_Anuran_ARUs\IF06\SMM2-31_20260404_062702.wav
498.0,501.0,Pipilo erythrophthalmus,Eastern Towhee,0.6236,D:\Bird_Anuran_ARUs\IF06\SMM2-31_20260404_062702.wav
501.0,504.0,Pipilo erythrophthalmus,Eastern Towhee,0.3537,D:\Bird_Anuran_ARUs\IF06\SMM2-31_20260404_062702.wav
504.0,507.0,Pipilo erythrophthalmus,Eastern Towhee,0.3872,D:\Bird_Anuran_ARUs\IF06\SMM2-31_20260404_062702.wav
507.0,510.0,Pipilo erythrophthalmus,Eastern Towhee,0.3462,D:\Bird_Anuran_ARUs\IF06\SMM2-31_20260404_062702.wav
510.0,513.0,Pipilo erythrophthalmus,Eastern Towhee,0.6818,D:\Bird_Anuran_ARUs\IF06\SMM2-31_20260404_062702.wav
510.0,513.0,Seiurus aurocapilla,Ovenbird,0.6514,D:\Bird_Anuran_ARUs\IF06\SMM2-31_20260404_062702.wav
513.0,516.0,Seiurus aurocapilla,Ovenbird,0.8008,D:\Bird_Anuran_ARUs\IF06\SMM2-31_20260404_062702.wav
513.0,516.0,Pipilo erythrophthalmus,Eastern Towhee,0.4103,D:\Bird_Anuran_ARUs\IF06\SMM2-31_20260404_062702.wav
516.0,519.0,Pipilo erythrophthalmus,Eastern Towhee,0.7051,D:\Bird_Anuran_ARUs\IF06\SMM2-31_20260404_062702.wav
522.0,525.0,Pipilo erythrophthalmus,Eastern Towhee,0.5969,D:\Bird_Anuran_ARUs\IF06\SMM2-31_20260404_062702.wav
525.0,528.0,Pipilo erythrophthalmus,Eastern Towhee,0.6761,D:\Bird_Anuran_ARUs\IF06\SMM2-31_20260404_062702.wav
528.0,531.0,Pipilo erythrophthalmus,Eastern Towhee,0.7543,D:\Bird_Anuran_ARUs\IF06\SMM2-31_20260404_062702.wav
531.0,534.0,Seiurus aurocapilla,Ovenbird,0.3278,D:\Bird_Anuran_ARUs\IF06\SMM2-31_20260404_062702.wav
534.0,537.0,Seiurus aurocapilla,Ovenbird,0.6437,D:\Bird_Anuran_ARUs\IF06\SMM2-31_20260404_062702.wav
540.0,543.0,Pipilo erythrophthalmus,Eastern Towhee,0.7063,D:\Bird_Anuran_ARUs\IF06\SMM2-31_20260404_062702.wav
546.0,549.0,Pipilo erythrophthalmus,Eastern Towhee,0.7663,D:\Bird_Anuran_ARUs\IF06\SMM2-31_20260404_062702.wav
552.0,555.0,Setophaga citrina,Hooded Warbler,0.7098,D:\Bird_Anuran_ARUs\IF06\SMM2-31_20260404_062702.wav
558.0,561.0,Pipilo erythrophthalmus,Eastern Towhee,0.4488,D:\Bird_Anuran_ARUs\IF06\SMM2-31_20260404_062702.wav
561.0,564.0,Setophaga citrina,Hooded Warbler,0.6667,D:\Bird_Anuran_ARUs\IF06\SMM2-31_20260404_062702.wav
567.0,570.0,Pipilo erythrophthalmus,Eastern Towhee,0.7027,D:\Bird_Anuran_ARUs\IF06\SMM2-31_20260404_062702.wav
570.0,573.0,Pipilo erythrophthalmus,Eastern Towhee,0.4892,D:\Bird_Anuran_ARUs\IF06\SMM2-31_20260404_062702.wav
573.0,576.0,Setophaga citrina,Hooded Warbler,0.6161,D:\Bird_Anuran_ARUs\IF06\SMM2-31_20260404_062702.wav
576.0,579.0,Seiurus aurocapilla,Ovenbird,0.5097,D:\Bird_Anuran_ARUs\IF06\SMM2-31_20260404_062702.wav
579.0,582.0,Seiurus aurocapilla,Ovenbird,0.6052,D:\Bird_Anuran_ARUs\IF06\SMM2-31_20260404_062702.wav
585.0,588.0,Pipilo erythrophthalmus,Eastern Towhee,0.2501,D:\Bird_Anuran_ARUs\IF06\SMM2-31_20260404_062702.wav
588.0,591.0,Setophaga citrina,Hooded Warbler,0.3254,D:\Bird_Anuran_ARUs\IF06\SMM2-31_20260404_062702.wav
591.0,594.0,Pipilo erythrophthalmus,Eastern Towhee,0.5273,D:\Bird_Anuran_ARUs\IF06\SMM2-31_20260404_062702.wav
597.0,600.0,Seiurus aurocapilla,Ovenbird,0.8178,D:\Bird_Anuran_ARUs\IF06\SMM2-31_20260404_062702.wav
600.0,603.0,Seiurus aurocapilla,Ovenbird,0.7495,D:\Bird_Anuran_ARUs\IF06\SMM2-31_20260404_062702.wav
603.0,606.0,Seiurus aurocapilla,Ovenbird,0.5355,D:\Bird_Anuran_ARUs\IF06\SMM2-31_20260404_062702.wav
606.0,609.0,Setophaga pinus,Pine Warbler,0.3155,D:\Bird_Anuran_ARUs\IF06\SMM2-31_20260404_062702.wav
621.0,624.0,Seiurus aurocapilla,Ovenbird,0.4925,D:\Bird_Anuran_ARUs\IF06\SMM2-31_20260404_062702.wav
636.0,639.0,Setophaga pinus,Pine Warbler,0.2787,D:\Bird_Anuran_ARUs\IF06\SMM2-31_20260404_062702.wav
642.0,645.0,Pipilo erythrophthalmus,Eastern Towhee,0.5647,D:\Bird_Anuran_ARUs\IF06\SMM2-31_20260404_062702.wav
645.0,648.0,Setophaga pinus,Pine Warbler,0.2740,D:\Bird_Anuran_ARUs\IF06\SMM2-31_20260404_062702.wav
648.0,651.0,Seiurus aurocapilla,Ovenbird,0.9574,D:\Bird_Anuran_ARUs\IF06\SMM2-31_20260404_062702.wav
651.0,654.0,Seiurus aurocapilla,Ovenbird,0.8342,D:\Bird_Anuran_ARUs\IF06\SMM2-31_20260404_062702.wav
651.0,654.0,Pipilo erythrophthalmus,Eastern Towhee,0.3064,D:\Bird_Anuran_ARUs\IF06\SMM2-31_20260404_062702.wav
663.0,666.0,Seiurus aurocapilla,Ovenbird,0.9415,D:\Bird_Anuran_ARUs\IF06\SMM2-31_20260404_062702.wav
666.0,669.0,Seiurus aurocapilla,Ovenbird,0.7842,D:\Bird_Anuran_ARUs\IF06\SMM2-31_20260404_062702.wav
669.0,672.0,Pipilo erythrophthalmus,Eastern Towhee,0.8005,D:\Bird_Anuran_ARUs\IF06\SMM2-31_20260404_062702.wav
672.0,675.0,Pipilo erythrophthalmus,Eastern Towhee,0.4001,D:\Bird_Anuran_ARUs\IF06\SMM2-31_20260404_062702.wav
675.0,678.0,Seiurus aurocapilla,Ovenbird,0.9507,D:\Bird_Anuran_ARUs\IF06\SMM2-31_20260404_062702.wav
681.0,684.0,Seiurus aurocapilla,Ovenbird,0.8637,D:\Bird_Anuran_ARUs\IF06\SMM2-31_20260404_062702.wav
693.0,696.0,Seiurus aurocapilla,Ovenbird,0.9293,D:\Bird_Anuran_ARUs\IF06\SMM2-31_20260404_062702.wav
696.0,699.0,Seiurus aurocapilla,Ovenbird,0.7660,D:\Bird_Anuran_ARUs\IF06\SMM2-31_20260404_062702.wav
699.0,702.0,Seiurus aurocapilla,Ovenbird,0.9111,D:\Bird_Anuran_ARUs\IF06\SMM2-31_20260404_062702.wav
708.0,711.0,Setophaga pinus,Pine Warbler,0.2885,D:\Bird_Anuran_ARUs\IF06\SMM2-31_20260404_062702.wav
714.0,717.0,Cardinalis cardinalis,Northern Cardinal,0.3954,D:\Bird_Anuran_ARUs\IF06\SMM2-31_20260404_062702.wav
714.0,717.0,Setophaga dominica,Yellow-throated Warbler,0.3314,D:\Bird_Anuran_ARUs\IF06\SMM2-31_20260404_062702.wav
717.0,720.0,Seiurus aurocapilla,Ovenbird,0.9643,D:\Bird_Anuran_ARUs\IF06\SMM2-31_20260404_062702.wav
720.0,723.0,Pipilo erythrophthalmus,Eastern Towhee,0.3729,D:\Bird_Anuran_ARUs\IF06\SMM2-31_20260404_062702.wav
729.0,732.0,Cardinalis cardinalis,Northern Cardinal,0.4019,D:\Bird_Anuran_ARUs\IF06\SMM2-31_20260404_062702.wav
732.0,735.0,Setophaga pinus,Pine Warbler,0.9315,D:\Bird_Anuran_ARUs\IF06\SMM2-31_20260404_062702.wav
735.0,738.0,Setophaga pinus,Pine Warbler,0.9551,D:\Bird_Anuran_ARUs\IF06\SMM2-31_20260404_062702.wav
738.0,741.0,Seiurus aurocapilla,Ovenbird,0.8837,D:\Bird_Anuran_ARUs\IF06\SMM2-31_20260404_062702.wav
741.0,744.0,Seiurus aurocapilla,Ovenbird,0.8873,D:\Bird_Anuran_ARUs\IF06\SMM2-31_20260404_062702.wav
744.0,747.0,Setophaga pinus,Pine Warbler,0.9589,D:\Bird_Anuran_ARUs\IF06\SMM2-31_20260404_062702.wav
747.0,750.0,Geothlypis trichas,Common Yellowthroat,0.3547,D:\Bird_Anuran_ARUs\IF06\SMM2-31_20260404_062702.wav
753.0,756.0,Setophaga pinus,Pine Warbler,0.3411,D:\Bird_Anuran_ARUs\IF06\SMM2-31_20260404_062702.wav
756.0,759.0,Setophaga citrina,Hooded Warbler,0.6617,D:\Bird_Anuran_ARUs\IF06\SMM2-31_20260404_062702.wav
762.0,765.0,Seiurus aurocapilla,Ovenbird,0.9279,D:\Bird_Anuran_ARUs\IF06\SMM2-31_20260404_062702.wav
765.0,768.0,Seiurus aurocapilla,Ovenbird,0.8702,D:\Bird_Anuran_ARUs\IF06\SMM2-31_20260404_062702.wav
789.0,792.0,Seiurus aurocapilla,Ovenbird,0.7310,D:\Bird_Anuran_ARUs\IF06\SMM2-31_20260404_062702.wav
798.0,801.0,Pipilo erythrophthalmus,Eastern Towhee,0.9100,D:\Bird_Anuran_ARUs\IF06\SMM2-31_20260404_062702.wav
801.0,804.0,Cardinalis cardinalis,Northern Cardinal,0.2672,D:\Bird_Anuran_ARUs\IF06\SMM2-31_20260404_062702.wav
807.0,810.0,Seiurus aurocapilla,Ovenbird,0.7427,D:\Bird_Anuran_ARUs\IF06\SMM2-31_20260404_062702.wav
807.0,810.0,Pipilo erythrophthalmus,Eastern Towhee,0.6658,D:\Bird_Anuran_ARUs\IF06\SMM2-31_20260404_062702.wav
810.0,813.0,Seiurus aurocapilla,Ovenbird,0.3925,D:\Bird_Anuran_ARUs\IF06\SMM2-31_20260404_062702.wav
813.0,816.0,Seiurus aurocapilla,Ovenbird,0.4299,D:\Bird_Anuran_ARUs\IF06\SMM2-31_20260404_062702.wav
816.0,819.0,Setophaga pinus,Pine Warbler,0.2949,D:\Bird_Anuran_ARUs\IF06\SMM2-31_20260404_062702.wav
822.0,825.0,Cardinalis cardinalis,Northern Cardinal,0.3584,D:\Bird_Anuran_ARUs\IF06\SMM2-31_20260404_062702.wav
828.0,831.0,Seiurus aurocapilla,Ovenbird,0.9032,D:\Bird_Anuran_ARUs\IF06\SMM2-31_20260404_062702.wav
831.0,834.0,Seiurus aurocapilla,Ovenbird,0.5951,D:\Bird_Anuran_ARUs\IF06\SMM2-31_20260404_062702.wav
831.0,834.0,Setophaga pinus,Pine Warbler,0.5902,D:\Bird_Anuran_ARUs\IF06\SMM2-31_20260404_062702.wav
834.0,837.0,Seiurus aurocapilla,Ovenbird,0.8329,D:\Bird_Anuran_ARUs\IF06\SMM2-31_20260404_062702.wav
840.0,843.0,Cardinalis cardinalis,Northern Cardinal,0.6719,D:\Bird_Anuran_ARUs\IF06\SMM2-31_20260404_062702.wav
840.0,843.0,Pipilo erythrophthalmus,Eastern Towhee,0.4461,D:\Bird_Anuran_ARUs\IF06\SMM2-31_20260404_062702.wav
849.0,852.0,Seiurus aurocapilla,Ovenbird,0.7961,D:\Bird_Anuran_ARUs\IF06\SMM2-31_20260404_062702.wav
867.0,870.0,Seiurus aurocapilla,Ovenbird,0.5168,D:\Bird_Anuran_ARUs\IF06\SMM2-31_20260404_062702.wav
870.0,873.0,Seiurus aurocapilla,Ovenbird,0.7742,D:\Bird_Anuran_ARUs\IF06\SMM2-31_20260404_062702.wav
891.0,894.0,Seiurus aurocapilla,Ovenbird,0.7700,D:\Bird_Anuran_ARUs\IF06\SMM2-31_20260404_062702.wav
900.0,903.0,Pipilo erythrophthalmus,Eastern Towhee,0.4286,D:\Bird_Anuran_ARUs\IF06\SMM2-31_20260404_062702.wav
903.0,906.0,Seiurus aurocapilla,Ovenbird,0.9452,D:\Bird_Anuran_ARUs\IF06\SMM2-31_20260404_062702.wav
906.0,909.0,Seiurus aurocapilla,Ovenbird,0.5134,D:\Bird_Anuran_ARUs\IF06\SMM2-31_20260404_062702.wav
912.0,915.0,Seiurus aurocapilla,Ovenbird,0.9517,D:\Bird_Anuran_ARUs\IF06\SMM2-31_20260404_062702.wav
927.0,930.0,Seiurus aurocapilla,Ovenbird,0.7832,D:\Bird_Anuran_ARUs\IF06\SMM2-31_20260404_062702.wav
930.0,933.0,Seiurus aurocapilla,Ovenbird,0.8211,D:\Bird_Anuran_ARUs\IF06\SMM2-31_20260404_062702.wav
933.0,936.0,Seiurus aurocapilla,Ovenbird,0.4335,D:\Bird_Anuran_ARUs\IF06\SMM2-31_20260404_062702.wav
933.0,936.0,Pipilo erythrophthalmus,Eastern Towhee,0.2905,D:\Bird_Anuran_ARUs\IF06\SMM2-31_20260404_062702.wav
951.0,954.0,Pipilo erythrophthalmus,Eastern Towhee,0.8041,D:\Bird_Anuran_ARUs\IF06\SMM2-31_20260404_062702.wav
954.0,957.0,Seiurus aurocapilla,Ovenbird,0.7874,D:\Bird_Anuran_ARUs\IF06\SMM2-31_20260404_062702.wav
957.0,960.0,Pipilo erythrophthalmus,Eastern Towhee,0.9294,D:\Bird_Anuran_ARUs\IF06\SMM2-31_20260404_062702.wav
960.0,963.0,Seiurus aurocapilla,Ovenbird,0.8018,D:\Bird_Anuran_ARUs\IF06\SMM2-31_20260404_062702.wav
963.0,966.0,Seiurus aurocapilla,Ovenbird,0.7715,D:\Bird_Anuran_ARUs\IF06\SMM2-31_20260404_062702.wav
972.0,975.0,Seiurus aurocapilla,Ovenbird,0.9239,D:\Bird_Anuran_ARUs\IF06\SMM2-31_20260404_062702.wav
972.0,975.0,Pipilo erythrophthalmus,Eastern Towhee,0.2674,D:\Bird_Anuran_ARUs\IF06\SMM2-31_20260404_062702.wav
978.0,981.0,Molothrus ater,Brown-headed Cowbird,0.4595,D:\Bird_Anuran_ARUs\IF06\SMM2-31_20260404_062702.wav
984.0,987.0,Seiurus aurocapilla,Ovenbird,0.8750,D:\Bird_Anuran_ARUs\IF06\SMM2-31_20260404_062702.wav
987.0,990.0,Molothrus ater,Brown-headed Cowbird,0.2637,D:\Bird_Anuran_ARUs\IF06\SMM2-31_20260404_062702.wav
990.0,993.0,Parkesia motacilla,Louisiana Waterthrush,0.2536,D:\Bird_Anuran_ARUs\IF06\SMM2-31_20260404_062702.wav
996.0,999.0,Pipilo erythrophthalmus,Eastern Towhee,0.7543,D:\Bird_Anuran_ARUs\IF06\SMM2-31_20260404_062702.wav
999.0,1002.0,Seiurus aurocapilla,Ovenbird,0.8203,D:\Bird_Anuran_ARUs\IF06\SMM2-31_20260404_062702.wav
1002.0,1005.0,Seiurus aurocapilla,Ovenbird,0.9673,D:\Bird_Anuran_ARUs\IF06\SMM2-31_20260404_062702.wav
1005.0,1008.0,Seiurus aurocapilla,Ovenbird,0.4099,D:\Bird_Anuran_ARUs\IF06\SMM2-31_20260404_062702.wav
1011.0,1014.0,Pipilo erythrophthalmus,Eastern Towhee,0.6911,D:\Bird_Anuran_ARUs\IF06\SMM2-31_20260404_062702.wav
1014.0,1017.0,Seiurus aurocapilla,Ovenbird,0.2592,D:\Bird_Anuran_ARUs\IF06\SMM2-31_20260404_062702.wav
1017.0,1020.0,Seiurus aurocapilla,Ovenbird,0.8719,D:\Bird_Anuran_ARUs\IF06\SMM2-31_20260404_062702.wav
1017.0,1020.0,Pipilo erythrophthalmus,Eastern Towhee,0.2962,D:\Bird_Anuran_ARUs\IF06\SMM2-31_20260404_062702.wav
1020.0,1023.0,Setophaga pinus,Pine Warbler,0.3895,D:\Bird_Anuran_ARUs\IF06\SMM2-31_20260404_062702.wav
1023.0,1026.0,Seiurus aurocapilla,Ovenbird,0.3122,D:\Bird_Anuran_ARUs\IF06\SMM2-31_20260404_062702.wav
1026.0,1029.0,Seiurus aurocapilla,Ovenbird,0.7726,D:\Bird_Anuran_ARUs\IF06\SMM2-31_20260404_062702.wav
1029.0,1032.0,Pipilo erythrophthalmus,Eastern Towhee,0.7872,D:\Bird_Anuran_ARUs\IF06\SMM2-31_20260404_062702.wav
1032.0,1035.0,Seiurus aurocapilla,Ovenbird,0.9146,D:\Bird_Anuran_ARUs\IF06\SMM2-31_20260404_062702.wav
1035.0,1038.0,Seiurus aurocapilla,Ovenbird,0.6357,D:\Bird_Anuran_ARUs\IF06\SMM2-31_20260404_062702.wav
1035.0,1038.0,Pipilo erythrophthalmus,Eastern Towhee,0.3046,D:\Bird_Anuran_ARUs\IF06\SMM2-31_20260404_062702.wav
1041.0,1044.0,Pipilo erythrophthalmus,Eastern Towhee,0.8066,D:\Bird_Anuran_ARUs\IF06\SMM2-31_20260404_062702.wav
1044.0,1047.0,Seiurus aurocapilla,Ovenbird,0.3482,D:\Bird_Anuran_ARUs\IF06\SMM2-31_20260404_062702.wav
1047.0,1050.0,Seiurus aurocapilla,Ovenbird,0.8647,D:\Bird_Anuran_ARUs\IF06\SMM2-31_20260404_062702.wav
1050.0,1053.0,Pipilo erythrophthalmus,Eastern Towhee,0.6657,D:\Bird_Anuran_ARUs\IF06\SMM2-31_20260404_062702.wav
1053.0,1056.0,Setophaga citrina,Hooded Warbler,0.6614,D:\Bird_Anuran_ARUs\IF06\SMM2-31_20260404_062702.wav
1056.0,1059.0,Pipilo erythrophthalmus,Eastern Towhee,0.9693,D:\Bird_Anuran_ARUs\IF06\SMM2-31_20260404_062702.wav
1059.0,1062.0,Seiurus aurocapilla,Ovenbird,0.9268,D:\Bird_Anuran_ARUs\IF06\SMM2-31_20260404_062702.wav
1062.0,1065.0,Pipilo erythrophthalmus,Eastern Towhee,0.5115,D:\Bird_Anuran_ARUs\IF06\SMM2-31_20260404_062702.wav
1068.0,1071.0,Seiurus aurocapilla,Ovenbird,0.9599,D:\Bird_Anuran_ARUs\IF06\SMM2-31_20260404_062702.wav
1071.0,1074.0,Setophaga pinus,Pine Warbler,0.2655,D:\Bird_Anuran_ARUs\IF06\SMM2-31_20260404_062702.wav
1074.0,1077.0,Pipilo erythrophthalmus,Eastern Towhee,0.9488,D:\Bird_Anuran_ARUs\IF06\SMM2-31_20260404_062702.wav
1077.0,1080.0,Seiurus aurocapilla,Ovenbird,0.9619,D:\Bird_Anuran_ARUs\IF06\SMM2-31_20260404_062702.wav
1080.0,1083.0,Seiurus aurocapilla,Ovenbird,0.8869,D:\Bird_Anuran_ARUs\IF06\SMM2-31_20260404_062702.wav
1080.0,1083.0,Pipilo erythrophthalmus,Eastern Towhee,0.3648,D:\Bird_Anuran_ARUs\IF06\SMM2-31_20260404_062702.wav
1083.0,1086.0,Setophaga pinus,Pine Warbler,0.6012,D:\Bird_Anuran_ARUs\IF06\SMM2-31_20260404_062702.wav
1086.0,1089.0,Pipilo erythrophthalmus,Eastern Towhee,0.7629,D:\Bird_Anuran_ARUs\IF06\SMM2-31_20260404_062702.wav
1089.0,1092.0,Seiurus aurocapilla,Ovenbird,0.8882,D:\Bird_Anuran_ARUs\IF06\SMM2-31_20260404_062702.wav
1092.0,1095.0,Pipilo erythrophthalmus,Eastern Towhee,0.9568,D:\Bird_Anuran_ARUs\IF06\SMM2-31_20260404_062702.wav
1098.0,1101.0,Pipilo erythrophthalmus,Eastern Towhee,0.2515,D:\Bird_Anuran_ARUs\IF06\SMM2-31_20260404_062702.wav
1101.0,1104.0,Seiurus aurocapilla,Ovenbird,0.7122,D:\Bird_Anuran_ARUs\IF06\SMM2-31_20260404_062702.wav
1101.0,1104.0,Pipilo erythrophthalmus,Eastern Towhee,0.4079,D:\Bird_Anuran_ARUs\IF06\SMM2-31_20260404_062702.wav
1104.0,1107.0,Pipilo erythrophthalmus,Eastern Towhee,0.9886,D:\Bird_Anuran_ARUs\IF06\SMM2-31_20260404_062702.wav
1107.0,1110.0,Seiurus aurocapilla,Ovenbird,0.9058,D:\Bird_Anuran_ARUs\IF06\SMM2-31_20260404_062702.wav
1110.0,1113.0,Seiurus aurocapilla,Ovenbird,0.2591,D:\Bird_Anuran_ARUs\IF06\SMM2-31_20260404_062702.wav
1113.0,1116.0,Pipilo erythrophthalmus,Eastern Towhee,0.7974,D:\Bird_Anuran_ARUs\IF06\SMM2-31_20260404_062702.wav
1119.0,1122.0,Pipilo erythrophthalmus,Eastern Towhee,0.8796,D:\Bird_Anuran_ARUs\IF06\SMM2-31_20260404_062702.wav
1122.0,1125.0,Seiurus aurocapilla,Ovenbird,0.7715,D:\Bird_Anuran_ARUs\IF06\SMM2-31_20260404_062702.wav
1125.0,1128.0,Seiurus aurocapilla,Ovenbird,0.9315,D:\Bird_Anuran_ARUs\IF06\SMM2-31_20260404_062702.wav
1128.0,1131.0,Seiurus aurocapilla,Ovenbird,0.8254,D:\Bird_Anuran_ARUs\IF06\SMM2-31_20260404_062702.wav
1140.0,1143.0,Pipilo erythrophthalmus,Eastern Towhee,0.6277,D:\Bird_Anuran_ARUs\IF06\SMM2-31_20260404_062702.wav
1146.0,1149.0,Seiurus aurocapilla,Ovenbird,0.7839,D:\Bird_Anuran_ARUs\IF06\SMM2-31_20260404_062702.wav
1152.0,1155.0,Pipilo erythrophthalmus,Eastern Towhee,0.6340,D:\Bird_Anuran_ARUs\IF06\SMM2-31_20260404_062702.wav
1155.0,1158.0,Seiurus aurocapilla,Ovenbird,0.5112,D:\Bird_Anuran_ARUs\IF06\SMM2-31_20260404_062702.wav
1158.0,1161.0,Pipilo erythrophthalmus,Eastern Towhee,0.6668,D:\Bird_Anuran_ARUs\IF06\SMM2-31_20260404_062702.wav
1164.0,1167.0,Pipilo erythrophthalmus,Eastern Towhee,0.5759,D:\Bird_Anuran_ARUs\IF06\SMM2-31_20260404_062702.wav
1167.0,1170.0,Seiurus aurocapilla,Ovenbird,0.6227,D:\Bird_Anuran_ARUs\IF06\SMM2-31_20260404_062702.wav
1170.0,1173.0,Seiurus aurocapilla,Ovenbird,0.5884,D:\Bird_Anuran_ARUs\IF06\SMM2-31_20260404_062702.wav
1170.0,1173.0,Cardinalis cardinalis,Northern Cardinal,0.3940,D:\Bird_Anuran_ARUs\IF06\SMM2-31_20260404_062702.wav
1173.0,1176.0,Pipilo erythrophthalmus,Eastern Towhee,0.4985,D:\Bird_Anuran_ARUs\IF06\SMM2-31_20260404_062702.wav
1176.0,1179.0,Pipilo erythrophthalmus,Eastern Towhee,0.9582,D:\Bird_Anuran_ARUs\IF06\SMM2-31_20260404_062702.wav
1179.0,1182.0,Parkesia motacilla,Louisiana Waterthrush,0.6642,D:\Bird_Anuran_ARUs\IF06\SMM2-31_20260404_062702.wav
1185.0,1188.0,Seiurus aurocapilla,Ovenbird,0.8155,D:\Bird_Anuran_ARUs\IF06\SMM2-31_20260404_062702.wav
1188.0,1191.0,Seiurus aurocapilla,Ovenbird,0.7404,D:\Bird_Anuran_ARUs\IF06\SMM2-31_20260404_062702.wav
1188.0,1191.0,Cardinalis cardinalis,Northern Cardinal,0.2557,D:\Bird_Anuran_ARUs\IF06\SMM2-31_20260404_062702.wav
1191.0,1194.0,Pipilo erythrophthalmus,Eastern Towhee,0.6463,D:\Bird_Anuran_ARUs\IF06\SMM2-31_20260404_062702.wav
1200.0,1203.0,Setophaga pinus,Pine Warbler,0.6326,D:\Bird_Anuran_ARUs\IF06\SMM2-31_20260404_062702.wav
1200.0,1203.0,Pipilo erythrophthalmus,Eastern Towhee,0.6111,D:\Bird_Anuran_ARUs\IF06\SMM2-31_20260404_062702.wav
1206.0,1209.0,Seiurus aurocapilla,Ovenbird,0.9750,D:\Bird_Anuran_ARUs\IF06\SMM2-31_20260404_062702.wav
1212.0,1215.0,Pipilo erythrophthalmus,Eastern Towhee,0.6764,D:\Bird_Anuran_ARUs\IF06\SMM2-31_20260404_062702.wav
1215.0,1218.0,Cardinalis cardinalis,Northern Cardinal,0.2773,D:\Bird_Anuran_ARUs\IF06\SMM2-31_20260404_062702.wav
1218.0,1221.0,Pipilo erythrophthalmus,Eastern Towhee,0.6235,D:\Bird_Anuran_ARUs\IF06\SMM2-31_20260404_062702.wav
1221.0,1224.0,Corvus brachyrhynchos,American Crow,0.3073,D:\Bird_Anuran_ARUs\IF06\SMM2-31_20260404_062702.wav
1221.0,1224.0,Cardinalis cardinalis,Northern Cardinal,0.2734,D:\Bird_Anuran_ARUs\IF06\SMM2-31_20260404_062702.wav
1224.0,1227.0,Seiurus aurocapilla,Ovenbird,0.9052,D:\Bird_Anuran_ARUs\IF06\SMM2-31_20260404_062702.wav
1227.0,1230.0,Seiurus aurocapilla,Ovenbird,0.9793,D:\Bird_Anuran_ARUs\IF06\SMM2-31_20260404_062702.wav
1230.0,1233.0,Pipilo erythrophthalmus,Eastern Towhee,0.6150,D:\Bird_Anuran_ARUs\IF06\SMM2-31_20260404_062702.wav
1239.0,1242.0,Pipilo erythrophthalmus,Eastern Towhee,0.9526,D:\Bird_Anuran_ARUs\IF06\SMM2-31_20260404_062702.wav
1242.0,1245.0,Setophaga dominica,Yellow-throated Warbler,0.2779,D:\Bird_Anuran_ARUs\IF06\SMM2-31_20260404_062702.wav
1245.0,1248.0,Seiurus aurocapilla,Ovenbird,0.8744,D:\Bird_Anuran_ARUs\IF06\SMM2-31_20260404_062702.wav
1248.0,1251.0,Seiurus aurocapilla,Ovenbird,0.7895,D:\Bird_Anuran_ARUs\IF06\SMM2-31_20260404_062702.wav
1251.0,1254.0,Pipilo erythrophthalmus,Eastern Towhee,0.9324,D:\Bird_Anuran_ARUs\IF06\SMM2-31_20260404_062702.wav
1251.0,1254.0,Corvus brachyrhynchos,American Crow,0.3086,D:\Bird_Anuran_ARUs\IF06\SMM2-31_20260404_062702.wav
1257.0,1260.0,Pipilo erythrophthalmus,Eastern Towhee,0.7685,D:\Bird_Anuran_ARUs\IF06\SMM2-31_20260404_062702.wav
1260.0,1263.0,Corvus brachyrhynchos,American Crow,0.6579,D:\Bird_Anuran_ARUs\IF06\SMM2-31_20260404_062702.wav
1266.0,1269.0,Seiurus aurocapilla,Ovenbird,0.8663,D:\Bird_Anuran_ARUs\IF06\SMM2-31_20260404_062702.wav
1266.0,1269.0,Pipilo erythrophthalmus,Eastern Towhee,0.5380,D:\Bird_Anuran_ARUs\IF06\SMM2-31_20260404_062702.wav
1269.0,1272.0,Seiurus aurocapilla,Ovenbird,0.9258,D:\Bird_Anuran_ARUs\IF06\SMM2-31_20260404_062702.wav
1272.0,1275.0,Pipilo erythrophthalmus,Eastern Towhee,0.8823,D:\Bird_Anuran_ARUs\IF06\SMM2-31_20260404_062702.wav
1278.0,1281.0,Pipilo erythrophthalmus,Eastern Towhee,0.9838,D:\Bird_Anuran_ARUs\IF06\SMM2-31_20260404_062702.wav
1284.0,1287.0,Pipilo erythrophthalmus,Eastern Towhee,0.9360,D:\Bird_Anuran_ARUs\IF06\SMM2-31_20260404_062702.wav
1290.0,1293.0,Seiurus aurocapilla,Ovenbird,0.7773,D:\Bird_Anuran_ARUs\IF06\SMM2-31_20260404_062702.wav
1290.0,1293.0,Pipilo erythrophthalmus,Eastern Towhee,0.2765,D:\Bird_Anuran_ARUs\IF06\SMM2-31_20260404_062702.wav
1293.0,1296.0,Seiurus aurocapilla,Ovenbird,0.9847,D:\Bird_Anuran_ARUs\IF06\SMM2-31_20260404_062702.wav
1296.0,1299.0,Pipilo erythrophthalmus,Eastern Towhee,0.8020,D:\Bird_Anuran_ARUs\IF06\SMM2-31_20260404_062702.wav
1299.0,1302.0,Pipilo erythrophthalmus,Eastern Towhee,0.9459,D:\Bird_Anuran_ARUs\IF06\SMM2-31_20260404_062702.wav
1305.0,1308.0,Pipilo erythrophthalmus,Eastern Towhee,0.9976,D:\Bird_Anuran_ARUs\IF06\SMM2-31_20260404_062702.wav
1308.0,1311.0,Antrostomus vociferus,Eastern Whip-poor-will,0.4192,D:\Bird_Anuran_ARUs\IF06\SMM2-31_20260404_062702.wav
1311.0,1314.0,Seiurus aurocapilla,Ovenbird,0.8642,D:\Bird_Anuran_ARUs\IF06\SMM2-31_20260404_062702.wav
1314.0,1317.0,Seiurus aurocapilla,Ovenbird,0.9788,D:\Bird_Anuran_ARUs\IF06\SMM2-31_20260404_062702.wav
1317.0,1320.0,Seiurus aurocapilla,Ovenbird,0.8026,D:\Bird_Anuran_ARUs\IF06\SMM2-31_20260404_062702.wav
1320.0,1323.0,Pipilo erythrophthalmus,Eastern Towhee,0.6750,D:\Bird_Anuran_ARUs\IF06\SMM2-31_20260404_062702.wav
1326.0,1329.0,Cardinalis cardinalis,Northern Cardinal,0.3209,D:\Bird_Anuran_ARUs\IF06\SMM2-31_20260404_062702.wav
1329.0,1332.0,Pipilo erythrophthalmus,Eastern Towhee,0.9820,D:\Bird_Anuran_ARUs\IF06\SMM2-31_20260404_062702.wav
1335.0,1338.0,Seiurus aurocapilla,Ovenbird,0.8923,D:\Bird_Anuran_ARUs\IF06\SMM2-31_20260404_062702.wav
1335.0,1338.0,Cardinalis cardinalis,Northern Cardinal,0.3304,D:\Bird_Anuran_ARUs\IF06\SMM2-31_20260404_062702.wav
1338.0,1341.0,Pipilo erythrophthalmus,Eastern Towhee,0.8581,D:\Bird_Anuran_ARUs\IF06\SMM2-31_20260404_062702.wav
1344.0,1347.0,Pipilo erythrophthalmus,Eastern Towhee,0.9114,D:\Bird_Anuran_ARUs\IF06\SMM2-31_20260404_062702.wav
1347.0,1350.0,Seiurus aurocapilla,Ovenbird,0.8669,D:\Bird_Anuran_ARUs\IF06\SMM2-31_20260404_062702.wav
1347.0,1350.0,Cardinalis cardinalis,Northern Cardinal,0.4385,D:\Bird_Anuran_ARUs\IF06\SMM2-31_20260404_062702.wav
1350.0,1353.0,Seiurus aurocapilla,Ovenbird,0.8165,D:\Bird_Anuran_ARUs\IF06\SMM2-31_20260404_062702.wav
1350.0,1353.0,Cardinalis cardinalis,Northern Cardinal,0.2899,D:\Bird_Anuran_ARUs\IF06\SMM2-31_20260404_062702.wav
1353.0,1356.0,Seiurus aurocapilla,Ovenbird,0.9074,D:\Bird_Anuran_ARUs\IF06\SMM2-31_20260404_062702.wav
1359.0,1362.0,Pipilo erythrophthalmus,Eastern Towhee,0.9639,D:\Bird_Anuran_ARUs\IF06\SMM2-31_20260404_062702.wav
1365.0,1368.0,Pipilo erythrophthalmus,Eastern Towhee,0.6284,D:\Bird_Anuran_ARUs\IF06\SMM2-31_20260404_062702.wav
1371.0,1374.0,Seiurus aurocapilla,Ovenbird,0.6002,D:\Bird_Anuran_ARUs\IF06\SMM2-31_20260404_062702.wav
1374.0,1377.0,Seiurus aurocapilla,Ovenbird,0.4843,D:\Bird_Anuran_ARUs\IF06\SMM2-31_20260404_062702.wav
1374.0,1377.0,Molothrus ater,Brown-headed Cowbird,0.2946,D:\Bird_Anuran_ARUs\IF06\SMM2-31_20260404_062702.wav
1377.0,1380.0,Pipilo erythrophthalmus,Eastern Towhee,0.8383,D:\Bird_Anuran_ARUs\IF06\SMM2-31_20260404_062702.wav
1383.0,1386.0,Molothrus ater,Brown-headed Cowbird,0.6607,D:\Bird_Anuran_ARUs\IF06\SMM2-31_20260404_062702.wav
1383.0,1386.0,Pipilo erythrophthalmus,Eastern Towhee,0.3711,D:\Bird_Anuran_ARUs\IF06\SMM2-31_20260404_062702.wav
1386.0,1389.0,Pipilo erythrophthalmus,Eastern Towhee,0.8836,D:\Bird_Anuran_ARUs\IF06\SMM2-31_20260404_062702.wav
1392.0,1395.0,Seiurus aurocapilla,Ovenbird,0.7634,D:\Bird_Anuran_ARUs\IF06\SMM2-31_20260404_062702.wav
1395.0,1398.0,Seiurus aurocapilla,Ovenbird,0.8513,D:\Bird_Anuran_ARUs\IF06\SMM2-31_20260404_062702.wav
1395.0,1398.0,Pipilo erythrophthalmus,Eastern Towhee,0.3251,D:\Bird_Anuran_ARUs\IF06\SMM2-31_20260404_062702.wav
1398.0,1401.0,Molothrus ater,Brown-headed Cowbird,0.2765,D:\Bird_Anuran_ARUs\IF06\SMM2-31_20260404_062702.wav
1401.0,1404.0,Molothrus ater,Brown-headed Cowbird,0.9781,D:\Bird_Anuran_ARUs\IF06\SMM2-31_20260404_062702.wav
1404.0,1407.0,Pipilo erythrophthalmus,Eastern Towhee,0.3422,D:\Bird_Anuran_ARUs\IF06\SMM2-31_20260404_062702.wav
1407.0,1410.0,Geothlypis trichas,Common Yellowthroat,0.2854,D:\Bird_Anuran_ARUs\IF06\SMM2-31_20260404_062702.wav
1410.0,1413.0,Seiurus aurocapilla,Ovenbird,0.8243,D:\Bird_Anuran_ARUs\IF06\SMM2-31_20260404_062702.wav
1413.0,1416.0,Seiurus aurocapilla,Ovenbird,0.9849,D:\Bird_Anuran_ARUs\IF06\SMM2-31_20260404_062702.wav
1416.0,1419.0,Pipilo erythrophthalmus,Eastern Towhee,0.3097,D:\Bird_Anuran_ARUs\IF06\SMM2-31_20260404_062702.wav
1419.0,1422.0,Molothrus ater,Brown-headed Cowbird,0.9709,D:\Bird_Anuran_ARUs\IF06\SMM2-31_20260404_062702.wav
1425.0,1428.0,Molothrus ater,Brown-headed Cowbird,0.3492,D:\Bird_Anuran_ARUs\IF06\SMM2-31_20260404_062702.wav
1428.0,1431.0,Molothrus ater,Brown-headed Cowbird,0.9016,D:\Bird_Anuran_ARUs\IF06\SMM2-31_20260404_062702.wav
1431.0,1434.0,Seiurus aurocapilla,Ovenbird,0.6345,D:\Bird_Anuran_ARUs\IF06\SMM2-31_20260404_062702.wav
1431.0,1434.0,Pipilo erythrophthalmus,Eastern Towhee,0.4980,D:\Bird_Anuran_ARUs\IF06\SMM2-31_20260404_062702.wav
1434.0,1437.0,Seiurus aurocapilla,Ovenbird,0.4031,D:\Bird_Anuran_ARUs\IF06\SMM2-31_20260404_062702.wav
1437.0,1440.0,Pipilo erythrophthalmus,Eastern Towhee,0.9407,D:\Bird_Anuran_ARUs\IF06\SMM2-31_20260404_062702.wav
1440.0,1443.0,Seiurus aurocapilla,Ovenbird,0.9162,D:\Bird_Anuran_ARUs\IF06\SMM2-31_20260404_062702.wav
1443.0,1446.0,Pipilo erythrophthalmus,Eastern Towhee,0.7224,D:\Bird_Anuran_ARUs\IF06\SMM2-31_20260404_062702.wav
1443.0,1446.0,Seiurus aurocapilla,Ovenbird,0.3794,D:\Bird_Anuran_ARUs\IF06\SMM2-31_20260404_062702.wav
1449.0,1452.0,Seiurus aurocapilla,Ovenbird,0.9676,D:\Bird_Anuran_ARUs\IF06\SMM2-31_20260404_062702.wav
1452.0,1455.0,Pipilo erythrophthalmus,Eastern Towhee,0.5210,D:\Bird_Anuran_ARUs\IF06\SMM2-31_20260404_062702.wav
1455.0,1458.0,Setophaga citrina,Hooded Warbler,0.6555,D:\Bird_Anuran_ARUs\IF06\SMM2-31_20260404_062702.wav
1458.0,1461.0,Pipilo erythrophthalmus,Eastern Towhee,0.8956,D:\Bird_Anuran_ARUs\IF06\SMM2-31_20260404_062702.wav
1461.0,1464.0,Seiurus aurocapilla,Ovenbird,0.9756,D:\Bird_Anuran_ARUs\IF06\SMM2-31_20260404_062702.wav
1464.0,1467.0,Pipilo erythrophthalmus,Eastern Towhee,0.9241,D:\Bird_Anuran_ARUs\IF06\SMM2-31_20260404_062702.wav
1467.0,1470.0,Seiurus aurocapilla,Ovenbird,0.9052,D:\Bird_Anuran_ARUs\IF06\SMM2-31_20260404_062702.wav
1470.0,1473.0,Seiurus aurocapilla,Ovenbird,0.9414,D:\Bird_Anuran_ARUs\IF06\SMM2-31_20260404_062702.wav
1479.0,1482.0,Seiurus aurocapilla,Ovenbird,0.5526,D:\Bird_Anuran_ARUs\IF06\SMM2-31_20260404_062702.wav
1479.0,1482.0,Pipilo erythrophthalmus,Eastern Towhee,0.5137,D:\Bird_Anuran_ARUs\IF06\SMM2-31_20260404_062702.wav
1482.0,1485.0,Seiurus aurocapilla,Ovenbird,0.9573,D:\Bird_Anuran_ARUs\IF06\SMM2-31_20260404_062702.wav
1482.0,1485.0,Cardinalis cardinalis,Northern Cardinal,0.2673,D:\Bird_Anuran_ARUs\IF06\SMM2-31_20260404_062702.wav
1485.0,1488.0,Pipilo erythrophthalmus,Eastern Towhee,0.6837,D:\Bird_Anuran_ARUs\IF06\SMM2-31_20260404_062702.wav
1488.0,1491.0,Seiurus aurocapilla,Ovenbird,0.9862,D:\Bird_Anuran_ARUs\IF06\SMM2-31_20260404_062702.wav
1488.0,1491.0,Cardinalis cardinalis,Northern Cardinal,0.3956,D:\Bird_Anuran_ARUs\IF06\SMM2-31_20260404_062702.wav
1491.0,1494.0,Pipilo erythrophthalmus,Eastern Towhee,0.5468,D:\Bird_Anuran_ARUs\IF06\SMM2-31_20260404_062702.wav
1491.0,1494.0,Setophaga citrina,Hooded Warbler,0.2563,D:\Bird_Anuran_ARUs\IF06\SMM2-31_20260404_062702.wav
1491.0,1494.0,Cardinalis cardinalis,Northern Cardinal,0.2524,D:\Bird_Anuran_ARUs\IF06\SMM2-31_20260404_062702.wav
1497.0,1500.0,Pipilo erythrophthalmus,Eastern Towhee,0.9028,D:\Bird_Anuran_ARUs\IF06\SMM2-31_20260404_062702.wav
1500.0,1503.0,Seiurus aurocapilla,Ovenbird,0.9635,D:\Bird_Anuran_ARUs\IF06\SMM2-31_20260404_062702.wav
1503.0,1506.0,Seiurus aurocapilla,Ovenbird,0.8874,D:\Bird_Anuran_ARUs\IF06\SMM2-31_20260404_062702.wav
1509.0,1512.0,Pipilo erythrophthalmus,Eastern Towhee,0.9813,D:\Bird_Anuran_ARUs\IF06\SMM2-31_20260404_062702.wav
1512.0,1515.0,Seiurus aurocapilla,Ovenbird,0.3821,D:\Bird_Anuran_ARUs\IF06\SMM2-31_20260404_062702.wav
1515.0,1518.0,Seiurus aurocapilla,Ovenbird,0.9194,D:\Bird_Anuran_ARUs\IF06\SMM2-31_20260404_062702.wav
1518.0,1521.0,Pipilo erythrophthalmus,Eastern Towhee,0.5405,D:\Bird_Anuran_ARUs\IF06\SMM2-31_20260404_062702.wav
1521.0,1524.0,Seiurus aurocapilla,Ovenbird,0.9890,D:\Bird_Anuran_ARUs\IF06\SMM2-31_20260404_062702.wav
1524.0,1527.0,Seiurus aurocapilla,Ovenbird,0.4756,D:\Bird_Anuran_ARUs\IF06\SMM2-31_20260404_062702.wav
1527.0,1530.0,Setophaga citrina,Hooded Warbler,0.3864,D:\Bird_Anuran_ARUs\IF06\SMM2-31_20260404_062702.wav
1527.0,1530.0,Geothlypis trichas,Common Yellowthroat,0.2806,D:\Bird_Anuran_ARUs\IF06\SMM2-31_20260404_062702.wav
1530.0,1533.0,Pipilo erythrophthalmus,Eastern Towhee,0.8503,D:\Bird_Anuran_ARUs\IF06\SMM2-31_20260404_062702.wav
1533.0,1536.0,Seiurus aurocapilla,Ovenbird,0.9815,D:\Bird_Anuran_ARUs\IF06\SMM2-31_20260404_062702.wav
1536.0,1539.0,Pipilo erythrophthalmus,Eastern Towhee,0.9877,D:\Bird_Anuran_ARUs\IF06\SMM2-31_20260404_062702.wav
1536.0,1539.0,Corvus brachyrhynchos,American Crow,0.6361,D:\Bird_Anuran_ARUs\IF06\SMM2-31_20260404_062702.wav
1539.0,1542.0,Corvus brachyrhynchos,American Crow,0.8026,D:\Bird_Anuran_ARUs\IF06\SMM2-31_20260404_062702.wav
1542.0,1545.0,Seiurus aurocapilla,Ovenbird,0.8979,D:\Bird_Anuran_ARUs\IF06\SMM2-31_20260404_062702.wav
1545.0,1548.0,Seiurus aurocapilla,Ovenbird,0.9604,D:\Bird_Anuran_ARUs\IF06\SMM2-31_20260404_062702.wav
1548.0,1551.0,Pipilo erythrophthalmus,Eastern Towhee,0.9801,D:\Bird_Anuran_ARUs\IF06\SMM2-31_20260404_062702.wav
1548.0,1551.0,Corvus brachyrhynchos,American Crow,0.9482,D:\Bird_Anuran_ARUs\IF06\SMM2-31_20260404_062702.wav
1551.0,1554.0,Corvus brachyrhynchos,American Crow,0.6764,D:\Bird_Anuran_ARUs\IF06\SMM2-31_20260404_062702.wav
1551.0,1554.0,Setophaga pinus,Pine Warbler,0.6413,D:\Bird_Anuran_ARUs\IF06\SMM2-31_20260404_062702.wav
1554.0,1557.0,Pipilo erythrophthalmus,Eastern Towhee,0.3877,D:\Bird_Anuran_ARUs\IF06\SMM2-31_20260404_062702.wav
1557.0,1560.0,Seiurus aurocapilla,Ovenbird,0.8320,D:\Bird_Anuran_ARUs\IF06\SMM2-31_20260404_062702.wav
1560.0,1563.0,Corvus brachyrhynchos,American Crow,0.9533,D:\Bird_Anuran_ARUs\IF06\SMM2-31_20260404_062702.wav
1560.0,1563.0,Pipilo erythrophthalmus,Eastern Towhee,0.9504,D:\Bird_Anuran_ARUs\IF06\SMM2-31_20260404_062702.wav
1560.0,1563.0,Seiurus aurocapilla,Ovenbird,0.7578,D:\Bird_Anuran_ARUs\IF06\SMM2-31_20260404_062702.wav
1563.0,1566.0,Seiurus aurocapilla,Ovenbird,0.9724,D:\Bird_Anuran_ARUs\IF06\SMM2-31_20260404_062702.wav
1563.0,1566.0,Cardinalis cardinalis,Northern Cardinal,0.4130,D:\Bird_Anuran_ARUs\IF06\SMM2-31_20260404_062702.wav
1566.0,1569.0,Setophaga citrina,Hooded Warbler,0.5920,D:\Bird_Anuran_ARUs\IF06\SMM2-31_20260404_062702.wav
1566.0,1569.0,Corvus brachyrhynchos,American Crow,0.4949,D:\Bird_Anuran_ARUs\IF06\SMM2-31_20260404_062702.wav
1566.0,1569.0,Geothlypis trichas,Common Yellowthroat,0.2524,D:\Bird_Anuran_ARUs\IF06\SMM2-31_20260404_062702.wav
1572.0,1575.0,Pipilo erythrophthalmus,Eastern Towhee,0.8290,D:\Bird_Anuran_ARUs\IF06\SMM2-31_20260404_062702.wav
1578.0,1581.0,Pipilo erythrophthalmus,Eastern Towhee,0.9078,D:\Bird_Anuran_ARUs\IF06\SMM2-31_20260404_062702.wav
1581.0,1584.0,Seiurus aurocapilla,Ovenbird,0.9688,D:\Bird_Anuran_ARUs\IF06\SMM2-31_20260404_062702.wav
1584.0,1587.0,Seiurus aurocapilla,Ovenbird,0.9631,D:\Bird_Anuran_ARUs\IF06\SMM2-31_20260404_062702.wav
1587.0,1590.0,Seiurus aurocapilla,Ovenbird,0.9043,D:\Bird_Anuran_ARUs\IF06\SMM2-31_20260404_062702.wav
1590.0,1593.0,Pipilo erythrophthalmus,Eastern Towhee,0.9697,D:\Bird_Anuran_ARUs\IF06\SMM2-31_20260404_062702.wav
1593.0,1596.0,Setophaga citrina,Hooded Warbler,0.2684,D:\Bird_Anuran_ARUs\IF06\SMM2-31_20260404_062702.wav
1596.0,1599.0,Seiurus aurocapilla,Ovenbird,0.9890,D:\Bird_Anuran_ARUs\IF06\SMM2-31_20260404_062702.wav
1599.0,1602.0,Pipilo erythrophthalmus,Eastern Towhee,0.8225,D:\Bird_Anuran_ARUs\IF06\SMM2-31_20260404_062702.wav
1605.0,1608.0,Seiurus aurocapilla,Ovenbird,0.7452,D:\Bird_Anuran_ARUs\IF06\SMM2-31_20260404_062702.wav
1605.0,1608.0,Pipilo erythrophthalmus,Eastern Towhee,0.4859,D:\Bird_Anuran_ARUs\IF06\SMM2-31_20260404_062702.wav
1608.0,1611.0,Seiurus aurocapilla,Ovenbird,0.9858,D:\Bird_Anuran_ARUs\IF06\SMM2-31_20260404_062702.wav
1611.0,1614.0,Seiurus aurocapilla,Ovenbird,0.8825,D:\Bird_Anuran_ARUs\IF06\SMM2-31_20260404_062702.wav
1611.0,1614.0,Cardinalis cardinalis,Northern Cardinal,0.4833,D:\Bird_Anuran_ARUs\IF06\SMM2-31_20260404_062702.wav
1611.0,1614.0,Pipilo erythrophthalmus,Eastern Towhee,0.4811,D:\Bird_Anuran_ARUs\IF06\SMM2-31_20260404_062702.wav
1617.0,1620.0,Pipilo erythrophthalmus,Eastern Towhee,0.7416,D:\Bird_Anuran_ARUs\IF06\SMM2-31_20260404_062702.wav
1617.0,1620.0,Corvus brachyrhynchos,American Crow,0.2695,D:\Bird_Anuran_ARUs\IF06\SMM2-31_20260404_062702.wav
1623.0,1626.0,Pipilo erythrophthalmus,Eastern Towhee,0.4563,D:\Bird_Anuran_ARUs\IF06\SMM2-31_20260404_062702.wav
1629.0,1632.0,Seiurus aurocapilla,Ovenbird,0.9858,D:\Bird_Anuran_ARUs\IF06\SMM2-31_20260404_062702.wav
1632.0,1635.0,Pipilo erythrophthalmus,Eastern Towhee,0.6579,D:\Bird_Anuran_ARUs\IF06\SMM2-31_20260404_062702.wav
1632.0,1635.0,Setophaga citrina,Hooded Warbler,0.3093,D:\Bird_Anuran_ARUs\IF06\SMM2-31_20260404_062702.wav
1638.0,1641.0,Seiurus aurocapilla,Ovenbird,0.9142,D:\Bird_Anuran_ARUs\IF06\SMM2-31_20260404_062702.wav
1641.0,1644.0,Corvus brachyrhynchos,American Crow,0.8525,D:\Bird_Anuran_ARUs\IF06\SMM2-31_20260404_062702.wav
1641.0,1644.0,Pipilo erythrophthalmus,Eastern Towhee,0.7183,D:\Bird_Anuran_ARUs\IF06\SMM2-31_20260404_062702.wav
1647.0,1650.0,Pipilo erythrophthalmus,Eastern Towhee,0.7655,D:\Bird_Anuran_ARUs\IF06\SMM2-31_20260404_062702.wav
1647.0,1650.0,Seiurus aurocapilla,Ovenbird,0.3625,D:\Bird_Anuran_ARUs\IF06\SMM2-31_20260404_062702.wav
1650.0,1653.0,Seiurus aurocapilla,Ovenbird,0.7768,D:\Bird_Anuran_ARUs\IF06\SMM2-31_20260404_062702.wav
1653.0,1656.0,Pipilo erythrophthalmus,Eastern Towhee,0.8573,D:\Bird_Anuran_ARUs\IF06\SMM2-31_20260404_062702.wav
1653.0,1656.0,Seiurus aurocapilla,Ovenbird,0.7074,D:\Bird_Anuran_ARUs\IF06\SMM2-31_20260404_062702.wav
1656.0,1659.0,Seiurus aurocapilla,Ovenbird,0.9753,D:\Bird_Anuran_ARUs\IF06\SMM2-31_20260404_062702.wav
1656.0,1659.0,Corvus brachyrhynchos,American Crow,0.2773,D:\Bird_Anuran_ARUs\IF06\SMM2-31_20260404_062702.wav
1659.0,1662.0,Setophaga citrina,Hooded Warbler,0.8057,D:\Bird_Anuran_ARUs\IF06\SMM2-31_20260404_062702.wav
1662.0,1665.0,Setophaga citrina,Hooded Warbler,0.5853,D:\Bird_Anuran_ARUs\IF06\SMM2-31_20260404_062702.wav
1668.0,1671.0,Seiurus aurocapilla,Ovenbird,0.3251,D:\Bird_Anuran_ARUs\IF06\SMM2-31_20260404_062702.wav
1668.0,1671.0,Pipilo erythrophthalmus,Eastern Towhee,0.2871,D:\Bird_Anuran_ARUs\IF06\SMM2-31_20260404_062702.wav
1671.0,1674.0,Seiurus aurocapilla,Ovenbird,0.9581,D:\Bird_Anuran_ARUs\IF06\SMM2-31_20260404_062702.wav
1674.0,1677.0,Setophaga citrina,Hooded Warbler,0.4669,D:\Bird_Anuran_ARUs\IF06\SMM2-31_20260404_062702.wav
1680.0,1683.0,Pipilo erythrophthalmus,Eastern Towhee,0.3180,D:\Bird_Anuran_ARUs\IF06\SMM2-31_20260404_062702.wav
1683.0,1686.0,Pipilo erythrophthalmus,Eastern Towhee,0.9232,D:\Bird_Anuran_ARUs\IF06\SMM2-31_20260404_062702.wav
1686.0,1689.0,Setophaga citrina,Hooded Warbler,0.5541,D:\Bird_Anuran_ARUs\IF06\SMM2-31_20260404_062702.wav
1686.0,1689.0,Geothlypis trichas,Common Yellowthroat,0.3123,D:\Bird_Anuran_ARUs\IF06\SMM2-31_20260404_062702.wav
1689.0,1692.0,Seiurus aurocapilla,Ovenbird,0.9626,D:\Bird_Anuran_ARUs\IF06\SMM2-31_20260404_062702.wav
1692.0,1695.0,Seiurus aurocapilla,Ovenbird,0.9920,D:\Bird_Anuran_ARUs\IF06\SMM2-31_20260404_062702.wav
1695.0,1698.0,Pipilo erythrophthalmus,Eastern Towhee,0.9669,D:\Bird_Anuran_ARUs\IF06\SMM2-31_20260404_062702.wav
1695.0,1698.0,Corvus brachyrhynchos,American Crow,0.5772,D:\Bird_Anuran_ARUs\IF06\SMM2-31_20260404_062702.wav
1698.0,1701.0,Pipilo erythrophthalmus,Eastern Towhee,0.6867,D:\Bird_Anuran_ARUs\IF06\SMM2-31_20260404_062702.wav
1701.0,1704.0,Corvus brachyrhynchos,American Crow,0.4574,D:\Bird_Anuran_ARUs\IF06\SMM2-31_20260404_062702.wav
1701.0,1704.0,Setophaga citrina,Hooded Warbler,0.3293,D:\Bird_Anuran_ARUs\IF06\SMM2-31_20260404_062702.wav
1701.0,1704.0,Pipilo erythrophthalmus,Eastern Towhee,0.2804,D:\Bird_Anuran_ARUs\IF06\SMM2-31_20260404_062702.wav
1704.0,1707.0,Seiurus aurocapilla,Ovenbird,0.9939,D:\Bird_Anuran_ARUs\IF06\SMM2-31_20260404_062702.wav
1704.0,1707.0,Corvus brachyrhynchos,American Crow,0.8565,D:\Bird_Anuran_ARUs\IF06\SMM2-31_20260404_062702.wav
1707.0,1710.0,Pipilo erythrophthalmus,Eastern Towhee,0.7430,D:\Bird_Anuran_ARUs\IF06\SMM2-31_20260404_062702.wav
1710.0,1713.0,Seiurus aurocapilla,Ovenbird,0.9759,D:\Bird_Anuran_ARUs\IF06\SMM2-31_20260404_062702.wav
1713.0,1716.0,Pipilo erythrophthalmus,Eastern Towhee,0.5765,D:\Bird_Anuran_ARUs\IF06\SMM2-31_20260404_062702.wav
1713.0,1716.0,Seiurus aurocapilla,Ovenbird,0.4721,D:\Bird_Anuran_ARUs\IF06\SMM2-31_20260404_062702.wav
1716.0,1719.0,Setophaga citrina,Hooded Warbler,0.5550,D:\Bird_Anuran_ARUs\IF06\SMM2-31_20260404_062702.wav
1716.0,1719.0,Corvus brachyrhynchos,American Crow,0.4242,D:\Bird_Anuran_ARUs\IF06\SMM2-31_20260404_062702.wav
1719.0,1722.0,Pipilo erythrophthalmus,Eastern Towhee,0.8653,D:\Bird_Anuran_ARUs\IF06\SMM2-31_20260404_062702.wav
1722.0,1725.0,Seiurus aurocapilla,Ovenbird,0.9805,D:\Bird_Anuran_ARUs\IF06\SMM2-31_20260404_062702.wav
1722.0,1725.0,Corvus brachyrhynchos,American Crow,0.7409,D:\Bird_Anuran_ARUs\IF06\SMM2-31_20260404_062702.wav
1725.0,1728.0,Pipilo erythrophthalmus,Eastern Towhee,0.9965,D:\Bird_Anuran_ARUs\IF06\SMM2-31_20260404_062702.wav
1725.0,1728.0,Corvus brachyrhynchos,American Crow,0.9311,D:\Bird_Anuran_ARUs\IF06\SMM2-31_20260404_062702.wav
1728.0,1731.0,Setophaga pinus,Pine Warbler,0.6750,D:\Bird_Anuran_ARUs\IF06\SMM2-31_20260404_062702.wav
1728.0,1731.0,Pipilo erythrophthalmus,Eastern Towhee,0.3808,D:\Bird_Anuran_ARUs\IF06\SMM2-31_20260404_062702.wav
1731.0,1734.0,Seiurus aurocapilla,Ovenbird,0.9896,D:\Bird_Anuran_ARUs\IF06\SMM2-31_20260404_062702.wav
1734.0,1737.0,Seiurus aurocapilla,Ovenbird,0.9115,D:\Bird_Anuran_ARUs\IF06\SMM2-31_20260404_062702.wav
1737.0,1740.0,Setophaga pinus,Pine Warbler,0.4816,D:\Bird_Anuran_ARUs\IF06\SMM2-31_20260404_062702.wav
1740.0,1743.0,Pipilo erythrophthalmus,Eastern Towhee,0.7210,D:\Bird_Anuran_ARUs\IF06\SMM2-31_20260404_062702.wav
1746.0,1749.0,Pipilo erythrophthalmus,Eastern Towhee,0.9343,D:\Bird_Anuran_ARUs\IF06\SMM2-31_20260404_062702.wav
1749.0,1752.0,Seiurus aurocapilla,Ovenbird,0.4539,D:\Bird_Anuran_ARUs\IF06\SMM2-31_20260404_062702.wav
1752.0,1755.0,Setophaga pinus,Pine Warbler,0.3027,D:\Bird_Anuran_ARUs\IF06\SMM2-31_20260404_062702.wav
1755.0,1758.0,Seiurus aurocapilla,Ovenbird,0.9410,D:\Bird_Anuran_ARUs\IF06\SMM2-31_20260404_062702.wav
1758.0,1761.0,Pipilo erythrophthalmus,Eastern Towhee,0.9758,D:\Bird_Anuran_ARUs\IF06\SMM2-31_20260404_062702.wav
1761.0,1764.0,Setophaga pinus,Pine Warbler,0.8505,D:\Bird_Anuran_ARUs\IF06\SMM2-31_20260404_062702.wav
1764.0,1767.0,Setophaga pinus,Pine Warbler,0.8715,D:\Bird_Anuran_ARUs\IF06\SMM2-31_20260404_062702.wav
1767.0,1770.0,Seiurus aurocapilla,Ovenbird,0.8028,D:\Bird_Anuran_ARUs\IF06\SMM2-31_20260404_062702.wav
1773.0,1776.0,Pipilo erythrophthalmus,Eastern Towhee,0.8809,D:\Bird_Anuran_ARUs\IF06\SMM2-31_20260404_062702.wav
1776.0,1779.0,Seiurus aurocapilla,Ovenbird,0.9844,D:\Bird_Anuran_ARUs\IF06\SMM2-31_20260404_062702.wav
1779.0,1782.0,Seiurus aurocapilla,Ovenbird,0.9531,D:\Bird_Anuran_ARUs\IF06\SMM2-31_20260404_062702.wav
1785.0,1788.0,Seiurus aurocapilla,Ovenbird,0.8183,D:\Bird_Anuran_ARUs\IF06\SMM2-31_20260404_062702.wav
1788.0,1791.0,Pipilo erythrophthalmus,Eastern Towhee,0.2935,D:\Bird_Anuran_ARUs\IF06\SMM2-31_20260404_062702.wav
1797.0,1800.0,Seiurus aurocapilla,Ovenbird,0.3732,D:\Bird_Anuran_ARUs\IF06\SMM2-31_20260404_062702.wav
1800.0,1803.0,Seiurus aurocapilla,Ovenbird,0.9497,D:\Bird_Anuran_ARUs\IF06\SMM2-31_20260404_062702.wav
1803.0,1806.0,Molothrus ater,Brown-headed Cowbird,0.7259,D:\Bird_Anuran_ARUs\IF06\SMM2-31_20260404_062702.wav
1809.0,1812.0,Setophaga citrina,Hooded Warbler,0.4123,D:\Bird_Anuran_ARUs\IF06\SMM2-31_20260404_062702.wav
1815.0,1818.0,Pipilo erythrophthalmus,Eastern Towhee,0.2801,D:\Bird_Anuran_ARUs\IF06\SMM2-31_20260404_062702.wav
1821.0,1824.0,Seiurus aurocapilla,Ovenbird,0.9660,D:\Bird_Anuran_ARUs\IF06\SMM2-31_20260404_062702.wav
1824.0,1827.0,Seiurus aurocapilla,Ovenbird,0.8886,D:\Bird_Anuran_ARUs\IF06\SMM2-31_20260404_062702.wav
1827.0,1830.0,Pipilo erythrophthalmus,Eastern Towhee,0.8449,D:\Bird_Anuran_ARUs\IF06\SMM2-31_20260404_062702.wav
1830.0,1833.0,Pipilo erythrophthalmus,Eastern Towhee,0.6408,D:\Bird_Anuran_ARUs\IF06\SMM2-31_20260404_062702.wav
1833.0,1836.0,Pipilo erythrophthalmus,Eastern Towhee,0.2798,D:\Bird_Anuran_ARUs\IF06\SMM2-31_20260404_062702.wav
1836.0,1839.0,Molothrus ater,Brown-headed Cowbird,0.6785,D:\Bird_Anuran_ARUs\IF06\SMM2-31_20260404_062702.wav
1845.0,1848.0,Seiurus aurocapilla,Ovenbird,0.9902,D:\Bird_Anuran_ARUs\IF06\SMM2-31_20260404_062702.wav
1848.0,1851.0,Seiurus aurocapilla,Ovenbird,0.8502,D:\Bird_Anuran_ARUs\IF06\SMM2-31_20260404_062702.wav
1851.0,1854.0,Setophaga citrina,Hooded Warbler,0.6138,D:\Bird_Anuran_ARUs\IF06\SMM2-31_20260404_062702.wav
1854.0,1857.0,Setophaga citrina,Hooded Warbler,0.3002,D:\Bird_Anuran_ARUs\IF06\SMM2-31_20260404_062702.wav
1857.0,1860.0,Molothrus ater,Brown-headed Cowbird,0.2871,D:\Bird_Anuran_ARUs\IF06\SMM2-31_20260404_062702.wav
1863.0,1866.0,Seiurus aurocapilla,Ovenbird,0.9629,D:\Bird_Anuran_ARUs\IF06\SMM2-31_20260404_062702.wav
1866.0,1869.0,Seiurus aurocapilla,Ovenbird,0.9527,D:\Bird_Anuran_ARUs\IF06\SMM2-31_20260404_062702.wav
1872.0,1875.0,Pipilo erythrophthalmus,Eastern Towhee,0.3230,D:\Bird_Anuran_ARUs\IF06\SMM2-31_20260404_062702.wav
1878.0,1881.0,Pipilo erythrophthalmus,Eastern Towhee,0.3779,D:\Bird_Anuran_ARUs\IF06\SMM2-31_20260404_062702.wav
1881.0,1884.0,Seiurus aurocapilla,Ovenbird,0.3145,D:\Bird_Anuran_ARUs\IF06\SMM2-31_20260404_062702.wav
1884.0,1887.0,Seiurus aurocapilla,Ovenbird,0.9753,D:\Bird_Anuran_ARUs\IF06\SMM2-31_20260404_062702.wav
1884.0,1887.0,Hylocichla mustelina,Wood Thrush,0.4016,D:\Bird_Anuran_ARUs\IF06\SMM2-31_20260404_062702.wav
1887.0,1890.0,Seiurus aurocapilla,Ovenbird,0.9446,D:\Bird_Anuran_ARUs\IF06\SMM2-31_20260404_062702.wav
1905.0,1908.0,Seiurus aurocapilla,Ovenbird,0.2563,D:\Bird_Anuran_ARUs\IF06\SMM2-31_20260404_062702.wav
1908.0,1911.0,Seiurus aurocapilla,Ovenbird,0.9681,D:\Bird_Anuran_ARUs\IF06\SMM2-31_20260404_062702.wav
1911.0,1914.0,Seiurus aurocapilla,Ovenbird,0.8019,D:\Bird_Anuran_ARUs\IF06\SMM2-31_20260404_062702.wav
1914.0,1917.0,Seiurus aurocapilla,Ovenbird,0.8485,D:\Bird_Anuran_ARUs\IF06\SMM2-31_20260404_062702.wav
1917.0,1920.0,Hylocichla mustelina,Wood Thrush,0.2950,D:\Bird_Anuran_ARUs\IF06\SMM2-31_20260404_062702.wav
1926.0,1929.0,Setophaga citrina,Hooded Warbler,0.5026,D:\Bird_Anuran_ARUs\IF06\SMM2-31_20260404_062702.wav
1926.0,1929.0,Geothlypis trichas,Common Yellowthroat,0.3074,D:\Bird_Anuran_ARUs\IF06\SMM2-31_20260404_062702.wav
1929.0,1932.0,Seiurus aurocapilla,Ovenbird,0.9776,D:\Bird_Anuran_ARUs\IF06\SMM2-31_20260404_062702.wav
1932.0,1935.0,Seiurus aurocapilla,Ovenbird,0.8345,D:\Bird_Anuran_ARUs\IF06\SMM2-31_20260404_062702.wav
1935.0,1938.0,Molothrus ater,Brown-headed Cowbird,0.8843,D:\Bird_Anuran_ARUs\IF06\SMM2-31_20260404_062702.wav
1944.0,1947.0,Seiurus aurocapilla,Ovenbird,0.9816,D:\Bird_Anuran_ARUs\IF06\SMM2-31_20260404_062702.wav
1947.0,1950.0,Molothrus ater,Brown-headed Cowbird,0.8571,D:\Bird_Anuran_ARUs\IF06\SMM2-31_20260404_062702.wav
1950.0,1953.0,Seiurus aurocapilla,Ovenbird,0.3500,D:\Bird_Anuran_ARUs\IF06\SMM2-31_20260404_062702.wav
1953.0,1956.0,Pipilo erythrophthalmus,Eastern Towhee,0.4473,D:\Bird_Anuran_ARUs\IF06\SMM2-31_20260404_062702.wav
1962.0,1965.0,Molothrus ater,Brown-headed Cowbird,0.3598,D:\Bird_Anuran_ARUs\IF06\SMM2-31_20260404_062702.wav
1968.0,1971.0,Seiurus aurocapilla,Ovenbird,0.9157,D:\Bird_Anuran_ARUs\IF06\SMM2-31_20260404_062702.wav
1971.0,1974.0,Seiurus aurocapilla,Ovenbird,0.9731,D:\Bird_Anuran_ARUs\IF06\SMM2-31_20260404_062702.wav
1977.0,1980.0,Molothrus ater,Brown-headed Cowbird,0.8833,D:\Bird_Anuran_ARUs\IF06\SMM2-31_20260404_062702.wav
1986.0,1989.0,Molothrus ater,Brown-headed Cowbird,0.3847,D:\Bird_Anuran_ARUs\IF06\SMM2-31_20260404_062702.wav
1989.0,1992.0,Seiurus aurocapilla,Ovenbird,0.9023,D:\Bird_Anuran_ARUs\IF06\SMM2-31_20260404_062702.wav
1992.0,1995.0,Seiurus aurocapilla,Ovenbird,0.9701,D:\Bird_Anuran_ARUs\IF06\SMM2-31_20260404_062702.wav
1995.0,1998.0,Pipilo erythrophthalmus,Eastern Towhee,0.4114,D:\Bird_Anuran_ARUs\IF06\SMM2-31_20260404_062702.wav
2004.0,2007.0,Molothrus ater,Brown-headed Cowbird,0.3513,D:\Bird_Anuran_ARUs\IF06\SMM2-31_20260404_062702.wav
2007.0,2010.0,Seiurus aurocapilla,Ovenbird,0.5507,D:\Bird_Anuran_ARUs\IF06\SMM2-31_20260404_062702.wav
2010.0,2013.0,Seiurus aurocapilla,Ovenbird,0.8490,D:\Bird_Anuran_ARUs\IF06\SMM2-31_20260404_062702.wav
2013.0,2016.0,Cardinalis cardinalis,Northern Cardinal,0.3935,D:\Bird_Anuran_ARUs\IF06\SMM2-31_20260404_062702.wav
2013.0,2016.0,Molothrus ater,Brown-headed Cowbird,0.2967,D:\Bird_Anuran_ARUs\IF06\SMM2-31_20260404_062702.wav
2016.0,2019.0,Polioptila caerulea,Blue-gray Gnatcatcher,0.2905,D:\Bird_Anuran_ARUs\IF06\SMM2-31_20260404_062702.wav
2019.0,2022.0,Pipilo erythrophthalmus,Eastern Towhee,0.3662,D:\Bird_Anuran_ARUs\IF06\SMM2-31_20260404_062702.wav
2022.0,2025.0,Pipilo erythrophthalmus,Eastern Towhee,0.4236,D:\Bird_Anuran_ARUs\IF06\SMM2-31_20260404_062702.wav
2031.0,2034.0,Pipilo erythrophthalmus,Eastern Towhee,0.4950,D:\Bird_Anuran_ARUs\IF06\SMM2-31_20260404_062702.wav
2037.0,2040.0,Seiurus aurocapilla,Ovenbird,0.9362,D:\Bird_Anuran_ARUs\IF06\SMM2-31_20260404_062702.wav
2046.0,2049.0,Pipilo erythrophthalmus,Eastern Towhee,0.7976,D:\Bird_Anuran_ARUs\IF06\SMM2-31_20260404_062702.wav
2055.0,2058.0,Pipilo erythrophthalmus,Eastern Towhee,0.5696,D:\Bird_Anuran_ARUs\IF06\SMM2-31_20260404_062702.wav
2061.0,2064.0,Seiurus aurocapilla,Ovenbird,0.9479,D:\Bird_Anuran_ARUs\IF06\SMM2-31_20260404_062702.wav
2064.0,2067.0,Pipilo erythrophthalmus,Eastern Towhee,0.5143,D:\Bird_Anuran_ARUs\IF06\SMM2-31_20260404_062702.wav
2067.0,2070.0,Pipilo erythrophthalmus,Eastern Towhee,0.7682,D:\Bird_Anuran_ARUs\IF06\SMM2-31_20260404_062702.wav
2070.0,2073.0,Pipilo erythrophthalmus,Eastern Towhee,0.3953,D:\Bird_Anuran_ARUs\IF06\SMM2-31_20260404_062702.wav
2076.0,2079.0,Pipilo erythrophthalmus,Eastern Towhee,0.6385,D:\Bird_Anuran_ARUs\IF06\SMM2-31_20260404_062702.wav
2082.0,2085.0,Pipilo erythrophthalmus,Eastern Towhee,0.8737,D:\Bird_Anuran_ARUs\IF06\SMM2-31_20260404_062702.wav
2085.0,2088.0,Seiurus aurocapilla,Ovenbird,0.9823,D:\Bird_Anuran_ARUs\IF06\SMM2-31_20260404_062702.wav
2091.0,2094.0,Pipilo erythrophthalmus,Eastern Towhee,0.8273,D:\Bird_Anuran_ARUs\IF06\SMM2-31_20260404_062702.wav
2097.0,2100.0,Pipilo erythrophthalmus,Eastern Towhee,0.4042,D:\Bird_Anuran_ARUs\IF06\SMM2-31_20260404_062702.wav
2106.0,2109.0,Seiurus aurocapilla,Ovenbird,0.5518,D:\Bird_Anuran_ARUs\IF06\SMM2-31_20260404_062702.wav
2106.0,2109.0,Setophaga pinus,Pine Warbler,0.2589,D:\Bird_Anuran_ARUs\IF06\SMM2-31_20260404_062702.wav
2109.0,2112.0,Seiurus aurocapilla,Ovenbird,0.8011,D:\Bird_Anuran_ARUs\IF06\SMM2-31_20260404_062702.wav
2115.0,2118.0,Poecile carolinensis,Carolina Chickadee,0.3068,D:\Bird_Anuran_ARUs\IF06\SMM2-31_20260404_062702.wav
2118.0,2121.0,Pipilo erythrophthalmus,Eastern Towhee,0.2703,D:\Bird_Anuran_ARUs\IF06\SMM2-31_20260404_062702.wav
2121.0,2124.0,Pipilo erythrophthalmus,Eastern Towhee,0.6907,D:\Bird_Anuran_ARUs\IF06\SMM2-31_20260404_062702.wav
2127.0,2130.0,Pipilo erythrophthalmus,Eastern Towhee,0.6560,D:\Bird_Anuran_ARUs\IF06\SMM2-31_20260404_062702.wav
2130.0,2133.0,Seiurus aurocapilla,Ovenbird,0.9591,D:\Bird_Anuran_ARUs\IF06\SMM2-31_20260404_062702.wav
2133.0,2136.0,Pipilo erythrophthalmus,Eastern Towhee,0.6769,D:\Bird_Anuran_ARUs\IF06\SMM2-31_20260404_062702.wav
2136.0,2139.0,Pipilo erythrophthalmus,Eastern Towhee,0.3090,D:\Bird_Anuran_ARUs\IF06\SMM2-31_20260404_062702.wav
2139.0,2142.0,Pipilo erythrophthalmus,Eastern Towhee,0.5345,D:\Bird_Anuran_ARUs\IF06\SMM2-31_20260404_062702.wav
2145.0,2148.0,Pipilo erythrophthalmus,Eastern Towhee,0.9000,D:\Bird_Anuran_ARUs\IF06\SMM2-31_20260404_062702.wav
2151.0,2154.0,Seiurus aurocapilla,Ovenbird,0.8581,D:\Bird_Anuran_ARUs\IF06\SMM2-31_20260404_062702.wav
2154.0,2157.0,Parkesia motacilla,Louisiana Waterthrush,0.3606,D:\Bird_Anuran_ARUs\IF06\SMM2-31_20260404_062702.wav
2157.0,2160.0,Pipilo erythrophthalmus,Eastern Towhee,0.5799,D:\Bird_Anuran_ARUs\IF06\SMM2-31_20260404_062702.wav
2160.0,2163.0,Pipilo erythrophthalmus,Eastern Towhee,0.8788,D:\Bird_Anuran_ARUs\IF06\SMM2-31_20260404_062702.wav
2160.0,2163.0,Setophaga pinus,Pine Warbler,0.4056,D:\Bird_Anuran_ARUs\IF06\SMM2-31_20260404_062702.wav
2172.0,2175.0,Seiurus aurocapilla,Ovenbird,0.8865,D:\Bird_Anuran_ARUs\IF06\SMM2-31_20260404_062702.wav
2172.0,2175.0,Pipilo erythrophthalmus,Eastern Towhee,0.4848,D:\Bird_Anuran_ARUs\IF06\SMM2-31_20260404_062702.wav
2175.0,2178.0,Seiurus aurocapilla,Ovenbird,0.8123,D:\Bird_Anuran_ARUs\IF06\SMM2-31_20260404_062702.wav
2178.0,2181.0,Pipilo erythrophthalmus,Eastern Towhee,0.9350,D:\Bird_Anuran_ARUs\IF06\SMM2-31_20260404_062702.wav
2181.0,2184.0,Molothrus ater,Brown-headed Cowbird,0.4085,D:\Bird_Anuran_ARUs\IF06\SMM2-31_20260404_062702.wav
2184.0,2187.0,Pipilo erythrophthalmus,Eastern Towhee,0.7532,D:\Bird_Anuran_ARUs\IF06\SMM2-31_20260404_062702.wav
2187.0,2190.0,Pipilo erythrophthalmus,Eastern Towhee,0.2952,D:\Bird_Anuran_ARUs\IF06\SMM2-31_20260404_062702.wav
2193.0,2196.0,Pipilo erythrophthalmus,Eastern Towhee,0.9127,D:\Bird_Anuran_ARUs\IF06\SMM2-31_20260404_062702.wav
2196.0,2199.0,Seiurus aurocapilla,Ovenbird,0.9889,D:\Bird_Anuran_ARUs\IF06\SMM2-31_20260404_062702.wav
2199.0,2202.0,Pipilo erythrophthalmus,Eastern Towhee,0.6374,D:\Bird_Anuran_ARUs\IF06\SMM2-31_20260404_062702.wav
2199.0,2202.0,Seiurus aurocapilla,Ovenbird,0.5476,D:\Bird_Anuran_ARUs\IF06\SMM2-31_20260404_062702.wav
2205.0,2208.0,Pipilo erythrophthalmus,Eastern Towhee,0.3821,D:\Bird_Anuran_ARUs\IF06\SMM2-31_20260404_062702.wav
2211.0,2214.0,Pipilo erythrophthalmus,Eastern Towhee,0.9576,D:\Bird_Anuran_ARUs\IF06\SMM2-31_20260404_062702.wav
2214.0,2217.0,Pipilo erythrophthalmus,Eastern Towhee,0.8586,D:\Bird_Anuran_ARUs\IF06\SMM2-31_20260404_062702.wav
2214.0,2217.0,Setophaga pinus,Pine Warbler,0.3611,D:\Bird_Anuran_ARUs\IF06\SMM2-31_20260404_062702.wav
2217.0,2220.0,Piranga olivacea,Scarlet Tanager,0.3143,D:\Bird_Anuran_ARUs\IF06\SMM2-31_20260404_062702.wav
2220.0,2223.0,Seiurus aurocapilla,Ovenbird,0.8066,D:\Bird_Anuran_ARUs\IF06\SMM2-31_20260404_062702.wav
2220.0,2223.0,Pipilo erythrophthalmus,Eastern Towhee,0.2893,D:\Bird_Anuran_ARUs\IF06\SMM2-31_20260404_062702.wav
2226.0,2229.0,Pipilo erythrophthalmus,Eastern Towhee,0.5460,D:\Bird_Anuran_ARUs\IF06\SMM2-31_20260404_062702.wav
2232.0,2235.0,Pipilo erythrophthalmus,Eastern Towhee,0.8893,D:\Bird_Anuran_ARUs\IF06\SMM2-31_20260404_062702.wav
2238.0,2241.0,Pipilo erythrophthalmus,Eastern Towhee,0.7077,D:\Bird_Anuran_ARUs\IF06\SMM2-31_20260404_062702.wav
2241.0,2244.0,Setophaga pinus,Pine Warbler,0.5187,D:\Bird_Anuran_ARUs\IF06\SMM2-31_20260404_062702.wav
2241.0,2244.0,Seiurus aurocapilla,Ovenbird,0.4735,D:\Bird_Anuran_ARUs\IF06\SMM2-31_20260404_062702.wav
2241.0,2244.0,Pipilo erythrophthalmus,Eastern Towhee,0.3782,D:\Bird_Anuran_ARUs\IF06\SMM2-31_20260404_062702.wav
2244.0,2247.0,Seiurus aurocapilla,Ovenbird,0.9518,D:\Bird_Anuran_ARUs\IF06\SMM2-31_20260404_062702.wav
2247.0,2250.0,Pipilo erythrophthalmus,Eastern Towhee,0.7773,D:\Bird_Anuran_ARUs\IF06\SMM2-31_20260404_062702.wav
2250.0,2253.0,Pipilo erythrophthalmus,Eastern Towhee,0.5684,D:\Bird_Anuran_ARUs\IF06\SMM2-31_20260404_062702.wav
2253.0,2256.0,Pipilo erythrophthalmus,Eastern Towhee,0.8650,D:\Bird_Anuran_ARUs\IF06\SMM2-31_20260404_062702.wav
2256.0,2259.0,Pipilo erythrophthalmus,Eastern Towhee,0.7765,D:\Bird_Anuran_ARUs\IF06\SMM2-31_20260404_062702.wav
2256.0,2259.0,Setophaga pinus,Pine Warbler,0.3676,D:\Bird_Anuran_ARUs\IF06\SMM2-31_20260404_062702.wav
2259.0,2262.0,Pipilo erythrophthalmus,Eastern Towhee,0.8455,D:\Bird_Anuran_ARUs\IF06\SMM2-31_20260404_062702.wav
2262.0,2265.0,Pipilo erythrophthalmus,Eastern Towhee,0.4494,D:\Bird_Anuran_ARUs\IF06\SMM2-31_20260404_062702.wav
2265.0,2268.0,Seiurus aurocapilla,Ovenbird,0.9589,D:\Bird_Anuran_ARUs\IF06\SMM2-31_20260404_062702.wav
2268.0,2271.0,Seiurus aurocapilla,Ovenbird,0.7963,D:\Bird_Anuran_ARUs\IF06\SMM2-31_20260404_062702.wav
2268.0,2271.0,Pipilo erythrophthalmus,Eastern Towhee,0.3987,D:\Bird_Anuran_ARUs\IF06\SMM2-31_20260404_062702.wav
2271.0,2274.0,Molothrus ater,Brown-headed Cowbird,0.6697,D:\Bird_Anuran_ARUs\IF06\SMM2-31_20260404_062702.wav
2274.0,2277.0,Pipilo erythrophthalmus,Eastern Towhee,0.6710,D:\Bird_Anuran_ARUs\IF06\SMM2-31_20260404_062702.wav
2277.0,2280.0,Setophaga citrina,Hooded Warbler,0.4197,D:\Bird_Anuran_ARUs\IF06\SMM2-31_20260404_062702.wav
2280.0,2283.0,Pipilo erythrophthalmus,Eastern Towhee,0.9073,D:\Bird_Anuran_ARUs\IF06\SMM2-31_20260404_062702.wav
2286.0,2289.0,Seiurus aurocapilla,Ovenbird,0.8930,D:\Bird_Anuran_ARUs\IF06\SMM2-31_20260404_062702.wav
2289.0,2292.0,Seiurus aurocapilla,Ovenbird,0.9098,D:\Bird_Anuran_ARUs\IF06\SMM2-31_20260404_062702.wav
2292.0,2295.0,Geothlypis trichas,Common Yellowthroat,0.3063,D:\Bird_Anuran_ARUs\IF06\SMM2-31_20260404_062702.wav
2295.0,2298.0,Pipilo erythrophthalmus,Eastern Towhee,0.9604,D:\Bird_Anuran_ARUs\IF06\SMM2-31_20260404_062702.wav
2301.0,2304.0,Pipilo erythrophthalmus,Eastern Towhee,0.6301,D:\Bird_Anuran_ARUs\IF06\SMM2-31_20260404_062702.wav
2307.0,2310.0,Pipilo erythrophthalmus,Eastern Towhee,0.6664,D:\Bird_Anuran_ARUs\IF06\SMM2-31_20260404_062702.wav
2313.0,2316.0,Pipilo erythrophthalmus,Eastern Towhee,0.8413,D:\Bird_Anuran_ARUs\IF06\SMM2-31_20260404_062702.wav
2319.0,2322.0,Pipilo erythrophthalmus,Eastern Towhee,0.8025,D:\Bird_Anuran_ARUs\IF06\SMM2-31_20260404_062702.wav
2325.0,2328.0,Seiurus aurocapilla,Ovenbird,0.9823,D:\Bird_Anuran_ARUs\IF06\SMM2-31_20260404_062702.wav
2328.0,2331.0,Pipilo erythrophthalmus,Eastern Towhee,0.9480,D:\Bird_Anuran_ARUs\IF06\SMM2-31_20260404_062702.wav
2334.0,2337.0,Pipilo erythrophthalmus,Eastern Towhee,0.7911,D:\Bird_Anuran_ARUs\IF06\SMM2-31_20260404_062702.wav
2343.0,2346.0,Pipilo erythrophthalmus,Eastern Towhee,0.9276,D:\Bird_Anuran_ARUs\IF06\SMM2-31_20260404_062702.wav
2346.0,2349.0,Seiurus aurocapilla,Ovenbird,0.9699,D:\Bird_Anuran_ARUs\IF06\SMM2-31_20260404_062702.wav
2349.0,2352.0,Pipilo erythrophthalmus,Eastern Towhee,0.7336,D:\Bird_Anuran_ARUs\IF06\SMM2-31_20260404_062702.wav
2355.0,2358.0,Pipilo erythrophthalmus,Eastern Towhee,0.8472,D:\Bird_Anuran_ARUs\IF06\SMM2-31_20260404_062702.wav
2361.0,2364.0,Pipilo erythrophthalmus,Eastern Towhee,0.8904,D:\Bird_Anuran_ARUs\IF06\SMM2-31_20260404_062702.wav
2364.0,2367.0,Pipilo erythrophthalmus,Eastern Towhee,0.3519,D:\Bird_Anuran_ARUs\IF06\SMM2-31_20260404_062702.wav
2370.0,2373.0,Seiurus aurocapilla,Ovenbird,0.7608,D:\Bird_Anuran_ARUs\IF06\SMM2-31_20260404_062702.wav
2373.0,2376.0,Pipilo erythrophthalmus,Eastern Towhee,0.3475,D:\Bird_Anuran_ARUs\IF06\SMM2-31_20260404_062702.wav
2376.0,2379.0,Setophaga pinus,Pine Warbler,0.3549,D:\Bird_Anuran_ARUs\IF06\SMM2-31_20260404_062702.wav
2382.0,2385.0,Pipilo erythrophthalmus,Eastern Towhee,0.6683,D:\Bird_Anuran_ARUs\IF06\SMM2-31_20260404_062702.wav
2388.0,2391.0,Pipilo erythrophthalmus,Eastern Towhee,0.8344,D:\Bird_Anuran_ARUs\IF06\SMM2-31_20260404_062702.wav
2391.0,2394.0,Seiurus aurocapilla,Ovenbird,0.9591,D:\Bird_Anuran_ARUs\IF06\SMM2-31_20260404_062702.wav
2394.0,2397.0,Pipilo erythrophthalmus,Eastern Towhee,0.4887,D:\Bird_Anuran_ARUs\IF06\SMM2-31_20260404_062702.wav
2403.0,2406.0,Pipilo erythrophthalmus,Eastern Towhee,0.5006,D:\Bird_Anuran_ARUs\IF06\SMM2-31_20260404_062702.wav
2403.0,2406.0,Setophaga pinus,Pine Warbler,0.3468,D:\Bird_Anuran_ARUs\IF06\SMM2-31_20260404_062702.wav
2409.0,2412.0,Pipilo erythrophthalmus,Eastern Towhee,0.7178,D:\Bird_Anuran_ARUs\IF06\SMM2-31_20260404_062702.wav
2421.0,2424.0,Pipilo erythrophthalmus,Eastern Towhee,0.8504,D:\Bird_Anuran_ARUs\IF06\SMM2-31_20260404_062702.wav
2430.0,2433.0,Pipilo erythrophthalmus,Eastern Towhee,0.8335,D:\Bird_Anuran_ARUs\IF06\SMM2-31_20260404_062702.wav
2433.0,2436.0,Cardinalis cardinalis,Northern Cardinal,0.4011,D:\Bird_Anuran_ARUs\IF06\SMM2-31_20260404_062702.wav
2436.0,2439.0,Seiurus aurocapilla,Ovenbird,0.8499,D:\Bird_Anuran_ARUs\IF06\SMM2-31_20260404_062702.wav
2436.0,2439.0,Pipilo erythrophthalmus,Eastern Towhee,0.3916,D:\Bird_Anuran_ARUs\IF06\SMM2-31_20260404_062702.wav
2439.0,2442.0,Seiurus aurocapilla,Ovenbird,0.9685,D:\Bird_Anuran_ARUs\IF06\SMM2-31_20260404_062702.wav
2442.0,2445.0,Pipilo erythrophthalmus,Eastern Towhee,0.7349,D:\Bird_Anuran_ARUs\IF06\SMM2-31_20260404_062702.wav
2448.0,2451.0,Pipilo erythrophthalmus,Eastern Towhee,0.6659,D:\Bird_Anuran_ARUs\IF06\SMM2-31_20260404_062702.wav
2451.0,2454.0,Setophaga pinus,Pine Warbler,0.7863,D:\Bird_Anuran_ARUs\IF06\SMM2-31_20260404_062702.wav
2451.0,2454.0,Pipilo erythrophthalmus,Eastern Towhee,0.3466,D:\Bird_Anuran_ARUs\IF06\SMM2-31_20260404_062702.wav
2454.0,2457.0,Setophaga citrina,Hooded Warbler,0.8720,D:\Bird_Anuran_ARUs\IF06\SMM2-31_20260404_062702.wav
2454.0,2457.0,Corvus brachyrhynchos,American Crow,0.7747,D:\Bird_Anuran_ARUs\IF06\SMM2-31_20260404_062702.wav
2454.0,2457.0,Geothlypis trichas,Common Yellowthroat,0.2551,D:\Bird_Anuran_ARUs\IF06\SMM2-31_20260404_062702.wav
2457.0,2460.0,Seiurus aurocapilla,Ovenbird,0.7327,D:\Bird_Anuran_ARUs\IF06\SMM2-31_20260404_062702.wav
2457.0,2460.0,Pipilo erythrophthalmus,Eastern Towhee,0.4880,D:\Bird_Anuran_ARUs\IF06\SMM2-31_20260404_062702.wav
2460.0,2463.0,Seiurus aurocapilla,Ovenbird,0.9704,D:\Bird_Anuran_ARUs\IF06\SMM2-31_20260404_062702.wav
2463.0,2466.0,Pipilo erythrophthalmus,Eastern Towhee,0.9354,D:\Bird_Anuran_ARUs\IF06\SMM2-31_20260404_062702.wav
2466.0,2469.0,Setophaga citrina,Hooded Warbler,0.4205,D:\Bird_Anuran_ARUs\IF06\SMM2-31_20260404_062702.wav
2469.0,2472.0,Pipilo erythrophthalmus,Eastern Towhee,0.4375,D:\Bird_Anuran_ARUs\IF06\SMM2-31_20260404_062702.wav
2472.0,2475.0,Pipilo erythrophthalmus,Eastern Towhee,0.8085,D:\Bird_Anuran_ARUs\IF06\SMM2-31_20260404_062702.wav
2472.0,2475.0,Setophaga pinus,Pine Warbler,0.7169,D:\Bird_Anuran_ARUs\IF06\SMM2-31_20260404_062702.wav
2475.0,2478.0,Pipilo erythrophthalmus,Eastern Towhee,0.3762,D:\Bird_Anuran_ARUs\IF06\SMM2-31_20260404_062702.wav
2478.0,2481.0,Seiurus aurocapilla,Ovenbird,0.8706,D:\Bird_Anuran_ARUs\IF06\SMM2-31_20260404_062702.wav
2481.0,2484.0,Seiurus aurocapilla,Ovenbird,0.8901,D:\Bird_Anuran_ARUs\IF06\SMM2-31_20260404_062702.wav
2484.0,2487.0,Pipilo erythrophthalmus,Eastern Towhee,0.9235,D:\Bird_Anuran_ARUs\IF06\SMM2-31_20260404_062702.wav
2487.0,2490.0,Baeolophus bicolor,Tufted Titmouse,0.3689,D:\Bird_Anuran_ARUs\IF06\SMM2-31_20260404_062702.wav
2487.0,2490.0,Corvus brachyrhynchos,American Crow,0.3320,D:\Bird_Anuran_ARUs\IF06\SMM2-31_20260404_062702.wav
2490.0,2493.0,Pipilo erythrophthalmus,Eastern Towhee,0.9498,D:\Bird_Anuran_ARUs\IF06\SMM2-31_20260404_062702.wav
2496.0,2499.0,Pipilo erythrophthalmus,Eastern Towhee,0.5066,D:\Bird_Anuran_ARUs\IF06\SMM2-31_20260404_062702.wav
2499.0,2502.0,Pipilo erythrophthalmus,Eastern Towhee,0.5485,D:\Bird_Anuran_ARUs\IF06\SMM2-31_20260404_062702.wav
2499.0,2502.0,Setophaga pinus,Pine Warbler,0.5097,D:\Bird_Anuran_ARUs\IF06\SMM2-31_20260404_062702.wav
2502.0,2505.0,Seiurus aurocapilla,Ovenbird,0.9518,D:\Bird_Anuran_ARUs\IF06\SMM2-31_20260404_062702.wav
2505.0,2508.0,Pipilo erythrophthalmus,Eastern Towhee,0.7420,D:\Bird_Anuran_ARUs\IF06\SMM2-31_20260404_062702.wav
2517.0,2520.0,Pipilo erythrophthalmus,Eastern Towhee,0.7615,D:\Bird_Anuran_ARUs\IF06\SMM2-31_20260404_062702.wav
2520.0,2523.0,Seiurus aurocapilla,Ovenbird,0.7674,D:\Bird_Anuran_ARUs\IF06\SMM2-31_20260404_062702.wav
2520.0,2523.0,Pipilo erythrophthalmus,Eastern Towhee,0.5777,D:\Bird_Anuran_ARUs\IF06\SMM2-31_20260404_062702.wav
2520.0,2523.0,Corvus brachyrhynchos,American Crow,0.5607,D:\Bird_Anuran_ARUs\IF06\SMM2-31_20260404_062702.wav
2523.0,2526.0,Seiurus aurocapilla,Ovenbird,0.9093,D:\Bird_Anuran_ARUs\IF06\SMM2-31_20260404_062702.wav
2526.0,2529.0,Pipilo erythrophthalmus,Eastern Towhee,0.9568,D:\Bird_Anuran_ARUs\IF06\SMM2-31_20260404_062702.wav
2532.0,2535.0,Pipilo erythrophthalmus,Eastern Towhee,0.9061,D:\Bird_Anuran_ARUs\IF06\SMM2-31_20260404_062702.wav
2538.0,2541.0,Pipilo erythrophthalmus,Eastern Towhee,0.5013,D:\Bird_Anuran_ARUs\IF06\SMM2-31_20260404_062702.wav
2541.0,2544.0,Molothrus ater,Brown-headed Cowbird,0.7739,D:\Bird_Anuran_ARUs\IF06\SMM2-31_20260404_062702.wav
2541.0,2544.0,Corvus brachyrhynchos,American Crow,0.3352,D:\Bird_Anuran_ARUs\IF06\SMM2-31_20260404_062702.wav
2544.0,2547.0,Seiurus aurocapilla,Ovenbird,0.8740,D:\Bird_Anuran_ARUs\IF06\SMM2-31_20260404_062702.wav
2547.0,2550.0,Pipilo erythrophthalmus,Eastern Towhee,0.9158,D:\Bird_Anuran_ARUs\IF06\SMM2-31_20260404_062702.wav
2547.0,2550.0,Corvus brachyrhynchos,American Crow,0.4219,D:\Bird_Anuran_ARUs\IF06\SMM2-31_20260404_062702.wav
2556.0,2559.0,Pipilo erythrophthalmus,Eastern Towhee,0.8680,D:\Bird_Anuran_ARUs\IF06\SMM2-31_20260404_062702.wav
2562.0,2565.0,Pipilo erythrophthalmus,Eastern Towhee,0.8175,D:\Bird_Anuran_ARUs\IF06\SMM2-31_20260404_062702.wav
2568.0,2571.0,Seiurus aurocapilla,Ovenbird,0.9812,D:\Bird_Anuran_ARUs\IF06\SMM2-31_20260404_062702.wav
2571.0,2574.0,Seiurus aurocapilla,Ovenbird,0.6855,D:\Bird_Anuran_ARUs\IF06\SMM2-31_20260404_062702.wav
2577.0,2580.0,Pipilo erythrophthalmus,Eastern Towhee,0.7924,D:\Bird_Anuran_ARUs\IF06\SMM2-31_20260404_062702.wav
2583.0,2586.0,Pipilo erythrophthalmus,Eastern Towhee,0.3206,D:\Bird_Anuran_ARUs\IF06\SMM2-31_20260404_062702.wav
2586.0,2589.0,Setophaga pinus,Pine Warbler,0.7659,D:\Bird_Anuran_ARUs\IF06\SMM2-31_20260404_062702.wav
2592.0,2595.0,Pipilo erythrophthalmus,Eastern Towhee,0.9029,D:\Bird_Anuran_ARUs\IF06\SMM2-31_20260404_062702.wav
2595.0,2598.0,Seiurus aurocapilla,Ovenbird,0.9566,D:\Bird_Anuran_ARUs\IF06\SMM2-31_20260404_062702.wav
2601.0,2604.0,Pipilo erythrophthalmus,Eastern Towhee,0.9671,D:\Bird_Anuran_ARUs\IF06\SMM2-31_20260404_062702.wav
2604.0,2607.0,Setophaga citrina,Hooded Warbler,0.4622,D:\Bird_Anuran_ARUs\IF06\SMM2-31_20260404_062702.wav
2610.0,2613.0,Pipilo erythrophthalmus,Eastern Towhee,0.8453,D:\Bird_Anuran_ARUs\IF06\SMM2-31_20260404_062702.wav
2616.0,2619.0,Seiurus aurocapilla,Ovenbird,0.7246,D:\Bird_Anuran_ARUs\IF06\SMM2-31_20260404_062702.wav
2619.0,2622.0,Seiurus aurocapilla,Ovenbird,0.7635,D:\Bird_Anuran_ARUs\IF06\SMM2-31_20260404_062702.wav
2619.0,2622.0,Setophaga pinus,Pine Warbler,0.4898,D:\Bird_Anuran_ARUs\IF06\SMM2-31_20260404_062702.wav
2622.0,2625.0,Piranga olivacea,Scarlet Tanager,0.3283,D:\Bird_Anuran_ARUs\IF06\SMM2-31_20260404_062702.wav
2625.0,2628.0,Pipilo erythrophthalmus,Eastern Towhee,0.9004,D:\Bird_Anuran_ARUs\IF06\SMM2-31_20260404_062702.wav
2628.0,2631.0,Setophaga pinus,Pine Warbler,0.9111,D:\Bird_Anuran_ARUs\IF06\SMM2-31_20260404_062702.wav
2631.0,2634.0,Setophaga pinus,Pine Warbler,0.3770,D:\Bird_Anuran_ARUs\IF06\SMM2-31_20260404_062702.wav
2634.0,2637.0,Setophaga pinus,Pine Warbler,0.8310,D:\Bird_Anuran_ARUs\IF06\SMM2-31_20260404_062702.wav
2637.0,2640.0,Seiurus aurocapilla,Ovenbird,0.9815,D:\Bird_Anuran_ARUs\IF06\SMM2-31_20260404_062702.wav
2640.0,2643.0,Seiurus aurocapilla,Ovenbird,0.8467,D:\Bird_Anuran_ARUs\IF06\SMM2-31_20260404_062702.wav
2640.0,2643.0,Pipilo erythrophthalmus,Eastern Towhee,0.3811,D:\Bird_Anuran_ARUs\IF06\SMM2-31_20260404_062702.wav
2643.0,2646.0,Corvus brachyrhynchos,American Crow,0.8066,D:\Bird_Anuran_ARUs\IF06\SMM2-31_20260404_062702.wav
2643.0,2646.0,Setophaga citrina,Hooded Warbler,0.7288,D:\Bird_Anuran_ARUs\IF06\SMM2-31_20260404_062702.wav
2646.0,2649.0,Pipilo erythrophthalmus,Eastern Towhee,0.3589,D:\Bird_Anuran_ARUs\IF06\SMM2-31_20260404_062702.wav
2649.0,2652.0,Setophaga pinus,Pine Warbler,0.9234,D:\Bird_Anuran_ARUs\IF06\SMM2-31_20260404_062702.wav
2652.0,2655.0,Corvus brachyrhynchos,American Crow,0.6402,D:\Bird_Anuran_ARUs\IF06\SMM2-31_20260404_062702.wav
2655.0,2658.0,Pipilo erythrophthalmus,Eastern Towhee,0.8611,D:\Bird_Anuran_ARUs\IF06\SMM2-31_20260404_062702.wav
2658.0,2661.0,Corvus brachyrhynchos,American Crow,0.2530,D:\Bird_Anuran_ARUs\IF06\SMM2-31_20260404_062702.wav
2661.0,2664.0,Setophaga pinus,Pine Warbler,0.5752,D:\Bird_Anuran_ARUs\IF06\SMM2-31_20260404_062702.wav
2661.0,2664.0,Corvus brachyrhynchos,American Crow,0.3722,D:\Bird_Anuran_ARUs\IF06\SMM2-31_20260404_062702.wav
2664.0,2667.0,Pipilo erythrophthalmus,Eastern Towhee,0.7666,D:\Bird_Anuran_ARUs\IF06\SMM2-31_20260404_062702.wav
2664.0,2667.0,Seiurus aurocapilla,Ovenbird,0.7621,D:\Bird_Anuran_ARUs\IF06\SMM2-31_20260404_062702.wav
2667.0,2670.0,Corvus brachyrhynchos,American Crow,0.8023,D:\Bird_Anuran_ARUs\IF06\SMM2-31_20260404_062702.wav
2673.0,2676.0,Pipilo erythrophthalmus,Eastern Towhee,0.8269,D:\Bird_Anuran_ARUs\IF06\SMM2-31_20260404_062702.wav
2673.0,2676.0,Setophaga pinus,Pine Warbler,0.5944,D:\Bird_Anuran_ARUs\IF06\SMM2-31_20260404_062702.wav
2679.0,2682.0,Pipilo erythrophthalmus,Eastern Towhee,0.9488,D:\Bird_Anuran_ARUs\IF06\SMM2-31_20260404_062702.wav
2682.0,2685.0,Setophaga citrina,Hooded Warbler,0.3030,D:\Bird_Anuran_ARUs\IF06\SMM2-31_20260404_062702.wav
2685.0,2688.0,Pipilo erythrophthalmus,Eastern Towhee,0.7089,D:\Bird_Anuran_ARUs\IF06\SMM2-31_20260404_062702.wav
2688.0,2691.0,Pipilo erythrophthalmus,Eastern Towhee,0.8614,D:\Bird_Anuran_ARUs\IF06\SMM2-31_20260404_062702.wav
2688.0,2691.0,Setophaga pinus,Pine Warbler,0.7497,D:\Bird_Anuran_ARUs\IF06\SMM2-31_20260404_062702.wav
2691.0,2694.0,Setophaga citrina,Hooded Warbler,0.6161,D:\Bird_Anuran_ARUs\IF06\SMM2-31_20260404_062702.wav
2694.0,2697.0,Pipilo erythrophthalmus,Eastern Towhee,0.9376,D:\Bird_Anuran_ARUs\IF06\SMM2-31_20260404_062702.wav
2703.0,2706.0,Pipilo erythrophthalmus,Eastern Towhee,0.8007,D:\Bird_Anuran_ARUs\IF06\SMM2-31_20260404_062702.wav
2703.0,2706.0,Setophaga pinus,Pine Warbler,0.5218,D:\Bird_Anuran_ARUs\IF06\SMM2-31_20260404_062702.wav
2706.0,2709.0,Seiurus aurocapilla,Ovenbird,0.9519,D:\Bird_Anuran_ARUs\IF06\SMM2-31_20260404_062702.wav
2709.0,2712.0,Seiurus aurocapilla,Ovenbird,0.6531,D:\Bird_Anuran_ARUs\IF06\SMM2-31_20260404_062702.wav
2709.0,2712.0,Pipilo erythrophthalmus,Eastern Towhee,0.2606,D:\Bird_Anuran_ARUs\IF06\SMM2-31_20260404_062702.wav
2712.0,2715.0,Pipilo erythrophthalmus,Eastern Towhee,0.6366,D:\Bird_Anuran_ARUs\IF06\SMM2-31_20260404_062702.wav
2718.0,2721.0,Pipilo erythrophthalmus,Eastern Towhee,0.4427,D:\Bird_Anuran_ARUs\IF06\SMM2-31_20260404_062702.wav
2724.0,2727.0,Pipilo erythrophthalmus,Eastern Towhee,0.8094,D:\Bird_Anuran_ARUs\IF06\SMM2-31_20260404_062702.wav
2727.0,2730.0,Setophaga pinus,Pine Warbler,0.8493,D:\Bird_Anuran_ARUs\IF06\SMM2-31_20260404_062702.wav
2727.0,2730.0,Pipilo erythrophthalmus,Eastern Towhee,0.3239,D:\Bird_Anuran_ARUs\IF06\SMM2-31_20260404_062702.wav
2733.0,2736.0,Pipilo erythrophthalmus,Eastern Towhee,0.7990,D:\Bird_Anuran_ARUs\IF06\SMM2-31_20260404_062702.wav
2733.0,2736.0,Seiurus aurocapilla,Ovenbird,0.6549,D:\Bird_Anuran_ARUs\IF06\SMM2-31_20260404_062702.wav
2739.0,2742.0,Pipilo erythrophthalmus,Eastern Towhee,0.8753,D:\Bird_Anuran_ARUs\IF06\SMM2-31_20260404_062702.wav
2748.0,2751.0,Pipilo erythrophthalmus,Eastern Towhee,0.8238,D:\Bird_Anuran_ARUs\IF06\SMM2-31_20260404_062702.wav
2754.0,2757.0,Pipilo erythrophthalmus,Eastern Towhee,0.7693,D:\Bird_Anuran_ARUs\IF06\SMM2-31_20260404_062702.wav
2757.0,2760.0,Seiurus aurocapilla,Ovenbird,0.9774,D:\Bird_Anuran_ARUs\IF06\SMM2-31_20260404_062702.wav
2760.0,2763.0,Seiurus aurocapilla,Ovenbird,0.4497,D:\Bird_Anuran_ARUs\IF06\SMM2-31_20260404_062702.wav
2763.0,2766.0,Setophaga pinus,Pine Warbler,0.3468,D:\Bird_Anuran_ARUs\IF06\SMM2-31_20260404_062702.wav
2769.0,2772.0,Pipilo erythrophthalmus,Eastern Towhee,0.8486,D:\Bird_Anuran_ARUs\IF06\SMM2-31_20260404_062702.wav
2775.0,2778.0,Pipilo erythrophthalmus,Eastern Towhee,0.8675,D:\Bird_Anuran_ARUs\IF06\SMM2-31_20260404_062702.wav
2778.0,2781.0,Setophaga citrina,Hooded Warbler,0.4336,D:\Bird_Anuran_ARUs\IF06\SMM2-31_20260404_062702.wav
2781.0,2784.0,Seiurus aurocapilla,Ovenbird,0.9897,D:\Bird_Anuran_ARUs\IF06\SMM2-31_20260404_062702.wav
2784.0,2787.0,Pipilo erythrophthalmus,Eastern Towhee,0.4747,D:\Bird_Anuran_ARUs\IF06\SMM2-31_20260404_062702.wav
2787.0,2790.0,Molothrus ater,Brown-headed Cowbird,0.3120,D:\Bird_Anuran_ARUs\IF06\SMM2-31_20260404_062702.wav
2790.0,2793.0,Pipilo erythrophthalmus,Eastern Towhee,0.8001,D:\Bird_Anuran_ARUs\IF06\SMM2-31_20260404_062702.wav
2793.0,2796.0,Setophaga citrina,Hooded Warbler,0.3705,D:\Bird_Anuran_ARUs\IF06\SMM2-31_20260404_062702.wav
2796.0,2799.0,Pipilo erythrophthalmus,Eastern Towhee,0.3171,D:\Bird_Anuran_ARUs\IF06\SMM2-31_20260404_062702.wav
2799.0,2802.0,Pipilo erythrophthalmus,Eastern Towhee,0.6034,D:\Bird_Anuran_ARUs\IF06\SMM2-31_20260404_062702.wav
2802.0,2805.0,Molothrus ater,Brown-headed Cowbird,0.3365,D:\Bird_Anuran_ARUs\IF06\SMM2-31_20260404_062702.wav
2805.0,2808.0,Pipilo erythrophthalmus,Eastern Towhee,0.5623,D:\Bird_Anuran_ARUs\IF06\SMM2-31_20260404_062702.wav
2808.0,2811.0,Seiurus aurocapilla,Ovenbird,0.8075,D:\Bird_Anuran_ARUs\IF06\SMM2-31_20260404_062702.wav
2811.0,2814.0,Pipilo erythrophthalmus,Eastern Towhee,0.5065,D:\Bird_Anuran_ARUs\IF06\SMM2-31_20260404_062702.wav
2820.0,2823.0,Pipilo erythrophthalmus,Eastern Towhee,0.7070,D:\Bird_Anuran_ARUs\IF06\SMM2-31_20260404_062702.wav
2826.0,2829.0,Pipilo erythrophthalmus,Eastern Towhee,0.7090,D:\Bird_Anuran_ARUs\IF06\SMM2-31_20260404_062702.wav
2829.0,2832.0,Pipilo erythrophthalmus,Eastern Towhee,0.5849,D:\Bird_Anuran_ARUs\IF06\SMM2-31_20260404_062702.wav
2829.0,2832.0,Setophaga pinus,Pine Warbler,0.3612,D:\Bird_Anuran_ARUs\IF06\SMM2-31_20260404_062702.wav
2835.0,2838.0,Pipilo erythrophthalmus,Eastern Towhee,0.8585,D:\Bird_Anuran_ARUs\IF06\SMM2-31_20260404_062702.wav
2838.0,2841.0,Molothrus ater,Brown-headed Cowbird,0.2559,D:\Bird_Anuran_ARUs\IF06\SMM2-31_20260404_062702.wav
2841.0,2844.0,Pipilo erythrophthalmus,Eastern Towhee,0.7016,D:\Bird_Anuran_ARUs\IF06\SMM2-31_20260404_062702.wav
2850.0,2853.0,Pipilo erythrophthalmus,Eastern Towhee,0.4813,D:\Bird_Anuran_ARUs\IF06\SMM2-31_20260404_062702.wav
2856.0,2859.0,Pipilo erythrophthalmus,Eastern Towhee,0.6268,D:\Bird_Anuran_ARUs\IF06\SMM2-31_20260404_062702.wav
2862.0,2865.0,Molothrus ater,Brown-headed Cowbird,0.5428,D:\Bird_Anuran_ARUs\IF06\SMM2-31_20260404_062702.wav
2865.0,2868.0,Pipilo erythrophthalmus,Eastern Towhee,0.8797,D:\Bird_Anuran_ARUs\IF06\SMM2-31_20260404_062702.wav
2868.0,2871.0,Molothrus ater,Brown-headed Cowbird,0.9747,D:\Bird_Anuran_ARUs\IF06\SMM2-31_20260404_062702.wav
2871.0,2874.0,Pipilo erythrophthalmus,Eastern Towhee,0.7258,D:\Bird_Anuran_ARUs\IF06\SMM2-31_20260404_062702.wav
2874.0,2877.0,Setophaga citrina,Hooded Warbler,0.4148,D:\Bird_Anuran_ARUs\IF06\SMM2-31_20260404_062702.wav
2880.0,2883.0,Pipilo erythrophthalmus,Eastern Towhee,0.6176,D:\Bird_Anuran_ARUs\IF06\SMM2-31_20260404_062702.wav
2889.0,2892.0,Molothrus ater,Brown-headed Cowbird,0.4642,D:\Bird_Anuran_ARUs\IF06\SMM2-31_20260404_062702.wav
2895.0,2898.0,Pipilo erythrophthalmus,Eastern Towhee,0.5564,D:\Bird_Anuran_ARUs\IF06\SMM2-31_20260404_062702.wav
2901.0,2904.0,Pipilo erythrophthalmus,Eastern Towhee,0.5686,D:\Bird_Anuran_ARUs\IF06\SMM2-31_20260404_062702.wav
2904.0,2907.0,Pipilo erythrophthalmus,Eastern Towhee,0.6064,D:\Bird_Anuran_ARUs\IF06\SMM2-31_20260404_062702.wav
2904.0,2907.0,Setophaga pinus,Pine Warbler,0.5629,D:\Bird_Anuran_ARUs\IF06\SMM2-31_20260404_062702.wav
2910.0,2913.0,Dryocopus pileatus,Pileated Woodpecker,0.4939,D:\Bird_Anuran_ARUs\IF06\SMM2-31_20260404_062702.wav
2910.0,2913.0,Pipilo erythrophthalmus,Eastern Towhee,0.4047,D:\Bird_Anuran_ARUs\IF06\SMM2-31_20260404_062702.wav
2913.0,2916.0,Dryocopus pileatus,Pileated Woodpecker,0.8955,D:\Bird_Anuran_ARUs\IF06\SMM2-31_20260404_062702.wav
2916.0,2919.0,Pipilo erythrophthalmus,Eastern Towhee,0.8248,D:\Bird_Anuran_ARUs\IF06\SMM2-31_20260404_062702.wav
2919.0,2922.0,Molothrus ater,Brown-headed Cowbird,0.5853,D:\Bird_Anuran_ARUs\IF06\SMM2-31_20260404_062702.wav
2925.0,2928.0,Pipilo erythrophthalmus,Eastern Towhee,0.9019,D:\Bird_Anuran_ARUs\IF06\SMM2-31_20260404_062702.wav
2928.0,2931.0,Molothrus ater,Brown-headed Cowbird,0.6583,D:\Bird_Anuran_ARUs\IF06\SMM2-31_20260404_062702.wav
2934.0,2937.0,Pipilo erythrophthalmus,Eastern Towhee,0.5194,D:\Bird_Anuran_ARUs\IF06\SMM2-31_20260404_062702.wav
2937.0,2940.0,Setophaga pinus,Pine Warbler,0.3373,D:\Bird_Anuran_ARUs\IF06\SMM2-31_20260404_062702.wav
2937.0,2940.0,Pipilo erythrophthalmus,Eastern Towhee,0.2850,D:\Bird_Anuran_ARUs\IF06\SMM2-31_20260404_062702.wav
2940.0,2943.0,Piranga olivacea,Scarlet Tanager,0.2760,D:\Bird_Anuran_ARUs\IF06\SMM2-31_20260404_062702.wav
2943.0,2946.0,Pipilo erythrophthalmus,Eastern Towhee,0.4513,D:\Bird_Anuran_ARUs\IF06\SMM2-31_20260404_062702.wav
2946.0,2949.0,Molothrus ater,Brown-headed Cowbird,0.5916,D:\Bird_Anuran_ARUs\IF06\SMM2-31_20260404_062702.wav
2949.0,2952.0,Pipilo erythrophthalmus,Eastern Towhee,0.4868,D:\Bird_Anuran_ARUs\IF06\SMM2-31_20260404_062702.wav
2958.0,2961.0,Pipilo erythrophthalmus,Eastern Towhee,0.5773,D:\Bird_Anuran_ARUs\IF06\SMM2-31_20260404_062702.wav
2964.0,2967.0,Pipilo erythrophthalmus,Eastern Towhee,0.5869,D:\Bird_Anuran_ARUs\IF06\SMM2-31_20260404_062702.wav
2973.0,2976.0,Pipilo erythrophthalmus,Eastern Towhee,0.4615,D:\Bird_Anuran_ARUs\IF06\SMM2-31_20260404_062702.wav
2979.0,2982.0,Pipilo erythrophthalmus,Eastern Towhee,0.7804,D:\Bird_Anuran_ARUs\IF06\SMM2-31_20260404_062702.wav
2985.0,2988.0,Pipilo erythrophthalmus,Eastern Towhee,0.8501,D:\Bird_Anuran_ARUs\IF06\SMM2-31_20260404_062702.wav
2988.0,2991.0,Setophaga pinus,Pine Warbler,0.8021,D:\Bird_Anuran_ARUs\IF06\SMM2-31_20260404_062702.wav
2988.0,2991.0,Pipilo erythrophthalmus,Eastern Towhee,0.4480,D:\Bird_Anuran_ARUs\IF06\SMM2-31_20260404_062702.wav
2991.0,2994.0,Seiurus aurocapilla,Ovenbird,0.3358,D:\Bird_Anuran_ARUs\IF06\SMM2-31_20260404_062702.wav
2994.0,2997.0,Pipilo erythrophthalmus,Eastern Towhee,0.5233,D:\Bird_Anuran_ARUs\IF06\SMM2-31_20260404_062702.wav
2994.0,2997.0,Seiurus aurocapilla,Ovenbird,0.4236,D:\Bird_Anuran_ARUs\IF06\SMM2-31_20260404_062702.wav
3003.0,3006.0,Pipilo erythrophthalmus,Eastern Towhee,0.8267,D:\Bird_Anuran_ARUs\IF06\SMM2-31_20260404_062702.wav
3009.0,3012.0,Pipilo erythrophthalmus,Eastern Towhee,0.8603,D:\Bird_Anuran_ARUs\IF06\SMM2-31_20260404_062702.wav
3018.0,3021.0,Pipilo erythrophthalmus,Eastern Towhee,0.8063,D:\Bird_Anuran_ARUs\IF06\SMM2-31_20260404_062702.wav
3024.0,3027.0,Pipilo erythrophthalmus,Eastern Towhee,0.9175,D:\Bird_Anuran_ARUs\IF06\SMM2-31_20260404_062702.wav
3027.0,3030.0,Seiurus aurocapilla,Ovenbird,0.9358,D:\Bird_Anuran_ARUs\IF06\SMM2-31_20260404_062702.wav
3030.0,3033.0,Seiurus aurocapilla,Ovenbird,0.8679,D:\Bird_Anuran_ARUs\IF06\SMM2-31_20260404_062702.wav
3030.0,3033.0,Baeolophus bicolor,Tufted Titmouse,0.4319,D:\Bird_Anuran_ARUs\IF06\SMM2-31_20260404_062702.wav
3033.0,3036.0,Pipilo erythrophthalmus,Eastern Towhee,0.9530,D:\Bird_Anuran_ARUs\IF06\SMM2-31_20260404_062702.wav
3036.0,3039.0,Baeolophus bicolor,Tufted Titmouse,0.3753,D:\Bird_Anuran_ARUs\IF06\SMM2-31_20260404_062702.wav
3039.0,3042.0,Pipilo erythrophthalmus,Eastern Towhee,0.7690,D:\Bird_Anuran_ARUs\IF06\SMM2-31_20260404_062702.wav
3042.0,3045.0,Pipilo erythrophthalmus,Eastern Towhee,0.7873,D:\Bird_Anuran_ARUs\IF06\SMM2-31_20260404_062702.wav
3042.0,3045.0,Setophaga pinus,Pine Warbler,0.6594,D:\Bird_Anuran_ARUs\IF06\SMM2-31_20260404_062702.wav
3048.0,3051.0,Pipilo erythrophthalmus,Eastern Towhee,0.8114,D:\Bird_Anuran_ARUs\IF06\SMM2-31_20260404_062702.wav
3054.0,3057.0,Pipilo erythrophthalmus,Eastern Towhee,0.9420,D:\Bird_Anuran_ARUs\IF06\SMM2-31_20260404_062702.wav
3060.0,3063.0,Pipilo erythrophthalmus,Eastern Towhee,0.7886,D:\Bird_Anuran_ARUs\IF06\SMM2-31_20260404_062702.wav
3066.0,3069.0,Pipilo erythrophthalmus,Eastern Towhee,0.8002,D:\Bird_Anuran_ARUs\IF06\SMM2-31_20260404_062702.wav
3069.0,3072.0,Setophaga pinus,Pine Warbler,0.5467,D:\Bird_Anuran_ARUs\IF06\SMM2-31_20260404_062702.wav
3069.0,3072.0,Pipilo erythrophthalmus,Eastern Towhee,0.2838,D:\Bird_Anuran_ARUs\IF06\SMM2-31_20260404_062702.wav
3075.0,3078.0,Pipilo erythrophthalmus,Eastern Towhee,0.9380,D:\Bird_Anuran_ARUs\IF06\SMM2-31_20260404_062702.wav
3084.0,3087.0,Pipilo erythrophthalmus,Eastern Towhee,0.8313,D:\Bird_Anuran_ARUs\IF06\SMM2-31_20260404_062702.wav
3090.0,3093.0,Pipilo erythrophthalmus,Eastern Towhee,0.8459,D:\Bird_Anuran_ARUs\IF06\SMM2-31_20260404_062702.wav
3093.0,3096.0,Molothrus ater,Brown-headed Cowbird,0.3757,D:\Bird_Anuran_ARUs\IF06\SMM2-31_20260404_062702.wav
3096.0,3099.0,Pipilo erythrophthalmus,Eastern Towhee,0.8510,D:\Bird_Anuran_ARUs\IF06\SMM2-31_20260404_062702.wav
3102.0,3105.0,Pipilo erythrophthalmus,Eastern Towhee,0.6857,D:\Bird_Anuran_ARUs\IF06\SMM2-31_20260404_062702.wav
3105.0,3108.0,Setophaga pinus,Pine Warbler,0.8550,D:\Bird_Anuran_ARUs\IF06\SMM2-31_20260404_062702.wav
3108.0,3111.0,Molothrus ater,Brown-headed Cowbird,0.5171,D:\Bird_Anuran_ARUs\IF06\SMM2-31_20260404_062702.wav
3114.0,3117.0,Pipilo erythrophthalmus,Eastern Towhee,0.9114,D:\Bird_Anuran_ARUs\IF06\SMM2-31_20260404_062702.wav
3117.0,3120.0,Molothrus ater,Brown-headed Cowbird,0.3320,D:\Bird_Anuran_ARUs\IF06\SMM2-31_20260404_062702.wav
3120.0,3123.0,Pipilo erythrophthalmus,Eastern Towhee,0.9501,D:\Bird_Anuran_ARUs\IF06\SMM2-31_20260404_062702.wav
3126.0,3129.0,Pipilo erythrophthalmus,Eastern Towhee,0.7599,D:\Bird_Anuran_ARUs\IF06\SMM2-31_20260404_062702.wav
3129.0,3132.0,Setophaga pinus,Pine Warbler,0.8609,D:\Bird_Anuran_ARUs\IF06\SMM2-31_20260404_062702.wav
3129.0,3132.0,Pipilo erythrophthalmus,Eastern Towhee,0.5733,D:\Bird_Anuran_ARUs\IF06\SMM2-31_20260404_062702.wav
3138.0,3141.0,Pipilo erythrophthalmus,Eastern Towhee,0.7972,D:\Bird_Anuran_ARUs\IF06\SMM2-31_20260404_062702.wav
3144.0,3147.0,Pipilo erythrophthalmus,Eastern Towhee,0.9570,D:\Bird_Anuran_ARUs\IF06\SMM2-31_20260404_062702.wav
3150.0,3153.0,Pipilo erythrophthalmus,Eastern Towhee,0.9036,D:\Bird_Anuran_ARUs\IF06\SMM2-31_20260404_062702.wav
3156.0,3159.0,Pipilo erythrophthalmus,Eastern Towhee,0.8889,D:\Bird_Anuran_ARUs\IF06\SMM2-31_20260404_062702.wav
3159.0,3162.0,Setophaga pinus,Pine Warbler,0.9351,D:\Bird_Anuran_ARUs\IF06\SMM2-31_20260404_062702.wav
3162.0,3165.0,Setophaga pinus,Pine Warbler,0.7655,D:\Bird_Anuran_ARUs\IF06\SMM2-31_20260404_062702.wav
3165.0,3168.0,Pipilo erythrophthalmus,Eastern Towhee,0.9413,D:\Bird_Anuran_ARUs\IF06\SMM2-31_20260404_062702.wav
3168.0,3171.0,Seiurus aurocapilla,Ovenbird,0.4900,D:\Bird_Anuran_ARUs\IF06\SMM2-31_20260404_062702.wav
3171.0,3174.0,Setophaga pinus,Pine Warbler,0.7319,D:\Bird_Anuran_ARUs\IF06\SMM2-31_20260404_062702.wav
3174.0,3177.0,Pipilo erythrophthalmus,Eastern Towhee,0.8953,D:\Bird_Anuran_ARUs\IF06\SMM2-31_20260404_062702.wav
3183.0,3186.0,Pipilo erythrophthalmus,Eastern Towhee,0.9649,D:\Bird_Anuran_ARUs\IF06\SMM2-31_20260404_062702.wav
3189.0,3192.0,Pipilo erythrophthalmus,Eastern Towhee,0.9288,D:\Bird_Anuran_ARUs\IF06\SMM2-31_20260404_062702.wav
3192.0,3195.0,Seiurus aurocapilla,Ovenbird,0.9302,D:\Bird_Anuran_ARUs\IF06\SMM2-31_20260404_062702.wav
3195.0,3198.0,Seiurus aurocapilla,Ovenbird,0.7857,D:\Bird_Anuran_ARUs\IF06\SMM2-31_20260404_062702.wav
3198.0,3201.0,Pipilo erythrophthalmus,Eastern Towhee,0.8913,D:\Bird_Anuran_ARUs\IF06\SMM2-31_20260404_062702.wav
3207.0,3210.0,Pipilo erythrophthalmus,Eastern Towhee,0.9823,D:\Bird_Anuran_ARUs\IF06\SMM2-31_20260404_062702.wav
3210.0,3213.0,Seiurus aurocapilla,Ovenbird,0.8109,D:\Bird_Anuran_ARUs\IF06\SMM2-31_20260404_062702.wav
3213.0,3216.0,Pipilo erythrophthalmus,Eastern Towhee,0.7783,D:\Bird_Anuran_ARUs\IF06\SMM2-31_20260404_062702.wav
3216.0,3219.0,Baeolophus bicolor,Tufted Titmouse,0.4200,D:\Bird_Anuran_ARUs\IF06\SMM2-31_20260404_062702.wav
3219.0,3222.0,Pipilo erythrophthalmus,Eastern Towhee,0.4396,D:\Bird_Anuran_ARUs\IF06\SMM2-31_20260404_062702.wav
3222.0,3225.0,Pipilo erythrophthalmus,Eastern Towhee,0.8489,D:\Bird_Anuran_ARUs\IF06\SMM2-31_20260404_062702.wav
3228.0,3231.0,Seiurus aurocapilla,Ovenbird,0.2518,D:\Bird_Anuran_ARUs\IF06\SMM2-31_20260404_062702.wav
3231.0,3234.0,Pipilo erythrophthalmus,Eastern Towhee,0.9012,D:\Bird_Anuran_ARUs\IF06\SMM2-31_20260404_062702.wav
3234.0,3237.0,Baeolophus bicolor,Tufted Titmouse,0.3585,D:\Bird_Anuran_ARUs\IF06\SMM2-31_20260404_062702.wav
3237.0,3240.0,Baeolophus bicolor,Tufted Titmouse,0.2980,D:\Bird_Anuran_ARUs\IF06\SMM2-31_20260404_062702.wav
3240.0,3243.0,Pipilo erythrophthalmus,Eastern Towhee,0.9303,D:\Bird_Anuran_ARUs\IF06\SMM2-31_20260404_062702.wav
3243.0,3246.0,Seiurus aurocapilla,Ovenbird,0.8403,D:\Bird_Anuran_ARUs\IF06\SMM2-31_20260404_062702.wav
3246.0,3249.0,Seiurus aurocapilla,Ovenbird,0.5147,D:\Bird_Anuran_ARUs\IF06\SMM2-31_20260404_062702.wav
3246.0,3249.0,Pipilo erythrophthalmus,Eastern Towhee,0.3094,D:\Bird_Anuran_ARUs\IF06\SMM2-31_20260404_062702.wav
3249.0,3252.0,Setophaga pinus,Pine Warbler,0.6069,D:\Bird_Anuran_ARUs\IF06\SMM2-31_20260404_062702.wav
3249.0,3252.0,Pipilo erythrophthalmus,Eastern Towhee,0.5890,D:\Bird_Anuran_ARUs\IF06\SMM2-31_20260404_062702.wav
3258.0,3261.0,Pipilo erythrophthalmus,Eastern Towhee,0.9429,D:\Bird_Anuran_ARUs\IF06\SMM2-31_20260404_062702.wav
3261.0,3264.0,Seiurus aurocapilla,Ovenbird,0.9025,D:\Bird_Anuran_ARUs\IF06\SMM2-31_20260404_062702.wav
3264.0,3267.0,Pipilo erythrophthalmus,Eastern Towhee,0.5100,D:\Bird_Anuran_ARUs\IF06\SMM2-31_20260404_062702.wav
3267.0,3270.0,Pipilo erythrophthalmus,Eastern Towhee,0.9224,D:\Bird_Anuran_ARUs\IF06\SMM2-31_20260404_062702.wav
3267.0,3270.0,Setophaga pinus,Pine Warbler,0.3437,D:\Bird_Anuran_ARUs\IF06\SMM2-31_20260404_062702.wav
3273.0,3276.0,Pipilo erythrophthalmus,Eastern Towhee,0.7643,D:\Bird_Anuran_ARUs\IF06\SMM2-31_20260404_062702.wav
3276.0,3279.0,Pipilo erythrophthalmus,Eastern Towhee,0.3454,D:\Bird_Anuran_ARUs\IF06\SMM2-31_20260404_062702.wav
3276.0,3279.0,Setophaga pinus,Pine Warbler,0.3100,D:\Bird_Anuran_ARUs\IF06\SMM2-31_20260404_062702.wav
3279.0,3282.0,Setophaga citrina,Hooded Warbler,0.3206,D:\Bird_Anuran_ARUs\IF06\SMM2-31_20260404_062702.wav
3282.0,3285.0,Pipilo erythrophthalmus,Eastern Towhee,0.9297,D:\Bird_Anuran_ARUs\IF06\SMM2-31_20260404_062702.wav
3282.0,3285.0,Seiurus aurocapilla,Ovenbird,0.3024,D:\Bird_Anuran_ARUs\IF06\SMM2-31_20260404_062702.wav
3285.0,3288.0,Parkesia motacilla,Louisiana Waterthrush,0.4855,D:\Bird_Anuran_ARUs\IF06\SMM2-31_20260404_062702.wav
3285.0,3288.0,Seiurus aurocapilla,Ovenbird,0.4045,D:\Bird_Anuran_ARUs\IF06\SMM2-31_20260404_062702.wav
3285.0,3288.0,Setophaga citrina,Hooded Warbler,0.3717,D:\Bird_Anuran_ARUs\IF06\SMM2-31_20260404_062702.wav
3288.0,3291.0,Pipilo erythrophthalmus,Eastern Towhee,0.3845,D:\Bird_Anuran_ARUs\IF06\SMM2-31_20260404_062702.wav
3291.0,3294.0,Pipilo erythrophthalmus,Eastern Towhee,0.8205,D:\Bird_Anuran_ARUs\IF06\SMM2-31_20260404_062702.wav
3294.0,3297.0,Setophaga citrina,Hooded Warbler,0.2992,D:\Bird_Anuran_ARUs\IF06\SMM2-31_20260404_062702.wav
3297.0,3300.0,Pipilo erythrophthalmus,Eastern Towhee,0.9166,D:\Bird_Anuran_ARUs\IF06\SMM2-31_20260404_062702.wav
3300.0,3303.0,Pipilo erythrophthalmus,Eastern Towhee,0.4446,D:\Bird_Anuran_ARUs\IF06\SMM2-31_20260404_062702.wav
3303.0,3306.0,Seiurus aurocapilla,Ovenbird,0.8034,D:\Bird_Anuran_ARUs\IF06\SMM2-31_20260404_062702.wav
3306.0,3309.0,Pipilo erythrophthalmus,Eastern Towhee,0.5830,D:\Bird_Anuran_ARUs\IF06\SMM2-31_20260404_062702.wav
3309.0,3312.0,Pipilo erythrophthalmus,Eastern Towhee,0.9521,D:\Bird_Anuran_ARUs\IF06\SMM2-31_20260404_062702.wav
3312.0,3315.0,Pipilo erythrophthalmus,Eastern Towhee,0.5491,D:\Bird_Anuran_ARUs\IF06\SMM2-31_20260404_062702.wav
3315.0,3318.0,Pipilo erythrophthalmus,Eastern Towhee,0.6314,D:\Bird_Anuran_ARUs\IF06\SMM2-31_20260404_062702.wav
3318.0,3321.0,Pipilo erythrophthalmus,Eastern Towhee,0.9485,D:\Bird_Anuran_ARUs\IF06\SMM2-31_20260404_062702.wav
3321.0,3324.0,Pipilo erythrophthalmus,Eastern Towhee,0.8075,D:\Bird_Anuran_ARUs\IF06\SMM2-31_20260404_062702.wav
3321.0,3324.0,Seiurus aurocapilla,Ovenbird,0.4816,D:\Bird_Anuran_ARUs\IF06\SMM2-31_20260404_062702.wav
3327.0,3330.0,Pipilo erythrophthalmus,Eastern Towhee,0.8581,D:\Bird_Anuran_ARUs\IF06\SMM2-31_20260404_062702.wav
3336.0,3339.0,Pipilo erythrophthalmus,Eastern Towhee,0.4321,D:\Bird_Anuran_ARUs\IF06\SMM2-31_20260404_062702.wav
3339.0,3342.0,Seiurus aurocapilla,Ovenbird,0.2934,D:\Bird_Anuran_ARUs\IF06\SMM2-31_20260404_062702.wav
3342.0,3345.0,Pipilo erythrophthalmus,Eastern Towhee,0.8605,D:\Bird_Anuran_ARUs\IF06\SMM2-31_20260404_062702.wav
3348.0,3351.0,Pipilo erythrophthalmus,Eastern Towhee,0.9208,D:\Bird_Anuran_ARUs\IF06\SMM2-31_20260404_062702.wav
3357.0,3360.0,Pipilo erythrophthalmus,Eastern Towhee,0.4532,D:\Bird_Anuran_ARUs\IF06\SMM2-31_20260404_062702.wav
3357.0,3360.0,Seiurus aurocapilla,Ovenbird,0.2671,D:\Bird_Anuran_ARUs\IF06\SMM2-31_20260404_062702.wav
3360.0,3363.0,Seiurus aurocapilla,Ovenbird,0.7571,D:\Bird_Anuran_ARUs\IF06\SMM2-31_20260404_062702.wav
3363.0,3366.0,Pipilo erythrophthalmus,Eastern Towhee,0.9305,D:\Bird_Anuran_ARUs\IF06\SMM2-31_20260404_062702.wav
3369.0,3372.0,Pipilo erythrophthalmus,Eastern Towhee,0.7799,D:\Bird_Anuran_ARUs\IF06\SMM2-31_20260404_062702.wav
3381.0,3384.0,Seiurus aurocapilla,Ovenbird,0.4235,D:\Bird_Anuran_ARUs\IF06\SMM2-31_20260404_062702.wav
3387.0,3390.0,Setophaga citrina,Hooded Warbler,0.4055,D:\Bird_Anuran_ARUs\IF06\SMM2-31_20260404_062702.wav
3390.0,3393.0,Pipilo erythrophthalmus,Eastern Towhee,0.8687,D:\Bird_Anuran_ARUs\IF06\SMM2-31_20260404_062702.wav
3396.0,3399.0,Pipilo erythrophthalmus,Eastern Towhee,0.9583,D:\Bird_Anuran_ARUs\IF06\SMM2-31_20260404_062702.wav
3399.0,3402.0,Seiurus aurocapilla,Ovenbird,0.6774,D:\Bird_Anuran_ARUs\IF06\SMM2-31_20260404_062702.wav
3405.0,3408.0,Pipilo erythrophthalmus,Eastern Towhee,0.7797,D:\Bird_Anuran_ARUs\IF06\SMM2-31_20260404_062702.wav
3411.0,3414.0,Pipilo erythrophthalmus,Eastern Towhee,0.8131,D:\Bird_Anuran_ARUs\IF06\SMM2-31_20260404_062702.wav
3414.0,3417.0,Pipilo erythrophthalmus,Eastern Towhee,0.6571,D:\Bird_Anuran_ARUs\IF06\SMM2-31_20260404_062702.wav
3414.0,3417.0,Setophaga pinus,Pine Warbler,0.4486,D:\Bird_Anuran_ARUs\IF06\SMM2-31_20260404_062702.wav
3417.0,3420.0,Pipilo erythrophthalmus,Eastern Towhee,0.3614,D:\Bird_Anuran_ARUs\IF06\SMM2-31_20260404_062702.wav
3420.0,3423.0,Seiurus aurocapilla,Ovenbird,0.7792,D:\Bird_Anuran_ARUs\IF06\SMM2-31_20260404_062702.wav
3423.0,3426.0,Pipilo erythrophthalmus,Eastern Towhee,0.2830,D:\Bird_Anuran_ARUs\IF06\SMM2-31_20260404_062702.wav
3435.0,3438.0,Pipilo erythrophthalmus,Eastern Towhee,0.8587,D:\Bird_Anuran_ARUs\IF06\SMM2-31_20260404_062702.wav
3438.0,3441.0,Seiurus aurocapilla,Ovenbird,0.6804,D:\Bird_Anuran_ARUs\IF06\SMM2-31_20260404_062702.wav
3441.0,3444.0,Seiurus aurocapilla,Ovenbird,0.5083,D:\Bird_Anuran_ARUs\IF06\SMM2-31_20260404_062702.wav
3447.0,3450.0,Pipilo erythrophthalmus,Eastern Towhee,0.6680,D:\Bird_Anuran_ARUs\IF06\SMM2-31_20260404_062702.wav
3453.0,3456.0,Pipilo erythrophthalmus,Eastern Towhee,0.9536,D:\Bird_Anuran_ARUs\IF06\SMM2-31_20260404_062702.wav
3456.0,3459.0,Seiurus aurocapilla,Ovenbird,0.3330,D:\Bird_Anuran_ARUs\IF06\SMM2-31_20260404_062702.wav
3459.0,3462.0,Seiurus aurocapilla,Ovenbird,0.3589,D:\Bird_Anuran_ARUs\IF06\SMM2-31_20260404_062702.wav
3462.0,3465.0,Pipilo erythrophthalmus,Eastern Towhee,0.8625,D:\Bird_Anuran_ARUs\IF06\SMM2-31_20260404_062702.wav
3465.0,3468.0,Seiurus aurocapilla,Ovenbird,0.7618,D:\Bird_Anuran_ARUs\IF06\SMM2-31_20260404_062702.wav
3468.0,3471.0,Pipilo erythrophthalmus,Eastern Towhee,0.6605,D:\Bird_Anuran_ARUs\IF06\SMM2-31_20260404_062702.wav
3471.0,3474.0,Setophaga pinus,Pine Warbler,0.3745,D:\Bird_Anuran_ARUs\IF06\SMM2-31_20260404_062702.wav
3471.0,3474.0,Pipilo erythrophthalmus,Eastern Towhee,0.3425,D:\Bird_Anuran_ARUs\IF06\SMM2-31_20260404_062702.wav
3474.0,3477.0,Setophaga citrina,Hooded Warbler,0.3448,D:\Bird_Anuran_ARUs\IF06\SMM2-31_20260404_062702.wav
3477.0,3480.0,Pipilo erythrophthalmus,Eastern Towhee,0.7255,D:\Bird_Anuran_ARUs\IF06\SMM2-31_20260404_062702.wav
3477.0,3480.0,Seiurus aurocapilla,Ovenbird,0.3463,D:\Bird_Anuran_ARUs\IF06\SMM2-31_20260404_062702.wav
3480.0,3483.0,Pipilo erythrophthalmus,Eastern Towhee,0.9872,D:\Bird_Anuran_ARUs\IF06\SMM2-31_20260404_062702.wav
3483.0,3486.0,Pipilo erythrophthalmus,Eastern Towhee,0.3445,D:\Bird_Anuran_ARUs\IF06\SMM2-31_20260404_062702.wav
3486.0,3489.0,Pipilo erythrophthalmus,Eastern Towhee,0.7866,D:\Bird_Anuran_ARUs\IF06\SMM2-31_20260404_062702.wav
3489.0,3492.0,Pipilo erythrophthalmus,Eastern Towhee,0.9095,D:\Bird_Anuran_ARUs\IF06\SMM2-31_20260404_062702.wav
3495.0,3498.0,Pipilo erythrophthalmus,Eastern Towhee,0.6009,D:\Bird_Anuran_ARUs\IF06\SMM2-31_20260404_062702.wav
3498.0,3501.0,Seiurus aurocapilla,Ovenbird,0.4449,D:\Bird_Anuran_ARUs\IF06\SMM2-31_20260404_062702.wav
3501.0,3504.0,Pipilo erythrophthalmus,Eastern Towhee,0.9112,D:\Bird_Anuran_ARUs\IF06\SMM2-31_20260404_062702.wav
3504.0,3507.0,Pipilo erythrophthalmus,Eastern Towhee,0.7008,D:\Bird_Anuran_ARUs\IF06\SMM2-31_20260404_062702.wav
3507.0,3510.0,Pipilo erythrophthalmus,Eastern Towhee,0.8908,D:\Bird_Anuran_ARUs\IF06\SMM2-31_20260404_062702.wav
3510.0,3513.0,Pipilo erythrophthalmus,Eastern Towhee,0.8875,D:\Bird_Anuran_ARUs\IF06\SMM2-31_20260404_062702.wav
3513.0,3516.0,Pipilo erythrophthalmus,Eastern Towhee,0.2892,D:\Bird_Anuran_ARUs\IF06\SMM2-31_20260404_062702.wav
3516.0,3519.0,Pipilo erythrophthalmus,Eastern Towhee,0.9605,D:\Bird_Anuran_ARUs\IF06\SMM2-31_20260404_062702.wav
3519.0,3522.0,Seiurus aurocapilla,Ovenbird,0.8744,D:\Bird_Anuran_ARUs\IF06\SMM2-31_20260404_062702.wav
3525.0,3528.0,Pipilo erythrophthalmus,Eastern Towhee,0.8620,D:\Bird_Anuran_ARUs\IF06\SMM2-31_20260404_062702.wav
3534.0,3537.0,Pipilo erythrophthalmus,Eastern Towhee,0.4048,D:\Bird_Anuran_ARUs\IF06\SMM2-31_20260404_062702.wav
3537.0,3540.0,Pipilo erythrophthalmus,Eastern Towhee,0.8017,D:\Bird_Anuran_ARUs\IF06\SMM2-31_20260404_062702.wav
3540.0,3543.0,Seiurus aurocapilla,Ovenbird,0.4283,D:\Bird_Anuran_ARUs\IF06\SMM2-31_20260404_062702.wav
3540.0,3543.0,Pipilo erythrophthalmus,Eastern Towhee,0.3488,D:\Bird_Anuran_ARUs\IF06\SMM2-31_20260404_062702.wav
3543.0,3546.0,Pipilo erythrophthalmus,Eastern Towhee,0.5454,D:\Bird_Anuran_ARUs\IF06\SMM2-31_20260404_062702.wav
3546.0,3549.0,Pipilo erythrophthalmus,Eastern Towhee,0.4874,D:\Bird_Anuran_ARUs\IF06\SMM2-31_20260404_062702.wav
3549.0,3552.0,Pipilo erythrophthalmus,Eastern Towhee,0.4839,D:\Bird_Anuran_ARUs\IF06\SMM2-31_20260404_062702.wav
3552.0,3555.0,Pipilo erythrophthalmus,Eastern Towhee,0.4444,D:\Bird_Anuran_ARUs\IF06\SMM2-31_20260404_062702.wav
3555.0,3558.0,Pipilo erythrophthalmus,Eastern Towhee,0.4610,D:\Bird_Anuran_ARUs\IF06\SMM2-31_20260404_062702.wav
3561.0,3564.0,Seiurus aurocapilla,Ovenbird,0.4772,D:\Bird_Anuran_ARUs\IF06\SMM2-31_20260404_062702.wav
3561.0,3564.0,Pipilo erythrophthalmus,Eastern Towhee,0.2608,D:\Bird_Anuran_ARUs\IF06\SMM2-31_20260404_062702.wav
3564.0,3567.0,Seiurus aurocapilla,Ovenbird,0.2583,D:\Bird_Anuran_ARUs\IF06\SMM2-31_20260404_062702.wav
3567.0,3570.0,Pipilo erythrophthalmus,Eastern Towhee,0.4587,D:\Bird_Anuran_ARUs\IF06\SMM2-31_20260404_062702.wav
3570.0,3573.0,Pipilo erythrophthalmus,Eastern Towhee,0.3911,D:\Bird_Anuran_ARUs\IF06\SMM2-31_20260404_062702.wav
3573.0,3576.0,Pipilo erythrophthalmus,Eastern Towhee,0.5566,D:\Bird_Anuran_ARUs\IF06\SMM2-31_20260404_062702.wav
3582.0,3585.0,Seiurus aurocapilla,Ovenbird,0.3723,D:\Bird_Anuran_ARUs\IF06\SMM2-31_20260404_062702.wav
3582.0,3585.0,Pipilo erythrophthalmus,Eastern Towhee,0.3058,D:\Bird_Anuran_ARUs\IF06\SMM2-31_20260404_062702.wav
3585.0,3588.0,Pipilo erythrophthalmus,Eastern Towhee,0.4191,D:\Bird_Anuran_ARUs\IF06\SMM2-31_20260404_062702.wav
3588.0,3591.0,Pipilo erythrophthalmus,Eastern Towhee,0.5373,D:\Bird_Anuran_ARUs\IF06\SMM2-31_20260404_062702.wav
3591.0,3594.0,Pipilo erythrophthalmus,Eastern Towhee,0.2818,D:\Bird_Anuran_ARUs\IF06\SMM2-31_20260404_062702.wav
