Start (s),End (s),Scientific name,Common name,Confidence,File
0.0,3.0,Setophaga citrina,Hooded Warbler,0.6912,D:\Bird_Anuran_ARUs\IF06\SMM2-31_20260421_060402.wav
0.0,3.0,Corvus brachyrhynchos,American Crow,0.6880,D:\Bird_Anuran_ARUs\IF06\SMM2-31_20260421_060402.wav
3.0,6.0,Corvus brachyrhynchos,American Crow,0.7970,D:\Bird_Anuran_ARUs\IF06\SMM2-31_20260421_060402.wav
3.0,6.0,Pipilo erythrophthalmus,Eastern Towhee,0.3280,D:\Bird_Anuran_ARUs\IF06\SMM2-31_20260421_060402.wav
3.0,6.0,Setophaga citrina,Hooded Warbler,0.2697,D:\Bird_Anuran_ARUs\IF06\SMM2-31_20260421_060402.wav
6.0,9.0,Corvus brachyrhynchos,American Crow,0.8816,D:\Bird_Anuran_ARUs\IF06\SMM2-31_20260421_060402.wav
6.0,9.0,Pipilo erythrophthalmus,Eastern Towhee,0.6592,D:\Bird_Anuran_ARUs\IF06\SMM2-31_20260421_060402.wav
9.0,12.0,Seiurus aurocapilla,Ovenbird,0.9881,D:\Bird_Anuran_ARUs\IF06\SMM2-31_20260421_060402.wav
9.0,12.0,Corvus brachyrhynchos,American Crow,0.7676,D:\Bird_Anuran_ARUs\IF06\SMM2-31_20260421_060402.wav
12.0,15.0,Pipilo erythrophthalmus,Eastern Towhee,0.4469,D:\Bird_Anuran_ARUs\IF06\SMM2-31_20260421_060402.wav
12.0,15.0,Seiurus aurocapilla,Ovenbird,0.3236,D:\Bird_Anuran_ARUs\IF06\SMM2-31_20260421_060402.wav
15.0,18.0,Geothlypis trichas,Common Yellowthroat,0.2530,D:\Bird_Anuran_ARUs\IF06\SMM2-31_20260421_060402.wav
24.0,27.0,Pipilo erythrophthalmus,Eastern Towhee,0.2919,D:\Bird_Anuran_ARUs\IF06\SMM2-31_20260421_060402.wav
33.0,36.0,Pipilo erythrophthalmus,Eastern Towhee,0.9191,D:\Bird_Anuran_ARUs\IF06\SMM2-31_20260421_060402.wav
33.0,36.0,Corvus brachyrhynchos,American Crow,0.7233,D:\Bird_Anuran_ARUs\IF06\SMM2-31_20260421_060402.wav
33.0,36.0,Molothrus ater,Brown-headed Cowbird,0.7177,D:\Bird_Anuran_ARUs\IF06\SMM2-31_20260421_060402.wav
36.0,39.0,Seiurus aurocapilla,Ovenbird,0.9397,D:\Bird_Anuran_ARUs\IF06\SMM2-31_20260421_060402.wav
39.0,42.0,Seiurus aurocapilla,Ovenbird,0.9593,D:\Bird_Anuran_ARUs\IF06\SMM2-31_20260421_060402.wav
39.0,42.0,Corvus brachyrhynchos,American Crow,0.9015,D:\Bird_Anuran_ARUs\IF06\SMM2-31_20260421_060402.wav
42.0,45.0,Corvus brachyrhynchos,American Crow,0.8230,D:\Bird_Anuran_ARUs\IF06\SMM2-31_20260421_060402.wav
42.0,45.0,Pipilo erythrophthalmus,Eastern Towhee,0.4765,D:\Bird_Anuran_ARUs\IF06\SMM2-31_20260421_060402.wav
42.0,45.0,Cardinalis cardinalis,Northern Cardinal,0.2748,D:\Bird_Anuran_ARUs\IF06\SMM2-31_20260421_060402.wav
45.0,48.0,Corvus brachyrhynchos,American Crow,0.8857,D:\Bird_Anuran_ARUs\IF06\SMM2-31_20260421_060402.wav
45.0,48.0,Pipilo erythrophthalmus,Eastern Towhee,0.7784,D:\Bird_Anuran_ARUs\IF06\SMM2-31_20260421_060402.wav
48.0,51.0,Corvus brachyrhynchos,American Crow,0.5327,D:\Bird_Anuran_ARUs\IF06\SMM2-31_20260421_060402.wav
51.0,54.0,Corvus brachyrhynchos,American Crow,0.9166,D:\Bird_Anuran_ARUs\IF06\SMM2-31_20260421_060402.wav
51.0,54.0,Setophaga citrina,Hooded Warbler,0.7491,D:\Bird_Anuran_ARUs\IF06\SMM2-31_20260421_060402.wav
54.0,57.0,Corvus brachyrhynchos,American Crow,0.3349,D:\Bird_Anuran_ARUs\IF06\SMM2-31_20260421_060402.wav
57.0,60.0,Corvus brachyrhynchos,American Crow,0.6943,D:\Bird_Anuran_ARUs\IF06\SMM2-31_20260421_060402.wav
57.0,60.0,Seiurus aurocapilla,Ovenbird,0.5127,D:\Bird_Anuran_ARUs\IF06\SMM2-31_20260421_060402.wav
57.0,60.0,Pipilo erythrophthalmus,Eastern Towhee,0.4959,D:\Bird_Anuran_ARUs\IF06\SMM2-31_20260421_060402.wav
60.0,63.0,Seiurus aurocapilla,Ovenbird,0.9924,D:\Bird_Anuran_ARUs\IF06\SMM2-31_20260421_060402.wav
60.0,63.0,Corvus brachyrhynchos,American Crow,0.6437,D:\Bird_Anuran_ARUs\IF06\SMM2-31_20260421_060402.wav
63.0,66.0,Setophaga citrina,Hooded Warbler,0.8357,D:\Bird_Anuran_ARUs\IF06\SMM2-31_20260421_060402.wav
63.0,66.0,Corvus brachyrhynchos,American Crow,0.4219,D:\Bird_Anuran_ARUs\IF06\SMM2-31_20260421_060402.wav
66.0,69.0,Corvus brachyrhynchos,American Crow,0.9443,D:\Bird_Anuran_ARUs\IF06\SMM2-31_20260421_060402.wav
66.0,69.0,Pipilo erythrophthalmus,Eastern Towhee,0.4157,D:\Bird_Anuran_ARUs\IF06\SMM2-31_20260421_060402.wav
72.0,75.0,Pipilo erythrophthalmus,Eastern Towhee,0.9313,D:\Bird_Anuran_ARUs\IF06\SMM2-31_20260421_060402.wav
72.0,75.0,Corvus brachyrhynchos,American Crow,0.9107,D:\Bird_Anuran_ARUs\IF06\SMM2-31_20260421_060402.wav
75.0,78.0,Pipilo erythrophthalmus,Eastern Towhee,0.9204,D:\Bird_Anuran_ARUs\IF06\SMM2-31_20260421_060402.wav
75.0,78.0,Corvus brachyrhynchos,American Crow,0.4985,D:\Bird_Anuran_ARUs\IF06\SMM2-31_20260421_060402.wav
78.0,81.0,Setophaga citrina,Hooded Warbler,0.3035,D:\Bird_Anuran_ARUs\IF06\SMM2-31_20260421_060402.wav
81.0,84.0,Seiurus aurocapilla,Ovenbird,0.8624,D:\Bird_Anuran_ARUs\IF06\SMM2-31_20260421_060402.wav
84.0,87.0,Seiurus aurocapilla,Ovenbird,0.9949,D:\Bird_Anuran_ARUs\IF06\SMM2-31_20260421_060402.wav
87.0,90.0,Pipilo erythrophthalmus,Eastern Towhee,0.8686,D:\Bird_Anuran_ARUs\IF06\SMM2-31_20260421_060402.wav
87.0,90.0,Corvus brachyrhynchos,American Crow,0.6492,D:\Bird_Anuran_ARUs\IF06\SMM2-31_20260421_060402.wav
93.0,96.0,Corvus brachyrhynchos,American Crow,0.6017,D:\Bird_Anuran_ARUs\IF06\SMM2-31_20260421_060402.wav
93.0,96.0,Setophaga citrina,Hooded Warbler,0.5118,D:\Bird_Anuran_ARUs\IF06\SMM2-31_20260421_060402.wav
93.0,96.0,Pipilo erythrophthalmus,Eastern Towhee,0.4616,D:\Bird_Anuran_ARUs\IF06\SMM2-31_20260421_060402.wav
96.0,99.0,Pipilo erythrophthalmus,Eastern Towhee,0.9051,D:\Bird_Anuran_ARUs\IF06\SMM2-31_20260421_060402.wav
96.0,99.0,Corvus brachyrhynchos,American Crow,0.6529,D:\Bird_Anuran_ARUs\IF06\SMM2-31_20260421_060402.wav
99.0,102.0,Corvus brachyrhynchos,American Crow,0.8929,D:\Bird_Anuran_ARUs\IF06\SMM2-31_20260421_060402.wav
99.0,102.0,Seiurus aurocapilla,Ovenbird,0.3929,D:\Bird_Anuran_ARUs\IF06\SMM2-31_20260421_060402.wav
102.0,105.0,Seiurus aurocapilla,Ovenbird,0.8126,D:\Bird_Anuran_ARUs\IF06\SMM2-31_20260421_060402.wav
102.0,105.0,Corvus brachyrhynchos,American Crow,0.3812,D:\Bird_Anuran_ARUs\IF06\SMM2-31_20260421_060402.wav
105.0,108.0,Seiurus aurocapilla,Ovenbird,0.9383,D:\Bird_Anuran_ARUs\IF06\SMM2-31_20260421_060402.wav
105.0,108.0,Pipilo erythrophthalmus,Eastern Towhee,0.4384,D:\Bird_Anuran_ARUs\IF06\SMM2-31_20260421_060402.wav
105.0,108.0,Corvus brachyrhynchos,American Crow,0.3541,D:\Bird_Anuran_ARUs\IF06\SMM2-31_20260421_060402.wav
108.0,111.0,Pipilo erythrophthalmus,Eastern Towhee,0.9154,D:\Bird_Anuran_ARUs\IF06\SMM2-31_20260421_060402.wav
108.0,111.0,Corvus brachyrhynchos,American Crow,0.5595,D:\Bird_Anuran_ARUs\IF06\SMM2-31_20260421_060402.wav
114.0,117.0,Pipilo erythrophthalmus,Eastern Towhee,0.2888,D:\Bird_Anuran_ARUs\IF06\SMM2-31_20260421_060402.wav
117.0,120.0,Pipilo erythrophthalmus,Eastern Towhee,0.7570,D:\Bird_Anuran_ARUs\IF06\SMM2-31_20260421_060402.wav
123.0,126.0,Seiurus aurocapilla,Ovenbird,0.5909,D:\Bird_Anuran_ARUs\IF06\SMM2-31_20260421_060402.wav
126.0,129.0,Seiurus aurocapilla,Ovenbird,0.8772,D:\Bird_Anuran_ARUs\IF06\SMM2-31_20260421_060402.wav
129.0,132.0,Pipilo erythrophthalmus,Eastern Towhee,0.9642,D:\Bird_Anuran_ARUs\IF06\SMM2-31_20260421_060402.wav
129.0,132.0,Corvus brachyrhynchos,American Crow,0.8702,D:\Bird_Anuran_ARUs\IF06\SMM2-31_20260421_060402.wav
129.0,132.0,Setophaga citrina,Hooded Warbler,0.3789,D:\Bird_Anuran_ARUs\IF06\SMM2-31_20260421_060402.wav
132.0,135.0,Corvus brachyrhynchos,American Crow,0.7484,D:\Bird_Anuran_ARUs\IF06\SMM2-31_20260421_060402.wav
138.0,141.0,Corvus brachyrhynchos,American Crow,0.2579,D:\Bird_Anuran_ARUs\IF06\SMM2-31_20260421_060402.wav
144.0,147.0,Corvus brachyrhynchos,American Crow,0.7452,D:\Bird_Anuran_ARUs\IF06\SMM2-31_20260421_060402.wav
144.0,147.0,Molothrus ater,Brown-headed Cowbird,0.3727,D:\Bird_Anuran_ARUs\IF06\SMM2-31_20260421_060402.wav
147.0,150.0,Corvus brachyrhynchos,American Crow,0.7953,D:\Bird_Anuran_ARUs\IF06\SMM2-31_20260421_060402.wav
147.0,150.0,Pipilo erythrophthalmus,Eastern Towhee,0.2794,D:\Bird_Anuran_ARUs\IF06\SMM2-31_20260421_060402.wav
150.0,153.0,Seiurus aurocapilla,Ovenbird,0.9871,D:\Bird_Anuran_ARUs\IF06\SMM2-31_20260421_060402.wav
150.0,153.0,Corvus brachyrhynchos,American Crow,0.4520,D:\Bird_Anuran_ARUs\IF06\SMM2-31_20260421_060402.wav
156.0,159.0,Setophaga citrina,Hooded Warbler,0.4436,D:\Bird_Anuran_ARUs\IF06\SMM2-31_20260421_060402.wav
156.0,159.0,Corvus brachyrhynchos,American Crow,0.3104,D:\Bird_Anuran_ARUs\IF06\SMM2-31_20260421_060402.wav
159.0,162.0,Corvus brachyrhynchos,American Crow,0.5466,D:\Bird_Anuran_ARUs\IF06\SMM2-31_20260421_060402.wav
162.0,165.0,Corvus brachyrhynchos,American Crow,0.4776,D:\Bird_Anuran_ARUs\IF06\SMM2-31_20260421_060402.wav
162.0,165.0,Molothrus ater,Brown-headed Cowbird,0.4390,D:\Bird_Anuran_ARUs\IF06\SMM2-31_20260421_060402.wav
165.0,168.0,Geothlypis trichas,Common Yellowthroat,0.4083,D:\Bird_Anuran_ARUs\IF06\SMM2-31_20260421_060402.wav
165.0,168.0,Corvus brachyrhynchos,American Crow,0.3583,D:\Bird_Anuran_ARUs\IF06\SMM2-31_20260421_060402.wav
168.0,171.0,Corvus brachyrhynchos,American Crow,0.8920,D:\Bird_Anuran_ARUs\IF06\SMM2-31_20260421_060402.wav
168.0,171.0,Setophaga citrina,Hooded Warbler,0.7672,D:\Bird_Anuran_ARUs\IF06\SMM2-31_20260421_060402.wav
168.0,171.0,Pipilo erythrophthalmus,Eastern Towhee,0.7549,D:\Bird_Anuran_ARUs\IF06\SMM2-31_20260421_060402.wav
171.0,174.0,Corvus brachyrhynchos,American Crow,0.9765,D:\Bird_Anuran_ARUs\IF06\SMM2-31_20260421_060402.wav
171.0,174.0,Setophaga citrina,Hooded Warbler,0.5959,D:\Bird_Anuran_ARUs\IF06\SMM2-31_20260421_060402.wav
171.0,174.0,Seiurus aurocapilla,Ovenbird,0.4119,D:\Bird_Anuran_ARUs\IF06\SMM2-31_20260421_060402.wav
171.0,174.0,Pipilo erythrophthalmus,Eastern Towhee,0.3056,D:\Bird_Anuran_ARUs\IF06\SMM2-31_20260421_060402.wav
174.0,177.0,Seiurus aurocapilla,Ovenbird,0.9728,D:\Bird_Anuran_ARUs\IF06\SMM2-31_20260421_060402.wav
174.0,177.0,Corvus brachyrhynchos,American Crow,0.7751,D:\Bird_Anuran_ARUs\IF06\SMM2-31_20260421_060402.wav
177.0,180.0,Corvus brachyrhynchos,American Crow,0.9422,D:\Bird_Anuran_ARUs\IF06\SMM2-31_20260421_060402.wav
177.0,180.0,Pipilo erythrophthalmus,Eastern Towhee,0.8250,D:\Bird_Anuran_ARUs\IF06\SMM2-31_20260421_060402.wav
177.0,180.0,Seiurus aurocapilla,Ovenbird,0.8212,D:\Bird_Anuran_ARUs\IF06\SMM2-31_20260421_060402.wav
180.0,183.0,Corvus brachyrhynchos,American Crow,0.9805,D:\Bird_Anuran_ARUs\IF06\SMM2-31_20260421_060402.wav
180.0,183.0,Pipilo erythrophthalmus,Eastern Towhee,0.2860,D:\Bird_Anuran_ARUs\IF06\SMM2-31_20260421_060402.wav
183.0,186.0,Pipilo erythrophthalmus,Eastern Towhee,0.8306,D:\Bird_Anuran_ARUs\IF06\SMM2-31_20260421_060402.wav
186.0,189.0,Setophaga citrina,Hooded Warbler,0.8566,D:\Bird_Anuran_ARUs\IF06\SMM2-31_20260421_060402.wav
186.0,189.0,Corvus brachyrhynchos,American Crow,0.4059,D:\Bird_Anuran_ARUs\IF06\SMM2-31_20260421_060402.wav
189.0,192.0,Geothlypis trichas,Common Yellowthroat,0.2862,D:\Bird_Anuran_ARUs\IF06\SMM2-31_20260421_060402.wav
192.0,195.0,Pipilo erythrophthalmus,Eastern Towhee,0.3101,D:\Bird_Anuran_ARUs\IF06\SMM2-31_20260421_060402.wav
195.0,198.0,Seiurus aurocapilla,Ovenbird,0.8868,D:\Bird_Anuran_ARUs\IF06\SMM2-31_20260421_060402.wav
195.0,198.0,Pipilo erythrophthalmus,Eastern Towhee,0.8270,D:\Bird_Anuran_ARUs\IF06\SMM2-31_20260421_060402.wav
198.0,201.0,Seiurus aurocapilla,Ovenbird,0.8592,D:\Bird_Anuran_ARUs\IF06\SMM2-31_20260421_060402.wav
198.0,201.0,Pipilo erythrophthalmus,Eastern Towhee,0.3370,D:\Bird_Anuran_ARUs\IF06\SMM2-31_20260421_060402.wav
201.0,204.0,Corvus brachyrhynchos,American Crow,0.3618,D:\Bird_Anuran_ARUs\IF06\SMM2-31_20260421_060402.wav
204.0,207.0,Corvus brachyrhynchos,American Crow,0.9294,D:\Bird_Anuran_ARUs\IF06\SMM2-31_20260421_060402.wav
204.0,207.0,Pipilo erythrophthalmus,Eastern Towhee,0.8956,D:\Bird_Anuran_ARUs\IF06\SMM2-31_20260421_060402.wav
207.0,210.0,Pipilo erythrophthalmus,Eastern Towhee,0.8875,D:\Bird_Anuran_ARUs\IF06\SMM2-31_20260421_060402.wav
207.0,210.0,Corvus brachyrhynchos,American Crow,0.8555,D:\Bird_Anuran_ARUs\IF06\SMM2-31_20260421_060402.wav
210.0,213.0,Pipilo erythrophthalmus,Eastern Towhee,0.8327,D:\Bird_Anuran_ARUs\IF06\SMM2-31_20260421_060402.wav
210.0,213.0,Corvus brachyrhynchos,American Crow,0.7468,D:\Bird_Anuran_ARUs\IF06\SMM2-31_20260421_060402.wav
213.0,216.0,Corvus brachyrhynchos,American Crow,0.2814,D:\Bird_Anuran_ARUs\IF06\SMM2-31_20260421_060402.wav
213.0,216.0,Geothlypis trichas,Common Yellowthroat,0.2705,D:\Bird_Anuran_ARUs\IF06\SMM2-31_20260421_060402.wav
216.0,219.0,Corvus brachyrhynchos,American Crow,0.7818,D:\Bird_Anuran_ARUs\IF06\SMM2-31_20260421_060402.wav
216.0,219.0,Setophaga citrina,Hooded Warbler,0.3350,D:\Bird_Anuran_ARUs\IF06\SMM2-31_20260421_060402.wav
219.0,222.0,Seiurus aurocapilla,Ovenbird,0.9581,D:\Bird_Anuran_ARUs\IF06\SMM2-31_20260421_060402.wav
219.0,222.0,Corvus brachyrhynchos,American Crow,0.8014,D:\Bird_Anuran_ARUs\IF06\SMM2-31_20260421_060402.wav
219.0,222.0,Pipilo erythrophthalmus,Eastern Towhee,0.6593,D:\Bird_Anuran_ARUs\IF06\SMM2-31_20260421_060402.wav
222.0,225.0,Seiurus aurocapilla,Ovenbird,0.9603,D:\Bird_Anuran_ARUs\IF06\SMM2-31_20260421_060402.wav
222.0,225.0,Corvus brachyrhynchos,American Crow,0.2618,D:\Bird_Anuran_ARUs\IF06\SMM2-31_20260421_060402.wav
225.0,228.0,Corvus brachyrhynchos,American Crow,0.3469,D:\Bird_Anuran_ARUs\IF06\SMM2-31_20260421_060402.wav
228.0,231.0,Corvus brachyrhynchos,American Crow,0.6105,D:\Bird_Anuran_ARUs\IF06\SMM2-31_20260421_060402.wav
228.0,231.0,Setophaga citrina,Hooded Warbler,0.3957,D:\Bird_Anuran_ARUs\IF06\SMM2-31_20260421_060402.wav
228.0,231.0,Pipilo erythrophthalmus,Eastern Towhee,0.3196,D:\Bird_Anuran_ARUs\IF06\SMM2-31_20260421_060402.wav
231.0,234.0,Corvus brachyrhynchos,American Crow,0.9305,D:\Bird_Anuran_ARUs\IF06\SMM2-31_20260421_060402.wav
231.0,234.0,Setophaga citrina,Hooded Warbler,0.7999,D:\Bird_Anuran_ARUs\IF06\SMM2-31_20260421_060402.wav
231.0,234.0,Cardinalis cardinalis,Northern Cardinal,0.2731,D:\Bird_Anuran_ARUs\IF06\SMM2-31_20260421_060402.wav
234.0,237.0,Pipilo erythrophthalmus,Eastern Towhee,0.3620,D:\Bird_Anuran_ARUs\IF06\SMM2-31_20260421_060402.wav
237.0,240.0,Seiurus aurocapilla,Ovenbird,0.9452,D:\Bird_Anuran_ARUs\IF06\SMM2-31_20260421_060402.wav
237.0,240.0,Corvus brachyrhynchos,American Crow,0.8280,D:\Bird_Anuran_ARUs\IF06\SMM2-31_20260421_060402.wav
240.0,243.0,Seiurus aurocapilla,Ovenbird,0.9923,D:\Bird_Anuran_ARUs\IF06\SMM2-31_20260421_060402.wav
240.0,243.0,Cardinalis cardinalis,Northern Cardinal,0.6812,D:\Bird_Anuran_ARUs\IF06\SMM2-31_20260421_060402.wav
240.0,243.0,Corvus brachyrhynchos,American Crow,0.5497,D:\Bird_Anuran_ARUs\IF06\SMM2-31_20260421_060402.wav
243.0,246.0,Seiurus aurocapilla,Ovenbird,0.8858,D:\Bird_Anuran_ARUs\IF06\SMM2-31_20260421_060402.wav
243.0,246.0,Corvus brachyrhynchos,American Crow,0.7281,D:\Bird_Anuran_ARUs\IF06\SMM2-31_20260421_060402.wav
243.0,246.0,Pipilo erythrophthalmus,Eastern Towhee,0.3171,D:\Bird_Anuran_ARUs\IF06\SMM2-31_20260421_060402.wav
246.0,249.0,Corvus brachyrhynchos,American Crow,0.8814,D:\Bird_Anuran_ARUs\IF06\SMM2-31_20260421_060402.wav
246.0,249.0,Setophaga citrina,Hooded Warbler,0.3694,D:\Bird_Anuran_ARUs\IF06\SMM2-31_20260421_060402.wav
246.0,249.0,Pipilo erythrophthalmus,Eastern Towhee,0.3610,D:\Bird_Anuran_ARUs\IF06\SMM2-31_20260421_060402.wav
246.0,249.0,Geothlypis trichas,Common Yellowthroat,0.3468,D:\Bird_Anuran_ARUs\IF06\SMM2-31_20260421_060402.wav
249.0,252.0,Corvus brachyrhynchos,American Crow,0.8005,D:\Bird_Anuran_ARUs\IF06\SMM2-31_20260421_060402.wav
249.0,252.0,Cardinalis cardinalis,Northern Cardinal,0.6847,D:\Bird_Anuran_ARUs\IF06\SMM2-31_20260421_060402.wav
249.0,252.0,Pipilo erythrophthalmus,Eastern Towhee,0.3815,D:\Bird_Anuran_ARUs\IF06\SMM2-31_20260421_060402.wav
252.0,255.0,Corvus brachyrhynchos,American Crow,0.9780,D:\Bird_Anuran_ARUs\IF06\SMM2-31_20260421_060402.wav
252.0,255.0,Pipilo erythrophthalmus,Eastern Towhee,0.8439,D:\Bird_Anuran_ARUs\IF06\SMM2-31_20260421_060402.wav
252.0,255.0,Cardinalis cardinalis,Northern Cardinal,0.3933,D:\Bird_Anuran_ARUs\IF06\SMM2-31_20260421_060402.wav
255.0,258.0,Cardinalis cardinalis,Northern Cardinal,0.6499,D:\Bird_Anuran_ARUs\IF06\SMM2-31_20260421_060402.wav
255.0,258.0,Seiurus aurocapilla,Ovenbird,0.4784,D:\Bird_Anuran_ARUs\IF06\SMM2-31_20260421_060402.wav
255.0,258.0,Corvus brachyrhynchos,American Crow,0.4309,D:\Bird_Anuran_ARUs\IF06\SMM2-31_20260421_060402.wav
258.0,261.0,Corvus brachyrhynchos,American Crow,0.2714,D:\Bird_Anuran_ARUs\IF06\SMM2-31_20260421_060402.wav
261.0,264.0,Seiurus aurocapilla,Ovenbird,0.9725,D:\Bird_Anuran_ARUs\IF06\SMM2-31_20260421_060402.wav
261.0,264.0,Corvus brachyrhynchos,American Crow,0.8983,D:\Bird_Anuran_ARUs\IF06\SMM2-31_20260421_060402.wav
264.0,267.0,Corvus brachyrhynchos,American Crow,0.9696,D:\Bird_Anuran_ARUs\IF06\SMM2-31_20260421_060402.wav
264.0,267.0,Pipilo erythrophthalmus,Eastern Towhee,0.7674,D:\Bird_Anuran_ARUs\IF06\SMM2-31_20260421_060402.wav
267.0,270.0,Seiurus aurocapilla,Ovenbird,0.9392,D:\Bird_Anuran_ARUs\IF06\SMM2-31_20260421_060402.wav
267.0,270.0,Corvus brachyrhynchos,American Crow,0.8883,D:\Bird_Anuran_ARUs\IF06\SMM2-31_20260421_060402.wav
267.0,270.0,Pipilo erythrophthalmus,Eastern Towhee,0.3420,D:\Bird_Anuran_ARUs\IF06\SMM2-31_20260421_060402.wav
267.0,270.0,Baeolophus bicolor,Tufted Titmouse,0.3277,D:\Bird_Anuran_ARUs\IF06\SMM2-31_20260421_060402.wav
270.0,273.0,Corvus brachyrhynchos,American Crow,0.5919,D:\Bird_Anuran_ARUs\IF06\SMM2-31_20260421_060402.wav
270.0,273.0,Geothlypis trichas,Common Yellowthroat,0.3513,D:\Bird_Anuran_ARUs\IF06\SMM2-31_20260421_060402.wav
273.0,276.0,Corvus brachyrhynchos,American Crow,0.8327,D:\Bird_Anuran_ARUs\IF06\SMM2-31_20260421_060402.wav
273.0,276.0,Pipilo erythrophthalmus,Eastern Towhee,0.5028,D:\Bird_Anuran_ARUs\IF06\SMM2-31_20260421_060402.wav
276.0,279.0,Corvus brachyrhynchos,American Crow,0.4317,D:\Bird_Anuran_ARUs\IF06\SMM2-31_20260421_060402.wav
276.0,279.0,Molothrus ater,Brown-headed Cowbird,0.2617,D:\Bird_Anuran_ARUs\IF06\SMM2-31_20260421_060402.wav
279.0,282.0,Corvus brachyrhynchos,American Crow,0.6028,D:\Bird_Anuran_ARUs\IF06\SMM2-31_20260421_060402.wav
279.0,282.0,Seiurus aurocapilla,Ovenbird,0.5742,D:\Bird_Anuran_ARUs\IF06\SMM2-31_20260421_060402.wav
282.0,285.0,Corvus brachyrhynchos,American Crow,0.3110,D:\Bird_Anuran_ARUs\IF06\SMM2-31_20260421_060402.wav
282.0,285.0,Setophaga citrina,Hooded Warbler,0.2980,D:\Bird_Anuran_ARUs\IF06\SMM2-31_20260421_060402.wav
282.0,285.0,Molothrus ater,Brown-headed Cowbird,0.2638,D:\Bird_Anuran_ARUs\IF06\SMM2-31_20260421_060402.wav
288.0,291.0,Seiurus aurocapilla,Ovenbird,0.9080,D:\Bird_Anuran_ARUs\IF06\SMM2-31_20260421_060402.wav
288.0,291.0,Corvus brachyrhynchos,American Crow,0.4449,D:\Bird_Anuran_ARUs\IF06\SMM2-31_20260421_060402.wav
294.0,297.0,Seiurus aurocapilla,Ovenbird,0.8013,D:\Bird_Anuran_ARUs\IF06\SMM2-31_20260421_060402.wav
300.0,303.0,Corvus brachyrhynchos,American Crow,0.9078,D:\Bird_Anuran_ARUs\IF06\SMM2-31_20260421_060402.wav
300.0,303.0,Pipilo erythrophthalmus,Eastern Towhee,0.4575,D:\Bird_Anuran_ARUs\IF06\SMM2-31_20260421_060402.wav
300.0,303.0,Cardinalis cardinalis,Northern Cardinal,0.4310,D:\Bird_Anuran_ARUs\IF06\SMM2-31_20260421_060402.wav
303.0,306.0,Pipilo erythrophthalmus,Eastern Towhee,0.7563,D:\Bird_Anuran_ARUs\IF06\SMM2-31_20260421_060402.wav
306.0,309.0,Corvus brachyrhynchos,American Crow,0.4125,D:\Bird_Anuran_ARUs\IF06\SMM2-31_20260421_060402.wav
306.0,309.0,Molothrus ater,Brown-headed Cowbird,0.4098,D:\Bird_Anuran_ARUs\IF06\SMM2-31_20260421_060402.wav
309.0,312.0,Seiurus aurocapilla,Ovenbird,0.9617,D:\Bird_Anuran_ARUs\IF06\SMM2-31_20260421_060402.wav
312.0,315.0,Corvus brachyrhynchos,American Crow,0.8314,D:\Bird_Anuran_ARUs\IF06\SMM2-31_20260421_060402.wav
312.0,315.0,Pipilo erythrophthalmus,Eastern Towhee,0.7071,D:\Bird_Anuran_ARUs\IF06\SMM2-31_20260421_060402.wav
318.0,321.0,Cardinalis cardinalis,Northern Cardinal,0.8485,D:\Bird_Anuran_ARUs\IF06\SMM2-31_20260421_060402.wav
318.0,321.0,Corvus brachyrhynchos,American Crow,0.3301,D:\Bird_Anuran_ARUs\IF06\SMM2-31_20260421_060402.wav
321.0,324.0,Geothlypis trichas,Common Yellowthroat,0.3100,D:\Bird_Anuran_ARUs\IF06\SMM2-31_20260421_060402.wav
324.0,327.0,Seiurus aurocapilla,Ovenbird,0.9754,D:\Bird_Anuran_ARUs\IF06\SMM2-31_20260421_060402.wav
324.0,327.0,Corvus brachyrhynchos,American Crow,0.9551,D:\Bird_Anuran_ARUs\IF06\SMM2-31_20260421_060402.wav
327.0,330.0,Corvus brachyrhynchos,American Crow,0.9169,D:\Bird_Anuran_ARUs\IF06\SMM2-31_20260421_060402.wav
327.0,330.0,Pipilo erythrophthalmus,Eastern Towhee,0.9078,D:\Bird_Anuran_ARUs\IF06\SMM2-31_20260421_060402.wav
330.0,333.0,Corvus brachyrhynchos,American Crow,0.5119,D:\Bird_Anuran_ARUs\IF06\SMM2-31_20260421_060402.wav
333.0,336.0,Seiurus aurocapilla,Ovenbird,0.8543,D:\Bird_Anuran_ARUs\IF06\SMM2-31_20260421_060402.wav
336.0,339.0,Pipilo erythrophthalmus,Eastern Towhee,0.8943,D:\Bird_Anuran_ARUs\IF06\SMM2-31_20260421_060402.wav
336.0,339.0,Corvus brachyrhynchos,American Crow,0.8245,D:\Bird_Anuran_ARUs\IF06\SMM2-31_20260421_060402.wav
339.0,342.0,Seiurus aurocapilla,Ovenbird,0.6697,D:\Bird_Anuran_ARUs\IF06\SMM2-31_20260421_060402.wav
339.0,342.0,Corvus brachyrhynchos,American Crow,0.6057,D:\Bird_Anuran_ARUs\IF06\SMM2-31_20260421_060402.wav
345.0,348.0,Pipilo erythrophthalmus,Eastern Towhee,0.8492,D:\Bird_Anuran_ARUs\IF06\SMM2-31_20260421_060402.wav
345.0,348.0,Corvus brachyrhynchos,American Crow,0.7179,D:\Bird_Anuran_ARUs\IF06\SMM2-31_20260421_060402.wav
345.0,348.0,Geothlypis trichas,Common Yellowthroat,0.2648,D:\Bird_Anuran_ARUs\IF06\SMM2-31_20260421_060402.wav
348.0,351.0,Setophaga pinus,Pine Warbler,0.9050,D:\Bird_Anuran_ARUs\IF06\SMM2-31_20260421_060402.wav
351.0,354.0,Seiurus aurocapilla,Ovenbird,0.9541,D:\Bird_Anuran_ARUs\IF06\SMM2-31_20260421_060402.wav
351.0,354.0,Corvus brachyrhynchos,American Crow,0.3643,D:\Bird_Anuran_ARUs\IF06\SMM2-31_20260421_060402.wav
354.0,357.0,Seiurus aurocapilla,Ovenbird,0.9786,D:\Bird_Anuran_ARUs\IF06\SMM2-31_20260421_060402.wav
354.0,357.0,Corvus brachyrhynchos,American Crow,0.4322,D:\Bird_Anuran_ARUs\IF06\SMM2-31_20260421_060402.wav
357.0,360.0,Seiurus aurocapilla,Ovenbird,0.3364,D:\Bird_Anuran_ARUs\IF06\SMM2-31_20260421_060402.wav
360.0,363.0,Setophaga pinus,Pine Warbler,0.7484,D:\Bird_Anuran_ARUs\IF06\SMM2-31_20260421_060402.wav
360.0,363.0,Corvus brachyrhynchos,American Crow,0.2742,D:\Bird_Anuran_ARUs\IF06\SMM2-31_20260421_060402.wav
363.0,366.0,Pipilo erythrophthalmus,Eastern Towhee,0.5483,D:\Bird_Anuran_ARUs\IF06\SMM2-31_20260421_060402.wav
363.0,366.0,Corvus brachyrhynchos,American Crow,0.4721,D:\Bird_Anuran_ARUs\IF06\SMM2-31_20260421_060402.wav
366.0,369.0,Corvus brachyrhynchos,American Crow,0.4746,D:\Bird_Anuran_ARUs\IF06\SMM2-31_20260421_060402.wav
372.0,375.0,Seiurus aurocapilla,Ovenbird,0.9765,D:\Bird_Anuran_ARUs\IF06\SMM2-31_20260421_060402.wav
372.0,375.0,Corvus brachyrhynchos,American Crow,0.7521,D:\Bird_Anuran_ARUs\IF06\SMM2-31_20260421_060402.wav
375.0,378.0,Seiurus aurocapilla,Ovenbird,0.9969,D:\Bird_Anuran_ARUs\IF06\SMM2-31_20260421_060402.wav
375.0,378.0,Corvus brachyrhynchos,American Crow,0.3613,D:\Bird_Anuran_ARUs\IF06\SMM2-31_20260421_060402.wav
378.0,381.0,Corvus brachyrhynchos,American Crow,0.4868,D:\Bird_Anuran_ARUs\IF06\SMM2-31_20260421_060402.wav
378.0,381.0,Pipilo erythrophthalmus,Eastern Towhee,0.3279,D:\Bird_Anuran_ARUs\IF06\SMM2-31_20260421_060402.wav
381.0,384.0,Corvus brachyrhynchos,American Crow,0.8374,D:\Bird_Anuran_ARUs\IF06\SMM2-31_20260421_060402.wav
381.0,384.0,Setophaga citrina,Hooded Warbler,0.3893,D:\Bird_Anuran_ARUs\IF06\SMM2-31_20260421_060402.wav
384.0,387.0,Seiurus aurocapilla,Ovenbird,0.8575,D:\Bird_Anuran_ARUs\IF06\SMM2-31_20260421_060402.wav
384.0,387.0,Corvus brachyrhynchos,American Crow,0.6581,D:\Bird_Anuran_ARUs\IF06\SMM2-31_20260421_060402.wav
387.0,390.0,Molothrus ater,Brown-headed Cowbird,0.8871,D:\Bird_Anuran_ARUs\IF06\SMM2-31_20260421_060402.wav
387.0,390.0,Corvus brachyrhynchos,American Crow,0.8225,D:\Bird_Anuran_ARUs\IF06\SMM2-31_20260421_060402.wav
390.0,393.0,Corvus brachyrhynchos,American Crow,0.4883,D:\Bird_Anuran_ARUs\IF06\SMM2-31_20260421_060402.wav
393.0,396.0,Corvus brachyrhynchos,American Crow,0.5072,D:\Bird_Anuran_ARUs\IF06\SMM2-31_20260421_060402.wav
396.0,399.0,Corvus brachyrhynchos,American Crow,0.7917,D:\Bird_Anuran_ARUs\IF06\SMM2-31_20260421_060402.wav
396.0,399.0,Seiurus aurocapilla,Ovenbird,0.4454,D:\Bird_Anuran_ARUs\IF06\SMM2-31_20260421_060402.wav
399.0,402.0,Seiurus aurocapilla,Ovenbird,0.9929,D:\Bird_Anuran_ARUs\IF06\SMM2-31_20260421_060402.wav
399.0,402.0,Corvus brachyrhynchos,American Crow,0.7330,D:\Bird_Anuran_ARUs\IF06\SMM2-31_20260421_060402.wav
402.0,405.0,Seiurus aurocapilla,Ovenbird,0.9909,D:\Bird_Anuran_ARUs\IF06\SMM2-31_20260421_060402.wav
402.0,405.0,Corvus brachyrhynchos,American Crow,0.4947,D:\Bird_Anuran_ARUs\IF06\SMM2-31_20260421_060402.wav
408.0,411.0,Molothrus ater,Brown-headed Cowbird,0.3271,D:\Bird_Anuran_ARUs\IF06\SMM2-31_20260421_060402.wav
411.0,414.0,Pipilo erythrophthalmus,Eastern Towhee,0.7849,D:\Bird_Anuran_ARUs\IF06\SMM2-31_20260421_060402.wav
411.0,414.0,Corvus brachyrhynchos,American Crow,0.7065,D:\Bird_Anuran_ARUs\IF06\SMM2-31_20260421_060402.wav
414.0,417.0,Corvus brachyrhynchos,American Crow,0.4379,D:\Bird_Anuran_ARUs\IF06\SMM2-31_20260421_060402.wav
414.0,417.0,Seiurus aurocapilla,Ovenbird,0.3307,D:\Bird_Anuran_ARUs\IF06\SMM2-31_20260421_060402.wav
417.0,420.0,Setophaga citrina,Hooded Warbler,0.7688,D:\Bird_Anuran_ARUs\IF06\SMM2-31_20260421_060402.wav
417.0,420.0,Corvus brachyrhynchos,American Crow,0.5412,D:\Bird_Anuran_ARUs\IF06\SMM2-31_20260421_060402.wav
420.0,423.0,Corvus brachyrhynchos,American Crow,0.3682,D:\Bird_Anuran_ARUs\IF06\SMM2-31_20260421_060402.wav
420.0,423.0,Geothlypis trichas,Common Yellowthroat,0.2524,D:\Bird_Anuran_ARUs\IF06\SMM2-31_20260421_060402.wav
423.0,426.0,Corvus brachyrhynchos,American Crow,0.7962,D:\Bird_Anuran_ARUs\IF06\SMM2-31_20260421_060402.wav
423.0,426.0,Pipilo erythrophthalmus,Eastern Towhee,0.3725,D:\Bird_Anuran_ARUs\IF06\SMM2-31_20260421_060402.wav
426.0,429.0,Corvus brachyrhynchos,American Crow,0.4889,D:\Bird_Anuran_ARUs\IF06\SMM2-31_20260421_060402.wav
429.0,432.0,Seiurus aurocapilla,Ovenbird,0.9282,D:\Bird_Anuran_ARUs\IF06\SMM2-31_20260421_060402.wav
429.0,432.0,Corvus brachyrhynchos,American Crow,0.2601,D:\Bird_Anuran_ARUs\IF06\SMM2-31_20260421_060402.wav
432.0,435.0,Seiurus aurocapilla,Ovenbird,0.9593,D:\Bird_Anuran_ARUs\IF06\SMM2-31_20260421_060402.wav
432.0,435.0,Pipilo erythrophthalmus,Eastern Towhee,0.7582,D:\Bird_Anuran_ARUs\IF06\SMM2-31_20260421_060402.wav
432.0,435.0,Corvus brachyrhynchos,American Crow,0.6630,D:\Bird_Anuran_ARUs\IF06\SMM2-31_20260421_060402.wav
438.0,441.0,Pipilo erythrophthalmus,Eastern Towhee,0.6748,D:\Bird_Anuran_ARUs\IF06\SMM2-31_20260421_060402.wav
438.0,441.0,Corvus brachyrhynchos,American Crow,0.6327,D:\Bird_Anuran_ARUs\IF06\SMM2-31_20260421_060402.wav
441.0,444.0,Pipilo erythrophthalmus,Eastern Towhee,0.7794,D:\Bird_Anuran_ARUs\IF06\SMM2-31_20260421_060402.wav
441.0,444.0,Corvus brachyrhynchos,American Crow,0.7644,D:\Bird_Anuran_ARUs\IF06\SMM2-31_20260421_060402.wav
444.0,447.0,Corvus brachyrhynchos,American Crow,0.6577,D:\Bird_Anuran_ARUs\IF06\SMM2-31_20260421_060402.wav
444.0,447.0,Setophaga citrina,Hooded Warbler,0.3169,D:\Bird_Anuran_ARUs\IF06\SMM2-31_20260421_060402.wav
447.0,450.0,Seiurus aurocapilla,Ovenbird,0.8895,D:\Bird_Anuran_ARUs\IF06\SMM2-31_20260421_060402.wav
447.0,450.0,Corvus brachyrhynchos,American Crow,0.8147,D:\Bird_Anuran_ARUs\IF06\SMM2-31_20260421_060402.wav
450.0,453.0,Corvus brachyrhynchos,American Crow,0.8858,D:\Bird_Anuran_ARUs\IF06\SMM2-31_20260421_060402.wav
450.0,453.0,Pipilo erythrophthalmus,Eastern Towhee,0.8499,D:\Bird_Anuran_ARUs\IF06\SMM2-31_20260421_060402.wav
450.0,453.0,Seiurus aurocapilla,Ovenbird,0.7285,D:\Bird_Anuran_ARUs\IF06\SMM2-31_20260421_060402.wav
453.0,456.0,Corvus brachyrhynchos,American Crow,0.3216,D:\Bird_Anuran_ARUs\IF06\SMM2-31_20260421_060402.wav
456.0,459.0,Corvus brachyrhynchos,American Crow,0.9615,D:\Bird_Anuran_ARUs\IF06\SMM2-31_20260421_060402.wav
456.0,459.0,Pipilo erythrophthalmus,Eastern Towhee,0.9475,D:\Bird_Anuran_ARUs\IF06\SMM2-31_20260421_060402.wav
459.0,462.0,Seiurus aurocapilla,Ovenbird,0.3877,D:\Bird_Anuran_ARUs\IF06\SMM2-31_20260421_060402.wav
462.0,465.0,Seiurus aurocapilla,Ovenbird,0.9874,D:\Bird_Anuran_ARUs\IF06\SMM2-31_20260421_060402.wav
462.0,465.0,Corvus brachyrhynchos,American Crow,0.6312,D:\Bird_Anuran_ARUs\IF06\SMM2-31_20260421_060402.wav
468.0,471.0,Corvus brachyrhynchos,American Crow,0.9622,D:\Bird_Anuran_ARUs\IF06\SMM2-31_20260421_060402.wav
468.0,471.0,Pipilo erythrophthalmus,Eastern Towhee,0.8476,D:\Bird_Anuran_ARUs\IF06\SMM2-31_20260421_060402.wav
471.0,474.0,Corvus brachyrhynchos,American Crow,0.5220,D:\Bird_Anuran_ARUs\IF06\SMM2-31_20260421_060402.wav
471.0,474.0,Molothrus ater,Brown-headed Cowbird,0.3220,D:\Bird_Anuran_ARUs\IF06\SMM2-31_20260421_060402.wav
474.0,477.0,Pipilo erythrophthalmus,Eastern Towhee,0.9655,D:\Bird_Anuran_ARUs\IF06\SMM2-31_20260421_060402.wav
474.0,477.0,Corvus brachyrhynchos,American Crow,0.9544,D:\Bird_Anuran_ARUs\IF06\SMM2-31_20260421_060402.wav
477.0,480.0,Corvus brachyrhynchos,American Crow,0.6660,D:\Bird_Anuran_ARUs\IF06\SMM2-31_20260421_060402.wav
477.0,480.0,Molothrus ater,Brown-headed Cowbird,0.4548,D:\Bird_Anuran_ARUs\IF06\SMM2-31_20260421_060402.wav
480.0,483.0,Seiurus aurocapilla,Ovenbird,0.4257,D:\Bird_Anuran_ARUs\IF06\SMM2-31_20260421_060402.wav
480.0,483.0,Corvus brachyrhynchos,American Crow,0.2982,D:\Bird_Anuran_ARUs\IF06\SMM2-31_20260421_060402.wav
483.0,486.0,Corvus brachyrhynchos,American Crow,0.9394,D:\Bird_Anuran_ARUs\IF06\SMM2-31_20260421_060402.wav
483.0,486.0,Pipilo erythrophthalmus,Eastern Towhee,0.9271,D:\Bird_Anuran_ARUs\IF06\SMM2-31_20260421_060402.wav
483.0,486.0,Setophaga citrina,Hooded Warbler,0.3378,D:\Bird_Anuran_ARUs\IF06\SMM2-31_20260421_060402.wav
486.0,489.0,Seiurus aurocapilla,Ovenbird,0.9841,D:\Bird_Anuran_ARUs\IF06\SMM2-31_20260421_060402.wav
486.0,489.0,Corvus brachyrhynchos,American Crow,0.9056,D:\Bird_Anuran_ARUs\IF06\SMM2-31_20260421_060402.wav
489.0,492.0,Seiurus aurocapilla,Ovenbird,0.9760,D:\Bird_Anuran_ARUs\IF06\SMM2-31_20260421_060402.wav
489.0,492.0,Corvus brachyrhynchos,American Crow,0.3726,D:\Bird_Anuran_ARUs\IF06\SMM2-31_20260421_060402.wav
492.0,495.0,Corvus brachyrhynchos,American Crow,0.3505,D:\Bird_Anuran_ARUs\IF06\SMM2-31_20260421_060402.wav
495.0,498.0,Corvus brachyrhynchos,American Crow,0.5493,D:\Bird_Anuran_ARUs\IF06\SMM2-31_20260421_060402.wav
498.0,501.0,Seiurus aurocapilla,Ovenbird,0.9909,D:\Bird_Anuran_ARUs\IF06\SMM2-31_20260421_060402.wav
498.0,501.0,Corvus brachyrhynchos,American Crow,0.8677,D:\Bird_Anuran_ARUs\IF06\SMM2-31_20260421_060402.wav
501.0,504.0,Corvus brachyrhynchos,American Crow,0.9961,D:\Bird_Anuran_ARUs\IF06\SMM2-31_20260421_060402.wav
501.0,504.0,Pipilo erythrophthalmus,Eastern Towhee,0.9894,D:\Bird_Anuran_ARUs\IF06\SMM2-31_20260421_060402.wav
504.0,507.0,Corvus brachyrhynchos,American Crow,0.3328,D:\Bird_Anuran_ARUs\IF06\SMM2-31_20260421_060402.wav
507.0,510.0,Corvus brachyrhynchos,American Crow,0.7054,D:\Bird_Anuran_ARUs\IF06\SMM2-31_20260421_060402.wav
510.0,513.0,Seiurus aurocapilla,Ovenbird,0.8965,D:\Bird_Anuran_ARUs\IF06\SMM2-31_20260421_060402.wav
513.0,516.0,Seiurus aurocapilla,Ovenbird,0.9973,D:\Bird_Anuran_ARUs\IF06\SMM2-31_20260421_060402.wav
513.0,516.0,Corvus brachyrhynchos,American Crow,0.7603,D:\Bird_Anuran_ARUs\IF06\SMM2-31_20260421_060402.wav
516.0,519.0,Corvus brachyrhynchos,American Crow,0.4834,D:\Bird_Anuran_ARUs\IF06\SMM2-31_20260421_060402.wav
516.0,519.0,Seiurus aurocapilla,Ovenbird,0.2768,D:\Bird_Anuran_ARUs\IF06\SMM2-31_20260421_060402.wav
522.0,525.0,Corvus brachyrhynchos,American Crow,0.5719,D:\Bird_Anuran_ARUs\IF06\SMM2-31_20260421_060402.wav
528.0,531.0,Corvus brachyrhynchos,American Crow,0.7407,D:\Bird_Anuran_ARUs\IF06\SMM2-31_20260421_060402.wav
528.0,531.0,Seiurus aurocapilla,Ovenbird,0.3182,D:\Bird_Anuran_ARUs\IF06\SMM2-31_20260421_060402.wav
531.0,534.0,Corvus brachyrhynchos,American Crow,0.9526,D:\Bird_Anuran_ARUs\IF06\SMM2-31_20260421_060402.wav
531.0,534.0,Seiurus aurocapilla,Ovenbird,0.8724,D:\Bird_Anuran_ARUs\IF06\SMM2-31_20260421_060402.wav
531.0,534.0,Pipilo erythrophthalmus,Eastern Towhee,0.6066,D:\Bird_Anuran_ARUs\IF06\SMM2-31_20260421_060402.wav
534.0,537.0,Seiurus aurocapilla,Ovenbird,0.9146,D:\Bird_Anuran_ARUs\IF06\SMM2-31_20260421_060402.wav
534.0,537.0,Corvus brachyrhynchos,American Crow,0.4956,D:\Bird_Anuran_ARUs\IF06\SMM2-31_20260421_060402.wav
537.0,540.0,Corvus brachyrhynchos,American Crow,0.3880,D:\Bird_Anuran_ARUs\IF06\SMM2-31_20260421_060402.wav
540.0,543.0,Corvus brachyrhynchos,American Crow,0.6423,D:\Bird_Anuran_ARUs\IF06\SMM2-31_20260421_060402.wav
540.0,543.0,Setophaga citrina,Hooded Warbler,0.4532,D:\Bird_Anuran_ARUs\IF06\SMM2-31_20260421_060402.wav
543.0,546.0,Corvus brachyrhynchos,American Crow,0.4311,D:\Bird_Anuran_ARUs\IF06\SMM2-31_20260421_060402.wav
546.0,549.0,Corvus brachyrhynchos,American Crow,0.4188,D:\Bird_Anuran_ARUs\IF06\SMM2-31_20260421_060402.wav
549.0,552.0,Corvus brachyrhynchos,American Crow,0.9333,D:\Bird_Anuran_ARUs\IF06\SMM2-31_20260421_060402.wav
549.0,552.0,Pipilo erythrophthalmus,Eastern Towhee,0.3678,D:\Bird_Anuran_ARUs\IF06\SMM2-31_20260421_060402.wav
552.0,555.0,Setophaga citrina,Hooded Warbler,0.7985,D:\Bird_Anuran_ARUs\IF06\SMM2-31_20260421_060402.wav
555.0,558.0,Pipilo erythrophthalmus,Eastern Towhee,0.8953,D:\Bird_Anuran_ARUs\IF06\SMM2-31_20260421_060402.wav
555.0,558.0,Corvus brachyrhynchos,American Crow,0.8820,D:\Bird_Anuran_ARUs\IF06\SMM2-31_20260421_060402.wav
558.0,561.0,Seiurus aurocapilla,Ovenbird,0.9866,D:\Bird_Anuran_ARUs\IF06\SMM2-31_20260421_060402.wav
558.0,561.0,Corvus brachyrhynchos,American Crow,0.7071,D:\Bird_Anuran_ARUs\IF06\SMM2-31_20260421_060402.wav
561.0,564.0,Seiurus aurocapilla,Ovenbird,0.9302,D:\Bird_Anuran_ARUs\IF06\SMM2-31_20260421_060402.wav
561.0,564.0,Corvus brachyrhynchos,American Crow,0.8298,D:\Bird_Anuran_ARUs\IF06\SMM2-31_20260421_060402.wav
564.0,567.0,Molothrus ater,Brown-headed Cowbird,0.6941,D:\Bird_Anuran_ARUs\IF06\SMM2-31_20260421_060402.wav
564.0,567.0,Corvus brachyrhynchos,American Crow,0.6887,D:\Bird_Anuran_ARUs\IF06\SMM2-31_20260421_060402.wav
567.0,570.0,Corvus brachyrhynchos,American Crow,0.7013,D:\Bird_Anuran_ARUs\IF06\SMM2-31_20260421_060402.wav
567.0,570.0,Pipilo erythrophthalmus,Eastern Towhee,0.5363,D:\Bird_Anuran_ARUs\IF06\SMM2-31_20260421_060402.wav
573.0,576.0,Corvus brachyrhynchos,American Crow,0.4792,D:\Bird_Anuran_ARUs\IF06\SMM2-31_20260421_060402.wav
576.0,579.0,Corvus brachyrhynchos,American Crow,0.3102,D:\Bird_Anuran_ARUs\IF06\SMM2-31_20260421_060402.wav
576.0,579.0,Piranga olivacea,Scarlet Tanager,0.2878,D:\Bird_Anuran_ARUs\IF06\SMM2-31_20260421_060402.wav
582.0,585.0,Corvus brachyrhynchos,American Crow,0.9792,D:\Bird_Anuran_ARUs\IF06\SMM2-31_20260421_060402.wav
582.0,585.0,Pipilo erythrophthalmus,Eastern Towhee,0.7202,D:\Bird_Anuran_ARUs\IF06\SMM2-31_20260421_060402.wav
585.0,588.0,Corvus brachyrhynchos,American Crow,0.4041,D:\Bird_Anuran_ARUs\IF06\SMM2-31_20260421_060402.wav
588.0,591.0,Corvus brachyrhynchos,American Crow,0.6210,D:\Bird_Anuran_ARUs\IF06\SMM2-31_20260421_060402.wav
588.0,591.0,Pipilo erythrophthalmus,Eastern Towhee,0.3936,D:\Bird_Anuran_ARUs\IF06\SMM2-31_20260421_060402.wav
591.0,594.0,Setophaga citrina,Hooded Warbler,0.3270,D:\Bird_Anuran_ARUs\IF06\SMM2-31_20260421_060402.wav
597.0,600.0,Corvus brachyrhynchos,American Crow,0.5604,D:\Bird_Anuran_ARUs\IF06\SMM2-31_20260421_060402.wav
597.0,600.0,Pipilo erythrophthalmus,Eastern Towhee,0.3219,D:\Bird_Anuran_ARUs\IF06\SMM2-31_20260421_060402.wav
600.0,603.0,Corvus brachyrhynchos,American Crow,0.2777,D:\Bird_Anuran_ARUs\IF06\SMM2-31_20260421_060402.wav
600.0,603.0,Molothrus ater,Brown-headed Cowbird,0.2503,D:\Bird_Anuran_ARUs\IF06\SMM2-31_20260421_060402.wav
603.0,606.0,Pipilo erythrophthalmus,Eastern Towhee,0.3499,D:\Bird_Anuran_ARUs\IF06\SMM2-31_20260421_060402.wav
606.0,609.0,Corvus brachyrhynchos,American Crow,0.9493,D:\Bird_Anuran_ARUs\IF06\SMM2-31_20260421_060402.wav
606.0,609.0,Setophaga citrina,Hooded Warbler,0.7758,D:\Bird_Anuran_ARUs\IF06\SMM2-31_20260421_060402.wav
609.0,612.0,Corvus brachyrhynchos,American Crow,0.7715,D:\Bird_Anuran_ARUs\IF06\SMM2-31_20260421_060402.wav
615.0,618.0,Corvus brachyrhynchos,American Crow,0.6134,D:\Bird_Anuran_ARUs\IF06\SMM2-31_20260421_060402.wav
618.0,621.0,Corvus brachyrhynchos,American Crow,0.9447,D:\Bird_Anuran_ARUs\IF06\SMM2-31_20260421_060402.wav
618.0,621.0,Molothrus ater,Brown-headed Cowbird,0.2889,D:\Bird_Anuran_ARUs\IF06\SMM2-31_20260421_060402.wav
624.0,627.0,Corvus brachyrhynchos,American Crow,0.7988,D:\Bird_Anuran_ARUs\IF06\SMM2-31_20260421_060402.wav
630.0,633.0,Setophaga citrina,Hooded Warbler,0.8722,D:\Bird_Anuran_ARUs\IF06\SMM2-31_20260421_060402.wav
630.0,633.0,Corvus brachyrhynchos,American Crow,0.8654,D:\Bird_Anuran_ARUs\IF06\SMM2-31_20260421_060402.wav
633.0,636.0,Corvus brachyrhynchos,American Crow,0.9639,D:\Bird_Anuran_ARUs\IF06\SMM2-31_20260421_060402.wav
636.0,639.0,Corvus brachyrhynchos,American Crow,0.6296,D:\Bird_Anuran_ARUs\IF06\SMM2-31_20260421_060402.wav
636.0,639.0,Seiurus aurocapilla,Ovenbird,0.4731,D:\Bird_Anuran_ARUs\IF06\SMM2-31_20260421_060402.wav
636.0,639.0,Molothrus ater,Brown-headed Cowbird,0.4593,D:\Bird_Anuran_ARUs\IF06\SMM2-31_20260421_060402.wav
639.0,642.0,Corvus brachyrhynchos,American Crow,0.5308,D:\Bird_Anuran_ARUs\IF06\SMM2-31_20260421_060402.wav
642.0,645.0,Corvus brachyrhynchos,American Crow,0.9586,D:\Bird_Anuran_ARUs\IF06\SMM2-31_20260421_060402.wav
642.0,645.0,Molothrus ater,Brown-headed Cowbird,0.4183,D:\Bird_Anuran_ARUs\IF06\SMM2-31_20260421_060402.wav
645.0,648.0,Corvus brachyrhynchos,American Crow,0.7603,D:\Bird_Anuran_ARUs\IF06\SMM2-31_20260421_060402.wav
648.0,651.0,Corvus brachyrhynchos,American Crow,0.9365,D:\Bird_Anuran_ARUs\IF06\SMM2-31_20260421_060402.wav
648.0,651.0,Setophaga citrina,Hooded Warbler,0.3348,D:\Bird_Anuran_ARUs\IF06\SMM2-31_20260421_060402.wav
651.0,654.0,Corvus brachyrhynchos,American Crow,0.6733,D:\Bird_Anuran_ARUs\IF06\SMM2-31_20260421_060402.wav
654.0,657.0,Corvus brachyrhynchos,American Crow,0.9434,D:\Bird_Anuran_ARUs\IF06\SMM2-31_20260421_060402.wav
654.0,657.0,Pipilo erythrophthalmus,Eastern Towhee,0.6241,D:\Bird_Anuran_ARUs\IF06\SMM2-31_20260421_060402.wav
654.0,657.0,Molothrus ater,Brown-headed Cowbird,0.4987,D:\Bird_Anuran_ARUs\IF06\SMM2-31_20260421_060402.wav
657.0,660.0,Corvus brachyrhynchos,American Crow,0.5346,D:\Bird_Anuran_ARUs\IF06\SMM2-31_20260421_060402.wav
660.0,663.0,Corvus brachyrhynchos,American Crow,0.2908,D:\Bird_Anuran_ARUs\IF06\SMM2-31_20260421_060402.wav
663.0,666.0,Corvus brachyrhynchos,American Crow,0.7412,D:\Bird_Anuran_ARUs\IF06\SMM2-31_20260421_060402.wav
663.0,666.0,Molothrus ater,Brown-headed Cowbird,0.6495,D:\Bird_Anuran_ARUs\IF06\SMM2-31_20260421_060402.wav
666.0,669.0,Corvus brachyrhynchos,American Crow,0.5130,D:\Bird_Anuran_ARUs\IF06\SMM2-31_20260421_060402.wav
669.0,672.0,Corvus brachyrhynchos,American Crow,0.9427,D:\Bird_Anuran_ARUs\IF06\SMM2-31_20260421_060402.wav
669.0,672.0,Pipilo erythrophthalmus,Eastern Towhee,0.3996,D:\Bird_Anuran_ARUs\IF06\SMM2-31_20260421_060402.wav
672.0,675.0,Corvus brachyrhynchos,American Crow,0.7801,D:\Bird_Anuran_ARUs\IF06\SMM2-31_20260421_060402.wav
672.0,675.0,Setophaga pinus,Pine Warbler,0.3059,D:\Bird_Anuran_ARUs\IF06\SMM2-31_20260421_060402.wav
672.0,675.0,Molothrus ater,Brown-headed Cowbird,0.2533,D:\Bird_Anuran_ARUs\IF06\SMM2-31_20260421_060402.wav
675.0,678.0,Corvus brachyrhynchos,American Crow,0.6737,D:\Bird_Anuran_ARUs\IF06\SMM2-31_20260421_060402.wav
675.0,678.0,Seiurus aurocapilla,Ovenbird,0.3908,D:\Bird_Anuran_ARUs\IF06\SMM2-31_20260421_060402.wav
678.0,681.0,Corvus brachyrhynchos,American Crow,0.6220,D:\Bird_Anuran_ARUs\IF06\SMM2-31_20260421_060402.wav
681.0,684.0,Corvus brachyrhynchos,American Crow,0.7484,D:\Bird_Anuran_ARUs\IF06\SMM2-31_20260421_060402.wav
684.0,687.0,Corvus brachyrhynchos,American Crow,0.4737,D:\Bird_Anuran_ARUs\IF06\SMM2-31_20260421_060402.wav
687.0,690.0,Corvus brachyrhynchos,American Crow,0.4854,D:\Bird_Anuran_ARUs\IF06\SMM2-31_20260421_060402.wav
690.0,693.0,Corvus brachyrhynchos,American Crow,0.7222,D:\Bird_Anuran_ARUs\IF06\SMM2-31_20260421_060402.wav
693.0,696.0,Corvus brachyrhynchos,American Crow,0.4562,D:\Bird_Anuran_ARUs\IF06\SMM2-31_20260421_060402.wav
696.0,699.0,Molothrus ater,Brown-headed Cowbird,0.6140,D:\Bird_Anuran_ARUs\IF06\SMM2-31_20260421_060402.wav
696.0,699.0,Corvus brachyrhynchos,American Crow,0.5569,D:\Bird_Anuran_ARUs\IF06\SMM2-31_20260421_060402.wav
702.0,705.0,Corvus brachyrhynchos,American Crow,0.8475,D:\Bird_Anuran_ARUs\IF06\SMM2-31_20260421_060402.wav
705.0,708.0,Corvus brachyrhynchos,American Crow,0.7881,D:\Bird_Anuran_ARUs\IF06\SMM2-31_20260421_060402.wav
705.0,708.0,Pipilo erythrophthalmus,Eastern Towhee,0.2723,D:\Bird_Anuran_ARUs\IF06\SMM2-31_20260421_060402.wav
708.0,711.0,Corvus brachyrhynchos,American Crow,0.4853,D:\Bird_Anuran_ARUs\IF06\SMM2-31_20260421_060402.wav
711.0,714.0,Corvus brachyrhynchos,American Crow,0.6280,D:\Bird_Anuran_ARUs\IF06\SMM2-31_20260421_060402.wav
711.0,714.0,Molothrus ater,Brown-headed Cowbird,0.3768,D:\Bird_Anuran_ARUs\IF06\SMM2-31_20260421_060402.wav
717.0,720.0,Corvus brachyrhynchos,American Crow,0.3324,D:\Bird_Anuran_ARUs\IF06\SMM2-31_20260421_060402.wav
720.0,723.0,Corvus brachyrhynchos,American Crow,0.4861,D:\Bird_Anuran_ARUs\IF06\SMM2-31_20260421_060402.wav
729.0,732.0,Corvus brachyrhynchos,American Crow,0.5344,D:\Bird_Anuran_ARUs\IF06\SMM2-31_20260421_060402.wav
729.0,732.0,Setophaga citrina,Hooded Warbler,0.3844,D:\Bird_Anuran_ARUs\IF06\SMM2-31_20260421_060402.wav
732.0,735.0,Corvus brachyrhynchos,American Crow,0.6859,D:\Bird_Anuran_ARUs\IF06\SMM2-31_20260421_060402.wav
735.0,738.0,Corvus brachyrhynchos,American Crow,0.5222,D:\Bird_Anuran_ARUs\IF06\SMM2-31_20260421_060402.wav
735.0,738.0,Geothlypis trichas,Common Yellowthroat,0.3804,D:\Bird_Anuran_ARUs\IF06\SMM2-31_20260421_060402.wav
738.0,741.0,Corvus brachyrhynchos,American Crow,0.4467,D:\Bird_Anuran_ARUs\IF06\SMM2-31_20260421_060402.wav
741.0,744.0,Corvus brachyrhynchos,American Crow,0.9167,D:\Bird_Anuran_ARUs\IF06\SMM2-31_20260421_060402.wav
744.0,747.0,Pipilo erythrophthalmus,Eastern Towhee,0.9339,D:\Bird_Anuran_ARUs\IF06\SMM2-31_20260421_060402.wav
744.0,747.0,Corvus brachyrhynchos,American Crow,0.8284,D:\Bird_Anuran_ARUs\IF06\SMM2-31_20260421_060402.wav
750.0,753.0,Corvus brachyrhynchos,American Crow,0.3640,D:\Bird_Anuran_ARUs\IF06\SMM2-31_20260421_060402.wav
753.0,756.0,Corvus brachyrhynchos,American Crow,0.6343,D:\Bird_Anuran_ARUs\IF06\SMM2-31_20260421_060402.wav
756.0,759.0,Corvus brachyrhynchos,American Crow,0.3312,D:\Bird_Anuran_ARUs\IF06\SMM2-31_20260421_060402.wav
762.0,765.0,Corvus brachyrhynchos,American Crow,0.4964,D:\Bird_Anuran_ARUs\IF06\SMM2-31_20260421_060402.wav
765.0,768.0,Corvus brachyrhynchos,American Crow,0.5768,D:\Bird_Anuran_ARUs\IF06\SMM2-31_20260421_060402.wav
768.0,771.0,Corvus brachyrhynchos,American Crow,0.4000,D:\Bird_Anuran_ARUs\IF06\SMM2-31_20260421_060402.wav
768.0,771.0,Molothrus ater,Brown-headed Cowbird,0.3037,D:\Bird_Anuran_ARUs\IF06\SMM2-31_20260421_060402.wav
771.0,774.0,Corvus brachyrhynchos,American Crow,0.3929,D:\Bird_Anuran_ARUs\IF06\SMM2-31_20260421_060402.wav
771.0,774.0,Geothlypis trichas,Common Yellowthroat,0.3228,D:\Bird_Anuran_ARUs\IF06\SMM2-31_20260421_060402.wav
774.0,777.0,Corvus brachyrhynchos,American Crow,0.5638,D:\Bird_Anuran_ARUs\IF06\SMM2-31_20260421_060402.wav
777.0,780.0,Corvus brachyrhynchos,American Crow,0.8391,D:\Bird_Anuran_ARUs\IF06\SMM2-31_20260421_060402.wav
777.0,780.0,Setophaga citrina,Hooded Warbler,0.4316,D:\Bird_Anuran_ARUs\IF06\SMM2-31_20260421_060402.wav
780.0,783.0,Pipilo erythrophthalmus,Eastern Towhee,0.8748,D:\Bird_Anuran_ARUs\IF06\SMM2-31_20260421_060402.wav
780.0,783.0,Corvus brachyrhynchos,American Crow,0.7455,D:\Bird_Anuran_ARUs\IF06\SMM2-31_20260421_060402.wav
783.0,786.0,Corvus brachyrhynchos,American Crow,0.6360,D:\Bird_Anuran_ARUs\IF06\SMM2-31_20260421_060402.wav
783.0,786.0,Geothlypis trichas,Common Yellowthroat,0.3619,D:\Bird_Anuran_ARUs\IF06\SMM2-31_20260421_060402.wav
789.0,792.0,Pipilo erythrophthalmus,Eastern Towhee,0.5323,D:\Bird_Anuran_ARUs\IF06\SMM2-31_20260421_060402.wav
795.0,798.0,Dryocopus pileatus,Pileated Woodpecker,0.2689,D:\Bird_Anuran_ARUs\IF06\SMM2-31_20260421_060402.wav
798.0,801.0,Geothlypis trichas,Common Yellowthroat,0.5631,D:\Bird_Anuran_ARUs\IF06\SMM2-31_20260421_060402.wav
798.0,801.0,Pipilo erythrophthalmus,Eastern Towhee,0.5112,D:\Bird_Anuran_ARUs\IF06\SMM2-31_20260421_060402.wav
801.0,804.0,Pipilo erythrophthalmus,Eastern Towhee,0.4291,D:\Bird_Anuran_ARUs\IF06\SMM2-31_20260421_060402.wav
801.0,804.0,Molothrus ater,Brown-headed Cowbird,0.3172,D:\Bird_Anuran_ARUs\IF06\SMM2-31_20260421_060402.wav
807.0,810.0,Geothlypis trichas,Common Yellowthroat,0.2660,D:\Bird_Anuran_ARUs\IF06\SMM2-31_20260421_060402.wav
813.0,816.0,Molothrus ater,Brown-headed Cowbird,0.7848,D:\Bird_Anuran_ARUs\IF06\SMM2-31_20260421_060402.wav
813.0,816.0,Setophaga citrina,Hooded Warbler,0.4484,D:\Bird_Anuran_ARUs\IF06\SMM2-31_20260421_060402.wav
825.0,828.0,Setophaga citrina,Hooded Warbler,0.3764,D:\Bird_Anuran_ARUs\IF06\SMM2-31_20260421_060402.wav
828.0,831.0,Geothlypis trichas,Common Yellowthroat,0.2723,D:\Bird_Anuran_ARUs\IF06\SMM2-31_20260421_060402.wav
834.0,837.0,Geothlypis trichas,Common Yellowthroat,0.4478,D:\Bird_Anuran_ARUs\IF06\SMM2-31_20260421_060402.wav
843.0,846.0,Setophaga citrina,Hooded Warbler,0.3852,D:\Bird_Anuran_ARUs\IF06\SMM2-31_20260421_060402.wav
843.0,846.0,Molothrus ater,Brown-headed Cowbird,0.2667,D:\Bird_Anuran_ARUs\IF06\SMM2-31_20260421_060402.wav
852.0,855.0,Baeolophus bicolor,Tufted Titmouse,0.2933,D:\Bird_Anuran_ARUs\IF06\SMM2-31_20260421_060402.wav
855.0,858.0,Molothrus ater,Brown-headed Cowbird,0.3722,D:\Bird_Anuran_ARUs\IF06\SMM2-31_20260421_060402.wav
867.0,870.0,Setophaga citrina,Hooded Warbler,0.6982,D:\Bird_Anuran_ARUs\IF06\SMM2-31_20260421_060402.wav
876.0,879.0,Geothlypis trichas,Common Yellowthroat,0.2576,D:\Bird_Anuran_ARUs\IF06\SMM2-31_20260421_060402.wav
879.0,882.0,Setophaga citrina,Hooded Warbler,0.7631,D:\Bird_Anuran_ARUs\IF06\SMM2-31_20260421_060402.wav
882.0,885.0,Geothlypis trichas,Common Yellowthroat,0.3019,D:\Bird_Anuran_ARUs\IF06\SMM2-31_20260421_060402.wav
885.0,888.0,Seiurus aurocapilla,Ovenbird,0.6272,D:\Bird_Anuran_ARUs\IF06\SMM2-31_20260421_060402.wav
888.0,891.0,Molothrus ater,Brown-headed Cowbird,0.3644,D:\Bird_Anuran_ARUs\IF06\SMM2-31_20260421_060402.wav
891.0,894.0,Setophaga citrina,Hooded Warbler,0.4619,D:\Bird_Anuran_ARUs\IF06\SMM2-31_20260421_060402.wav
900.0,903.0,Setophaga citrina,Hooded Warbler,0.8205,D:\Bird_Anuran_ARUs\IF06\SMM2-31_20260421_060402.wav
903.0,906.0,Setophaga citrina,Hooded Warbler,0.3413,D:\Bird_Anuran_ARUs\IF06\SMM2-31_20260421_060402.wav
909.0,912.0,Molothrus ater,Brown-headed Cowbird,0.4353,D:\Bird_Anuran_ARUs\IF06\SMM2-31_20260421_060402.wav
912.0,915.0,Setophaga pinus,Pine Warbler,0.7152,D:\Bird_Anuran_ARUs\IF06\SMM2-31_20260421_060402.wav
915.0,918.0,Setophaga citrina,Hooded Warbler,0.3596,D:\Bird_Anuran_ARUs\IF06\SMM2-31_20260421_060402.wav
924.0,927.0,Dryocopus pileatus,Pileated Woodpecker,0.4371,D:\Bird_Anuran_ARUs\IF06\SMM2-31_20260421_060402.wav
927.0,930.0,Setophaga citrina,Hooded Warbler,0.6187,D:\Bird_Anuran_ARUs\IF06\SMM2-31_20260421_060402.wav
939.0,942.0,Setophaga citrina,Hooded Warbler,0.8447,D:\Bird_Anuran_ARUs\IF06\SMM2-31_20260421_060402.wav
948.0,951.0,Seiurus aurocapilla,Ovenbird,0.3244,D:\Bird_Anuran_ARUs\IF06\SMM2-31_20260421_060402.wav
954.0,957.0,Geothlypis trichas,Common Yellowthroat,0.2614,D:\Bird_Anuran_ARUs\IF06\SMM2-31_20260421_060402.wav
957.0,960.0,Molothrus ater,Brown-headed Cowbird,0.3379,D:\Bird_Anuran_ARUs\IF06\SMM2-31_20260421_060402.wav
966.0,969.0,Setophaga citrina,Hooded Warbler,0.2885,D:\Bird_Anuran_ARUs\IF06\SMM2-31_20260421_060402.wav
969.0,972.0,Setophaga citrina,Hooded Warbler,0.3446,D:\Bird_Anuran_ARUs\IF06\SMM2-31_20260421_060402.wav
972.0,975.0,Molothrus ater,Brown-headed Cowbird,0.6283,D:\Bird_Anuran_ARUs\IF06\SMM2-31_20260421_060402.wav
975.0,978.0,Corvus brachyrhynchos,American Crow,0.3366,D:\Bird_Anuran_ARUs\IF06\SMM2-31_20260421_060402.wav
975.0,978.0,Geothlypis trichas,Common Yellowthroat,0.3076,D:\Bird_Anuran_ARUs\IF06\SMM2-31_20260421_060402.wav
978.0,981.0,Setophaga citrina,Hooded Warbler,0.6480,D:\Bird_Anuran_ARUs\IF06\SMM2-31_20260421_060402.wav
978.0,981.0,Geothlypis trichas,Common Yellowthroat,0.3928,D:\Bird_Anuran_ARUs\IF06\SMM2-31_20260421_060402.wav
981.0,984.0,Strix varia,Barred Owl,0.3802,D:\Bird_Anuran_ARUs\IF06\SMM2-31_20260421_060402.wav
996.0,999.0,Zenaida macroura,Mourning Dove,0.4607,D:\Bird_Anuran_ARUs\IF06\SMM2-31_20260421_060402.wav
999.0,1002.0,Seiurus aurocapilla,Ovenbird,0.8347,D:\Bird_Anuran_ARUs\IF06\SMM2-31_20260421_060402.wav
1005.0,1008.0,Setophaga citrina,Hooded Warbler,0.8018,D:\Bird_Anuran_ARUs\IF06\SMM2-31_20260421_060402.wav
1011.0,1014.0,Corvus brachyrhynchos,American Crow,0.3785,D:\Bird_Anuran_ARUs\IF06\SMM2-31_20260421_060402.wav
1011.0,1014.0,Setophaga citrina,Hooded Warbler,0.3398,D:\Bird_Anuran_ARUs\IF06\SMM2-31_20260421_060402.wav
1017.0,1020.0,Molothrus ater,Brown-headed Cowbird,0.3034,D:\Bird_Anuran_ARUs\IF06\SMM2-31_20260421_060402.wav
1026.0,1029.0,Geothlypis trichas,Common Yellowthroat,0.3903,D:\Bird_Anuran_ARUs\IF06\SMM2-31_20260421_060402.wav
1029.0,1032.0,Setophaga citrina,Hooded Warbler,0.5590,D:\Bird_Anuran_ARUs\IF06\SMM2-31_20260421_060402.wav
1038.0,1041.0,Molothrus ater,Brown-headed Cowbird,0.3751,D:\Bird_Anuran_ARUs\IF06\SMM2-31_20260421_060402.wav
1038.0,1041.0,Zenaida macroura,Mourning Dove,0.3240,D:\Bird_Anuran_ARUs\IF06\SMM2-31_20260421_060402.wav
1044.0,1047.0,Setophaga citrina,Hooded Warbler,0.7614,D:\Bird_Anuran_ARUs\IF06\SMM2-31_20260421_060402.wav
1056.0,1059.0,Setophaga citrina,Hooded Warbler,0.8442,D:\Bird_Anuran_ARUs\IF06\SMM2-31_20260421_060402.wav
1056.0,1059.0,Molothrus ater,Brown-headed Cowbird,0.4008,D:\Bird_Anuran_ARUs\IF06\SMM2-31_20260421_060402.wav
1059.0,1062.0,Setophaga citrina,Hooded Warbler,0.2622,D:\Bird_Anuran_ARUs\IF06\SMM2-31_20260421_060402.wav
1065.0,1068.0,Molothrus ater,Brown-headed Cowbird,0.3455,D:\Bird_Anuran_ARUs\IF06\SMM2-31_20260421_060402.wav
1068.0,1071.0,Zenaida macroura,Mourning Dove,0.4085,D:\Bird_Anuran_ARUs\IF06\SMM2-31_20260421_060402.wav
1080.0,1083.0,Setophaga citrina,Hooded Warbler,0.8518,D:\Bird_Anuran_ARUs\IF06\SMM2-31_20260421_060402.wav
1092.0,1095.0,Corvus brachyrhynchos,American Crow,0.7591,D:\Bird_Anuran_ARUs\IF06\SMM2-31_20260421_060402.wav
1092.0,1095.0,Setophaga citrina,Hooded Warbler,0.7367,D:\Bird_Anuran_ARUs\IF06\SMM2-31_20260421_060402.wav
1095.0,1098.0,Molothrus ater,Brown-headed Cowbird,0.4252,D:\Bird_Anuran_ARUs\IF06\SMM2-31_20260421_060402.wav
1095.0,1098.0,Geothlypis trichas,Common Yellowthroat,0.3454,D:\Bird_Anuran_ARUs\IF06\SMM2-31_20260421_060402.wav
1098.0,1101.0,Geothlypis trichas,Common Yellowthroat,0.7323,D:\Bird_Anuran_ARUs\IF06\SMM2-31_20260421_060402.wav
1101.0,1104.0,Corvus brachyrhynchos,American Crow,0.4622,D:\Bird_Anuran_ARUs\IF06\SMM2-31_20260421_060402.wav
1104.0,1107.0,Molothrus ater,Brown-headed Cowbird,0.6391,D:\Bird_Anuran_ARUs\IF06\SMM2-31_20260421_060402.wav
1107.0,1110.0,Geothlypis trichas,Common Yellowthroat,0.3808,D:\Bird_Anuran_ARUs\IF06\SMM2-31_20260421_060402.wav
1113.0,1116.0,Molothrus ater,Brown-headed Cowbird,0.6695,D:\Bird_Anuran_ARUs\IF06\SMM2-31_20260421_060402.wav
1119.0,1122.0,Molothrus ater,Brown-headed Cowbird,0.3705,D:\Bird_Anuran_ARUs\IF06\SMM2-31_20260421_060402.wav
1122.0,1125.0,Setophaga citrina,Hooded Warbler,0.6709,D:\Bird_Anuran_ARUs\IF06\SMM2-31_20260421_060402.wav
1128.0,1131.0,Corvus brachyrhynchos,American Crow,0.4724,D:\Bird_Anuran_ARUs\IF06\SMM2-31_20260421_060402.wav
1128.0,1131.0,Geothlypis trichas,Common Yellowthroat,0.2649,D:\Bird_Anuran_ARUs\IF06\SMM2-31_20260421_060402.wav
1131.0,1134.0,Setophaga pinus,Pine Warbler,0.3428,D:\Bird_Anuran_ARUs\IF06\SMM2-31_20260421_060402.wav
1134.0,1137.0,Setophaga citrina,Hooded Warbler,0.2653,D:\Bird_Anuran_ARUs\IF06\SMM2-31_20260421_060402.wav
1143.0,1146.0,Zenaida macroura,Mourning Dove,0.6344,D:\Bird_Anuran_ARUs\IF06\SMM2-31_20260421_060402.wav
1146.0,1149.0,Setophaga pinus,Pine Warbler,0.5123,D:\Bird_Anuran_ARUs\IF06\SMM2-31_20260421_060402.wav
1146.0,1149.0,Molothrus ater,Brown-headed Cowbird,0.3352,D:\Bird_Anuran_ARUs\IF06\SMM2-31_20260421_060402.wav
1149.0,1152.0,Geothlypis trichas,Common Yellowthroat,0.2814,D:\Bird_Anuran_ARUs\IF06\SMM2-31_20260421_060402.wav
1152.0,1155.0,Setophaga citrina,Hooded Warbler,0.5548,D:\Bird_Anuran_ARUs\IF06\SMM2-31_20260421_060402.wav
1155.0,1158.0,Molothrus ater,Brown-headed Cowbird,0.2583,D:\Bird_Anuran_ARUs\IF06\SMM2-31_20260421_060402.wav
1158.0,1161.0,Molothrus ater,Brown-headed Cowbird,0.5115,D:\Bird_Anuran_ARUs\IF06\SMM2-31_20260421_060402.wav
1167.0,1170.0,Setophaga citrina,Hooded Warbler,0.5339,D:\Bird_Anuran_ARUs\IF06\SMM2-31_20260421_060402.wav
1176.0,1179.0,Seiurus aurocapilla,Ovenbird,0.2729,D:\Bird_Anuran_ARUs\IF06\SMM2-31_20260421_060402.wav
1182.0,1185.0,Setophaga citrina,Hooded Warbler,0.6862,D:\Bird_Anuran_ARUs\IF06\SMM2-31_20260421_060402.wav
1200.0,1203.0,Zenaida macroura,Mourning Dove,0.6140,D:\Bird_Anuran_ARUs\IF06\SMM2-31_20260421_060402.wav
1203.0,1206.0,Seiurus aurocapilla,Ovenbird,0.4364,D:\Bird_Anuran_ARUs\IF06\SMM2-31_20260421_060402.wav
1212.0,1215.0,Setophaga citrina,Hooded Warbler,0.6624,D:\Bird_Anuran_ARUs\IF06\SMM2-31_20260421_060402.wav
1215.0,1218.0,Molothrus ater,Brown-headed Cowbird,0.4210,D:\Bird_Anuran_ARUs\IF06\SMM2-31_20260421_060402.wav
1218.0,1221.0,Zenaida macroura,Mourning Dove,0.4594,D:\Bird_Anuran_ARUs\IF06\SMM2-31_20260421_060402.wav
1224.0,1227.0,Setophaga citrina,Hooded Warbler,0.5259,D:\Bird_Anuran_ARUs\IF06\SMM2-31_20260421_060402.wav
1227.0,1230.0,Setophaga citrina,Hooded Warbler,0.2824,D:\Bird_Anuran_ARUs\IF06\SMM2-31_20260421_060402.wav
1230.0,1233.0,Geothlypis trichas,Common Yellowthroat,0.3293,D:\Bird_Anuran_ARUs\IF06\SMM2-31_20260421_060402.wav
1230.0,1233.0,Zenaida macroura,Mourning Dove,0.2927,D:\Bird_Anuran_ARUs\IF06\SMM2-31_20260421_060402.wav
1233.0,1236.0,Molothrus ater,Brown-headed Cowbird,0.3344,D:\Bird_Anuran_ARUs\IF06\SMM2-31_20260421_060402.wav
1242.0,1245.0,Zenaida macroura,Mourning Dove,0.7138,D:\Bird_Anuran_ARUs\IF06\SMM2-31_20260421_060402.wav
1248.0,1251.0,Molothrus ater,Brown-headed Cowbird,0.5420,D:\Bird_Anuran_ARUs\IF06\SMM2-31_20260421_060402.wav
1254.0,1257.0,Zenaida macroura,Mourning Dove,0.6638,D:\Bird_Anuran_ARUs\IF06\SMM2-31_20260421_060402.wav
1257.0,1260.0,Setophaga citrina,Hooded Warbler,0.6080,D:\Bird_Anuran_ARUs\IF06\SMM2-31_20260421_060402.wav
1260.0,1263.0,Dumetella carolinensis,Gray Catbird,0.8300,D:\Bird_Anuran_ARUs\IF06\SMM2-31_20260421_060402.wav
1263.0,1266.0,Dumetella carolinensis,Gray Catbird,0.7183,D:\Bird_Anuran_ARUs\IF06\SMM2-31_20260421_060402.wav
1263.0,1266.0,Geothlypis trichas,Common Yellowthroat,0.3235,D:\Bird_Anuran_ARUs\IF06\SMM2-31_20260421_060402.wav
1269.0,1272.0,Corvus brachyrhynchos,American Crow,0.9392,D:\Bird_Anuran_ARUs\IF06\SMM2-31_20260421_060402.wav
1269.0,1272.0,Setophaga citrina,Hooded Warbler,0.5931,D:\Bird_Anuran_ARUs\IF06\SMM2-31_20260421_060402.wav
1269.0,1272.0,Molothrus ater,Brown-headed Cowbird,0.5110,D:\Bird_Anuran_ARUs\IF06\SMM2-31_20260421_060402.wav
1272.0,1275.0,Corvus brachyrhynchos,American Crow,0.9765,D:\Bird_Anuran_ARUs\IF06\SMM2-31_20260421_060402.wav
1272.0,1275.0,Setophaga citrina,Hooded Warbler,0.7118,D:\Bird_Anuran_ARUs\IF06\SMM2-31_20260421_060402.wav
1272.0,1275.0,Pipilo erythrophthalmus,Eastern Towhee,0.2709,D:\Bird_Anuran_ARUs\IF06\SMM2-31_20260421_060402.wav
1275.0,1278.0,Corvus brachyrhynchos,American Crow,0.6205,D:\Bird_Anuran_ARUs\IF06\SMM2-31_20260421_060402.wav
1278.0,1281.0,Corvus brachyrhynchos,American Crow,0.6532,D:\Bird_Anuran_ARUs\IF06\SMM2-31_20260421_060402.wav
1278.0,1281.0,Seiurus aurocapilla,Ovenbird,0.2752,D:\Bird_Anuran_ARUs\IF06\SMM2-31_20260421_060402.wav
1281.0,1284.0,Corvus brachyrhynchos,American Crow,0.6850,D:\Bird_Anuran_ARUs\IF06\SMM2-31_20260421_060402.wav
1281.0,1284.0,Molothrus ater,Brown-headed Cowbird,0.5497,D:\Bird_Anuran_ARUs\IF06\SMM2-31_20260421_060402.wav
1284.0,1287.0,Corvus brachyrhynchos,American Crow,0.8488,D:\Bird_Anuran_ARUs\IF06\SMM2-31_20260421_060402.wav
1284.0,1287.0,Setophaga citrina,Hooded Warbler,0.5735,D:\Bird_Anuran_ARUs\IF06\SMM2-31_20260421_060402.wav
1287.0,1290.0,Myiarchus crinitus,Great Crested Flycatcher,0.3868,D:\Bird_Anuran_ARUs\IF06\SMM2-31_20260421_060402.wav
1287.0,1290.0,Corvus brachyrhynchos,American Crow,0.3651,D:\Bird_Anuran_ARUs\IF06\SMM2-31_20260421_060402.wav
1290.0,1293.0,Corvus brachyrhynchos,American Crow,0.9256,D:\Bird_Anuran_ARUs\IF06\SMM2-31_20260421_060402.wav
1296.0,1299.0,Corvus brachyrhynchos,American Crow,0.4629,D:\Bird_Anuran_ARUs\IF06\SMM2-31_20260421_060402.wav
1299.0,1302.0,Setophaga citrina,Hooded Warbler,0.7973,D:\Bird_Anuran_ARUs\IF06\SMM2-31_20260421_060402.wav
1302.0,1305.0,Molothrus ater,Brown-headed Cowbird,0.5551,D:\Bird_Anuran_ARUs\IF06\SMM2-31_20260421_060402.wav
1302.0,1305.0,Corvus brachyrhynchos,American Crow,0.4768,D:\Bird_Anuran_ARUs\IF06\SMM2-31_20260421_060402.wav
1305.0,1308.0,Corvus brachyrhynchos,American Crow,0.2741,D:\Bird_Anuran_ARUs\IF06\SMM2-31_20260421_060402.wav
1308.0,1311.0,Geothlypis trichas,Common Yellowthroat,0.3417,D:\Bird_Anuran_ARUs\IF06\SMM2-31_20260421_060402.wav
1308.0,1311.0,Corvus brachyrhynchos,American Crow,0.2605,D:\Bird_Anuran_ARUs\IF06\SMM2-31_20260421_060402.wav
1311.0,1314.0,Corvus brachyrhynchos,American Crow,0.9482,D:\Bird_Anuran_ARUs\IF06\SMM2-31_20260421_060402.wav
1314.0,1317.0,Corvus brachyrhynchos,American Crow,0.9058,D:\Bird_Anuran_ARUs\IF06\SMM2-31_20260421_060402.wav
1314.0,1317.0,Setophaga citrina,Hooded Warbler,0.7288,D:\Bird_Anuran_ARUs\IF06\SMM2-31_20260421_060402.wav
1317.0,1320.0,Corvus brachyrhynchos,American Crow,0.6468,D:\Bird_Anuran_ARUs\IF06\SMM2-31_20260421_060402.wav
1320.0,1323.0,Corvus brachyrhynchos,American Crow,0.5538,D:\Bird_Anuran_ARUs\IF06\SMM2-31_20260421_060402.wav
1320.0,1323.0,Geothlypis trichas,Common Yellowthroat,0.4161,D:\Bird_Anuran_ARUs\IF06\SMM2-31_20260421_060402.wav
1323.0,1326.0,Corvus brachyrhynchos,American Crow,0.6218,D:\Bird_Anuran_ARUs\IF06\SMM2-31_20260421_060402.wav
1323.0,1326.0,Molothrus ater,Brown-headed Cowbird,0.3625,D:\Bird_Anuran_ARUs\IF06\SMM2-31_20260421_060402.wav
1326.0,1329.0,Corvus brachyrhynchos,American Crow,0.6630,D:\Bird_Anuran_ARUs\IF06\SMM2-31_20260421_060402.wav
1329.0,1332.0,Setophaga citrina,Hooded Warbler,0.6038,D:\Bird_Anuran_ARUs\IF06\SMM2-31_20260421_060402.wav
1329.0,1332.0,Corvus brachyrhynchos,American Crow,0.3649,D:\Bird_Anuran_ARUs\IF06\SMM2-31_20260421_060402.wav
1335.0,1338.0,Pipilo erythrophthalmus,Eastern Towhee,0.5641,D:\Bird_Anuran_ARUs\IF06\SMM2-31_20260421_060402.wav
1341.0,1344.0,Setophaga citrina,Hooded Warbler,0.5674,D:\Bird_Anuran_ARUs\IF06\SMM2-31_20260421_060402.wav
1347.0,1350.0,Corvus brachyrhynchos,American Crow,0.3124,D:\Bird_Anuran_ARUs\IF06\SMM2-31_20260421_060402.wav
1374.0,1377.0,Zenaida macroura,Mourning Dove,0.3811,D:\Bird_Anuran_ARUs\IF06\SMM2-31_20260421_060402.wav
1377.0,1380.0,Pipilo erythrophthalmus,Eastern Towhee,0.4840,D:\Bird_Anuran_ARUs\IF06\SMM2-31_20260421_060402.wav
1386.0,1389.0,Pipilo erythrophthalmus,Eastern Towhee,0.6297,D:\Bird_Anuran_ARUs\IF06\SMM2-31_20260421_060402.wav
1386.0,1389.0,Corvus brachyrhynchos,American Crow,0.6203,D:\Bird_Anuran_ARUs\IF06\SMM2-31_20260421_060402.wav
1395.0,1398.0,Corvus brachyrhynchos,American Crow,0.2840,D:\Bird_Anuran_ARUs\IF06\SMM2-31_20260421_060402.wav
1401.0,1404.0,Setophaga citrina,Hooded Warbler,0.5567,D:\Bird_Anuran_ARUs\IF06\SMM2-31_20260421_060402.wav
1401.0,1404.0,Corvus brachyrhynchos,American Crow,0.3766,D:\Bird_Anuran_ARUs\IF06\SMM2-31_20260421_060402.wav
1404.0,1407.0,Pipilo erythrophthalmus,Eastern Towhee,0.5277,D:\Bird_Anuran_ARUs\IF06\SMM2-31_20260421_060402.wav
1407.0,1410.0,Molothrus ater,Brown-headed Cowbird,0.2947,D:\Bird_Anuran_ARUs\IF06\SMM2-31_20260421_060402.wav
1410.0,1413.0,Corvus brachyrhynchos,American Crow,0.3549,D:\Bird_Anuran_ARUs\IF06\SMM2-31_20260421_060402.wav
1413.0,1416.0,Molothrus ater,Brown-headed Cowbird,0.3341,D:\Bird_Anuran_ARUs\IF06\SMM2-31_20260421_060402.wav
1434.0,1437.0,Setophaga citrina,Hooded Warbler,0.8802,D:\Bird_Anuran_ARUs\IF06\SMM2-31_20260421_060402.wav
1446.0,1449.0,Corvus brachyrhynchos,American Crow,0.4905,D:\Bird_Anuran_ARUs\IF06\SMM2-31_20260421_060402.wav
1446.0,1449.0,Pipilo erythrophthalmus,Eastern Towhee,0.2666,D:\Bird_Anuran_ARUs\IF06\SMM2-31_20260421_060402.wav
1449.0,1452.0,Corvus brachyrhynchos,American Crow,0.3036,D:\Bird_Anuran_ARUs\IF06\SMM2-31_20260421_060402.wav
1452.0,1455.0,Corvus brachyrhynchos,American Crow,0.9006,D:\Bird_Anuran_ARUs\IF06\SMM2-31_20260421_060402.wav
1452.0,1455.0,Pipilo erythrophthalmus,Eastern Towhee,0.5882,D:\Bird_Anuran_ARUs\IF06\SMM2-31_20260421_060402.wav
1455.0,1458.0,Corvus brachyrhynchos,American Crow,0.4947,D:\Bird_Anuran_ARUs\IF06\SMM2-31_20260421_060402.wav
1458.0,1461.0,Corvus brachyrhynchos,American Crow,0.9916,D:\Bird_Anuran_ARUs\IF06\SMM2-31_20260421_060402.wav
1458.0,1461.0,Pipilo erythrophthalmus,Eastern Towhee,0.3488,D:\Bird_Anuran_ARUs\IF06\SMM2-31_20260421_060402.wav
1461.0,1464.0,Corvus brachyrhynchos,American Crow,0.8311,D:\Bird_Anuran_ARUs\IF06\SMM2-31_20260421_060402.wav
1464.0,1467.0,Corvus brachyrhynchos,American Crow,0.8538,D:\Bird_Anuran_ARUs\IF06\SMM2-31_20260421_060402.wav
1464.0,1467.0,Setophaga citrina,Hooded Warbler,0.6448,D:\Bird_Anuran_ARUs\IF06\SMM2-31_20260421_060402.wav
1467.0,1470.0,Corvus brachyrhynchos,American Crow,0.9169,D:\Bird_Anuran_ARUs\IF06\SMM2-31_20260421_060402.wav
1470.0,1473.0,Corvus brachyrhynchos,American Crow,0.9791,D:\Bird_Anuran_ARUs\IF06\SMM2-31_20260421_060402.wav
1470.0,1473.0,Seiurus aurocapilla,Ovenbird,0.6561,D:\Bird_Anuran_ARUs\IF06\SMM2-31_20260421_060402.wav
1473.0,1476.0,Corvus brachyrhynchos,American Crow,0.9337,D:\Bird_Anuran_ARUs\IF06\SMM2-31_20260421_060402.wav
1473.0,1476.0,Molothrus ater,Brown-headed Cowbird,0.4639,D:\Bird_Anuran_ARUs\IF06\SMM2-31_20260421_060402.wav
1476.0,1479.0,Corvus brachyrhynchos,American Crow,0.9979,D:\Bird_Anuran_ARUs\IF06\SMM2-31_20260421_060402.wav
1476.0,1479.0,Pipilo erythrophthalmus,Eastern Towhee,0.9960,D:\Bird_Anuran_ARUs\IF06\SMM2-31_20260421_060402.wav
1476.0,1479.0,Molothrus ater,Brown-headed Cowbird,0.4939,D:\Bird_Anuran_ARUs\IF06\SMM2-31_20260421_060402.wav
1479.0,1482.0,Corvus brachyrhynchos,American Crow,0.6769,D:\Bird_Anuran_ARUs\IF06\SMM2-31_20260421_060402.wav
1479.0,1482.0,Molothrus ater,Brown-headed Cowbird,0.4842,D:\Bird_Anuran_ARUs\IF06\SMM2-31_20260421_060402.wav
1482.0,1485.0,Corvus brachyrhynchos,American Crow,0.9784,D:\Bird_Anuran_ARUs\IF06\SMM2-31_20260421_060402.wav
1482.0,1485.0,Pipilo erythrophthalmus,Eastern Towhee,0.3302,D:\Bird_Anuran_ARUs\IF06\SMM2-31_20260421_060402.wav
1485.0,1488.0,Pipilo erythrophthalmus,Eastern Towhee,0.5187,D:\Bird_Anuran_ARUs\IF06\SMM2-31_20260421_060402.wav
1485.0,1488.0,Corvus brachyrhynchos,American Crow,0.3020,D:\Bird_Anuran_ARUs\IF06\SMM2-31_20260421_060402.wav
1488.0,1491.0,Corvus brachyrhynchos,American Crow,0.7724,D:\Bird_Anuran_ARUs\IF06\SMM2-31_20260421_060402.wav
1491.0,1494.0,Corvus brachyrhynchos,American Crow,0.9637,D:\Bird_Anuran_ARUs\IF06\SMM2-31_20260421_060402.wav
1491.0,1494.0,Molothrus ater,Brown-headed Cowbird,0.8078,D:\Bird_Anuran_ARUs\IF06\SMM2-31_20260421_060402.wav
1494.0,1497.0,Corvus brachyrhynchos,American Crow,0.5117,D:\Bird_Anuran_ARUs\IF06\SMM2-31_20260421_060402.wav
1497.0,1500.0,Corvus brachyrhynchos,American Crow,0.8990,D:\Bird_Anuran_ARUs\IF06\SMM2-31_20260421_060402.wav
1497.0,1500.0,Geothlypis trichas,Common Yellowthroat,0.2528,D:\Bird_Anuran_ARUs\IF06\SMM2-31_20260421_060402.wav
1500.0,1503.0,Corvus brachyrhynchos,American Crow,0.9789,D:\Bird_Anuran_ARUs\IF06\SMM2-31_20260421_060402.wav
1500.0,1503.0,Pipilo erythrophthalmus,Eastern Towhee,0.3425,D:\Bird_Anuran_ARUs\IF06\SMM2-31_20260421_060402.wav
1503.0,1506.0,Corvus brachyrhynchos,American Crow,0.9676,D:\Bird_Anuran_ARUs\IF06\SMM2-31_20260421_060402.wav
1506.0,1509.0,Corvus brachyrhynchos,American Crow,0.5812,D:\Bird_Anuran_ARUs\IF06\SMM2-31_20260421_060402.wav
1509.0,1512.0,Corvus brachyrhynchos,American Crow,0.9943,D:\Bird_Anuran_ARUs\IF06\SMM2-31_20260421_060402.wav
1512.0,1515.0,Corvus brachyrhynchos,American Crow,0.7587,D:\Bird_Anuran_ARUs\IF06\SMM2-31_20260421_060402.wav
1512.0,1515.0,Setophaga citrina,Hooded Warbler,0.6478,D:\Bird_Anuran_ARUs\IF06\SMM2-31_20260421_060402.wav
1515.0,1518.0,Corvus brachyrhynchos,American Crow,0.8709,D:\Bird_Anuran_ARUs\IF06\SMM2-31_20260421_060402.wav
1515.0,1518.0,Pipilo erythrophthalmus,Eastern Towhee,0.7017,D:\Bird_Anuran_ARUs\IF06\SMM2-31_20260421_060402.wav
1521.0,1524.0,Corvus brachyrhynchos,American Crow,0.9485,D:\Bird_Anuran_ARUs\IF06\SMM2-31_20260421_060402.wav
1521.0,1524.0,Pipilo erythrophthalmus,Eastern Towhee,0.7777,D:\Bird_Anuran_ARUs\IF06\SMM2-31_20260421_060402.wav
1524.0,1527.0,Corvus brachyrhynchos,American Crow,0.8707,D:\Bird_Anuran_ARUs\IF06\SMM2-31_20260421_060402.wav
1524.0,1527.0,Setophaga citrina,Hooded Warbler,0.7586,D:\Bird_Anuran_ARUs\IF06\SMM2-31_20260421_060402.wav
1527.0,1530.0,Corvus brachyrhynchos,American Crow,0.9163,D:\Bird_Anuran_ARUs\IF06\SMM2-31_20260421_060402.wav
1527.0,1530.0,Molothrus ater,Brown-headed Cowbird,0.6174,D:\Bird_Anuran_ARUs\IF06\SMM2-31_20260421_060402.wav
1527.0,1530.0,Pipilo erythrophthalmus,Eastern Towhee,0.2626,D:\Bird_Anuran_ARUs\IF06\SMM2-31_20260421_060402.wav
1530.0,1533.0,Corvus brachyrhynchos,American Crow,0.9472,D:\Bird_Anuran_ARUs\IF06\SMM2-31_20260421_060402.wav
1530.0,1533.0,Pipilo erythrophthalmus,Eastern Towhee,0.6995,D:\Bird_Anuran_ARUs\IF06\SMM2-31_20260421_060402.wav
1533.0,1536.0,Corvus brachyrhynchos,American Crow,0.6878,D:\Bird_Anuran_ARUs\IF06\SMM2-31_20260421_060402.wav
1536.0,1539.0,Corvus brachyrhynchos,American Crow,0.9212,D:\Bird_Anuran_ARUs\IF06\SMM2-31_20260421_060402.wav
1539.0,1542.0,Corvus brachyrhynchos,American Crow,0.9994,D:\Bird_Anuran_ARUs\IF06\SMM2-31_20260421_060402.wav
1539.0,1542.0,Setophaga citrina,Hooded Warbler,0.7545,D:\Bird_Anuran_ARUs\IF06\SMM2-31_20260421_060402.wav
1542.0,1545.0,Corvus brachyrhynchos,American Crow,0.9605,D:\Bird_Anuran_ARUs\IF06\SMM2-31_20260421_060402.wav
1542.0,1545.0,Pipilo erythrophthalmus,Eastern Towhee,0.3312,D:\Bird_Anuran_ARUs\IF06\SMM2-31_20260421_060402.wav
1548.0,1551.0,Setophaga citrina,Hooded Warbler,0.5795,D:\Bird_Anuran_ARUs\IF06\SMM2-31_20260421_060402.wav
1548.0,1551.0,Corvus brachyrhynchos,American Crow,0.5068,D:\Bird_Anuran_ARUs\IF06\SMM2-31_20260421_060402.wav
1557.0,1560.0,Molothrus ater,Brown-headed Cowbird,0.7225,D:\Bird_Anuran_ARUs\IF06\SMM2-31_20260421_060402.wav
1557.0,1560.0,Corvus brachyrhynchos,American Crow,0.3609,D:\Bird_Anuran_ARUs\IF06\SMM2-31_20260421_060402.wav
1563.0,1566.0,Corvus brachyrhynchos,American Crow,0.3386,D:\Bird_Anuran_ARUs\IF06\SMM2-31_20260421_060402.wav
1566.0,1569.0,Corvus brachyrhynchos,American Crow,0.8181,D:\Bird_Anuran_ARUs\IF06\SMM2-31_20260421_060402.wav
1569.0,1572.0,Toxostoma rufum,Brown Thrasher,0.3159,D:\Bird_Anuran_ARUs\IF06\SMM2-31_20260421_060402.wav
1578.0,1581.0,Molothrus ater,Brown-headed Cowbird,0.7744,D:\Bird_Anuran_ARUs\IF06\SMM2-31_20260421_060402.wav
1578.0,1581.0,Corvus brachyrhynchos,American Crow,0.2707,D:\Bird_Anuran_ARUs\IF06\SMM2-31_20260421_060402.wav
1596.0,1599.0,Setophaga citrina,Hooded Warbler,0.4494,D:\Bird_Anuran_ARUs\IF06\SMM2-31_20260421_060402.wav
1596.0,1599.0,Corvus brachyrhynchos,American Crow,0.4327,D:\Bird_Anuran_ARUs\IF06\SMM2-31_20260421_060402.wav
1602.0,1605.0,Molothrus ater,Brown-headed Cowbird,0.4100,D:\Bird_Anuran_ARUs\IF06\SMM2-31_20260421_060402.wav
1617.0,1620.0,Molothrus ater,Brown-headed Cowbird,0.7773,D:\Bird_Anuran_ARUs\IF06\SMM2-31_20260421_060402.wav
1617.0,1620.0,Corvus brachyrhynchos,American Crow,0.2981,D:\Bird_Anuran_ARUs\IF06\SMM2-31_20260421_060402.wav
1620.0,1623.0,Corvus brachyrhynchos,American Crow,0.7340,D:\Bird_Anuran_ARUs\IF06\SMM2-31_20260421_060402.wav
1623.0,1626.0,Corvus brachyrhynchos,American Crow,0.2606,D:\Bird_Anuran_ARUs\IF06\SMM2-31_20260421_060402.wav
1626.0,1629.0,Corvus brachyrhynchos,American Crow,0.5756,D:\Bird_Anuran_ARUs\IF06\SMM2-31_20260421_060402.wav
1626.0,1629.0,Pipilo erythrophthalmus,Eastern Towhee,0.3819,D:\Bird_Anuran_ARUs\IF06\SMM2-31_20260421_060402.wav
1629.0,1632.0,Corvus brachyrhynchos,American Crow,0.8929,D:\Bird_Anuran_ARUs\IF06\SMM2-31_20260421_060402.wav
1629.0,1632.0,Pipilo erythrophthalmus,Eastern Towhee,0.6809,D:\Bird_Anuran_ARUs\IF06\SMM2-31_20260421_060402.wav
1632.0,1635.0,Corvus brachyrhynchos,American Crow,0.3668,D:\Bird_Anuran_ARUs\IF06\SMM2-31_20260421_060402.wav
1635.0,1638.0,Corvus brachyrhynchos,American Crow,0.9704,D:\Bird_Anuran_ARUs\IF06\SMM2-31_20260421_060402.wav
1635.0,1638.0,Pipilo erythrophthalmus,Eastern Towhee,0.5653,D:\Bird_Anuran_ARUs\IF06\SMM2-31_20260421_060402.wav
1638.0,1641.0,Molothrus ater,Brown-headed Cowbird,0.9728,D:\Bird_Anuran_ARUs\IF06\SMM2-31_20260421_060402.wav
1638.0,1641.0,Corvus brachyrhynchos,American Crow,0.6927,D:\Bird_Anuran_ARUs\IF06\SMM2-31_20260421_060402.wav
1641.0,1644.0,Corvus brachyrhynchos,American Crow,0.5072,D:\Bird_Anuran_ARUs\IF06\SMM2-31_20260421_060402.wav
1641.0,1644.0,Setophaga citrina,Hooded Warbler,0.3244,D:\Bird_Anuran_ARUs\IF06\SMM2-31_20260421_060402.wav
1647.0,1650.0,Corvus brachyrhynchos,American Crow,0.7595,D:\Bird_Anuran_ARUs\IF06\SMM2-31_20260421_060402.wav
1650.0,1653.0,Corvus brachyrhynchos,American Crow,0.3849,D:\Bird_Anuran_ARUs\IF06\SMM2-31_20260421_060402.wav
1650.0,1653.0,Pipilo erythrophthalmus,Eastern Towhee,0.2968,D:\Bird_Anuran_ARUs\IF06\SMM2-31_20260421_060402.wav
1656.0,1659.0,Corvus brachyrhynchos,American Crow,0.9768,D:\Bird_Anuran_ARUs\IF06\SMM2-31_20260421_060402.wav
1656.0,1659.0,Pipilo erythrophthalmus,Eastern Towhee,0.3539,D:\Bird_Anuran_ARUs\IF06\SMM2-31_20260421_060402.wav
1662.0,1665.0,Corvus brachyrhynchos,American Crow,0.6539,D:\Bird_Anuran_ARUs\IF06\SMM2-31_20260421_060402.wav
1662.0,1665.0,Dumetella carolinensis,Gray Catbird,0.3604,D:\Bird_Anuran_ARUs\IF06\SMM2-31_20260421_060402.wav
1665.0,1668.0,Corvus brachyrhynchos,American Crow,0.4752,D:\Bird_Anuran_ARUs\IF06\SMM2-31_20260421_060402.wav
1668.0,1671.0,Molothrus ater,Brown-headed Cowbird,0.5318,D:\Bird_Anuran_ARUs\IF06\SMM2-31_20260421_060402.wav
1668.0,1671.0,Corvus brachyrhynchos,American Crow,0.3147,D:\Bird_Anuran_ARUs\IF06\SMM2-31_20260421_060402.wav
1674.0,1677.0,Corvus brachyrhynchos,American Crow,0.6010,D:\Bird_Anuran_ARUs\IF06\SMM2-31_20260421_060402.wav
1677.0,1680.0,Corvus brachyrhynchos,American Crow,0.2801,D:\Bird_Anuran_ARUs\IF06\SMM2-31_20260421_060402.wav
1686.0,1689.0,Molothrus ater,Brown-headed Cowbird,0.6198,D:\Bird_Anuran_ARUs\IF06\SMM2-31_20260421_060402.wav
1692.0,1695.0,Corvus brachyrhynchos,American Crow,0.2749,D:\Bird_Anuran_ARUs\IF06\SMM2-31_20260421_060402.wav
1725.0,1728.0,Corvus brachyrhynchos,American Crow,0.8461,D:\Bird_Anuran_ARUs\IF06\SMM2-31_20260421_060402.wav
1725.0,1728.0,Pipilo erythrophthalmus,Eastern Towhee,0.4161,D:\Bird_Anuran_ARUs\IF06\SMM2-31_20260421_060402.wav
1728.0,1731.0,Corvus brachyrhynchos,American Crow,0.3843,D:\Bird_Anuran_ARUs\IF06\SMM2-31_20260421_060402.wav
1743.0,1746.0,Toxostoma rufum,Brown Thrasher,0.5477,D:\Bird_Anuran_ARUs\IF06\SMM2-31_20260421_060402.wav
1773.0,1776.0,Corvus brachyrhynchos,American Crow,0.3727,D:\Bird_Anuran_ARUs\IF06\SMM2-31_20260421_060402.wav
1773.0,1776.0,Pipilo erythrophthalmus,Eastern Towhee,0.3054,D:\Bird_Anuran_ARUs\IF06\SMM2-31_20260421_060402.wav
1779.0,1782.0,Corvus brachyrhynchos,American Crow,0.3983,D:\Bird_Anuran_ARUs\IF06\SMM2-31_20260421_060402.wav
1779.0,1782.0,Geothlypis trichas,Common Yellowthroat,0.3791,D:\Bird_Anuran_ARUs\IF06\SMM2-31_20260421_060402.wav
1782.0,1785.0,Corvus brachyrhynchos,American Crow,0.7998,D:\Bird_Anuran_ARUs\IF06\SMM2-31_20260421_060402.wav
1782.0,1785.0,Pipilo erythrophthalmus,Eastern Towhee,0.5344,D:\Bird_Anuran_ARUs\IF06\SMM2-31_20260421_060402.wav
1788.0,1791.0,Pipilo erythrophthalmus,Eastern Towhee,0.5726,D:\Bird_Anuran_ARUs\IF06\SMM2-31_20260421_060402.wav
1791.0,1794.0,Setophaga citrina,Hooded Warbler,0.7098,D:\Bird_Anuran_ARUs\IF06\SMM2-31_20260421_060402.wav
1791.0,1794.0,Corvus brachyrhynchos,American Crow,0.3881,D:\Bird_Anuran_ARUs\IF06\SMM2-31_20260421_060402.wav
1794.0,1797.0,Corvus brachyrhynchos,American Crow,0.3338,D:\Bird_Anuran_ARUs\IF06\SMM2-31_20260421_060402.wav
1797.0,1800.0,Piranga olivacea,Scarlet Tanager,0.5111,D:\Bird_Anuran_ARUs\IF06\SMM2-31_20260421_060402.wav
1797.0,1800.0,Seiurus aurocapilla,Ovenbird,0.3264,D:\Bird_Anuran_ARUs\IF06\SMM2-31_20260421_060402.wav
1797.0,1800.0,Corvus brachyrhynchos,American Crow,0.2557,D:\Bird_Anuran_ARUs\IF06\SMM2-31_20260421_060402.wav
1803.0,1806.0,Corvus brachyrhynchos,American Crow,0.4806,D:\Bird_Anuran_ARUs\IF06\SMM2-31_20260421_060402.wav
1806.0,1809.0,Corvus brachyrhynchos,American Crow,0.2682,D:\Bird_Anuran_ARUs\IF06\SMM2-31_20260421_060402.wav
1809.0,1812.0,Corvus brachyrhynchos,American Crow,0.2634,D:\Bird_Anuran_ARUs\IF06\SMM2-31_20260421_060402.wav
1815.0,1818.0,Corvus brachyrhynchos,American Crow,0.4435,D:\Bird_Anuran_ARUs\IF06\SMM2-31_20260421_060402.wav
1818.0,1821.0,Pipilo erythrophthalmus,Eastern Towhee,0.7426,D:\Bird_Anuran_ARUs\IF06\SMM2-31_20260421_060402.wav
1818.0,1821.0,Corvus brachyrhynchos,American Crow,0.4043,D:\Bird_Anuran_ARUs\IF06\SMM2-31_20260421_060402.wav
1821.0,1824.0,Dumetella carolinensis,Gray Catbird,0.2541,D:\Bird_Anuran_ARUs\IF06\SMM2-31_20260421_060402.wav
1827.0,1830.0,Corvus brachyrhynchos,American Crow,0.9751,D:\Bird_Anuran_ARUs\IF06\SMM2-31_20260421_060402.wav
1827.0,1830.0,Pipilo erythrophthalmus,Eastern Towhee,0.9737,D:\Bird_Anuran_ARUs\IF06\SMM2-31_20260421_060402.wav
1830.0,1833.0,Corvus brachyrhynchos,American Crow,0.6626,D:\Bird_Anuran_ARUs\IF06\SMM2-31_20260421_060402.wav
1830.0,1833.0,Seiurus aurocapilla,Ovenbird,0.3403,D:\Bird_Anuran_ARUs\IF06\SMM2-31_20260421_060402.wav
1830.0,1833.0,Cyanocitta cristata,Blue Jay,0.2985,D:\Bird_Anuran_ARUs\IF06\SMM2-31_20260421_060402.wav
1833.0,1836.0,Pipilo erythrophthalmus,Eastern Towhee,0.9610,D:\Bird_Anuran_ARUs\IF06\SMM2-31_20260421_060402.wav
1833.0,1836.0,Corvus brachyrhynchos,American Crow,0.8093,D:\Bird_Anuran_ARUs\IF06\SMM2-31_20260421_060402.wav
1833.0,1836.0,Piranga olivacea,Scarlet Tanager,0.2732,D:\Bird_Anuran_ARUs\IF06\SMM2-31_20260421_060402.wav
1839.0,1842.0,Pipilo erythrophthalmus,Eastern Towhee,0.9214,D:\Bird_Anuran_ARUs\IF06\SMM2-31_20260421_060402.wav
1839.0,1842.0,Corvus brachyrhynchos,American Crow,0.5099,D:\Bird_Anuran_ARUs\IF06\SMM2-31_20260421_060402.wav
1848.0,1851.0,Pipilo erythrophthalmus,Eastern Towhee,0.7896,D:\Bird_Anuran_ARUs\IF06\SMM2-31_20260421_060402.wav
1851.0,1854.0,Molothrus ater,Brown-headed Cowbird,0.3985,D:\Bird_Anuran_ARUs\IF06\SMM2-31_20260421_060402.wav
1851.0,1854.0,Corvus brachyrhynchos,American Crow,0.2797,D:\Bird_Anuran_ARUs\IF06\SMM2-31_20260421_060402.wav
1851.0,1854.0,Setophaga citrina,Hooded Warbler,0.2663,D:\Bird_Anuran_ARUs\IF06\SMM2-31_20260421_060402.wav
1854.0,1857.0,Pipilo erythrophthalmus,Eastern Towhee,0.9599,D:\Bird_Anuran_ARUs\IF06\SMM2-31_20260421_060402.wav
1854.0,1857.0,Corvus brachyrhynchos,American Crow,0.9494,D:\Bird_Anuran_ARUs\IF06\SMM2-31_20260421_060402.wav
1860.0,1863.0,Pipilo erythrophthalmus,Eastern Towhee,0.8085,D:\Bird_Anuran_ARUs\IF06\SMM2-31_20260421_060402.wav
1860.0,1863.0,Corvus brachyrhynchos,American Crow,0.3916,D:\Bird_Anuran_ARUs\IF06\SMM2-31_20260421_060402.wav
1863.0,1866.0,Setophaga citrina,Hooded Warbler,0.4619,D:\Bird_Anuran_ARUs\IF06\SMM2-31_20260421_060402.wav
1866.0,1869.0,Pipilo erythrophthalmus,Eastern Towhee,0.8701,D:\Bird_Anuran_ARUs\IF06\SMM2-31_20260421_060402.wav
1869.0,1872.0,Geothlypis trichas,Common Yellowthroat,0.2988,D:\Bird_Anuran_ARUs\IF06\SMM2-31_20260421_060402.wav
1872.0,1875.0,Pipilo erythrophthalmus,Eastern Towhee,0.9184,D:\Bird_Anuran_ARUs\IF06\SMM2-31_20260421_060402.wav
1875.0,1878.0,Setophaga citrina,Hooded Warbler,0.8749,D:\Bird_Anuran_ARUs\IF06\SMM2-31_20260421_060402.wav
1875.0,1878.0,Corvus brachyrhynchos,American Crow,0.5799,D:\Bird_Anuran_ARUs\IF06\SMM2-31_20260421_060402.wav
1878.0,1881.0,Pipilo erythrophthalmus,Eastern Towhee,0.9339,D:\Bird_Anuran_ARUs\IF06\SMM2-31_20260421_060402.wav
1884.0,1887.0,Pipilo erythrophthalmus,Eastern Towhee,0.8792,D:\Bird_Anuran_ARUs\IF06\SMM2-31_20260421_060402.wav
1887.0,1890.0,Setophaga citrina,Hooded Warbler,0.6396,D:\Bird_Anuran_ARUs\IF06\SMM2-31_20260421_060402.wav
1893.0,1896.0,Pipilo erythrophthalmus,Eastern Towhee,0.9756,D:\Bird_Anuran_ARUs\IF06\SMM2-31_20260421_060402.wav
1893.0,1896.0,Corvus brachyrhynchos,American Crow,0.8159,D:\Bird_Anuran_ARUs\IF06\SMM2-31_20260421_060402.wav
1896.0,1899.0,Corvus brachyrhynchos,American Crow,0.4198,D:\Bird_Anuran_ARUs\IF06\SMM2-31_20260421_060402.wav
1896.0,1899.0,Piranga olivacea,Scarlet Tanager,0.2648,D:\Bird_Anuran_ARUs\IF06\SMM2-31_20260421_060402.wav
1899.0,1902.0,Pipilo erythrophthalmus,Eastern Towhee,0.7517,D:\Bird_Anuran_ARUs\IF06\SMM2-31_20260421_060402.wav
1899.0,1902.0,Corvus brachyrhynchos,American Crow,0.3588,D:\Bird_Anuran_ARUs\IF06\SMM2-31_20260421_060402.wav
1902.0,1905.0,Corvus brachyrhynchos,American Crow,0.5190,D:\Bird_Anuran_ARUs\IF06\SMM2-31_20260421_060402.wav
1905.0,1908.0,Pipilo erythrophthalmus,Eastern Towhee,0.9834,D:\Bird_Anuran_ARUs\IF06\SMM2-31_20260421_060402.wav
1905.0,1908.0,Corvus brachyrhynchos,American Crow,0.9086,D:\Bird_Anuran_ARUs\IF06\SMM2-31_20260421_060402.wav
1908.0,1911.0,Corvus brachyrhynchos,American Crow,0.5657,D:\Bird_Anuran_ARUs\IF06\SMM2-31_20260421_060402.wav
1911.0,1914.0,Pipilo erythrophthalmus,Eastern Towhee,0.9080,D:\Bird_Anuran_ARUs\IF06\SMM2-31_20260421_060402.wav
1914.0,1917.0,Molothrus ater,Brown-headed Cowbird,0.7075,D:\Bird_Anuran_ARUs\IF06\SMM2-31_20260421_060402.wav
1917.0,1920.0,Pipilo erythrophthalmus,Eastern Towhee,0.9042,D:\Bird_Anuran_ARUs\IF06\SMM2-31_20260421_060402.wav
1917.0,1920.0,Corvus brachyrhynchos,American Crow,0.5036,D:\Bird_Anuran_ARUs\IF06\SMM2-31_20260421_060402.wav
1920.0,1923.0,Pipilo erythrophthalmus,Eastern Towhee,0.8790,D:\Bird_Anuran_ARUs\IF06\SMM2-31_20260421_060402.wav
1920.0,1923.0,Corvus brachyrhynchos,American Crow,0.2678,D:\Bird_Anuran_ARUs\IF06\SMM2-31_20260421_060402.wav
1923.0,1926.0,Corvus brachyrhynchos,American Crow,0.3784,D:\Bird_Anuran_ARUs\IF06\SMM2-31_20260421_060402.wav
1926.0,1929.0,Pipilo erythrophthalmus,Eastern Towhee,0.9467,D:\Bird_Anuran_ARUs\IF06\SMM2-31_20260421_060402.wav
1926.0,1929.0,Corvus brachyrhynchos,American Crow,0.9371,D:\Bird_Anuran_ARUs\IF06\SMM2-31_20260421_060402.wav
1929.0,1932.0,Dryocopus pileatus,Pileated Woodpecker,0.5117,D:\Bird_Anuran_ARUs\IF06\SMM2-31_20260421_060402.wav
1932.0,1935.0,Pipilo erythrophthalmus,Eastern Towhee,0.8242,D:\Bird_Anuran_ARUs\IF06\SMM2-31_20260421_060402.wav
1941.0,1944.0,Pipilo erythrophthalmus,Eastern Towhee,0.6661,D:\Bird_Anuran_ARUs\IF06\SMM2-31_20260421_060402.wav
1947.0,1950.0,Pipilo erythrophthalmus,Eastern Towhee,0.8750,D:\Bird_Anuran_ARUs\IF06\SMM2-31_20260421_060402.wav
1947.0,1950.0,Corvus brachyrhynchos,American Crow,0.4318,D:\Bird_Anuran_ARUs\IF06\SMM2-31_20260421_060402.wav
1953.0,1956.0,Pipilo erythrophthalmus,Eastern Towhee,0.8265,D:\Bird_Anuran_ARUs\IF06\SMM2-31_20260421_060402.wav
1959.0,1962.0,Pipilo erythrophthalmus,Eastern Towhee,0.8331,D:\Bird_Anuran_ARUs\IF06\SMM2-31_20260421_060402.wav
1959.0,1962.0,Corvus brachyrhynchos,American Crow,0.4607,D:\Bird_Anuran_ARUs\IF06\SMM2-31_20260421_060402.wav
1962.0,1965.0,Setophaga citrina,Hooded Warbler,0.3373,D:\Bird_Anuran_ARUs\IF06\SMM2-31_20260421_060402.wav
1968.0,1971.0,Pipilo erythrophthalmus,Eastern Towhee,0.8069,D:\Bird_Anuran_ARUs\IF06\SMM2-31_20260421_060402.wav
1974.0,1977.0,Pipilo erythrophthalmus,Eastern Towhee,0.6141,D:\Bird_Anuran_ARUs\IF06\SMM2-31_20260421_060402.wav
1986.0,1989.0,Setophaga citrina,Hooded Warbler,0.6369,D:\Bird_Anuran_ARUs\IF06\SMM2-31_20260421_060402.wav
1998.0,2001.0,Pipilo erythrophthalmus,Eastern Towhee,0.3245,D:\Bird_Anuran_ARUs\IF06\SMM2-31_20260421_060402.wav
2004.0,2007.0,Molothrus ater,Brown-headed Cowbird,0.5621,D:\Bird_Anuran_ARUs\IF06\SMM2-31_20260421_060402.wav
2010.0,2013.0,Pipilo erythrophthalmus,Eastern Towhee,0.3771,D:\Bird_Anuran_ARUs\IF06\SMM2-31_20260421_060402.wav
2028.0,2031.0,Geothlypis trichas,Common Yellowthroat,0.3468,D:\Bird_Anuran_ARUs\IF06\SMM2-31_20260421_060402.wav
2037.0,2040.0,Pipilo erythrophthalmus,Eastern Towhee,0.5716,D:\Bird_Anuran_ARUs\IF06\SMM2-31_20260421_060402.wav
2040.0,2043.0,Pipilo erythrophthalmus,Eastern Towhee,0.4774,D:\Bird_Anuran_ARUs\IF06\SMM2-31_20260421_060402.wav
2040.0,2043.0,Corvus brachyrhynchos,American Crow,0.4416,D:\Bird_Anuran_ARUs\IF06\SMM2-31_20260421_060402.wav
2043.0,2046.0,Pipilo erythrophthalmus,Eastern Towhee,0.9659,D:\Bird_Anuran_ARUs\IF06\SMM2-31_20260421_060402.wav
2043.0,2046.0,Corvus brachyrhynchos,American Crow,0.8368,D:\Bird_Anuran_ARUs\IF06\SMM2-31_20260421_060402.wav
2046.0,2049.0,Pipilo erythrophthalmus,Eastern Towhee,0.5812,D:\Bird_Anuran_ARUs\IF06\SMM2-31_20260421_060402.wav
2052.0,2055.0,Pipilo erythrophthalmus,Eastern Towhee,0.4241,D:\Bird_Anuran_ARUs\IF06\SMM2-31_20260421_060402.wav
2058.0,2061.0,Pipilo erythrophthalmus,Eastern Towhee,0.5396,D:\Bird_Anuran_ARUs\IF06\SMM2-31_20260421_060402.wav
2064.0,2067.0,Pipilo erythrophthalmus,Eastern Towhee,0.6728,D:\Bird_Anuran_ARUs\IF06\SMM2-31_20260421_060402.wav
2064.0,2067.0,Corvus brachyrhynchos,American Crow,0.5028,D:\Bird_Anuran_ARUs\IF06\SMM2-31_20260421_060402.wav
2070.0,2073.0,Corvus brachyrhynchos,American Crow,0.5651,D:\Bird_Anuran_ARUs\IF06\SMM2-31_20260421_060402.wav
2070.0,2073.0,Piranga olivacea,Scarlet Tanager,0.4170,D:\Bird_Anuran_ARUs\IF06\SMM2-31_20260421_060402.wav
2070.0,2073.0,Pipilo erythrophthalmus,Eastern Towhee,0.3741,D:\Bird_Anuran_ARUs\IF06\SMM2-31_20260421_060402.wav
2079.0,2082.0,Pipilo erythrophthalmus,Eastern Towhee,0.7302,D:\Bird_Anuran_ARUs\IF06\SMM2-31_20260421_060402.wav
2085.0,2088.0,Pipilo erythrophthalmus,Eastern Towhee,0.8698,D:\Bird_Anuran_ARUs\IF06\SMM2-31_20260421_060402.wav
2085.0,2088.0,Corvus brachyrhynchos,American Crow,0.7617,D:\Bird_Anuran_ARUs\IF06\SMM2-31_20260421_060402.wav
2091.0,2094.0,Pipilo erythrophthalmus,Eastern Towhee,0.7108,D:\Bird_Anuran_ARUs\IF06\SMM2-31_20260421_060402.wav
2091.0,2094.0,Corvus brachyrhynchos,American Crow,0.3668,D:\Bird_Anuran_ARUs\IF06\SMM2-31_20260421_060402.wav
2094.0,2097.0,Corvus brachyrhynchos,American Crow,0.6674,D:\Bird_Anuran_ARUs\IF06\SMM2-31_20260421_060402.wav
2097.0,2100.0,Corvus brachyrhynchos,American Crow,0.9095,D:\Bird_Anuran_ARUs\IF06\SMM2-31_20260421_060402.wav
2097.0,2100.0,Pipilo erythrophthalmus,Eastern Towhee,0.7459,D:\Bird_Anuran_ARUs\IF06\SMM2-31_20260421_060402.wav
2100.0,2103.0,Corvus brachyrhynchos,American Crow,0.3408,D:\Bird_Anuran_ARUs\IF06\SMM2-31_20260421_060402.wav
2100.0,2103.0,Pipilo erythrophthalmus,Eastern Towhee,0.2637,D:\Bird_Anuran_ARUs\IF06\SMM2-31_20260421_060402.wav
2103.0,2106.0,Corvus brachyrhynchos,American Crow,0.4959,D:\Bird_Anuran_ARUs\IF06\SMM2-31_20260421_060402.wav
2103.0,2106.0,Pipilo erythrophthalmus,Eastern Towhee,0.3656,D:\Bird_Anuran_ARUs\IF06\SMM2-31_20260421_060402.wav
2103.0,2106.0,Piranga olivacea,Scarlet Tanager,0.2798,D:\Bird_Anuran_ARUs\IF06\SMM2-31_20260421_060402.wav
2106.0,2109.0,Corvus brachyrhynchos,American Crow,0.8404,D:\Bird_Anuran_ARUs\IF06\SMM2-31_20260421_060402.wav
2106.0,2109.0,Pipilo erythrophthalmus,Eastern Towhee,0.6820,D:\Bird_Anuran_ARUs\IF06\SMM2-31_20260421_060402.wav
2109.0,2112.0,Corvus brachyrhynchos,American Crow,0.9789,D:\Bird_Anuran_ARUs\IF06\SMM2-31_20260421_060402.wav
2109.0,2112.0,Piranga olivacea,Scarlet Tanager,0.3906,D:\Bird_Anuran_ARUs\IF06\SMM2-31_20260421_060402.wav
2112.0,2115.0,Corvus brachyrhynchos,American Crow,0.9636,D:\Bird_Anuran_ARUs\IF06\SMM2-31_20260421_060402.wav
2112.0,2115.0,Pipilo erythrophthalmus,Eastern Towhee,0.9635,D:\Bird_Anuran_ARUs\IF06\SMM2-31_20260421_060402.wav
2112.0,2115.0,Hylocichla mustelina,Wood Thrush,0.2894,D:\Bird_Anuran_ARUs\IF06\SMM2-31_20260421_060402.wav
2118.0,2121.0,Pipilo erythrophthalmus,Eastern Towhee,0.8837,D:\Bird_Anuran_ARUs\IF06\SMM2-31_20260421_060402.wav
2121.0,2124.0,Corvus brachyrhynchos,American Crow,0.3644,D:\Bird_Anuran_ARUs\IF06\SMM2-31_20260421_060402.wav
2124.0,2127.0,Pipilo erythrophthalmus,Eastern Towhee,0.8797,D:\Bird_Anuran_ARUs\IF06\SMM2-31_20260421_060402.wav
2127.0,2130.0,Setophaga citrina,Hooded Warbler,0.8069,D:\Bird_Anuran_ARUs\IF06\SMM2-31_20260421_060402.wav
2130.0,2133.0,Geothlypis trichas,Common Yellowthroat,0.3621,D:\Bird_Anuran_ARUs\IF06\SMM2-31_20260421_060402.wav
2130.0,2133.0,Setophaga citrina,Hooded Warbler,0.3269,D:\Bird_Anuran_ARUs\IF06\SMM2-31_20260421_060402.wav
2133.0,2136.0,Pipilo erythrophthalmus,Eastern Towhee,0.7251,D:\Bird_Anuran_ARUs\IF06\SMM2-31_20260421_060402.wav
2139.0,2142.0,Pipilo erythrophthalmus,Eastern Towhee,0.8186,D:\Bird_Anuran_ARUs\IF06\SMM2-31_20260421_060402.wav
2148.0,2151.0,Pipilo erythrophthalmus,Eastern Towhee,0.6292,D:\Bird_Anuran_ARUs\IF06\SMM2-31_20260421_060402.wav
2151.0,2154.0,Setophaga citrina,Hooded Warbler,0.3211,D:\Bird_Anuran_ARUs\IF06\SMM2-31_20260421_060402.wav
2154.0,2157.0,Pipilo erythrophthalmus,Eastern Towhee,0.6113,D:\Bird_Anuran_ARUs\IF06\SMM2-31_20260421_060402.wav
2154.0,2157.0,Corvus brachyrhynchos,American Crow,0.3022,D:\Bird_Anuran_ARUs\IF06\SMM2-31_20260421_060402.wav
2154.0,2157.0,Piranga olivacea,Scarlet Tanager,0.2730,D:\Bird_Anuran_ARUs\IF06\SMM2-31_20260421_060402.wav
2157.0,2160.0,Corvus brachyrhynchos,American Crow,0.5741,D:\Bird_Anuran_ARUs\IF06\SMM2-31_20260421_060402.wav
2160.0,2163.0,Pipilo erythrophthalmus,Eastern Towhee,0.8683,D:\Bird_Anuran_ARUs\IF06\SMM2-31_20260421_060402.wav
2160.0,2163.0,Corvus brachyrhynchos,American Crow,0.5035,D:\Bird_Anuran_ARUs\IF06\SMM2-31_20260421_060402.wav
2166.0,2169.0,Pipilo erythrophthalmus,Eastern Towhee,0.8176,D:\Bird_Anuran_ARUs\IF06\SMM2-31_20260421_060402.wav
2166.0,2169.0,Corvus brachyrhynchos,American Crow,0.7942,D:\Bird_Anuran_ARUs\IF06\SMM2-31_20260421_060402.wav
2169.0,2172.0,Corvus brachyrhynchos,American Crow,0.9168,D:\Bird_Anuran_ARUs\IF06\SMM2-31_20260421_060402.wav
2169.0,2172.0,Pipilo erythrophthalmus,Eastern Towhee,0.6548,D:\Bird_Anuran_ARUs\IF06\SMM2-31_20260421_060402.wav
2169.0,2172.0,Setophaga citrina,Hooded Warbler,0.2631,D:\Bird_Anuran_ARUs\IF06\SMM2-31_20260421_060402.wav
2172.0,2175.0,Corvus brachyrhynchos,American Crow,0.3315,D:\Bird_Anuran_ARUs\IF06\SMM2-31_20260421_060402.wav
2175.0,2178.0,Pipilo erythrophthalmus,Eastern Towhee,0.9579,D:\Bird_Anuran_ARUs\IF06\SMM2-31_20260421_060402.wav
2175.0,2178.0,Corvus brachyrhynchos,American Crow,0.9453,D:\Bird_Anuran_ARUs\IF06\SMM2-31_20260421_060402.wav
2181.0,2184.0,Pipilo erythrophthalmus,Eastern Towhee,0.8851,D:\Bird_Anuran_ARUs\IF06\SMM2-31_20260421_060402.wav
2181.0,2184.0,Corvus brachyrhynchos,American Crow,0.8300,D:\Bird_Anuran_ARUs\IF06\SMM2-31_20260421_060402.wav
2184.0,2187.0,Pipilo erythrophthalmus,Eastern Towhee,0.8562,D:\Bird_Anuran_ARUs\IF06\SMM2-31_20260421_060402.wav
2184.0,2187.0,Corvus brachyrhynchos,American Crow,0.5286,D:\Bird_Anuran_ARUs\IF06\SMM2-31_20260421_060402.wav
2190.0,2193.0,Corvus brachyrhynchos,American Crow,0.6218,D:\Bird_Anuran_ARUs\IF06\SMM2-31_20260421_060402.wav
2190.0,2193.0,Pipilo erythrophthalmus,Eastern Towhee,0.3347,D:\Bird_Anuran_ARUs\IF06\SMM2-31_20260421_060402.wav
2193.0,2196.0,Corvus brachyrhynchos,American Crow,0.4613,D:\Bird_Anuran_ARUs\IF06\SMM2-31_20260421_060402.wav
2196.0,2199.0,Pipilo erythrophthalmus,Eastern Towhee,0.4960,D:\Bird_Anuran_ARUs\IF06\SMM2-31_20260421_060402.wav
2202.0,2205.0,Corvus brachyrhynchos,American Crow,0.8624,D:\Bird_Anuran_ARUs\IF06\SMM2-31_20260421_060402.wav
2202.0,2205.0,Pipilo erythrophthalmus,Eastern Towhee,0.7708,D:\Bird_Anuran_ARUs\IF06\SMM2-31_20260421_060402.wav
2208.0,2211.0,Pipilo erythrophthalmus,Eastern Towhee,0.5013,D:\Bird_Anuran_ARUs\IF06\SMM2-31_20260421_060402.wav
2214.0,2217.0,Corvus brachyrhynchos,American Crow,0.5522,D:\Bird_Anuran_ARUs\IF06\SMM2-31_20260421_060402.wav
2214.0,2217.0,Piranga olivacea,Scarlet Tanager,0.4749,D:\Bird_Anuran_ARUs\IF06\SMM2-31_20260421_060402.wav
2217.0,2220.0,Pipilo erythrophthalmus,Eastern Towhee,0.8847,D:\Bird_Anuran_ARUs\IF06\SMM2-31_20260421_060402.wav
2217.0,2220.0,Corvus brachyrhynchos,American Crow,0.7877,D:\Bird_Anuran_ARUs\IF06\SMM2-31_20260421_060402.wav
2220.0,2223.0,Setophaga citrina,Hooded Warbler,0.3284,D:\Bird_Anuran_ARUs\IF06\SMM2-31_20260421_060402.wav
2223.0,2226.0,Pipilo erythrophthalmus,Eastern Towhee,0.2913,D:\Bird_Anuran_ARUs\IF06\SMM2-31_20260421_060402.wav
2229.0,2232.0,Pipilo erythrophthalmus,Eastern Towhee,0.7030,D:\Bird_Anuran_ARUs\IF06\SMM2-31_20260421_060402.wav
2229.0,2232.0,Corvus brachyrhynchos,American Crow,0.3650,D:\Bird_Anuran_ARUs\IF06\SMM2-31_20260421_060402.wav
2229.0,2232.0,Cardinalis cardinalis,Northern Cardinal,0.3068,D:\Bird_Anuran_ARUs\IF06\SMM2-31_20260421_060402.wav
2232.0,2235.0,Cardinalis cardinalis,Northern Cardinal,0.3654,D:\Bird_Anuran_ARUs\IF06\SMM2-31_20260421_060402.wav
2238.0,2241.0,Pipilo erythrophthalmus,Eastern Towhee,0.7795,D:\Bird_Anuran_ARUs\IF06\SMM2-31_20260421_060402.wav
2238.0,2241.0,Cardinalis cardinalis,Northern Cardinal,0.4196,D:\Bird_Anuran_ARUs\IF06\SMM2-31_20260421_060402.wav
2241.0,2244.0,Setophaga citrina,Hooded Warbler,0.2636,D:\Bird_Anuran_ARUs\IF06\SMM2-31_20260421_060402.wav
2244.0,2247.0,Geothlypis trichas,Common Yellowthroat,0.3211,D:\Bird_Anuran_ARUs\IF06\SMM2-31_20260421_060402.wav
2244.0,2247.0,Cardinalis cardinalis,Northern Cardinal,0.3193,D:\Bird_Anuran_ARUs\IF06\SMM2-31_20260421_060402.wav
2247.0,2250.0,Cardinalis cardinalis,Northern Cardinal,0.4286,D:\Bird_Anuran_ARUs\IF06\SMM2-31_20260421_060402.wav
2250.0,2253.0,Pipilo erythrophthalmus,Eastern Towhee,0.9175,D:\Bird_Anuran_ARUs\IF06\SMM2-31_20260421_060402.wav
2253.0,2256.0,Setophaga citrina,Hooded Warbler,0.3214,D:\Bird_Anuran_ARUs\IF06\SMM2-31_20260421_060402.wav
2256.0,2259.0,Cardinalis cardinalis,Northern Cardinal,0.3706,D:\Bird_Anuran_ARUs\IF06\SMM2-31_20260421_060402.wav
2259.0,2262.0,Pipilo erythrophthalmus,Eastern Towhee,0.2686,D:\Bird_Anuran_ARUs\IF06\SMM2-31_20260421_060402.wav
2262.0,2265.0,Setophaga citrina,Hooded Warbler,0.2890,D:\Bird_Anuran_ARUs\IF06\SMM2-31_20260421_060402.wav
2265.0,2268.0,Cardinalis cardinalis,Northern Cardinal,0.4137,D:\Bird_Anuran_ARUs\IF06\SMM2-31_20260421_060402.wav
2268.0,2271.0,Pipilo erythrophthalmus,Eastern Towhee,0.6598,D:\Bird_Anuran_ARUs\IF06\SMM2-31_20260421_060402.wav
2268.0,2271.0,Cardinalis cardinalis,Northern Cardinal,0.4651,D:\Bird_Anuran_ARUs\IF06\SMM2-31_20260421_060402.wav
2277.0,2280.0,Setophaga citrina,Hooded Warbler,0.5613,D:\Bird_Anuran_ARUs\IF06\SMM2-31_20260421_060402.wav
2280.0,2283.0,Pipilo erythrophthalmus,Eastern Towhee,0.2756,D:\Bird_Anuran_ARUs\IF06\SMM2-31_20260421_060402.wav
2292.0,2295.0,Corvus brachyrhynchos,American Crow,0.4378,D:\Bird_Anuran_ARUs\IF06\SMM2-31_20260421_060402.wav
2295.0,2298.0,Pipilo erythrophthalmus,Eastern Towhee,0.6713,D:\Bird_Anuran_ARUs\IF06\SMM2-31_20260421_060402.wav
2298.0,2301.0,Setophaga citrina,Hooded Warbler,0.6264,D:\Bird_Anuran_ARUs\IF06\SMM2-31_20260421_060402.wav
2304.0,2307.0,Pipilo erythrophthalmus,Eastern Towhee,0.9627,D:\Bird_Anuran_ARUs\IF06\SMM2-31_20260421_060402.wav
2304.0,2307.0,Corvus brachyrhynchos,American Crow,0.9487,D:\Bird_Anuran_ARUs\IF06\SMM2-31_20260421_060402.wav
2307.0,2310.0,Corvus brachyrhynchos,American Crow,0.2929,D:\Bird_Anuran_ARUs\IF06\SMM2-31_20260421_060402.wav
2310.0,2313.0,Setophaga citrina,Hooded Warbler,0.7737,D:\Bird_Anuran_ARUs\IF06\SMM2-31_20260421_060402.wav
2310.0,2313.0,Corvus brachyrhynchos,American Crow,0.4702,D:\Bird_Anuran_ARUs\IF06\SMM2-31_20260421_060402.wav
2316.0,2319.0,Cardinalis cardinalis,Northern Cardinal,0.3193,D:\Bird_Anuran_ARUs\IF06\SMM2-31_20260421_060402.wav
2322.0,2325.0,Pipilo erythrophthalmus,Eastern Towhee,0.8717,D:\Bird_Anuran_ARUs\IF06\SMM2-31_20260421_060402.wav
2322.0,2325.0,Corvus brachyrhynchos,American Crow,0.8304,D:\Bird_Anuran_ARUs\IF06\SMM2-31_20260421_060402.wav
2325.0,2328.0,Corvus brachyrhynchos,American Crow,0.4571,D:\Bird_Anuran_ARUs\IF06\SMM2-31_20260421_060402.wav
2331.0,2334.0,Corvus brachyrhynchos,American Crow,0.3271,D:\Bird_Anuran_ARUs\IF06\SMM2-31_20260421_060402.wav
2340.0,2343.0,Pipilo erythrophthalmus,Eastern Towhee,0.5789,D:\Bird_Anuran_ARUs\IF06\SMM2-31_20260421_060402.wav
2346.0,2349.0,Setophaga citrina,Hooded Warbler,0.6226,D:\Bird_Anuran_ARUs\IF06\SMM2-31_20260421_060402.wav
2361.0,2364.0,Pipilo erythrophthalmus,Eastern Towhee,0.3315,D:\Bird_Anuran_ARUs\IF06\SMM2-31_20260421_060402.wav
2361.0,2364.0,Setophaga pinus,Pine Warbler,0.3301,D:\Bird_Anuran_ARUs\IF06\SMM2-31_20260421_060402.wav
2370.0,2373.0,Pipilo erythrophthalmus,Eastern Towhee,0.4222,D:\Bird_Anuran_ARUs\IF06\SMM2-31_20260421_060402.wav
2379.0,2382.0,Pipilo erythrophthalmus,Eastern Towhee,0.4671,D:\Bird_Anuran_ARUs\IF06\SMM2-31_20260421_060402.wav
2382.0,2385.0,Setophaga citrina,Hooded Warbler,0.5610,D:\Bird_Anuran_ARUs\IF06\SMM2-31_20260421_060402.wav
2382.0,2385.0,Corvus brachyrhynchos,American Crow,0.2722,D:\Bird_Anuran_ARUs\IF06\SMM2-31_20260421_060402.wav
2388.0,2391.0,Molothrus ater,Brown-headed Cowbird,0.4992,D:\Bird_Anuran_ARUs\IF06\SMM2-31_20260421_060402.wav
2388.0,2391.0,Corvus brachyrhynchos,American Crow,0.2679,D:\Bird_Anuran_ARUs\IF06\SMM2-31_20260421_060402.wav
2391.0,2394.0,Corvus brachyrhynchos,American Crow,0.3801,D:\Bird_Anuran_ARUs\IF06\SMM2-31_20260421_060402.wav
2394.0,2397.0,Corvus brachyrhynchos,American Crow,0.8488,D:\Bird_Anuran_ARUs\IF06\SMM2-31_20260421_060402.wav
2394.0,2397.0,Pipilo erythrophthalmus,Eastern Towhee,0.7339,D:\Bird_Anuran_ARUs\IF06\SMM2-31_20260421_060402.wav
2394.0,2397.0,Setophaga citrina,Hooded Warbler,0.3109,D:\Bird_Anuran_ARUs\IF06\SMM2-31_20260421_060402.wav
2397.0,2400.0,Corvus brachyrhynchos,American Crow,0.5452,D:\Bird_Anuran_ARUs\IF06\SMM2-31_20260421_060402.wav
2400.0,2403.0,Corvus brachyrhynchos,American Crow,0.9565,D:\Bird_Anuran_ARUs\IF06\SMM2-31_20260421_060402.wav
2400.0,2403.0,Cardinalis cardinalis,Northern Cardinal,0.4540,D:\Bird_Anuran_ARUs\IF06\SMM2-31_20260421_060402.wav
2403.0,2406.0,Cardinalis cardinalis,Northern Cardinal,0.4063,D:\Bird_Anuran_ARUs\IF06\SMM2-31_20260421_060402.wav
2406.0,2409.0,Corvus brachyrhynchos,American Crow,0.8565,D:\Bird_Anuran_ARUs\IF06\SMM2-31_20260421_060402.wav
2406.0,2409.0,Pipilo erythrophthalmus,Eastern Towhee,0.4539,D:\Bird_Anuran_ARUs\IF06\SMM2-31_20260421_060402.wav
2421.0,2424.0,Setophaga citrina,Hooded Warbler,0.2510,D:\Bird_Anuran_ARUs\IF06\SMM2-31_20260421_060402.wav
2445.0,2448.0,Setophaga citrina,Hooded Warbler,0.4988,D:\Bird_Anuran_ARUs\IF06\SMM2-31_20260421_060402.wav
2451.0,2454.0,Corvus brachyrhynchos,American Crow,0.7914,D:\Bird_Anuran_ARUs\IF06\SMM2-31_20260421_060402.wav
2451.0,2454.0,Molothrus ater,Brown-headed Cowbird,0.3630,D:\Bird_Anuran_ARUs\IF06\SMM2-31_20260421_060402.wav
2460.0,2463.0,Setophaga citrina,Hooded Warbler,0.6922,D:\Bird_Anuran_ARUs\IF06\SMM2-31_20260421_060402.wav
2469.0,2472.0,Corvus brachyrhynchos,American Crow,0.4343,D:\Bird_Anuran_ARUs\IF06\SMM2-31_20260421_060402.wav
2469.0,2472.0,Cardinalis cardinalis,Northern Cardinal,0.2560,D:\Bird_Anuran_ARUs\IF06\SMM2-31_20260421_060402.wav
2472.0,2475.0,Setophaga citrina,Hooded Warbler,0.3871,D:\Bird_Anuran_ARUs\IF06\SMM2-31_20260421_060402.wav
2475.0,2478.0,Corvus brachyrhynchos,American Crow,0.6663,D:\Bird_Anuran_ARUs\IF06\SMM2-31_20260421_060402.wav
2478.0,2481.0,Corvus brachyrhynchos,American Crow,0.3960,D:\Bird_Anuran_ARUs\IF06\SMM2-31_20260421_060402.wav
2481.0,2484.0,Corvus brachyrhynchos,American Crow,0.9373,D:\Bird_Anuran_ARUs\IF06\SMM2-31_20260421_060402.wav
2484.0,2487.0,Cardinalis cardinalis,Northern Cardinal,0.3854,D:\Bird_Anuran_ARUs\IF06\SMM2-31_20260421_060402.wav
2490.0,2493.0,Corvus brachyrhynchos,American Crow,0.7415,D:\Bird_Anuran_ARUs\IF06\SMM2-31_20260421_060402.wav
2493.0,2496.0,Cardinalis cardinalis,Northern Cardinal,0.3341,D:\Bird_Anuran_ARUs\IF06\SMM2-31_20260421_060402.wav
2496.0,2499.0,Cardinalis cardinalis,Northern Cardinal,0.8328,D:\Bird_Anuran_ARUs\IF06\SMM2-31_20260421_060402.wav
2499.0,2502.0,Setophaga citrina,Hooded Warbler,0.9033,D:\Bird_Anuran_ARUs\IF06\SMM2-31_20260421_060402.wav
2502.0,2505.0,Corvus brachyrhynchos,American Crow,0.9488,D:\Bird_Anuran_ARUs\IF06\SMM2-31_20260421_060402.wav
2502.0,2505.0,Setophaga citrina,Hooded Warbler,0.5602,D:\Bird_Anuran_ARUs\IF06\SMM2-31_20260421_060402.wav
2505.0,2508.0,Cardinalis cardinalis,Northern Cardinal,0.3653,D:\Bird_Anuran_ARUs\IF06\SMM2-31_20260421_060402.wav
2508.0,2511.0,Corvus brachyrhynchos,American Crow,0.3761,D:\Bird_Anuran_ARUs\IF06\SMM2-31_20260421_060402.wav
2511.0,2514.0,Cardinalis cardinalis,Northern Cardinal,0.2689,D:\Bird_Anuran_ARUs\IF06\SMM2-31_20260421_060402.wav
2517.0,2520.0,Cardinalis cardinalis,Northern Cardinal,0.5576,D:\Bird_Anuran_ARUs\IF06\SMM2-31_20260421_060402.wav
2520.0,2523.0,Setophaga citrina,Hooded Warbler,0.3171,D:\Bird_Anuran_ARUs\IF06\SMM2-31_20260421_060402.wav
2523.0,2526.0,Geothlypis trichas,Common Yellowthroat,0.3534,D:\Bird_Anuran_ARUs\IF06\SMM2-31_20260421_060402.wav
2526.0,2529.0,Cardinalis cardinalis,Northern Cardinal,0.4082,D:\Bird_Anuran_ARUs\IF06\SMM2-31_20260421_060402.wav
2526.0,2529.0,Setophaga citrina,Hooded Warbler,0.2693,D:\Bird_Anuran_ARUs\IF06\SMM2-31_20260421_060402.wav
2532.0,2535.0,Pipilo erythrophthalmus,Eastern Towhee,0.4893,D:\Bird_Anuran_ARUs\IF06\SMM2-31_20260421_060402.wav
2535.0,2538.0,Geothlypis trichas,Common Yellowthroat,0.3256,D:\Bird_Anuran_ARUs\IF06\SMM2-31_20260421_060402.wav
2538.0,2541.0,Pipilo erythrophthalmus,Eastern Towhee,0.3421,D:\Bird_Anuran_ARUs\IF06\SMM2-31_20260421_060402.wav
2553.0,2556.0,Pipilo erythrophthalmus,Eastern Towhee,0.7150,D:\Bird_Anuran_ARUs\IF06\SMM2-31_20260421_060402.wav
2556.0,2559.0,Setophaga citrina,Hooded Warbler,0.3064,D:\Bird_Anuran_ARUs\IF06\SMM2-31_20260421_060402.wav
2559.0,2562.0,Setophaga citrina,Hooded Warbler,0.4103,D:\Bird_Anuran_ARUs\IF06\SMM2-31_20260421_060402.wav
2562.0,2565.0,Pipilo erythrophthalmus,Eastern Towhee,0.6496,D:\Bird_Anuran_ARUs\IF06\SMM2-31_20260421_060402.wav
2568.0,2571.0,Pipilo erythrophthalmus,Eastern Towhee,0.5324,D:\Bird_Anuran_ARUs\IF06\SMM2-31_20260421_060402.wav
2574.0,2577.0,Setophaga citrina,Hooded Warbler,0.3816,D:\Bird_Anuran_ARUs\IF06\SMM2-31_20260421_060402.wav
2592.0,2595.0,Pipilo erythrophthalmus,Eastern Towhee,0.7480,D:\Bird_Anuran_ARUs\IF06\SMM2-31_20260421_060402.wav
2595.0,2598.0,Setophaga citrina,Hooded Warbler,0.6257,D:\Bird_Anuran_ARUs\IF06\SMM2-31_20260421_060402.wav
2598.0,2601.0,Pipilo erythrophthalmus,Eastern Towhee,0.6325,D:\Bird_Anuran_ARUs\IF06\SMM2-31_20260421_060402.wav
2607.0,2610.0,Pipilo erythrophthalmus,Eastern Towhee,0.5605,D:\Bird_Anuran_ARUs\IF06\SMM2-31_20260421_060402.wav
2616.0,2619.0,Pipilo erythrophthalmus,Eastern Towhee,0.6127,D:\Bird_Anuran_ARUs\IF06\SMM2-31_20260421_060402.wav
2622.0,2625.0,Geothlypis trichas,Common Yellowthroat,0.5297,D:\Bird_Anuran_ARUs\IF06\SMM2-31_20260421_060402.wav
2625.0,2628.0,Pipilo erythrophthalmus,Eastern Towhee,0.5905,D:\Bird_Anuran_ARUs\IF06\SMM2-31_20260421_060402.wav
2631.0,2634.0,Pipilo erythrophthalmus,Eastern Towhee,0.5017,D:\Bird_Anuran_ARUs\IF06\SMM2-31_20260421_060402.wav
2640.0,2643.0,Pipilo erythrophthalmus,Eastern Towhee,0.6946,D:\Bird_Anuran_ARUs\IF06\SMM2-31_20260421_060402.wav
2649.0,2652.0,Pipilo erythrophthalmus,Eastern Towhee,0.4085,D:\Bird_Anuran_ARUs\IF06\SMM2-31_20260421_060402.wav
2658.0,2661.0,Pipilo erythrophthalmus,Eastern Towhee,0.4258,D:\Bird_Anuran_ARUs\IF06\SMM2-31_20260421_060402.wav
2661.0,2664.0,Setophaga citrina,Hooded Warbler,0.6634,D:\Bird_Anuran_ARUs\IF06\SMM2-31_20260421_060402.wav
2664.0,2667.0,Pipilo erythrophthalmus,Eastern Towhee,0.2633,D:\Bird_Anuran_ARUs\IF06\SMM2-31_20260421_060402.wav
2667.0,2670.0,Setophaga pinus,Pine Warbler,0.4800,D:\Bird_Anuran_ARUs\IF06\SMM2-31_20260421_060402.wav
2667.0,2670.0,Pipilo erythrophthalmus,Eastern Towhee,0.3977,D:\Bird_Anuran_ARUs\IF06\SMM2-31_20260421_060402.wav
2673.0,2676.0,Pipilo erythrophthalmus,Eastern Towhee,0.5680,D:\Bird_Anuran_ARUs\IF06\SMM2-31_20260421_060402.wav
2676.0,2679.0,Setophaga citrina,Hooded Warbler,0.5971,D:\Bird_Anuran_ARUs\IF06\SMM2-31_20260421_060402.wav
2679.0,2682.0,Baeolophus bicolor,Tufted Titmouse,0.2712,D:\Bird_Anuran_ARUs\IF06\SMM2-31_20260421_060402.wav
2688.0,2691.0,Setophaga citrina,Hooded Warbler,0.6838,D:\Bird_Anuran_ARUs\IF06\SMM2-31_20260421_060402.wav
2691.0,2694.0,Pipilo erythrophthalmus,Eastern Towhee,0.8969,D:\Bird_Anuran_ARUs\IF06\SMM2-31_20260421_060402.wav
2700.0,2703.0,Pipilo erythrophthalmus,Eastern Towhee,0.8210,D:\Bird_Anuran_ARUs\IF06\SMM2-31_20260421_060402.wav
2703.0,2706.0,Setophaga citrina,Hooded Warbler,0.5488,D:\Bird_Anuran_ARUs\IF06\SMM2-31_20260421_060402.wav
2706.0,2709.0,Corvus brachyrhynchos,American Crow,0.9135,D:\Bird_Anuran_ARUs\IF06\SMM2-31_20260421_060402.wav
2709.0,2712.0,Pipilo erythrophthalmus,Eastern Towhee,0.8564,D:\Bird_Anuran_ARUs\IF06\SMM2-31_20260421_060402.wav
2715.0,2718.0,Pipilo erythrophthalmus,Eastern Towhee,0.4541,D:\Bird_Anuran_ARUs\IF06\SMM2-31_20260421_060402.wav
2724.0,2727.0,Pipilo erythrophthalmus,Eastern Towhee,0.8730,D:\Bird_Anuran_ARUs\IF06\SMM2-31_20260421_060402.wav
2730.0,2733.0,Pipilo erythrophthalmus,Eastern Towhee,0.4584,D:\Bird_Anuran_ARUs\IF06\SMM2-31_20260421_060402.wav
2733.0,2736.0,Pipilo erythrophthalmus,Eastern Towhee,0.4497,D:\Bird_Anuran_ARUs\IF06\SMM2-31_20260421_060402.wav
2742.0,2745.0,Pipilo erythrophthalmus,Eastern Towhee,0.7066,D:\Bird_Anuran_ARUs\IF06\SMM2-31_20260421_060402.wav
2751.0,2754.0,Pipilo erythrophthalmus,Eastern Towhee,0.6892,D:\Bird_Anuran_ARUs\IF06\SMM2-31_20260421_060402.wav
2751.0,2754.0,Corvus brachyrhynchos,American Crow,0.3870,D:\Bird_Anuran_ARUs\IF06\SMM2-31_20260421_060402.wav
2757.0,2760.0,Pipilo erythrophthalmus,Eastern Towhee,0.4851,D:\Bird_Anuran_ARUs\IF06\SMM2-31_20260421_060402.wav
2772.0,2775.0,Pipilo erythrophthalmus,Eastern Towhee,0.8294,D:\Bird_Anuran_ARUs\IF06\SMM2-31_20260421_060402.wav
2772.0,2775.0,Corvus brachyrhynchos,American Crow,0.6448,D:\Bird_Anuran_ARUs\IF06\SMM2-31_20260421_060402.wav
2775.0,2778.0,Corvus brachyrhynchos,American Crow,0.6349,D:\Bird_Anuran_ARUs\IF06\SMM2-31_20260421_060402.wav
2778.0,2781.0,Pipilo erythrophthalmus,Eastern Towhee,0.9088,D:\Bird_Anuran_ARUs\IF06\SMM2-31_20260421_060402.wav
2778.0,2781.0,Corvus brachyrhynchos,American Crow,0.4889,D:\Bird_Anuran_ARUs\IF06\SMM2-31_20260421_060402.wav
2781.0,2784.0,Pipilo erythrophthalmus,Eastern Towhee,0.9348,D:\Bird_Anuran_ARUs\IF06\SMM2-31_20260421_060402.wav
2784.0,2787.0,Geothlypis trichas,Common Yellowthroat,0.3793,D:\Bird_Anuran_ARUs\IF06\SMM2-31_20260421_060402.wav
2787.0,2790.0,Pipilo erythrophthalmus,Eastern Towhee,0.8885,D:\Bird_Anuran_ARUs\IF06\SMM2-31_20260421_060402.wav
2787.0,2790.0,Corvus brachyrhynchos,American Crow,0.2713,D:\Bird_Anuran_ARUs\IF06\SMM2-31_20260421_060402.wav
2790.0,2793.0,Corvus brachyrhynchos,American Crow,0.2892,D:\Bird_Anuran_ARUs\IF06\SMM2-31_20260421_060402.wav
2793.0,2796.0,Pipilo erythrophthalmus,Eastern Towhee,0.8676,D:\Bird_Anuran_ARUs\IF06\SMM2-31_20260421_060402.wav
2799.0,2802.0,Corvus brachyrhynchos,American Crow,0.8855,D:\Bird_Anuran_ARUs\IF06\SMM2-31_20260421_060402.wav
2799.0,2802.0,Pipilo erythrophthalmus,Eastern Towhee,0.5579,D:\Bird_Anuran_ARUs\IF06\SMM2-31_20260421_060402.wav
2802.0,2805.0,Pipilo erythrophthalmus,Eastern Towhee,0.6024,D:\Bird_Anuran_ARUs\IF06\SMM2-31_20260421_060402.wav
2802.0,2805.0,Corvus brachyrhynchos,American Crow,0.3914,D:\Bird_Anuran_ARUs\IF06\SMM2-31_20260421_060402.wav
2808.0,2811.0,Pipilo erythrophthalmus,Eastern Towhee,0.8552,D:\Bird_Anuran_ARUs\IF06\SMM2-31_20260421_060402.wav
2808.0,2811.0,Corvus brachyrhynchos,American Crow,0.6017,D:\Bird_Anuran_ARUs\IF06\SMM2-31_20260421_060402.wav
2814.0,2817.0,Setophaga citrina,Hooded Warbler,0.8837,D:\Bird_Anuran_ARUs\IF06\SMM2-31_20260421_060402.wav
2817.0,2820.0,Pipilo erythrophthalmus,Eastern Towhee,0.9407,D:\Bird_Anuran_ARUs\IF06\SMM2-31_20260421_060402.wav
2817.0,2820.0,Corvus brachyrhynchos,American Crow,0.9293,D:\Bird_Anuran_ARUs\IF06\SMM2-31_20260421_060402.wav
2820.0,2823.0,Geothlypis trichas,Common Yellowthroat,0.4080,D:\Bird_Anuran_ARUs\IF06\SMM2-31_20260421_060402.wav
2826.0,2829.0,Setophaga citrina,Hooded Warbler,0.6646,D:\Bird_Anuran_ARUs\IF06\SMM2-31_20260421_060402.wav
2832.0,2835.0,Geothlypis trichas,Common Yellowthroat,0.2797,D:\Bird_Anuran_ARUs\IF06\SMM2-31_20260421_060402.wav
2838.0,2841.0,Corvus brachyrhynchos,American Crow,0.3410,D:\Bird_Anuran_ARUs\IF06\SMM2-31_20260421_060402.wav
2838.0,2841.0,Setophaga citrina,Hooded Warbler,0.2999,D:\Bird_Anuran_ARUs\IF06\SMM2-31_20260421_060402.wav
2838.0,2841.0,Pipilo erythrophthalmus,Eastern Towhee,0.2897,D:\Bird_Anuran_ARUs\IF06\SMM2-31_20260421_060402.wav
2844.0,2847.0,Geothlypis trichas,Common Yellowthroat,0.2651,D:\Bird_Anuran_ARUs\IF06\SMM2-31_20260421_060402.wav
2847.0,2850.0,Corvus brachyrhynchos,American Crow,0.2637,D:\Bird_Anuran_ARUs\IF06\SMM2-31_20260421_060402.wav
2850.0,2853.0,Setophaga citrina,Hooded Warbler,0.7086,D:\Bird_Anuran_ARUs\IF06\SMM2-31_20260421_060402.wav
2859.0,2862.0,Pipilo erythrophthalmus,Eastern Towhee,0.3518,D:\Bird_Anuran_ARUs\IF06\SMM2-31_20260421_060402.wav
2862.0,2865.0,Setophaga citrina,Hooded Warbler,0.8156,D:\Bird_Anuran_ARUs\IF06\SMM2-31_20260421_060402.wav
2874.0,2877.0,Setophaga citrina,Hooded Warbler,0.6915,D:\Bird_Anuran_ARUs\IF06\SMM2-31_20260421_060402.wav
2880.0,2883.0,Pipilo erythrophthalmus,Eastern Towhee,0.4429,D:\Bird_Anuran_ARUs\IF06\SMM2-31_20260421_060402.wav
2880.0,2883.0,Geothlypis trichas,Common Yellowthroat,0.3086,D:\Bird_Anuran_ARUs\IF06\SMM2-31_20260421_060402.wav
2886.0,2889.0,Setophaga citrina,Hooded Warbler,0.6926,D:\Bird_Anuran_ARUs\IF06\SMM2-31_20260421_060402.wav
2907.0,2910.0,Cardinalis cardinalis,Northern Cardinal,0.4251,D:\Bird_Anuran_ARUs\IF06\SMM2-31_20260421_060402.wav
2916.0,2919.0,Pipilo erythrophthalmus,Eastern Towhee,0.3508,D:\Bird_Anuran_ARUs\IF06\SMM2-31_20260421_060402.wav
2919.0,2922.0,Poecile carolinensis,Carolina Chickadee,0.4578,D:\Bird_Anuran_ARUs\IF06\SMM2-31_20260421_060402.wav
2922.0,2925.0,Molothrus ater,Brown-headed Cowbird,0.4138,D:\Bird_Anuran_ARUs\IF06\SMM2-31_20260421_060402.wav
2925.0,2928.0,Pipilo erythrophthalmus,Eastern Towhee,0.4908,D:\Bird_Anuran_ARUs\IF06\SMM2-31_20260421_060402.wav
2940.0,2943.0,Molothrus ater,Brown-headed Cowbird,0.3489,D:\Bird_Anuran_ARUs\IF06\SMM2-31_20260421_060402.wav
2940.0,2943.0,Cardinalis cardinalis,Northern Cardinal,0.2854,D:\Bird_Anuran_ARUs\IF06\SMM2-31_20260421_060402.wav
2946.0,2949.0,Geothlypis trichas,Common Yellowthroat,0.4408,D:\Bird_Anuran_ARUs\IF06\SMM2-31_20260421_060402.wav
2955.0,2958.0,Molothrus ater,Brown-headed Cowbird,0.6094,D:\Bird_Anuran_ARUs\IF06\SMM2-31_20260421_060402.wav
2961.0,2964.0,Geothlypis trichas,Common Yellowthroat,0.2834,D:\Bird_Anuran_ARUs\IF06\SMM2-31_20260421_060402.wav
2976.0,2979.0,Pipilo erythrophthalmus,Eastern Towhee,0.2861,D:\Bird_Anuran_ARUs\IF06\SMM2-31_20260421_060402.wav
2979.0,2982.0,Setophaga citrina,Hooded Warbler,0.2937,D:\Bird_Anuran_ARUs\IF06\SMM2-31_20260421_060402.wav
2979.0,2982.0,Corvus brachyrhynchos,American Crow,0.2622,D:\Bird_Anuran_ARUs\IF06\SMM2-31_20260421_060402.wav
2982.0,2985.0,Pipilo erythrophthalmus,Eastern Towhee,0.7087,D:\Bird_Anuran_ARUs\IF06\SMM2-31_20260421_060402.wav
2985.0,2988.0,Pipilo erythrophthalmus,Eastern Towhee,0.9454,D:\Bird_Anuran_ARUs\IF06\SMM2-31_20260421_060402.wav
2985.0,2988.0,Corvus brachyrhynchos,American Crow,0.8726,D:\Bird_Anuran_ARUs\IF06\SMM2-31_20260421_060402.wav
2988.0,2991.0,Corvus brachyrhynchos,American Crow,0.7283,D:\Bird_Anuran_ARUs\IF06\SMM2-31_20260421_060402.wav
2988.0,2991.0,Vireo olivaceus,Red-eyed Vireo,0.2933,D:\Bird_Anuran_ARUs\IF06\SMM2-31_20260421_060402.wav
2991.0,2994.0,Pipilo erythrophthalmus,Eastern Towhee,0.9835,D:\Bird_Anuran_ARUs\IF06\SMM2-31_20260421_060402.wav
2991.0,2994.0,Corvus brachyrhynchos,American Crow,0.8637,D:\Bird_Anuran_ARUs\IF06\SMM2-31_20260421_060402.wav
2991.0,2994.0,Geothlypis trichas,Common Yellowthroat,0.3533,D:\Bird_Anuran_ARUs\IF06\SMM2-31_20260421_060402.wav
2994.0,2997.0,Corvus brachyrhynchos,American Crow,0.9697,D:\Bird_Anuran_ARUs\IF06\SMM2-31_20260421_060402.wav
2994.0,2997.0,Pipilo erythrophthalmus,Eastern Towhee,0.9389,D:\Bird_Anuran_ARUs\IF06\SMM2-31_20260421_060402.wav
2994.0,2997.0,Setophaga citrina,Hooded Warbler,0.5208,D:\Bird_Anuran_ARUs\IF06\SMM2-31_20260421_060402.wav
2997.0,3000.0,Pipilo erythrophthalmus,Eastern Towhee,0.9660,D:\Bird_Anuran_ARUs\IF06\SMM2-31_20260421_060402.wav
3006.0,3009.0,Setophaga pinus,Pine Warbler,0.2821,D:\Bird_Anuran_ARUs\IF06\SMM2-31_20260421_060402.wav
3009.0,3012.0,Pipilo erythrophthalmus,Eastern Towhee,0.9399,D:\Bird_Anuran_ARUs\IF06\SMM2-31_20260421_060402.wav
3009.0,3012.0,Corvus brachyrhynchos,American Crow,0.9298,D:\Bird_Anuran_ARUs\IF06\SMM2-31_20260421_060402.wav
3009.0,3012.0,Vireo olivaceus,Red-eyed Vireo,0.3028,D:\Bird_Anuran_ARUs\IF06\SMM2-31_20260421_060402.wav
3012.0,3015.0,Corvus brachyrhynchos,American Crow,0.4695,D:\Bird_Anuran_ARUs\IF06\SMM2-31_20260421_060402.wav
3012.0,3015.0,Pipilo erythrophthalmus,Eastern Towhee,0.2940,D:\Bird_Anuran_ARUs\IF06\SMM2-31_20260421_060402.wav
3012.0,3015.0,Setophaga pinus,Pine Warbler,0.2588,D:\Bird_Anuran_ARUs\IF06\SMM2-31_20260421_060402.wav
3015.0,3018.0,Corvus brachyrhynchos,American Crow,0.9185,D:\Bird_Anuran_ARUs\IF06\SMM2-31_20260421_060402.wav
3015.0,3018.0,Pipilo erythrophthalmus,Eastern Towhee,0.6119,D:\Bird_Anuran_ARUs\IF06\SMM2-31_20260421_060402.wav
3015.0,3018.0,Vireo olivaceus,Red-eyed Vireo,0.3575,D:\Bird_Anuran_ARUs\IF06\SMM2-31_20260421_060402.wav
3021.0,3024.0,Pipilo erythrophthalmus,Eastern Towhee,0.8636,D:\Bird_Anuran_ARUs\IF06\SMM2-31_20260421_060402.wav
3021.0,3024.0,Corvus brachyrhynchos,American Crow,0.7746,D:\Bird_Anuran_ARUs\IF06\SMM2-31_20260421_060402.wav
3024.0,3027.0,Corvus brachyrhynchos,American Crow,0.3701,D:\Bird_Anuran_ARUs\IF06\SMM2-31_20260421_060402.wav
3027.0,3030.0,Pipilo erythrophthalmus,Eastern Towhee,0.8765,D:\Bird_Anuran_ARUs\IF06\SMM2-31_20260421_060402.wav
3030.0,3033.0,Corvus brachyrhynchos,American Crow,0.9698,D:\Bird_Anuran_ARUs\IF06\SMM2-31_20260421_060402.wav
3030.0,3033.0,Pipilo erythrophthalmus,Eastern Towhee,0.4406,D:\Bird_Anuran_ARUs\IF06\SMM2-31_20260421_060402.wav
3030.0,3033.0,Geothlypis trichas,Common Yellowthroat,0.2768,D:\Bird_Anuran_ARUs\IF06\SMM2-31_20260421_060402.wav
3030.0,3033.0,Vireo olivaceus,Red-eyed Vireo,0.2538,D:\Bird_Anuran_ARUs\IF06\SMM2-31_20260421_060402.wav
3033.0,3036.0,Corvus brachyrhynchos,American Crow,0.9617,D:\Bird_Anuran_ARUs\IF06\SMM2-31_20260421_060402.wav
3033.0,3036.0,Cardinalis cardinalis,Northern Cardinal,0.3004,D:\Bird_Anuran_ARUs\IF06\SMM2-31_20260421_060402.wav
3036.0,3039.0,Pipilo erythrophthalmus,Eastern Towhee,0.9808,D:\Bird_Anuran_ARUs\IF06\SMM2-31_20260421_060402.wav
3036.0,3039.0,Corvus brachyrhynchos,American Crow,0.6083,D:\Bird_Anuran_ARUs\IF06\SMM2-31_20260421_060402.wav
3042.0,3045.0,Pipilo erythrophthalmus,Eastern Towhee,0.7074,D:\Bird_Anuran_ARUs\IF06\SMM2-31_20260421_060402.wav
3045.0,3048.0,Corvus brachyrhynchos,American Crow,0.6900,D:\Bird_Anuran_ARUs\IF06\SMM2-31_20260421_060402.wav
3045.0,3048.0,Setophaga citrina,Hooded Warbler,0.2940,D:\Bird_Anuran_ARUs\IF06\SMM2-31_20260421_060402.wav
3048.0,3051.0,Pipilo erythrophthalmus,Eastern Towhee,0.9249,D:\Bird_Anuran_ARUs\IF06\SMM2-31_20260421_060402.wav
3051.0,3054.0,Setophaga citrina,Hooded Warbler,0.4231,D:\Bird_Anuran_ARUs\IF06\SMM2-31_20260421_060402.wav
3054.0,3057.0,Pipilo erythrophthalmus,Eastern Towhee,0.8740,D:\Bird_Anuran_ARUs\IF06\SMM2-31_20260421_060402.wav
3057.0,3060.0,Corvus brachyrhynchos,American Crow,0.4181,D:\Bird_Anuran_ARUs\IF06\SMM2-31_20260421_060402.wav
3057.0,3060.0,Geothlypis trichas,Common Yellowthroat,0.3799,D:\Bird_Anuran_ARUs\IF06\SMM2-31_20260421_060402.wav
3060.0,3063.0,Pipilo erythrophthalmus,Eastern Towhee,0.9975,D:\Bird_Anuran_ARUs\IF06\SMM2-31_20260421_060402.wav
3060.0,3063.0,Corvus brachyrhynchos,American Crow,0.9488,D:\Bird_Anuran_ARUs\IF06\SMM2-31_20260421_060402.wav
3063.0,3066.0,Geothlypis trichas,Common Yellowthroat,0.4103,D:\Bird_Anuran_ARUs\IF06\SMM2-31_20260421_060402.wav
3066.0,3069.0,Corvus brachyrhynchos,American Crow,0.9573,D:\Bird_Anuran_ARUs\IF06\SMM2-31_20260421_060402.wav
3066.0,3069.0,Geothlypis trichas,Common Yellowthroat,0.5625,D:\Bird_Anuran_ARUs\IF06\SMM2-31_20260421_060402.wav
3066.0,3069.0,Setophaga citrina,Hooded Warbler,0.4038,D:\Bird_Anuran_ARUs\IF06\SMM2-31_20260421_060402.wav
3069.0,3072.0,Pipilo erythrophthalmus,Eastern Towhee,0.9972,D:\Bird_Anuran_ARUs\IF06\SMM2-31_20260421_060402.wav
3069.0,3072.0,Corvus brachyrhynchos,American Crow,0.8786,D:\Bird_Anuran_ARUs\IF06\SMM2-31_20260421_060402.wav
3072.0,3075.0,Pipilo erythrophthalmus,Eastern Towhee,0.6522,D:\Bird_Anuran_ARUs\IF06\SMM2-31_20260421_060402.wav
3072.0,3075.0,Cardinalis cardinalis,Northern Cardinal,0.2643,D:\Bird_Anuran_ARUs\IF06\SMM2-31_20260421_060402.wav
3075.0,3078.0,Pipilo erythrophthalmus,Eastern Towhee,0.7686,D:\Bird_Anuran_ARUs\IF06\SMM2-31_20260421_060402.wav
3078.0,3081.0,Pipilo erythrophthalmus,Eastern Towhee,0.9140,D:\Bird_Anuran_ARUs\IF06\SMM2-31_20260421_060402.wav
3081.0,3084.0,Corvus brachyrhynchos,American Crow,0.9419,D:\Bird_Anuran_ARUs\IF06\SMM2-31_20260421_060402.wav
3081.0,3084.0,Vireo olivaceus,Red-eyed Vireo,0.4280,D:\Bird_Anuran_ARUs\IF06\SMM2-31_20260421_060402.wav
3081.0,3084.0,Pipilo erythrophthalmus,Eastern Towhee,0.2697,D:\Bird_Anuran_ARUs\IF06\SMM2-31_20260421_060402.wav
3084.0,3087.0,Pipilo erythrophthalmus,Eastern Towhee,0.8998,D:\Bird_Anuran_ARUs\IF06\SMM2-31_20260421_060402.wav
3087.0,3090.0,Pipilo erythrophthalmus,Eastern Towhee,0.2798,D:\Bird_Anuran_ARUs\IF06\SMM2-31_20260421_060402.wav
3090.0,3093.0,Pipilo erythrophthalmus,Eastern Towhee,0.9845,D:\Bird_Anuran_ARUs\IF06\SMM2-31_20260421_060402.wav
3093.0,3096.0,Pipilo erythrophthalmus,Eastern Towhee,0.7258,D:\Bird_Anuran_ARUs\IF06\SMM2-31_20260421_060402.wav
3093.0,3096.0,Corvus brachyrhynchos,American Crow,0.5920,D:\Bird_Anuran_ARUs\IF06\SMM2-31_20260421_060402.wav
3096.0,3099.0,Pipilo erythrophthalmus,Eastern Towhee,0.9762,D:\Bird_Anuran_ARUs\IF06\SMM2-31_20260421_060402.wav
3102.0,3105.0,Pipilo erythrophthalmus,Eastern Towhee,0.5088,D:\Bird_Anuran_ARUs\IF06\SMM2-31_20260421_060402.wav
3105.0,3108.0,Pipilo erythrophthalmus,Eastern Towhee,0.9850,D:\Bird_Anuran_ARUs\IF06\SMM2-31_20260421_060402.wav
3108.0,3111.0,Pipilo erythrophthalmus,Eastern Towhee,0.9874,D:\Bird_Anuran_ARUs\IF06\SMM2-31_20260421_060402.wav
3108.0,3111.0,Corvus brachyrhynchos,American Crow,0.4826,D:\Bird_Anuran_ARUs\IF06\SMM2-31_20260421_060402.wav
3111.0,3114.0,Pipilo erythrophthalmus,Eastern Towhee,0.9190,D:\Bird_Anuran_ARUs\IF06\SMM2-31_20260421_060402.wav
3114.0,3117.0,Corvus brachyrhynchos,American Crow,0.3708,D:\Bird_Anuran_ARUs\IF06\SMM2-31_20260421_060402.wav
3117.0,3120.0,Corvus brachyrhynchos,American Crow,0.5795,D:\Bird_Anuran_ARUs\IF06\SMM2-31_20260421_060402.wav
3117.0,3120.0,Pipilo erythrophthalmus,Eastern Towhee,0.5204,D:\Bird_Anuran_ARUs\IF06\SMM2-31_20260421_060402.wav
3120.0,3123.0,Pipilo erythrophthalmus,Eastern Towhee,0.8120,D:\Bird_Anuran_ARUs\IF06\SMM2-31_20260421_060402.wav
3120.0,3123.0,Corvus brachyrhynchos,American Crow,0.6107,D:\Bird_Anuran_ARUs\IF06\SMM2-31_20260421_060402.wav
3123.0,3126.0,Pipilo erythrophthalmus,Eastern Towhee,0.4014,D:\Bird_Anuran_ARUs\IF06\SMM2-31_20260421_060402.wav
3123.0,3126.0,Corvus brachyrhynchos,American Crow,0.2571,D:\Bird_Anuran_ARUs\IF06\SMM2-31_20260421_060402.wav
3126.0,3129.0,Pipilo erythrophthalmus,Eastern Towhee,0.5023,D:\Bird_Anuran_ARUs\IF06\SMM2-31_20260421_060402.wav
3126.0,3129.0,Corvus brachyrhynchos,American Crow,0.2794,D:\Bird_Anuran_ARUs\IF06\SMM2-31_20260421_060402.wav
3132.0,3135.0,Pipilo erythrophthalmus,Eastern Towhee,0.8998,D:\Bird_Anuran_ARUs\IF06\SMM2-31_20260421_060402.wav
3132.0,3135.0,Corvus brachyrhynchos,American Crow,0.3271,D:\Bird_Anuran_ARUs\IF06\SMM2-31_20260421_060402.wav
3138.0,3141.0,Pipilo erythrophthalmus,Eastern Towhee,0.6988,D:\Bird_Anuran_ARUs\IF06\SMM2-31_20260421_060402.wav
3138.0,3141.0,Corvus brachyrhynchos,American Crow,0.6921,D:\Bird_Anuran_ARUs\IF06\SMM2-31_20260421_060402.wav
3141.0,3144.0,Corvus brachyrhynchos,American Crow,0.3822,D:\Bird_Anuran_ARUs\IF06\SMM2-31_20260421_060402.wav
3141.0,3144.0,Pipilo erythrophthalmus,Eastern Towhee,0.3307,D:\Bird_Anuran_ARUs\IF06\SMM2-31_20260421_060402.wav
3144.0,3147.0,Pipilo erythrophthalmus,Eastern Towhee,0.9141,D:\Bird_Anuran_ARUs\IF06\SMM2-31_20260421_060402.wav
3144.0,3147.0,Corvus brachyrhynchos,American Crow,0.8596,D:\Bird_Anuran_ARUs\IF06\SMM2-31_20260421_060402.wav
3150.0,3153.0,Pipilo erythrophthalmus,Eastern Towhee,0.8600,D:\Bird_Anuran_ARUs\IF06\SMM2-31_20260421_060402.wav
3150.0,3153.0,Corvus brachyrhynchos,American Crow,0.7112,D:\Bird_Anuran_ARUs\IF06\SMM2-31_20260421_060402.wav
3153.0,3156.0,Piranga olivacea,Scarlet Tanager,0.4620,D:\Bird_Anuran_ARUs\IF06\SMM2-31_20260421_060402.wav
3156.0,3159.0,Pipilo erythrophthalmus,Eastern Towhee,0.7894,D:\Bird_Anuran_ARUs\IF06\SMM2-31_20260421_060402.wav
3156.0,3159.0,Corvus brachyrhynchos,American Crow,0.3332,D:\Bird_Anuran_ARUs\IF06\SMM2-31_20260421_060402.wav
3159.0,3162.0,Pipilo erythrophthalmus,Eastern Towhee,0.3999,D:\Bird_Anuran_ARUs\IF06\SMM2-31_20260421_060402.wav
3162.0,3165.0,Pipilo erythrophthalmus,Eastern Towhee,0.7544,D:\Bird_Anuran_ARUs\IF06\SMM2-31_20260421_060402.wav
3162.0,3165.0,Corvus brachyrhynchos,American Crow,0.6982,D:\Bird_Anuran_ARUs\IF06\SMM2-31_20260421_060402.wav
3168.0,3171.0,Corvus brachyrhynchos,American Crow,0.4947,D:\Bird_Anuran_ARUs\IF06\SMM2-31_20260421_060402.wav
3168.0,3171.0,Pipilo erythrophthalmus,Eastern Towhee,0.3134,D:\Bird_Anuran_ARUs\IF06\SMM2-31_20260421_060402.wav
3174.0,3177.0,Pipilo erythrophthalmus,Eastern Towhee,0.3877,D:\Bird_Anuran_ARUs\IF06\SMM2-31_20260421_060402.wav
3174.0,3177.0,Corvus brachyrhynchos,American Crow,0.2961,D:\Bird_Anuran_ARUs\IF06\SMM2-31_20260421_060402.wav
3180.0,3183.0,Pipilo erythrophthalmus,Eastern Towhee,0.9848,D:\Bird_Anuran_ARUs\IF06\SMM2-31_20260421_060402.wav
3180.0,3183.0,Corvus brachyrhynchos,American Crow,0.9694,D:\Bird_Anuran_ARUs\IF06\SMM2-31_20260421_060402.wav
3183.0,3186.0,Pipilo erythrophthalmus,Eastern Towhee,0.4069,D:\Bird_Anuran_ARUs\IF06\SMM2-31_20260421_060402.wav
3186.0,3189.0,Pipilo erythrophthalmus,Eastern Towhee,0.9535,D:\Bird_Anuran_ARUs\IF06\SMM2-31_20260421_060402.wav
3186.0,3189.0,Corvus brachyrhynchos,American Crow,0.3092,D:\Bird_Anuran_ARUs\IF06\SMM2-31_20260421_060402.wav
3192.0,3195.0,Pipilo erythrophthalmus,Eastern Towhee,0.7097,D:\Bird_Anuran_ARUs\IF06\SMM2-31_20260421_060402.wav
3195.0,3198.0,Pipilo erythrophthalmus,Eastern Towhee,0.2703,D:\Bird_Anuran_ARUs\IF06\SMM2-31_20260421_060402.wav
3198.0,3201.0,Pipilo erythrophthalmus,Eastern Towhee,0.9421,D:\Bird_Anuran_ARUs\IF06\SMM2-31_20260421_060402.wav
3198.0,3201.0,Corvus brachyrhynchos,American Crow,0.7534,D:\Bird_Anuran_ARUs\IF06\SMM2-31_20260421_060402.wav
3204.0,3207.0,Pipilo erythrophthalmus,Eastern Towhee,0.3028,D:\Bird_Anuran_ARUs\IF06\SMM2-31_20260421_060402.wav
3204.0,3207.0,Melospiza melodia,Song Sparrow,0.2848,D:\Bird_Anuran_ARUs\IF06\SMM2-31_20260421_060402.wav
3210.0,3213.0,Pipilo erythrophthalmus,Eastern Towhee,0.7323,D:\Bird_Anuran_ARUs\IF06\SMM2-31_20260421_060402.wav
3216.0,3219.0,Pipilo erythrophthalmus,Eastern Towhee,0.8155,D:\Bird_Anuran_ARUs\IF06\SMM2-31_20260421_060402.wav
3231.0,3234.0,Corvus brachyrhynchos,American Crow,0.5735,D:\Bird_Anuran_ARUs\IF06\SMM2-31_20260421_060402.wav
3231.0,3234.0,Pipilo erythrophthalmus,Eastern Towhee,0.4827,D:\Bird_Anuran_ARUs\IF06\SMM2-31_20260421_060402.wav
3234.0,3237.0,Corvus brachyrhynchos,American Crow,0.4479,D:\Bird_Anuran_ARUs\IF06\SMM2-31_20260421_060402.wav
3237.0,3240.0,Corvus brachyrhynchos,American Crow,0.4456,D:\Bird_Anuran_ARUs\IF06\SMM2-31_20260421_060402.wav
3237.0,3240.0,Pipilo erythrophthalmus,Eastern Towhee,0.3038,D:\Bird_Anuran_ARUs\IF06\SMM2-31_20260421_060402.wav
3240.0,3243.0,Corvus brachyrhynchos,American Crow,0.3056,D:\Bird_Anuran_ARUs\IF06\SMM2-31_20260421_060402.wav
3243.0,3246.0,Pipilo erythrophthalmus,Eastern Towhee,0.8964,D:\Bird_Anuran_ARUs\IF06\SMM2-31_20260421_060402.wav
3252.0,3255.0,Pipilo erythrophthalmus,Eastern Towhee,0.5724,D:\Bird_Anuran_ARUs\IF06\SMM2-31_20260421_060402.wav
3258.0,3261.0,Pipilo erythrophthalmus,Eastern Towhee,0.8074,D:\Bird_Anuran_ARUs\IF06\SMM2-31_20260421_060402.wav
3258.0,3261.0,Corvus brachyrhynchos,American Crow,0.2680,D:\Bird_Anuran_ARUs\IF06\SMM2-31_20260421_060402.wav
3261.0,3264.0,Seiurus aurocapilla,Ovenbird,0.7845,D:\Bird_Anuran_ARUs\IF06\SMM2-31_20260421_060402.wav
3261.0,3264.0,Corvus brachyrhynchos,American Crow,0.5085,D:\Bird_Anuran_ARUs\IF06\SMM2-31_20260421_060402.wav
3264.0,3267.0,Pipilo erythrophthalmus,Eastern Towhee,0.9841,D:\Bird_Anuran_ARUs\IF06\SMM2-31_20260421_060402.wav
3264.0,3267.0,Corvus brachyrhynchos,American Crow,0.9348,D:\Bird_Anuran_ARUs\IF06\SMM2-31_20260421_060402.wav
3267.0,3270.0,Corvus brachyrhynchos,American Crow,0.3877,D:\Bird_Anuran_ARUs\IF06\SMM2-31_20260421_060402.wav
3270.0,3273.0,Pipilo erythrophthalmus,Eastern Towhee,0.8343,D:\Bird_Anuran_ARUs\IF06\SMM2-31_20260421_060402.wav
3270.0,3273.0,Corvus brachyrhynchos,American Crow,0.3037,D:\Bird_Anuran_ARUs\IF06\SMM2-31_20260421_060402.wav
3273.0,3276.0,Seiurus aurocapilla,Ovenbird,0.3309,D:\Bird_Anuran_ARUs\IF06\SMM2-31_20260421_060402.wav
3276.0,3279.0,Pipilo erythrophthalmus,Eastern Towhee,0.6323,D:\Bird_Anuran_ARUs\IF06\SMM2-31_20260421_060402.wav
3276.0,3279.0,Corvus brachyrhynchos,American Crow,0.4906,D:\Bird_Anuran_ARUs\IF06\SMM2-31_20260421_060402.wav
3282.0,3285.0,Pipilo erythrophthalmus,Eastern Towhee,0.7626,D:\Bird_Anuran_ARUs\IF06\SMM2-31_20260421_060402.wav
3288.0,3291.0,Corvus brachyrhynchos,American Crow,0.6651,D:\Bird_Anuran_ARUs\IF06\SMM2-31_20260421_060402.wav
3288.0,3291.0,Seiurus aurocapilla,Ovenbird,0.5809,D:\Bird_Anuran_ARUs\IF06\SMM2-31_20260421_060402.wav
3291.0,3294.0,Corvus brachyrhynchos,American Crow,0.7674,D:\Bird_Anuran_ARUs\IF06\SMM2-31_20260421_060402.wav
3291.0,3294.0,Pipilo erythrophthalmus,Eastern Towhee,0.5833,D:\Bird_Anuran_ARUs\IF06\SMM2-31_20260421_060402.wav
3294.0,3297.0,Setophaga citrina,Hooded Warbler,0.4426,D:\Bird_Anuran_ARUs\IF06\SMM2-31_20260421_060402.wav
3294.0,3297.0,Corvus brachyrhynchos,American Crow,0.2507,D:\Bird_Anuran_ARUs\IF06\SMM2-31_20260421_060402.wav
3297.0,3300.0,Pipilo erythrophthalmus,Eastern Towhee,0.9043,D:\Bird_Anuran_ARUs\IF06\SMM2-31_20260421_060402.wav
3297.0,3300.0,Corvus brachyrhynchos,American Crow,0.4611,D:\Bird_Anuran_ARUs\IF06\SMM2-31_20260421_060402.wav
3303.0,3306.0,Corvus brachyrhynchos,American Crow,0.4690,D:\Bird_Anuran_ARUs\IF06\SMM2-31_20260421_060402.wav
3306.0,3309.0,Pipilo erythrophthalmus,Eastern Towhee,0.5362,D:\Bird_Anuran_ARUs\IF06\SMM2-31_20260421_060402.wav
3306.0,3309.0,Corvus brachyrhynchos,American Crow,0.4249,D:\Bird_Anuran_ARUs\IF06\SMM2-31_20260421_060402.wav
3312.0,3315.0,Corvus brachyrhynchos,American Crow,0.5636,D:\Bird_Anuran_ARUs\IF06\SMM2-31_20260421_060402.wav
3312.0,3315.0,Pipilo erythrophthalmus,Eastern Towhee,0.4381,D:\Bird_Anuran_ARUs\IF06\SMM2-31_20260421_060402.wav
3315.0,3318.0,Seiurus aurocapilla,Ovenbird,0.6473,D:\Bird_Anuran_ARUs\IF06\SMM2-31_20260421_060402.wav
3321.0,3324.0,Pipilo erythrophthalmus,Eastern Towhee,0.4013,D:\Bird_Anuran_ARUs\IF06\SMM2-31_20260421_060402.wav
3321.0,3324.0,Corvus brachyrhynchos,American Crow,0.3933,D:\Bird_Anuran_ARUs\IF06\SMM2-31_20260421_060402.wav
3327.0,3330.0,Pipilo erythrophthalmus,Eastern Towhee,0.8145,D:\Bird_Anuran_ARUs\IF06\SMM2-31_20260421_060402.wav
3327.0,3330.0,Corvus brachyrhynchos,American Crow,0.7057,D:\Bird_Anuran_ARUs\IF06\SMM2-31_20260421_060402.wav
3330.0,3333.0,Corvus brachyrhynchos,American Crow,0.3596,D:\Bird_Anuran_ARUs\IF06\SMM2-31_20260421_060402.wav
3330.0,3333.0,Seiurus aurocapilla,Ovenbird,0.2621,D:\Bird_Anuran_ARUs\IF06\SMM2-31_20260421_060402.wav
3333.0,3336.0,Pipilo erythrophthalmus,Eastern Towhee,0.5182,D:\Bird_Anuran_ARUs\IF06\SMM2-31_20260421_060402.wav
3333.0,3336.0,Corvus brachyrhynchos,American Crow,0.3510,D:\Bird_Anuran_ARUs\IF06\SMM2-31_20260421_060402.wav
3339.0,3342.0,Pipilo erythrophthalmus,Eastern Towhee,0.5077,D:\Bird_Anuran_ARUs\IF06\SMM2-31_20260421_060402.wav
3339.0,3342.0,Corvus brachyrhynchos,American Crow,0.4148,D:\Bird_Anuran_ARUs\IF06\SMM2-31_20260421_060402.wav
3345.0,3348.0,Seiurus aurocapilla,Ovenbird,0.6620,D:\Bird_Anuran_ARUs\IF06\SMM2-31_20260421_060402.wav
3348.0,3351.0,Pipilo erythrophthalmus,Eastern Towhee,0.4635,D:\Bird_Anuran_ARUs\IF06\SMM2-31_20260421_060402.wav
3351.0,3354.0,Setophaga citrina,Hooded Warbler,0.3459,D:\Bird_Anuran_ARUs\IF06\SMM2-31_20260421_060402.wav
3354.0,3357.0,Pipilo erythrophthalmus,Eastern Towhee,0.8966,D:\Bird_Anuran_ARUs\IF06\SMM2-31_20260421_060402.wav
3354.0,3357.0,Corvus brachyrhynchos,American Crow,0.5615,D:\Bird_Anuran_ARUs\IF06\SMM2-31_20260421_060402.wav
3360.0,3363.0,Seiurus aurocapilla,Ovenbird,0.8683,D:\Bird_Anuran_ARUs\IF06\SMM2-31_20260421_060402.wav
3363.0,3366.0,Pipilo erythrophthalmus,Eastern Towhee,0.3985,D:\Bird_Anuran_ARUs\IF06\SMM2-31_20260421_060402.wav
3369.0,3372.0,Pipilo erythrophthalmus,Eastern Towhee,0.8070,D:\Bird_Anuran_ARUs\IF06\SMM2-31_20260421_060402.wav
3369.0,3372.0,Corvus brachyrhynchos,American Crow,0.4997,D:\Bird_Anuran_ARUs\IF06\SMM2-31_20260421_060402.wav
3372.0,3375.0,Corvus brachyrhynchos,American Crow,0.5078,D:\Bird_Anuran_ARUs\IF06\SMM2-31_20260421_060402.wav
3375.0,3378.0,Pipilo erythrophthalmus,Eastern Towhee,0.7885,D:\Bird_Anuran_ARUs\IF06\SMM2-31_20260421_060402.wav
3375.0,3378.0,Corvus brachyrhynchos,American Crow,0.6839,D:\Bird_Anuran_ARUs\IF06\SMM2-31_20260421_060402.wav
3384.0,3387.0,Pipilo erythrophthalmus,Eastern Towhee,0.9144,D:\Bird_Anuran_ARUs\IF06\SMM2-31_20260421_060402.wav
3384.0,3387.0,Corvus brachyrhynchos,American Crow,0.4445,D:\Bird_Anuran_ARUs\IF06\SMM2-31_20260421_060402.wav
3390.0,3393.0,Pipilo erythrophthalmus,Eastern Towhee,0.9165,D:\Bird_Anuran_ARUs\IF06\SMM2-31_20260421_060402.wav
3390.0,3393.0,Corvus brachyrhynchos,American Crow,0.7971,D:\Bird_Anuran_ARUs\IF06\SMM2-31_20260421_060402.wav
3393.0,3396.0,Seiurus aurocapilla,Ovenbird,0.5452,D:\Bird_Anuran_ARUs\IF06\SMM2-31_20260421_060402.wav
3393.0,3396.0,Corvus brachyrhynchos,American Crow,0.4646,D:\Bird_Anuran_ARUs\IF06\SMM2-31_20260421_060402.wav
3396.0,3399.0,Pipilo erythrophthalmus,Eastern Towhee,0.7914,D:\Bird_Anuran_ARUs\IF06\SMM2-31_20260421_060402.wav
3402.0,3405.0,Corvus brachyrhynchos,American Crow,0.4666,D:\Bird_Anuran_ARUs\IF06\SMM2-31_20260421_060402.wav
3402.0,3405.0,Pipilo erythrophthalmus,Eastern Towhee,0.4220,D:\Bird_Anuran_ARUs\IF06\SMM2-31_20260421_060402.wav
3408.0,3411.0,Setophaga pinus,Pine Warbler,0.2578,D:\Bird_Anuran_ARUs\IF06\SMM2-31_20260421_060402.wav
3411.0,3414.0,Pipilo erythrophthalmus,Eastern Towhee,0.7827,D:\Bird_Anuran_ARUs\IF06\SMM2-31_20260421_060402.wav
3411.0,3414.0,Corvus brachyrhynchos,American Crow,0.3117,D:\Bird_Anuran_ARUs\IF06\SMM2-31_20260421_060402.wav
3414.0,3417.0,Corvus brachyrhynchos,American Crow,0.3803,D:\Bird_Anuran_ARUs\IF06\SMM2-31_20260421_060402.wav
3417.0,3420.0,Pipilo erythrophthalmus,Eastern Towhee,0.6944,D:\Bird_Anuran_ARUs\IF06\SMM2-31_20260421_060402.wav
3417.0,3420.0,Corvus brachyrhynchos,American Crow,0.3318,D:\Bird_Anuran_ARUs\IF06\SMM2-31_20260421_060402.wav
3423.0,3426.0,Corvus brachyrhynchos,American Crow,0.5236,D:\Bird_Anuran_ARUs\IF06\SMM2-31_20260421_060402.wav
3423.0,3426.0,Setophaga citrina,Hooded Warbler,0.3888,D:\Bird_Anuran_ARUs\IF06\SMM2-31_20260421_060402.wav
3426.0,3429.0,Corvus brachyrhynchos,American Crow,0.3561,D:\Bird_Anuran_ARUs\IF06\SMM2-31_20260421_060402.wav
3429.0,3432.0,Setophaga pinus,Pine Warbler,0.3801,D:\Bird_Anuran_ARUs\IF06\SMM2-31_20260421_060402.wav
3432.0,3435.0,Setophaga pinus,Pine Warbler,0.2731,D:\Bird_Anuran_ARUs\IF06\SMM2-31_20260421_060402.wav
3435.0,3438.0,Corvus brachyrhynchos,American Crow,0.6182,D:\Bird_Anuran_ARUs\IF06\SMM2-31_20260421_060402.wav
3438.0,3441.0,Geothlypis trichas,Common Yellowthroat,0.4668,D:\Bird_Anuran_ARUs\IF06\SMM2-31_20260421_060402.wav
3441.0,3444.0,Setophaga citrina,Hooded Warbler,0.4712,D:\Bird_Anuran_ARUs\IF06\SMM2-31_20260421_060402.wav
3441.0,3444.0,Corvus brachyrhynchos,American Crow,0.2871,D:\Bird_Anuran_ARUs\IF06\SMM2-31_20260421_060402.wav
3444.0,3447.0,Seiurus aurocapilla,Ovenbird,0.7516,D:\Bird_Anuran_ARUs\IF06\SMM2-31_20260421_060402.wav
3444.0,3447.0,Corvus brachyrhynchos,American Crow,0.5098,D:\Bird_Anuran_ARUs\IF06\SMM2-31_20260421_060402.wav
3447.0,3450.0,Seiurus aurocapilla,Ovenbird,0.6609,D:\Bird_Anuran_ARUs\IF06\SMM2-31_20260421_060402.wav
3447.0,3450.0,Corvus brachyrhynchos,American Crow,0.3921,D:\Bird_Anuran_ARUs\IF06\SMM2-31_20260421_060402.wav
3453.0,3456.0,Setophaga citrina,Hooded Warbler,0.8949,D:\Bird_Anuran_ARUs\IF06\SMM2-31_20260421_060402.wav
3453.0,3456.0,Corvus brachyrhynchos,American Crow,0.2558,D:\Bird_Anuran_ARUs\IF06\SMM2-31_20260421_060402.wav
3456.0,3459.0,Setophaga citrina,Hooded Warbler,0.8375,D:\Bird_Anuran_ARUs\IF06\SMM2-31_20260421_060402.wav
3456.0,3459.0,Corvus brachyrhynchos,American Crow,0.3240,D:\Bird_Anuran_ARUs\IF06\SMM2-31_20260421_060402.wav
3459.0,3462.0,Corvus brachyrhynchos,American Crow,0.6924,D:\Bird_Anuran_ARUs\IF06\SMM2-31_20260421_060402.wav
3462.0,3465.0,Geothlypis trichas,Common Yellowthroat,0.3077,D:\Bird_Anuran_ARUs\IF06\SMM2-31_20260421_060402.wav
3465.0,3468.0,Corvus brachyrhynchos,American Crow,0.3329,D:\Bird_Anuran_ARUs\IF06\SMM2-31_20260421_060402.wav
3474.0,3477.0,Corvus brachyrhynchos,American Crow,0.3327,D:\Bird_Anuran_ARUs\IF06\SMM2-31_20260421_060402.wav
3477.0,3480.0,Geothlypis trichas,Common Yellowthroat,0.4045,D:\Bird_Anuran_ARUs\IF06\SMM2-31_20260421_060402.wav
3480.0,3483.0,Geothlypis trichas,Common Yellowthroat,0.3408,D:\Bird_Anuran_ARUs\IF06\SMM2-31_20260421_060402.wav
3483.0,3486.0,Corvus brachyrhynchos,American Crow,0.3587,D:\Bird_Anuran_ARUs\IF06\SMM2-31_20260421_060402.wav
3483.0,3486.0,Setophaga citrina,Hooded Warbler,0.2876,D:\Bird_Anuran_ARUs\IF06\SMM2-31_20260421_060402.wav
3489.0,3492.0,Geothlypis trichas,Common Yellowthroat,0.3686,D:\Bird_Anuran_ARUs\IF06\SMM2-31_20260421_060402.wav
3492.0,3495.0,Setophaga citrina,Hooded Warbler,0.5445,D:\Bird_Anuran_ARUs\IF06\SMM2-31_20260421_060402.wav
3492.0,3495.0,Geothlypis trichas,Common Yellowthroat,0.4348,D:\Bird_Anuran_ARUs\IF06\SMM2-31_20260421_060402.wav
3504.0,3507.0,Pipilo erythrophthalmus,Eastern Towhee,0.7726,D:\Bird_Anuran_ARUs\IF06\SMM2-31_20260421_060402.wav
3507.0,3510.0,Pipilo erythrophthalmus,Eastern Towhee,0.6130,D:\Bird_Anuran_ARUs\IF06\SMM2-31_20260421_060402.wav
3510.0,3513.0,Setophaga citrina,Hooded Warbler,0.3816,D:\Bird_Anuran_ARUs\IF06\SMM2-31_20260421_060402.wav
3513.0,3516.0,Geothlypis trichas,Common Yellowthroat,0.2764,D:\Bird_Anuran_ARUs\IF06\SMM2-31_20260421_060402.wav
3519.0,3522.0,Seiurus aurocapilla,Ovenbird,0.7932,D:\Bird_Anuran_ARUs\IF06\SMM2-31_20260421_060402.wav
3528.0,3531.0,Pipilo erythrophthalmus,Eastern Towhee,0.9226,D:\Bird_Anuran_ARUs\IF06\SMM2-31_20260421_060402.wav
3528.0,3531.0,Corvus brachyrhynchos,American Crow,0.3366,D:\Bird_Anuran_ARUs\IF06\SMM2-31_20260421_060402.wav
3534.0,3537.0,Corvus brachyrhynchos,American Crow,0.9954,D:\Bird_Anuran_ARUs\IF06\SMM2-31_20260421_060402.wav
3534.0,3537.0,Pipilo erythrophthalmus,Eastern Towhee,0.9852,D:\Bird_Anuran_ARUs\IF06\SMM2-31_20260421_060402.wav
3537.0,3540.0,Geothlypis trichas,Common Yellowthroat,0.4136,D:\Bird_Anuran_ARUs\IF06\SMM2-31_20260421_060402.wav
3540.0,3543.0,Pipilo erythrophthalmus,Eastern Towhee,0.6815,D:\Bird_Anuran_ARUs\IF06\SMM2-31_20260421_060402.wav
3546.0,3549.0,Pipilo erythrophthalmus,Eastern Towhee,0.6954,D:\Bird_Anuran_ARUs\IF06\SMM2-31_20260421_060402.wav
3549.0,3552.0,Geothlypis trichas,Common Yellowthroat,0.6936,D:\Bird_Anuran_ARUs\IF06\SMM2-31_20260421_060402.wav
3552.0,3555.0,Pipilo erythrophthalmus,Eastern Towhee,0.6903,D:\Bird_Anuran_ARUs\IF06\SMM2-31_20260421_060402.wav
3555.0,3558.0,Setophaga citrina,Hooded Warbler,0.8294,D:\Bird_Anuran_ARUs\IF06\SMM2-31_20260421_060402.wav
3555.0,3558.0,Corvus brachyrhynchos,American Crow,0.8243,D:\Bird_Anuran_ARUs\IF06\SMM2-31_20260421_060402.wav
3558.0,3561.0,Corvus brachyrhynchos,American Crow,0.9920,D:\Bird_Anuran_ARUs\IF06\SMM2-31_20260421_060402.wav
3558.0,3561.0,Pipilo erythrophthalmus,Eastern Towhee,0.9179,D:\Bird_Anuran_ARUs\IF06\SMM2-31_20260421_060402.wav
3561.0,3564.0,Geothlypis trichas,Common Yellowthroat,0.5888,D:\Bird_Anuran_ARUs\IF06\SMM2-31_20260421_060402.wav
3564.0,3567.0,Pipilo erythrophthalmus,Eastern Towhee,0.9665,D:\Bird_Anuran_ARUs\IF06\SMM2-31_20260421_060402.wav
3564.0,3567.0,Corvus brachyrhynchos,American Crow,0.2554,D:\Bird_Anuran_ARUs\IF06\SMM2-31_20260421_060402.wav
3567.0,3570.0,Piranga olivacea,Scarlet Tanager,0.9154,D:\Bird_Anuran_ARUs\IF06\SMM2-31_20260421_060402.wav
3567.0,3570.0,Pipilo erythrophthalmus,Eastern Towhee,0.3612,D:\Bird_Anuran_ARUs\IF06\SMM2-31_20260421_060402.wav
3567.0,3570.0,Corvus brachyrhynchos,American Crow,0.2977,D:\Bird_Anuran_ARUs\IF06\SMM2-31_20260421_060402.wav
3570.0,3573.0,Pipilo erythrophthalmus,Eastern Towhee,0.9876,D:\Bird_Anuran_ARUs\IF06\SMM2-31_20260421_060402.wav
3573.0,3576.0,Piranga olivacea,Scarlet Tanager,0.9074,D:\Bird_Anuran_ARUs\IF06\SMM2-31_20260421_060402.wav
3576.0,3579.0,Pipilo erythrophthalmus,Eastern Towhee,0.9587,D:\Bird_Anuran_ARUs\IF06\SMM2-31_20260421_060402.wav
3579.0,3582.0,Piranga olivacea,Scarlet Tanager,0.8706,D:\Bird_Anuran_ARUs\IF06\SMM2-31_20260421_060402.wav
3582.0,3585.0,Pipilo erythrophthalmus,Eastern Towhee,0.9748,D:\Bird_Anuran_ARUs\IF06\SMM2-31_20260421_060402.wav
3585.0,3588.0,Piranga olivacea,Scarlet Tanager,0.4412,D:\Bird_Anuran_ARUs\IF06\SMM2-31_20260421_060402.wav
3585.0,3588.0,Corvus brachyrhynchos,American Crow,0.3557,D:\Bird_Anuran_ARUs\IF06\SMM2-31_20260421_060402.wav
3585.0,3588.0,Pipilo erythrophthalmus,Eastern Towhee,0.3069,D:\Bird_Anuran_ARUs\IF06\SMM2-31_20260421_060402.wav
3588.0,3591.0,Pipilo erythrophthalmus,Eastern Towhee,0.9808,D:\Bird_Anuran_ARUs\IF06\SMM2-31_20260421_060402.wav
3591.0,3594.0,Geothlypis trichas,Common Yellowthroat,0.6616,D:\Bird_Anuran_ARUs\IF06\SMM2-31_20260421_060402.wav
3594.0,3597.0,Pipilo erythrophthalmus,Eastern Towhee,0.8346,D:\Bird_Anuran_ARUs\IF06\SMM2-31_20260421_060402.wav
