Start (s),End (s),Scientific name,Common name,Confidence,File
6.0,9.0,Corvus brachyrhynchos,American Crow,0.9482,D:\Bird_Anuran_ARUs\IF06\SMM2-31_20260419_060702.wav
6.0,9.0,Cardinalis cardinalis,Northern Cardinal,0.5557,D:\Bird_Anuran_ARUs\IF06\SMM2-31_20260419_060702.wav
9.0,12.0,Corvus brachyrhynchos,American Crow,0.8737,D:\Bird_Anuran_ARUs\IF06\SMM2-31_20260419_060702.wav
9.0,12.0,Cardinalis cardinalis,Northern Cardinal,0.2749,D:\Bird_Anuran_ARUs\IF06\SMM2-31_20260419_060702.wav
12.0,15.0,Corvus brachyrhynchos,American Crow,0.4617,D:\Bird_Anuran_ARUs\IF06\SMM2-31_20260419_060702.wav
18.0,21.0,Corvus brachyrhynchos,American Crow,0.9178,D:\Bird_Anuran_ARUs\IF06\SMM2-31_20260419_060702.wav
21.0,24.0,Corvus brachyrhynchos,American Crow,0.8433,D:\Bird_Anuran_ARUs\IF06\SMM2-31_20260419_060702.wav
24.0,27.0,Corvus brachyrhynchos,American Crow,0.2687,D:\Bird_Anuran_ARUs\IF06\SMM2-31_20260419_060702.wav
27.0,30.0,Corvus brachyrhynchos,American Crow,0.2551,D:\Bird_Anuran_ARUs\IF06\SMM2-31_20260419_060702.wav
36.0,39.0,Corvus brachyrhynchos,American Crow,0.4020,D:\Bird_Anuran_ARUs\IF06\SMM2-31_20260419_060702.wav
42.0,45.0,Corvus brachyrhynchos,American Crow,0.2831,D:\Bird_Anuran_ARUs\IF06\SMM2-31_20260419_060702.wav
48.0,51.0,Corvus brachyrhynchos,American Crow,0.4113,D:\Bird_Anuran_ARUs\IF06\SMM2-31_20260419_060702.wav
54.0,57.0,Corvus brachyrhynchos,American Crow,0.3065,D:\Bird_Anuran_ARUs\IF06\SMM2-31_20260419_060702.wav
57.0,60.0,Corvus brachyrhynchos,American Crow,0.7089,D:\Bird_Anuran_ARUs\IF06\SMM2-31_20260419_060702.wav
60.0,63.0,Corvus brachyrhynchos,American Crow,0.9194,D:\Bird_Anuran_ARUs\IF06\SMM2-31_20260419_060702.wav
63.0,66.0,Corvus brachyrhynchos,American Crow,0.7191,D:\Bird_Anuran_ARUs\IF06\SMM2-31_20260419_060702.wav
63.0,66.0,Pipilo erythrophthalmus,Eastern Towhee,0.3564,D:\Bird_Anuran_ARUs\IF06\SMM2-31_20260419_060702.wav
66.0,69.0,Corvus brachyrhynchos,American Crow,0.6141,D:\Bird_Anuran_ARUs\IF06\SMM2-31_20260419_060702.wav
66.0,69.0,Melanerpes carolinus,Red-bellied Woodpecker,0.3532,D:\Bird_Anuran_ARUs\IF06\SMM2-31_20260419_060702.wav
66.0,69.0,Setophaga citrina,Hooded Warbler,0.3183,D:\Bird_Anuran_ARUs\IF06\SMM2-31_20260419_060702.wav
72.0,75.0,Corvus brachyrhynchos,American Crow,0.3958,D:\Bird_Anuran_ARUs\IF06\SMM2-31_20260419_060702.wav
75.0,78.0,Corvus brachyrhynchos,American Crow,0.4113,D:\Bird_Anuran_ARUs\IF06\SMM2-31_20260419_060702.wav
90.0,93.0,Cardinalis cardinalis,Northern Cardinal,0.2772,D:\Bird_Anuran_ARUs\IF06\SMM2-31_20260419_060702.wav
108.0,111.0,Corvus brachyrhynchos,American Crow,0.3935,D:\Bird_Anuran_ARUs\IF06\SMM2-31_20260419_060702.wav
111.0,114.0,Corvus brachyrhynchos,American Crow,0.9487,D:\Bird_Anuran_ARUs\IF06\SMM2-31_20260419_060702.wav
114.0,117.0,Cardinalis cardinalis,Northern Cardinal,0.3428,D:\Bird_Anuran_ARUs\IF06\SMM2-31_20260419_060702.wav
120.0,123.0,Corvus brachyrhynchos,American Crow,0.6460,D:\Bird_Anuran_ARUs\IF06\SMM2-31_20260419_060702.wav
126.0,129.0,Pipilo erythrophthalmus,Eastern Towhee,0.3738,D:\Bird_Anuran_ARUs\IF06\SMM2-31_20260419_060702.wav
129.0,132.0,Pipilo erythrophthalmus,Eastern Towhee,0.5164,D:\Bird_Anuran_ARUs\IF06\SMM2-31_20260419_060702.wav
132.0,135.0,Pipilo erythrophthalmus,Eastern Towhee,0.7308,D:\Bird_Anuran_ARUs\IF06\SMM2-31_20260419_060702.wav
135.0,138.0,Pipilo erythrophthalmus,Eastern Towhee,0.3178,D:\Bird_Anuran_ARUs\IF06\SMM2-31_20260419_060702.wav
138.0,141.0,Pipilo erythrophthalmus,Eastern Towhee,0.5354,D:\Bird_Anuran_ARUs\IF06\SMM2-31_20260419_060702.wav
138.0,141.0,Corvus brachyrhynchos,American Crow,0.3874,D:\Bird_Anuran_ARUs\IF06\SMM2-31_20260419_060702.wav
144.0,147.0,Pipilo erythrophthalmus,Eastern Towhee,0.8763,D:\Bird_Anuran_ARUs\IF06\SMM2-31_20260419_060702.wav
144.0,147.0,Corvus brachyrhynchos,American Crow,0.4679,D:\Bird_Anuran_ARUs\IF06\SMM2-31_20260419_060702.wav
150.0,153.0,Pipilo erythrophthalmus,Eastern Towhee,0.3929,D:\Bird_Anuran_ARUs\IF06\SMM2-31_20260419_060702.wav
153.0,156.0,Pipilo erythrophthalmus,Eastern Towhee,0.3438,D:\Bird_Anuran_ARUs\IF06\SMM2-31_20260419_060702.wav
156.0,159.0,Pipilo erythrophthalmus,Eastern Towhee,0.4678,D:\Bird_Anuran_ARUs\IF06\SMM2-31_20260419_060702.wav
162.0,165.0,Pipilo erythrophthalmus,Eastern Towhee,0.5035,D:\Bird_Anuran_ARUs\IF06\SMM2-31_20260419_060702.wav
165.0,168.0,Pipilo erythrophthalmus,Eastern Towhee,0.3924,D:\Bird_Anuran_ARUs\IF06\SMM2-31_20260419_060702.wav
168.0,171.0,Pipilo erythrophthalmus,Eastern Towhee,0.4784,D:\Bird_Anuran_ARUs\IF06\SMM2-31_20260419_060702.wav
174.0,177.0,Corvus brachyrhynchos,American Crow,0.4074,D:\Bird_Anuran_ARUs\IF06\SMM2-31_20260419_060702.wav
174.0,177.0,Pipilo erythrophthalmus,Eastern Towhee,0.3747,D:\Bird_Anuran_ARUs\IF06\SMM2-31_20260419_060702.wav
177.0,180.0,Pipilo erythrophthalmus,Eastern Towhee,0.6084,D:\Bird_Anuran_ARUs\IF06\SMM2-31_20260419_060702.wav
186.0,189.0,Pipilo erythrophthalmus,Eastern Towhee,0.6457,D:\Bird_Anuran_ARUs\IF06\SMM2-31_20260419_060702.wav
189.0,192.0,Pipilo erythrophthalmus,Eastern Towhee,0.7409,D:\Bird_Anuran_ARUs\IF06\SMM2-31_20260419_060702.wav
192.0,195.0,Corvus brachyrhynchos,American Crow,0.9103,D:\Bird_Anuran_ARUs\IF06\SMM2-31_20260419_060702.wav
192.0,195.0,Pipilo erythrophthalmus,Eastern Towhee,0.7748,D:\Bird_Anuran_ARUs\IF06\SMM2-31_20260419_060702.wav
201.0,204.0,Pipilo erythrophthalmus,Eastern Towhee,0.6499,D:\Bird_Anuran_ARUs\IF06\SMM2-31_20260419_060702.wav
207.0,210.0,Corvus brachyrhynchos,American Crow,0.9312,D:\Bird_Anuran_ARUs\IF06\SMM2-31_20260419_060702.wav
207.0,210.0,Pipilo erythrophthalmus,Eastern Towhee,0.2608,D:\Bird_Anuran_ARUs\IF06\SMM2-31_20260419_060702.wav
210.0,213.0,Pipilo erythrophthalmus,Eastern Towhee,0.8564,D:\Bird_Anuran_ARUs\IF06\SMM2-31_20260419_060702.wav
210.0,213.0,Corvus brachyrhynchos,American Crow,0.4158,D:\Bird_Anuran_ARUs\IF06\SMM2-31_20260419_060702.wav
216.0,219.0,Corvus brachyrhynchos,American Crow,0.5441,D:\Bird_Anuran_ARUs\IF06\SMM2-31_20260419_060702.wav
219.0,222.0,Corvus brachyrhynchos,American Crow,0.9476,D:\Bird_Anuran_ARUs\IF06\SMM2-31_20260419_060702.wav
219.0,222.0,Pipilo erythrophthalmus,Eastern Towhee,0.9308,D:\Bird_Anuran_ARUs\IF06\SMM2-31_20260419_060702.wav
222.0,225.0,Corvus brachyrhynchos,American Crow,0.3453,D:\Bird_Anuran_ARUs\IF06\SMM2-31_20260419_060702.wav
228.0,231.0,Corvus brachyrhynchos,American Crow,0.9933,D:\Bird_Anuran_ARUs\IF06\SMM2-31_20260419_060702.wav
228.0,231.0,Pipilo erythrophthalmus,Eastern Towhee,0.9218,D:\Bird_Anuran_ARUs\IF06\SMM2-31_20260419_060702.wav
231.0,234.0,Pipilo erythrophthalmus,Eastern Towhee,0.6997,D:\Bird_Anuran_ARUs\IF06\SMM2-31_20260419_060702.wav
234.0,237.0,Corvus brachyrhynchos,American Crow,0.6537,D:\Bird_Anuran_ARUs\IF06\SMM2-31_20260419_060702.wav
237.0,240.0,Corvus brachyrhynchos,American Crow,0.9736,D:\Bird_Anuran_ARUs\IF06\SMM2-31_20260419_060702.wav
237.0,240.0,Pipilo erythrophthalmus,Eastern Towhee,0.8570,D:\Bird_Anuran_ARUs\IF06\SMM2-31_20260419_060702.wav
243.0,246.0,Corvus brachyrhynchos,American Crow,0.8876,D:\Bird_Anuran_ARUs\IF06\SMM2-31_20260419_060702.wav
246.0,249.0,Pipilo erythrophthalmus,Eastern Towhee,0.7694,D:\Bird_Anuran_ARUs\IF06\SMM2-31_20260419_060702.wav
246.0,249.0,Corvus brachyrhynchos,American Crow,0.2588,D:\Bird_Anuran_ARUs\IF06\SMM2-31_20260419_060702.wav
255.0,258.0,Pipilo erythrophthalmus,Eastern Towhee,0.8518,D:\Bird_Anuran_ARUs\IF06\SMM2-31_20260419_060702.wav
255.0,258.0,Corvus brachyrhynchos,American Crow,0.6706,D:\Bird_Anuran_ARUs\IF06\SMM2-31_20260419_060702.wav
264.0,267.0,Pipilo erythrophthalmus,Eastern Towhee,0.9218,D:\Bird_Anuran_ARUs\IF06\SMM2-31_20260419_060702.wav
267.0,270.0,Corvus brachyrhynchos,American Crow,0.7239,D:\Bird_Anuran_ARUs\IF06\SMM2-31_20260419_060702.wav
270.0,273.0,Corvus brachyrhynchos,American Crow,0.9829,D:\Bird_Anuran_ARUs\IF06\SMM2-31_20260419_060702.wav
270.0,273.0,Pipilo erythrophthalmus,Eastern Towhee,0.8782,D:\Bird_Anuran_ARUs\IF06\SMM2-31_20260419_060702.wav
273.0,276.0,Pipilo erythrophthalmus,Eastern Towhee,0.6486,D:\Bird_Anuran_ARUs\IF06\SMM2-31_20260419_060702.wav
276.0,279.0,Corvus brachyrhynchos,American Crow,0.4889,D:\Bird_Anuran_ARUs\IF06\SMM2-31_20260419_060702.wav
279.0,282.0,Corvus brachyrhynchos,American Crow,0.9991,D:\Bird_Anuran_ARUs\IF06\SMM2-31_20260419_060702.wav
279.0,282.0,Pipilo erythrophthalmus,Eastern Towhee,0.9753,D:\Bird_Anuran_ARUs\IF06\SMM2-31_20260419_060702.wav
282.0,285.0,Corvus brachyrhynchos,American Crow,0.8744,D:\Bird_Anuran_ARUs\IF06\SMM2-31_20260419_060702.wav
285.0,288.0,Corvus brachyrhynchos,American Crow,0.6848,D:\Bird_Anuran_ARUs\IF06\SMM2-31_20260419_060702.wav
288.0,291.0,Pipilo erythrophthalmus,Eastern Towhee,0.6674,D:\Bird_Anuran_ARUs\IF06\SMM2-31_20260419_060702.wav
288.0,291.0,Corvus brachyrhynchos,American Crow,0.6214,D:\Bird_Anuran_ARUs\IF06\SMM2-31_20260419_060702.wav
294.0,297.0,Corvus brachyrhynchos,American Crow,0.4048,D:\Bird_Anuran_ARUs\IF06\SMM2-31_20260419_060702.wav
297.0,300.0,Corvus brachyrhynchos,American Crow,0.9413,D:\Bird_Anuran_ARUs\IF06\SMM2-31_20260419_060702.wav
297.0,300.0,Pipilo erythrophthalmus,Eastern Towhee,0.9276,D:\Bird_Anuran_ARUs\IF06\SMM2-31_20260419_060702.wav
300.0,303.0,Corvus brachyrhynchos,American Crow,0.7839,D:\Bird_Anuran_ARUs\IF06\SMM2-31_20260419_060702.wav
303.0,306.0,Corvus brachyrhynchos,American Crow,0.5875,D:\Bird_Anuran_ARUs\IF06\SMM2-31_20260419_060702.wav
306.0,309.0,Corvus brachyrhynchos,American Crow,0.9882,D:\Bird_Anuran_ARUs\IF06\SMM2-31_20260419_060702.wav
306.0,309.0,Pipilo erythrophthalmus,Eastern Towhee,0.9509,D:\Bird_Anuran_ARUs\IF06\SMM2-31_20260419_060702.wav
309.0,312.0,Corvus brachyrhynchos,American Crow,0.4259,D:\Bird_Anuran_ARUs\IF06\SMM2-31_20260419_060702.wav
312.0,315.0,Setophaga citrina,Hooded Warbler,0.4265,D:\Bird_Anuran_ARUs\IF06\SMM2-31_20260419_060702.wav
312.0,315.0,Corvus brachyrhynchos,American Crow,0.3285,D:\Bird_Anuran_ARUs\IF06\SMM2-31_20260419_060702.wav
315.0,318.0,Pipilo erythrophthalmus,Eastern Towhee,0.8699,D:\Bird_Anuran_ARUs\IF06\SMM2-31_20260419_060702.wav
315.0,318.0,Corvus brachyrhynchos,American Crow,0.7770,D:\Bird_Anuran_ARUs\IF06\SMM2-31_20260419_060702.wav
318.0,321.0,Corvus brachyrhynchos,American Crow,0.7362,D:\Bird_Anuran_ARUs\IF06\SMM2-31_20260419_060702.wav
321.0,324.0,Corvus brachyrhynchos,American Crow,0.9236,D:\Bird_Anuran_ARUs\IF06\SMM2-31_20260419_060702.wav
324.0,327.0,Pipilo erythrophthalmus,Eastern Towhee,0.5604,D:\Bird_Anuran_ARUs\IF06\SMM2-31_20260419_060702.wav
327.0,330.0,Corvus brachyrhynchos,American Crow,0.7932,D:\Bird_Anuran_ARUs\IF06\SMM2-31_20260419_060702.wav
327.0,330.0,Seiurus aurocapilla,Ovenbird,0.7002,D:\Bird_Anuran_ARUs\IF06\SMM2-31_20260419_060702.wav
333.0,336.0,Pipilo erythrophthalmus,Eastern Towhee,0.4370,D:\Bird_Anuran_ARUs\IF06\SMM2-31_20260419_060702.wav
336.0,339.0,Corvus brachyrhynchos,American Crow,0.4267,D:\Bird_Anuran_ARUs\IF06\SMM2-31_20260419_060702.wav
339.0,342.0,Corvus brachyrhynchos,American Crow,0.8368,D:\Bird_Anuran_ARUs\IF06\SMM2-31_20260419_060702.wav
342.0,345.0,Corvus brachyrhynchos,American Crow,0.9470,D:\Bird_Anuran_ARUs\IF06\SMM2-31_20260419_060702.wav
342.0,345.0,Pipilo erythrophthalmus,Eastern Towhee,0.7931,D:\Bird_Anuran_ARUs\IF06\SMM2-31_20260419_060702.wav
351.0,354.0,Pipilo erythrophthalmus,Eastern Towhee,0.5993,D:\Bird_Anuran_ARUs\IF06\SMM2-31_20260419_060702.wav
354.0,357.0,Pipilo erythrophthalmus,Eastern Towhee,0.8662,D:\Bird_Anuran_ARUs\IF06\SMM2-31_20260419_060702.wav
354.0,357.0,Corvus brachyrhynchos,American Crow,0.6185,D:\Bird_Anuran_ARUs\IF06\SMM2-31_20260419_060702.wav
360.0,363.0,Corvus brachyrhynchos,American Crow,0.4965,D:\Bird_Anuran_ARUs\IF06\SMM2-31_20260419_060702.wav
363.0,366.0,Corvus brachyrhynchos,American Crow,0.9980,D:\Bird_Anuran_ARUs\IF06\SMM2-31_20260419_060702.wav
363.0,366.0,Pipilo erythrophthalmus,Eastern Towhee,0.9956,D:\Bird_Anuran_ARUs\IF06\SMM2-31_20260419_060702.wav
366.0,369.0,Corvus brachyrhynchos,American Crow,0.4328,D:\Bird_Anuran_ARUs\IF06\SMM2-31_20260419_060702.wav
366.0,369.0,Cardinalis cardinalis,Northern Cardinal,0.3228,D:\Bird_Anuran_ARUs\IF06\SMM2-31_20260419_060702.wav
372.0,375.0,Pipilo erythrophthalmus,Eastern Towhee,0.9395,D:\Bird_Anuran_ARUs\IF06\SMM2-31_20260419_060702.wav
372.0,375.0,Corvus brachyrhynchos,American Crow,0.7964,D:\Bird_Anuran_ARUs\IF06\SMM2-31_20260419_060702.wav
375.0,378.0,Corvus brachyrhynchos,American Crow,0.9010,D:\Bird_Anuran_ARUs\IF06\SMM2-31_20260419_060702.wav
375.0,378.0,Cardinalis cardinalis,Northern Cardinal,0.6693,D:\Bird_Anuran_ARUs\IF06\SMM2-31_20260419_060702.wav
378.0,381.0,Corvus brachyrhynchos,American Crow,0.7523,D:\Bird_Anuran_ARUs\IF06\SMM2-31_20260419_060702.wav
381.0,384.0,Pipilo erythrophthalmus,Eastern Towhee,0.9830,D:\Bird_Anuran_ARUs\IF06\SMM2-31_20260419_060702.wav
381.0,384.0,Corvus brachyrhynchos,American Crow,0.9753,D:\Bird_Anuran_ARUs\IF06\SMM2-31_20260419_060702.wav
384.0,387.0,Setophaga pinus,Pine Warbler,0.3954,D:\Bird_Anuran_ARUs\IF06\SMM2-31_20260419_060702.wav
387.0,390.0,Corvus brachyrhynchos,American Crow,0.9747,D:\Bird_Anuran_ARUs\IF06\SMM2-31_20260419_060702.wav
387.0,390.0,Pipilo erythrophthalmus,Eastern Towhee,0.9500,D:\Bird_Anuran_ARUs\IF06\SMM2-31_20260419_060702.wav
393.0,396.0,Geothlypis trichas,Common Yellowthroat,0.2722,D:\Bird_Anuran_ARUs\IF06\SMM2-31_20260419_060702.wav
396.0,399.0,Pipilo erythrophthalmus,Eastern Towhee,0.8730,D:\Bird_Anuran_ARUs\IF06\SMM2-31_20260419_060702.wav
396.0,399.0,Corvus brachyrhynchos,American Crow,0.5058,D:\Bird_Anuran_ARUs\IF06\SMM2-31_20260419_060702.wav
399.0,402.0,Corvus brachyrhynchos,American Crow,0.8385,D:\Bird_Anuran_ARUs\IF06\SMM2-31_20260419_060702.wav
399.0,402.0,Pipilo erythrophthalmus,Eastern Towhee,0.4437,D:\Bird_Anuran_ARUs\IF06\SMM2-31_20260419_060702.wav
399.0,402.0,Cardinalis cardinalis,Northern Cardinal,0.2863,D:\Bird_Anuran_ARUs\IF06\SMM2-31_20260419_060702.wav
402.0,405.0,Corvus brachyrhynchos,American Crow,0.8740,D:\Bird_Anuran_ARUs\IF06\SMM2-31_20260419_060702.wav
405.0,408.0,Piranga olivacea,Scarlet Tanager,0.2734,D:\Bird_Anuran_ARUs\IF06\SMM2-31_20260419_060702.wav
408.0,411.0,Corvus brachyrhynchos,American Crow,0.9935,D:\Bird_Anuran_ARUs\IF06\SMM2-31_20260419_060702.wav
408.0,411.0,Pipilo erythrophthalmus,Eastern Towhee,0.9732,D:\Bird_Anuran_ARUs\IF06\SMM2-31_20260419_060702.wav
411.0,414.0,Corvus brachyrhynchos,American Crow,0.6025,D:\Bird_Anuran_ARUs\IF06\SMM2-31_20260419_060702.wav
414.0,417.0,Corvus brachyrhynchos,American Crow,0.5082,D:\Bird_Anuran_ARUs\IF06\SMM2-31_20260419_060702.wav
417.0,420.0,Pipilo erythrophthalmus,Eastern Towhee,0.8410,D:\Bird_Anuran_ARUs\IF06\SMM2-31_20260419_060702.wav
420.0,423.0,Corvus brachyrhynchos,American Crow,0.9536,D:\Bird_Anuran_ARUs\IF06\SMM2-31_20260419_060702.wav
420.0,423.0,Setophaga citrina,Hooded Warbler,0.2602,D:\Bird_Anuran_ARUs\IF06\SMM2-31_20260419_060702.wav
423.0,426.0,Pipilo erythrophthalmus,Eastern Towhee,0.7437,D:\Bird_Anuran_ARUs\IF06\SMM2-31_20260419_060702.wav
423.0,426.0,Corvus brachyrhynchos,American Crow,0.5513,D:\Bird_Anuran_ARUs\IF06\SMM2-31_20260419_060702.wav
426.0,429.0,Corvus brachyrhynchos,American Crow,0.4279,D:\Bird_Anuran_ARUs\IF06\SMM2-31_20260419_060702.wav
429.0,432.0,Corvus brachyrhynchos,American Crow,0.2647,D:\Bird_Anuran_ARUs\IF06\SMM2-31_20260419_060702.wav
432.0,435.0,Pipilo erythrophthalmus,Eastern Towhee,0.5246,D:\Bird_Anuran_ARUs\IF06\SMM2-31_20260419_060702.wav
432.0,435.0,Corvus brachyrhynchos,American Crow,0.3726,D:\Bird_Anuran_ARUs\IF06\SMM2-31_20260419_060702.wav
435.0,438.0,Pipilo erythrophthalmus,Eastern Towhee,0.7996,D:\Bird_Anuran_ARUs\IF06\SMM2-31_20260419_060702.wav
438.0,441.0,Corvus brachyrhynchos,American Crow,0.3923,D:\Bird_Anuran_ARUs\IF06\SMM2-31_20260419_060702.wav
441.0,444.0,Corvus brachyrhynchos,American Crow,0.9660,D:\Bird_Anuran_ARUs\IF06\SMM2-31_20260419_060702.wav
441.0,444.0,Pipilo erythrophthalmus,Eastern Towhee,0.9658,D:\Bird_Anuran_ARUs\IF06\SMM2-31_20260419_060702.wav
444.0,447.0,Seiurus aurocapilla,Ovenbird,0.3255,D:\Bird_Anuran_ARUs\IF06\SMM2-31_20260419_060702.wav
447.0,450.0,Corvus brachyrhynchos,American Crow,0.4289,D:\Bird_Anuran_ARUs\IF06\SMM2-31_20260419_060702.wav
450.0,453.0,Pipilo erythrophthalmus,Eastern Towhee,0.4773,D:\Bird_Anuran_ARUs\IF06\SMM2-31_20260419_060702.wav
453.0,456.0,Pipilo erythrophthalmus,Eastern Towhee,0.9525,D:\Bird_Anuran_ARUs\IF06\SMM2-31_20260419_060702.wav
453.0,456.0,Corvus brachyrhynchos,American Crow,0.7804,D:\Bird_Anuran_ARUs\IF06\SMM2-31_20260419_060702.wav
456.0,459.0,Cardinalis cardinalis,Northern Cardinal,0.3027,D:\Bird_Anuran_ARUs\IF06\SMM2-31_20260419_060702.wav
462.0,465.0,Corvus brachyrhynchos,American Crow,0.9958,D:\Bird_Anuran_ARUs\IF06\SMM2-31_20260419_060702.wav
462.0,465.0,Pipilo erythrophthalmus,Eastern Towhee,0.9891,D:\Bird_Anuran_ARUs\IF06\SMM2-31_20260419_060702.wav
465.0,468.0,Corvus brachyrhynchos,American Crow,0.9825,D:\Bird_Anuran_ARUs\IF06\SMM2-31_20260419_060702.wav
465.0,468.0,Setophaga citrina,Hooded Warbler,0.4423,D:\Bird_Anuran_ARUs\IF06\SMM2-31_20260419_060702.wav
471.0,474.0,Corvus brachyrhynchos,American Crow,0.9856,D:\Bird_Anuran_ARUs\IF06\SMM2-31_20260419_060702.wav
471.0,474.0,Pipilo erythrophthalmus,Eastern Towhee,0.9439,D:\Bird_Anuran_ARUs\IF06\SMM2-31_20260419_060702.wav
474.0,477.0,Corvus brachyrhynchos,American Crow,0.5031,D:\Bird_Anuran_ARUs\IF06\SMM2-31_20260419_060702.wav
477.0,480.0,Corvus brachyrhynchos,American Crow,0.5866,D:\Bird_Anuran_ARUs\IF06\SMM2-31_20260419_060702.wav
477.0,480.0,Cardinalis cardinalis,Northern Cardinal,0.4657,D:\Bird_Anuran_ARUs\IF06\SMM2-31_20260419_060702.wav
480.0,483.0,Corvus brachyrhynchos,American Crow,0.9452,D:\Bird_Anuran_ARUs\IF06\SMM2-31_20260419_060702.wav
480.0,483.0,Pipilo erythrophthalmus,Eastern Towhee,0.9054,D:\Bird_Anuran_ARUs\IF06\SMM2-31_20260419_060702.wav
483.0,486.0,Cardinalis cardinalis,Northern Cardinal,0.3843,D:\Bird_Anuran_ARUs\IF06\SMM2-31_20260419_060702.wav
486.0,489.0,Corvus brachyrhynchos,American Crow,0.9271,D:\Bird_Anuran_ARUs\IF06\SMM2-31_20260419_060702.wav
486.0,489.0,Piranga olivacea,Scarlet Tanager,0.3026,D:\Bird_Anuran_ARUs\IF06\SMM2-31_20260419_060702.wav
489.0,492.0,Corvus brachyrhynchos,American Crow,0.9988,D:\Bird_Anuran_ARUs\IF06\SMM2-31_20260419_060702.wav
489.0,492.0,Pipilo erythrophthalmus,Eastern Towhee,0.9594,D:\Bird_Anuran_ARUs\IF06\SMM2-31_20260419_060702.wav
492.0,495.0,Cardinalis cardinalis,Northern Cardinal,0.4652,D:\Bird_Anuran_ARUs\IF06\SMM2-31_20260419_060702.wav
492.0,495.0,Corvus brachyrhynchos,American Crow,0.3385,D:\Bird_Anuran_ARUs\IF06\SMM2-31_20260419_060702.wav
495.0,498.0,Corvus brachyrhynchos,American Crow,0.9995,D:\Bird_Anuran_ARUs\IF06\SMM2-31_20260419_060702.wav
495.0,498.0,Pipilo erythrophthalmus,Eastern Towhee,0.9848,D:\Bird_Anuran_ARUs\IF06\SMM2-31_20260419_060702.wav
498.0,501.0,Pipilo erythrophthalmus,Eastern Towhee,0.7298,D:\Bird_Anuran_ARUs\IF06\SMM2-31_20260419_060702.wav
501.0,504.0,Corvus brachyrhynchos,American Crow,0.7834,D:\Bird_Anuran_ARUs\IF06\SMM2-31_20260419_060702.wav
504.0,507.0,Pipilo erythrophthalmus,Eastern Towhee,0.6403,D:\Bird_Anuran_ARUs\IF06\SMM2-31_20260419_060702.wav
507.0,510.0,Corvus brachyrhynchos,American Crow,0.9872,D:\Bird_Anuran_ARUs\IF06\SMM2-31_20260419_060702.wav
507.0,510.0,Setophaga citrina,Hooded Warbler,0.5877,D:\Bird_Anuran_ARUs\IF06\SMM2-31_20260419_060702.wav
507.0,510.0,Cardinalis cardinalis,Northern Cardinal,0.5706,D:\Bird_Anuran_ARUs\IF06\SMM2-31_20260419_060702.wav
513.0,516.0,Pipilo erythrophthalmus,Eastern Towhee,0.7710,D:\Bird_Anuran_ARUs\IF06\SMM2-31_20260419_060702.wav
519.0,522.0,Corvus brachyrhynchos,American Crow,0.2898,D:\Bird_Anuran_ARUs\IF06\SMM2-31_20260419_060702.wav
522.0,525.0,Pipilo erythrophthalmus,Eastern Towhee,0.8740,D:\Bird_Anuran_ARUs\IF06\SMM2-31_20260419_060702.wav
522.0,525.0,Corvus brachyrhynchos,American Crow,0.4820,D:\Bird_Anuran_ARUs\IF06\SMM2-31_20260419_060702.wav
522.0,525.0,Cardinalis cardinalis,Northern Cardinal,0.3866,D:\Bird_Anuran_ARUs\IF06\SMM2-31_20260419_060702.wav
531.0,534.0,Corvus brachyrhynchos,American Crow,0.9938,D:\Bird_Anuran_ARUs\IF06\SMM2-31_20260419_060702.wav
531.0,534.0,Pipilo erythrophthalmus,Eastern Towhee,0.9643,D:\Bird_Anuran_ARUs\IF06\SMM2-31_20260419_060702.wav
531.0,534.0,Piranga olivacea,Scarlet Tanager,0.4013,D:\Bird_Anuran_ARUs\IF06\SMM2-31_20260419_060702.wav
537.0,540.0,Corvus brachyrhynchos,American Crow,0.4988,D:\Bird_Anuran_ARUs\IF06\SMM2-31_20260419_060702.wav
540.0,543.0,Corvus brachyrhynchos,American Crow,0.9985,D:\Bird_Anuran_ARUs\IF06\SMM2-31_20260419_060702.wav
540.0,543.0,Pipilo erythrophthalmus,Eastern Towhee,0.9184,D:\Bird_Anuran_ARUs\IF06\SMM2-31_20260419_060702.wav
543.0,546.0,Cardinalis cardinalis,Northern Cardinal,0.6465,D:\Bird_Anuran_ARUs\IF06\SMM2-31_20260419_060702.wav
543.0,546.0,Corvus brachyrhynchos,American Crow,0.3440,D:\Bird_Anuran_ARUs\IF06\SMM2-31_20260419_060702.wav
546.0,549.0,Pipilo erythrophthalmus,Eastern Towhee,0.8374,D:\Bird_Anuran_ARUs\IF06\SMM2-31_20260419_060702.wav
546.0,549.0,Corvus brachyrhynchos,American Crow,0.7799,D:\Bird_Anuran_ARUs\IF06\SMM2-31_20260419_060702.wav
549.0,552.0,Pipilo erythrophthalmus,Eastern Towhee,0.2513,D:\Bird_Anuran_ARUs\IF06\SMM2-31_20260419_060702.wav
552.0,555.0,Setophaga citrina,Hooded Warbler,0.2601,D:\Bird_Anuran_ARUs\IF06\SMM2-31_20260419_060702.wav
555.0,558.0,Corvus brachyrhynchos,American Crow,0.9335,D:\Bird_Anuran_ARUs\IF06\SMM2-31_20260419_060702.wav
555.0,558.0,Geothlypis trichas,Common Yellowthroat,0.2759,D:\Bird_Anuran_ARUs\IF06\SMM2-31_20260419_060702.wav
555.0,558.0,Molothrus ater,Brown-headed Cowbird,0.2628,D:\Bird_Anuran_ARUs\IF06\SMM2-31_20260419_060702.wav
558.0,561.0,Pipilo erythrophthalmus,Eastern Towhee,0.7959,D:\Bird_Anuran_ARUs\IF06\SMM2-31_20260419_060702.wav
561.0,564.0,Cardinalis cardinalis,Northern Cardinal,0.4508,D:\Bird_Anuran_ARUs\IF06\SMM2-31_20260419_060702.wav
561.0,564.0,Corvus brachyrhynchos,American Crow,0.2656,D:\Bird_Anuran_ARUs\IF06\SMM2-31_20260419_060702.wav
564.0,567.0,Setophaga citrina,Hooded Warbler,0.8617,D:\Bird_Anuran_ARUs\IF06\SMM2-31_20260419_060702.wav
564.0,567.0,Corvus brachyrhynchos,American Crow,0.6907,D:\Bird_Anuran_ARUs\IF06\SMM2-31_20260419_060702.wav
570.0,573.0,Pipilo erythrophthalmus,Eastern Towhee,0.7978,D:\Bird_Anuran_ARUs\IF06\SMM2-31_20260419_060702.wav
573.0,576.0,Cardinalis cardinalis,Northern Cardinal,0.7564,D:\Bird_Anuran_ARUs\IF06\SMM2-31_20260419_060702.wav
579.0,582.0,Pipilo erythrophthalmus,Eastern Towhee,0.7367,D:\Bird_Anuran_ARUs\IF06\SMM2-31_20260419_060702.wav
579.0,582.0,Corvus brachyrhynchos,American Crow,0.3347,D:\Bird_Anuran_ARUs\IF06\SMM2-31_20260419_060702.wav
582.0,585.0,Cardinalis cardinalis,Northern Cardinal,0.4565,D:\Bird_Anuran_ARUs\IF06\SMM2-31_20260419_060702.wav
585.0,588.0,Corvus brachyrhynchos,American Crow,0.9902,D:\Bird_Anuran_ARUs\IF06\SMM2-31_20260419_060702.wav
585.0,588.0,Pipilo erythrophthalmus,Eastern Towhee,0.9314,D:\Bird_Anuran_ARUs\IF06\SMM2-31_20260419_060702.wav
588.0,591.0,Corvus brachyrhynchos,American Crow,0.9898,D:\Bird_Anuran_ARUs\IF06\SMM2-31_20260419_060702.wav
588.0,591.0,Pipilo erythrophthalmus,Eastern Towhee,0.9834,D:\Bird_Anuran_ARUs\IF06\SMM2-31_20260419_060702.wav
591.0,594.0,Cardinalis cardinalis,Northern Cardinal,0.4067,D:\Bird_Anuran_ARUs\IF06\SMM2-31_20260419_060702.wav
591.0,594.0,Corvus brachyrhynchos,American Crow,0.3003,D:\Bird_Anuran_ARUs\IF06\SMM2-31_20260419_060702.wav
594.0,597.0,Corvus brachyrhynchos,American Crow,0.9890,D:\Bird_Anuran_ARUs\IF06\SMM2-31_20260419_060702.wav
594.0,597.0,Pipilo erythrophthalmus,Eastern Towhee,0.9801,D:\Bird_Anuran_ARUs\IF06\SMM2-31_20260419_060702.wav
597.0,600.0,Pipilo erythrophthalmus,Eastern Towhee,0.6292,D:\Bird_Anuran_ARUs\IF06\SMM2-31_20260419_060702.wav
603.0,606.0,Pipilo erythrophthalmus,Eastern Towhee,0.9036,D:\Bird_Anuran_ARUs\IF06\SMM2-31_20260419_060702.wav
603.0,606.0,Corvus brachyrhynchos,American Crow,0.8345,D:\Bird_Anuran_ARUs\IF06\SMM2-31_20260419_060702.wav
606.0,609.0,Pipilo erythrophthalmus,Eastern Towhee,0.5648,D:\Bird_Anuran_ARUs\IF06\SMM2-31_20260419_060702.wav
612.0,615.0,Pipilo erythrophthalmus,Eastern Towhee,0.7499,D:\Bird_Anuran_ARUs\IF06\SMM2-31_20260419_060702.wav
615.0,618.0,Corvus brachyrhynchos,American Crow,0.9717,D:\Bird_Anuran_ARUs\IF06\SMM2-31_20260419_060702.wav
615.0,618.0,Seiurus aurocapilla,Ovenbird,0.4296,D:\Bird_Anuran_ARUs\IF06\SMM2-31_20260419_060702.wav
618.0,621.0,Corvus brachyrhynchos,American Crow,0.5600,D:\Bird_Anuran_ARUs\IF06\SMM2-31_20260419_060702.wav
624.0,627.0,Pipilo erythrophthalmus,Eastern Towhee,0.6928,D:\Bird_Anuran_ARUs\IF06\SMM2-31_20260419_060702.wav
624.0,627.0,Corvus brachyrhynchos,American Crow,0.6804,D:\Bird_Anuran_ARUs\IF06\SMM2-31_20260419_060702.wav
627.0,630.0,Corvus brachyrhynchos,American Crow,0.5348,D:\Bird_Anuran_ARUs\IF06\SMM2-31_20260419_060702.wav
633.0,636.0,Pipilo erythrophthalmus,Eastern Towhee,0.6066,D:\Bird_Anuran_ARUs\IF06\SMM2-31_20260419_060702.wav
636.0,639.0,Cardinalis cardinalis,Northern Cardinal,0.2512,D:\Bird_Anuran_ARUs\IF06\SMM2-31_20260419_060702.wav
642.0,645.0,Pipilo erythrophthalmus,Eastern Towhee,0.3235,D:\Bird_Anuran_ARUs\IF06\SMM2-31_20260419_060702.wav
657.0,660.0,Pipilo erythrophthalmus,Eastern Towhee,0.6109,D:\Bird_Anuran_ARUs\IF06\SMM2-31_20260419_060702.wav
660.0,663.0,Corvus brachyrhynchos,American Crow,0.2547,D:\Bird_Anuran_ARUs\IF06\SMM2-31_20260419_060702.wav
666.0,669.0,Pipilo erythrophthalmus,Eastern Towhee,0.9371,D:\Bird_Anuran_ARUs\IF06\SMM2-31_20260419_060702.wav
666.0,669.0,Corvus brachyrhynchos,American Crow,0.8501,D:\Bird_Anuran_ARUs\IF06\SMM2-31_20260419_060702.wav
669.0,672.0,Pipilo erythrophthalmus,Eastern Towhee,0.4803,D:\Bird_Anuran_ARUs\IF06\SMM2-31_20260419_060702.wav
672.0,675.0,Corvus brachyrhynchos,American Crow,0.5437,D:\Bird_Anuran_ARUs\IF06\SMM2-31_20260419_060702.wav
681.0,684.0,Pipilo erythrophthalmus,Eastern Towhee,0.3452,D:\Bird_Anuran_ARUs\IF06\SMM2-31_20260419_060702.wav
684.0,687.0,Corvus brachyrhynchos,American Crow,0.9993,D:\Bird_Anuran_ARUs\IF06\SMM2-31_20260419_060702.wav
684.0,687.0,Pipilo erythrophthalmus,Eastern Towhee,0.9732,D:\Bird_Anuran_ARUs\IF06\SMM2-31_20260419_060702.wav
684.0,687.0,Piranga olivacea,Scarlet Tanager,0.3373,D:\Bird_Anuran_ARUs\IF06\SMM2-31_20260419_060702.wav
696.0,699.0,Pipilo erythrophthalmus,Eastern Towhee,0.8201,D:\Bird_Anuran_ARUs\IF06\SMM2-31_20260419_060702.wav
699.0,702.0,Corvus brachyrhynchos,American Crow,0.9349,D:\Bird_Anuran_ARUs\IF06\SMM2-31_20260419_060702.wav
702.0,705.0,Corvus brachyrhynchos,American Crow,0.2843,D:\Bird_Anuran_ARUs\IF06\SMM2-31_20260419_060702.wav
705.0,708.0,Corvus brachyrhynchos,American Crow,0.2718,D:\Bird_Anuran_ARUs\IF06\SMM2-31_20260419_060702.wav
708.0,711.0,Corvus brachyrhynchos,American Crow,0.2902,D:\Bird_Anuran_ARUs\IF06\SMM2-31_20260419_060702.wav
720.0,723.0,Corvus brachyrhynchos,American Crow,0.7677,D:\Bird_Anuran_ARUs\IF06\SMM2-31_20260419_060702.wav
729.0,732.0,Pipilo erythrophthalmus,Eastern Towhee,0.7866,D:\Bird_Anuran_ARUs\IF06\SMM2-31_20260419_060702.wav
741.0,744.0,Pipilo erythrophthalmus,Eastern Towhee,0.2654,D:\Bird_Anuran_ARUs\IF06\SMM2-31_20260419_060702.wav
744.0,747.0,Pipilo erythrophthalmus,Eastern Towhee,0.2750,D:\Bird_Anuran_ARUs\IF06\SMM2-31_20260419_060702.wav
759.0,762.0,Pipilo erythrophthalmus,Eastern Towhee,0.2736,D:\Bird_Anuran_ARUs\IF06\SMM2-31_20260419_060702.wav
882.0,885.0,Seiurus aurocapilla,Ovenbird,0.3803,D:\Bird_Anuran_ARUs\IF06\SMM2-31_20260419_060702.wav
900.0,903.0,Seiurus aurocapilla,Ovenbird,0.6331,D:\Bird_Anuran_ARUs\IF06\SMM2-31_20260419_060702.wav
906.0,909.0,Pipilo erythrophthalmus,Eastern Towhee,0.7053,D:\Bird_Anuran_ARUs\IF06\SMM2-31_20260419_060702.wav
906.0,909.0,Cardinalis cardinalis,Northern Cardinal,0.3989,D:\Bird_Anuran_ARUs\IF06\SMM2-31_20260419_060702.wav
927.0,930.0,Pipilo erythrophthalmus,Eastern Towhee,0.4129,D:\Bird_Anuran_ARUs\IF06\SMM2-31_20260419_060702.wav
930.0,933.0,Pipilo erythrophthalmus,Eastern Towhee,0.2549,D:\Bird_Anuran_ARUs\IF06\SMM2-31_20260419_060702.wav
942.0,945.0,Pipilo erythrophthalmus,Eastern Towhee,0.5073,D:\Bird_Anuran_ARUs\IF06\SMM2-31_20260419_060702.wav
948.0,951.0,Pipilo erythrophthalmus,Eastern Towhee,0.2659,D:\Bird_Anuran_ARUs\IF06\SMM2-31_20260419_060702.wav
975.0,978.0,Pipilo erythrophthalmus,Eastern Towhee,0.6806,D:\Bird_Anuran_ARUs\IF06\SMM2-31_20260419_060702.wav
984.0,987.0,Pipilo erythrophthalmus,Eastern Towhee,0.2959,D:\Bird_Anuran_ARUs\IF06\SMM2-31_20260419_060702.wav
987.0,990.0,Pipilo erythrophthalmus,Eastern Towhee,0.4347,D:\Bird_Anuran_ARUs\IF06\SMM2-31_20260419_060702.wav
996.0,999.0,Setophaga citrina,Hooded Warbler,0.3888,D:\Bird_Anuran_ARUs\IF06\SMM2-31_20260419_060702.wav
999.0,1002.0,Pipilo erythrophthalmus,Eastern Towhee,0.3698,D:\Bird_Anuran_ARUs\IF06\SMM2-31_20260419_060702.wav
1011.0,1014.0,Setophaga citrina,Hooded Warbler,0.5545,D:\Bird_Anuran_ARUs\IF06\SMM2-31_20260419_060702.wav
1014.0,1017.0,Pipilo erythrophthalmus,Eastern Towhee,0.5315,D:\Bird_Anuran_ARUs\IF06\SMM2-31_20260419_060702.wav
1020.0,1023.0,Pipilo erythrophthalmus,Eastern Towhee,0.5371,D:\Bird_Anuran_ARUs\IF06\SMM2-31_20260419_060702.wav
1023.0,1026.0,Pipilo erythrophthalmus,Eastern Towhee,0.3446,D:\Bird_Anuran_ARUs\IF06\SMM2-31_20260419_060702.wav
1023.0,1026.0,Cardinalis cardinalis,Northern Cardinal,0.2576,D:\Bird_Anuran_ARUs\IF06\SMM2-31_20260419_060702.wav
1032.0,1035.0,Pipilo erythrophthalmus,Eastern Towhee,0.3177,D:\Bird_Anuran_ARUs\IF06\SMM2-31_20260419_060702.wav
1044.0,1047.0,Pipilo erythrophthalmus,Eastern Towhee,0.4394,D:\Bird_Anuran_ARUs\IF06\SMM2-31_20260419_060702.wav
1056.0,1059.0,Pipilo erythrophthalmus,Eastern Towhee,0.3742,D:\Bird_Anuran_ARUs\IF06\SMM2-31_20260419_060702.wav
1086.0,1089.0,Pipilo erythrophthalmus,Eastern Towhee,0.4616,D:\Bird_Anuran_ARUs\IF06\SMM2-31_20260419_060702.wav
1086.0,1089.0,Corvus brachyrhynchos,American Crow,0.3485,D:\Bird_Anuran_ARUs\IF06\SMM2-31_20260419_060702.wav
1101.0,1104.0,Pipilo erythrophthalmus,Eastern Towhee,0.3433,D:\Bird_Anuran_ARUs\IF06\SMM2-31_20260419_060702.wav
1113.0,1116.0,Corvus brachyrhynchos,American Crow,0.5721,D:\Bird_Anuran_ARUs\IF06\SMM2-31_20260419_060702.wav
1116.0,1119.0,Corvus brachyrhynchos,American Crow,0.7499,D:\Bird_Anuran_ARUs\IF06\SMM2-31_20260419_060702.wav
1119.0,1122.0,Corvus brachyrhynchos,American Crow,0.8125,D:\Bird_Anuran_ARUs\IF06\SMM2-31_20260419_060702.wav
1122.0,1125.0,Corvus brachyrhynchos,American Crow,0.9464,D:\Bird_Anuran_ARUs\IF06\SMM2-31_20260419_060702.wav
1128.0,1131.0,Corvus brachyrhynchos,American Crow,0.3045,D:\Bird_Anuran_ARUs\IF06\SMM2-31_20260419_060702.wav
1131.0,1134.0,Poecile carolinensis,Carolina Chickadee,0.8311,D:\Bird_Anuran_ARUs\IF06\SMM2-31_20260419_060702.wav
1131.0,1134.0,Corvus brachyrhynchos,American Crow,0.3061,D:\Bird_Anuran_ARUs\IF06\SMM2-31_20260419_060702.wav
1143.0,1146.0,Corvus brachyrhynchos,American Crow,0.9817,D:\Bird_Anuran_ARUs\IF06\SMM2-31_20260419_060702.wav
1146.0,1149.0,Corvus brachyrhynchos,American Crow,0.6972,D:\Bird_Anuran_ARUs\IF06\SMM2-31_20260419_060702.wav
1149.0,1152.0,Corvus brachyrhynchos,American Crow,0.7901,D:\Bird_Anuran_ARUs\IF06\SMM2-31_20260419_060702.wav
1152.0,1155.0,Corvus brachyrhynchos,American Crow,0.6139,D:\Bird_Anuran_ARUs\IF06\SMM2-31_20260419_060702.wav
1158.0,1161.0,Corvus brachyrhynchos,American Crow,0.4937,D:\Bird_Anuran_ARUs\IF06\SMM2-31_20260419_060702.wav
1161.0,1164.0,Corvus brachyrhynchos,American Crow,0.9554,D:\Bird_Anuran_ARUs\IF06\SMM2-31_20260419_060702.wav
1161.0,1164.0,Setophaga citrina,Hooded Warbler,0.8939,D:\Bird_Anuran_ARUs\IF06\SMM2-31_20260419_060702.wav
1164.0,1167.0,Corvus brachyrhynchos,American Crow,0.5314,D:\Bird_Anuran_ARUs\IF06\SMM2-31_20260419_060702.wav
1176.0,1179.0,Setophaga citrina,Hooded Warbler,0.9453,D:\Bird_Anuran_ARUs\IF06\SMM2-31_20260419_060702.wav
1176.0,1179.0,Corvus brachyrhynchos,American Crow,0.8887,D:\Bird_Anuran_ARUs\IF06\SMM2-31_20260419_060702.wav
1179.0,1182.0,Corvus brachyrhynchos,American Crow,0.8980,D:\Bird_Anuran_ARUs\IF06\SMM2-31_20260419_060702.wav
1182.0,1185.0,Geothlypis trichas,Common Yellowthroat,0.6373,D:\Bird_Anuran_ARUs\IF06\SMM2-31_20260419_060702.wav
1182.0,1185.0,Corvus brachyrhynchos,American Crow,0.3166,D:\Bird_Anuran_ARUs\IF06\SMM2-31_20260419_060702.wav
1185.0,1188.0,Corvus brachyrhynchos,American Crow,0.7353,D:\Bird_Anuran_ARUs\IF06\SMM2-31_20260419_060702.wav
1191.0,1194.0,Corvus brachyrhynchos,American Crow,0.3398,D:\Bird_Anuran_ARUs\IF06\SMM2-31_20260419_060702.wav
1194.0,1197.0,Geothlypis trichas,Common Yellowthroat,0.3326,D:\Bird_Anuran_ARUs\IF06\SMM2-31_20260419_060702.wav
1200.0,1203.0,Setophaga citrina,Hooded Warbler,0.6324,D:\Bird_Anuran_ARUs\IF06\SMM2-31_20260419_060702.wav
1200.0,1203.0,Corvus brachyrhynchos,American Crow,0.2723,D:\Bird_Anuran_ARUs\IF06\SMM2-31_20260419_060702.wav
1203.0,1206.0,Corvus brachyrhynchos,American Crow,0.7255,D:\Bird_Anuran_ARUs\IF06\SMM2-31_20260419_060702.wav
1209.0,1212.0,Corvus brachyrhynchos,American Crow,0.6362,D:\Bird_Anuran_ARUs\IF06\SMM2-31_20260419_060702.wav
1212.0,1215.0,Setophaga citrina,Hooded Warbler,0.5046,D:\Bird_Anuran_ARUs\IF06\SMM2-31_20260419_060702.wav
1212.0,1215.0,Corvus brachyrhynchos,American Crow,0.4871,D:\Bird_Anuran_ARUs\IF06\SMM2-31_20260419_060702.wav
1212.0,1215.0,Geothlypis trichas,Common Yellowthroat,0.4286,D:\Bird_Anuran_ARUs\IF06\SMM2-31_20260419_060702.wav
1218.0,1221.0,Corvus brachyrhynchos,American Crow,0.5357,D:\Bird_Anuran_ARUs\IF06\SMM2-31_20260419_060702.wav
1218.0,1221.0,Geothlypis trichas,Common Yellowthroat,0.3871,D:\Bird_Anuran_ARUs\IF06\SMM2-31_20260419_060702.wav
1224.0,1227.0,Corvus brachyrhynchos,American Crow,0.9085,D:\Bird_Anuran_ARUs\IF06\SMM2-31_20260419_060702.wav
1224.0,1227.0,Setophaga citrina,Hooded Warbler,0.8225,D:\Bird_Anuran_ARUs\IF06\SMM2-31_20260419_060702.wav
1233.0,1236.0,Pipilo erythrophthalmus,Eastern Towhee,0.6463,D:\Bird_Anuran_ARUs\IF06\SMM2-31_20260419_060702.wav
1236.0,1239.0,Corvus brachyrhynchos,American Crow,0.7630,D:\Bird_Anuran_ARUs\IF06\SMM2-31_20260419_060702.wav
1239.0,1242.0,Pipilo erythrophthalmus,Eastern Towhee,0.9289,D:\Bird_Anuran_ARUs\IF06\SMM2-31_20260419_060702.wav
1239.0,1242.0,Corvus brachyrhynchos,American Crow,0.9013,D:\Bird_Anuran_ARUs\IF06\SMM2-31_20260419_060702.wav
1239.0,1242.0,Geothlypis trichas,Common Yellowthroat,0.2586,D:\Bird_Anuran_ARUs\IF06\SMM2-31_20260419_060702.wav
1242.0,1245.0,Pipilo erythrophthalmus,Eastern Towhee,0.9263,D:\Bird_Anuran_ARUs\IF06\SMM2-31_20260419_060702.wav
1242.0,1245.0,Corvus brachyrhynchos,American Crow,0.8621,D:\Bird_Anuran_ARUs\IF06\SMM2-31_20260419_060702.wav
1245.0,1248.0,Corvus brachyrhynchos,American Crow,0.9908,D:\Bird_Anuran_ARUs\IF06\SMM2-31_20260419_060702.wav
1245.0,1248.0,Pipilo erythrophthalmus,Eastern Towhee,0.9702,D:\Bird_Anuran_ARUs\IF06\SMM2-31_20260419_060702.wav
1248.0,1251.0,Corvus brachyrhynchos,American Crow,0.9140,D:\Bird_Anuran_ARUs\IF06\SMM2-31_20260419_060702.wav
1251.0,1254.0,Corvus brachyrhynchos,American Crow,0.7522,D:\Bird_Anuran_ARUs\IF06\SMM2-31_20260419_060702.wav
1251.0,1254.0,Geothlypis trichas,Common Yellowthroat,0.4379,D:\Bird_Anuran_ARUs\IF06\SMM2-31_20260419_060702.wav
1254.0,1257.0,Corvus brachyrhynchos,American Crow,0.9535,D:\Bird_Anuran_ARUs\IF06\SMM2-31_20260419_060702.wav
1254.0,1257.0,Geothlypis trichas,Common Yellowthroat,0.3344,D:\Bird_Anuran_ARUs\IF06\SMM2-31_20260419_060702.wav
1257.0,1260.0,Corvus brachyrhynchos,American Crow,0.2510,D:\Bird_Anuran_ARUs\IF06\SMM2-31_20260419_060702.wav
1260.0,1263.0,Corvus brachyrhynchos,American Crow,0.9036,D:\Bird_Anuran_ARUs\IF06\SMM2-31_20260419_060702.wav
1263.0,1266.0,Corvus brachyrhynchos,American Crow,0.7979,D:\Bird_Anuran_ARUs\IF06\SMM2-31_20260419_060702.wav
1263.0,1266.0,Geothlypis trichas,Common Yellowthroat,0.2621,D:\Bird_Anuran_ARUs\IF06\SMM2-31_20260419_060702.wav
1266.0,1269.0,Corvus brachyrhynchos,American Crow,0.6777,D:\Bird_Anuran_ARUs\IF06\SMM2-31_20260419_060702.wav
1266.0,1269.0,Geothlypis trichas,Common Yellowthroat,0.3490,D:\Bird_Anuran_ARUs\IF06\SMM2-31_20260419_060702.wav
1269.0,1272.0,Corvus brachyrhynchos,American Crow,0.6933,D:\Bird_Anuran_ARUs\IF06\SMM2-31_20260419_060702.wav
1272.0,1275.0,Corvus brachyrhynchos,American Crow,0.8773,D:\Bird_Anuran_ARUs\IF06\SMM2-31_20260419_060702.wav
1272.0,1275.0,Setophaga citrina,Hooded Warbler,0.6905,D:\Bird_Anuran_ARUs\IF06\SMM2-31_20260419_060702.wav
1275.0,1278.0,Geothlypis trichas,Common Yellowthroat,0.5501,D:\Bird_Anuran_ARUs\IF06\SMM2-31_20260419_060702.wav
1275.0,1278.0,Corvus brachyrhynchos,American Crow,0.4372,D:\Bird_Anuran_ARUs\IF06\SMM2-31_20260419_060702.wav
1278.0,1281.0,Corvus brachyrhynchos,American Crow,0.4154,D:\Bird_Anuran_ARUs\IF06\SMM2-31_20260419_060702.wav
1281.0,1284.0,Corvus brachyrhynchos,American Crow,0.6215,D:\Bird_Anuran_ARUs\IF06\SMM2-31_20260419_060702.wav
1281.0,1284.0,Seiurus aurocapilla,Ovenbird,0.2918,D:\Bird_Anuran_ARUs\IF06\SMM2-31_20260419_060702.wav
1284.0,1287.0,Corvus brachyrhynchos,American Crow,0.5785,D:\Bird_Anuran_ARUs\IF06\SMM2-31_20260419_060702.wav
1287.0,1290.0,Corvus brachyrhynchos,American Crow,0.7837,D:\Bird_Anuran_ARUs\IF06\SMM2-31_20260419_060702.wav
1287.0,1290.0,Geothlypis trichas,Common Yellowthroat,0.5362,D:\Bird_Anuran_ARUs\IF06\SMM2-31_20260419_060702.wav
1296.0,1299.0,Seiurus aurocapilla,Ovenbird,0.7384,D:\Bird_Anuran_ARUs\IF06\SMM2-31_20260419_060702.wav
1296.0,1299.0,Corvus brachyrhynchos,American Crow,0.4225,D:\Bird_Anuran_ARUs\IF06\SMM2-31_20260419_060702.wav
1299.0,1302.0,Corvus brachyrhynchos,American Crow,0.8035,D:\Bird_Anuran_ARUs\IF06\SMM2-31_20260419_060702.wav
1302.0,1305.0,Corvus brachyrhynchos,American Crow,0.7065,D:\Bird_Anuran_ARUs\IF06\SMM2-31_20260419_060702.wav
1302.0,1305.0,Geothlypis trichas,Common Yellowthroat,0.5020,D:\Bird_Anuran_ARUs\IF06\SMM2-31_20260419_060702.wav
1305.0,1308.0,Setophaga citrina,Hooded Warbler,0.6916,D:\Bird_Anuran_ARUs\IF06\SMM2-31_20260419_060702.wav
1305.0,1308.0,Corvus brachyrhynchos,American Crow,0.3897,D:\Bird_Anuran_ARUs\IF06\SMM2-31_20260419_060702.wav
1308.0,1311.0,Corvus brachyrhynchos,American Crow,0.9364,D:\Bird_Anuran_ARUs\IF06\SMM2-31_20260419_060702.wav
1311.0,1314.0,Corvus brachyrhynchos,American Crow,0.9122,D:\Bird_Anuran_ARUs\IF06\SMM2-31_20260419_060702.wav
1317.0,1320.0,Corvus brachyrhynchos,American Crow,0.9146,D:\Bird_Anuran_ARUs\IF06\SMM2-31_20260419_060702.wav
1320.0,1323.0,Corvus brachyrhynchos,American Crow,0.7890,D:\Bird_Anuran_ARUs\IF06\SMM2-31_20260419_060702.wav
1320.0,1323.0,Pipilo erythrophthalmus,Eastern Towhee,0.5030,D:\Bird_Anuran_ARUs\IF06\SMM2-31_20260419_060702.wav
1320.0,1323.0,Setophaga citrina,Hooded Warbler,0.4764,D:\Bird_Anuran_ARUs\IF06\SMM2-31_20260419_060702.wav
1323.0,1326.0,Corvus brachyrhynchos,American Crow,0.8679,D:\Bird_Anuran_ARUs\IF06\SMM2-31_20260419_060702.wav
1323.0,1326.0,Pipilo erythrophthalmus,Eastern Towhee,0.3328,D:\Bird_Anuran_ARUs\IF06\SMM2-31_20260419_060702.wav
1326.0,1329.0,Corvus brachyrhynchos,American Crow,0.5085,D:\Bird_Anuran_ARUs\IF06\SMM2-31_20260419_060702.wav
1326.0,1329.0,Geothlypis trichas,Common Yellowthroat,0.3514,D:\Bird_Anuran_ARUs\IF06\SMM2-31_20260419_060702.wav
1329.0,1332.0,Corvus brachyrhynchos,American Crow,0.9979,D:\Bird_Anuran_ARUs\IF06\SMM2-31_20260419_060702.wav
1329.0,1332.0,Setophaga citrina,Hooded Warbler,0.5911,D:\Bird_Anuran_ARUs\IF06\SMM2-31_20260419_060702.wav
1329.0,1332.0,Vireo olivaceus,Red-eyed Vireo,0.2920,D:\Bird_Anuran_ARUs\IF06\SMM2-31_20260419_060702.wav
1332.0,1335.0,Corvus brachyrhynchos,American Crow,0.9494,D:\Bird_Anuran_ARUs\IF06\SMM2-31_20260419_060702.wav
1332.0,1335.0,Pipilo erythrophthalmus,Eastern Towhee,0.4578,D:\Bird_Anuran_ARUs\IF06\SMM2-31_20260419_060702.wav
1335.0,1338.0,Corvus brachyrhynchos,American Crow,0.4206,D:\Bird_Anuran_ARUs\IF06\SMM2-31_20260419_060702.wav
1341.0,1344.0,Corvus brachyrhynchos,American Crow,0.8883,D:\Bird_Anuran_ARUs\IF06\SMM2-31_20260419_060702.wav
1347.0,1350.0,Corvus brachyrhynchos,American Crow,0.3632,D:\Bird_Anuran_ARUs\IF06\SMM2-31_20260419_060702.wav
1350.0,1353.0,Corvus brachyrhynchos,American Crow,0.4792,D:\Bird_Anuran_ARUs\IF06\SMM2-31_20260419_060702.wav
1371.0,1374.0,Corvus brachyrhynchos,American Crow,0.2684,D:\Bird_Anuran_ARUs\IF06\SMM2-31_20260419_060702.wav
1374.0,1377.0,Pipilo erythrophthalmus,Eastern Towhee,0.3129,D:\Bird_Anuran_ARUs\IF06\SMM2-31_20260419_060702.wav
1383.0,1386.0,Pipilo erythrophthalmus,Eastern Towhee,0.7867,D:\Bird_Anuran_ARUs\IF06\SMM2-31_20260419_060702.wav
1383.0,1386.0,Corvus brachyrhynchos,American Crow,0.7417,D:\Bird_Anuran_ARUs\IF06\SMM2-31_20260419_060702.wav
1386.0,1389.0,Corvus brachyrhynchos,American Crow,0.2640,D:\Bird_Anuran_ARUs\IF06\SMM2-31_20260419_060702.wav
1392.0,1395.0,Pipilo erythrophthalmus,Eastern Towhee,0.3596,D:\Bird_Anuran_ARUs\IF06\SMM2-31_20260419_060702.wav
1395.0,1398.0,Corvus brachyrhynchos,American Crow,0.9670,D:\Bird_Anuran_ARUs\IF06\SMM2-31_20260419_060702.wav
1395.0,1398.0,Seiurus aurocapilla,Ovenbird,0.5745,D:\Bird_Anuran_ARUs\IF06\SMM2-31_20260419_060702.wav
1395.0,1398.0,Setophaga citrina,Hooded Warbler,0.3876,D:\Bird_Anuran_ARUs\IF06\SMM2-31_20260419_060702.wav
1398.0,1401.0,Corvus brachyrhynchos,American Crow,0.3056,D:\Bird_Anuran_ARUs\IF06\SMM2-31_20260419_060702.wav
1401.0,1404.0,Corvus brachyrhynchos,American Crow,0.9862,D:\Bird_Anuran_ARUs\IF06\SMM2-31_20260419_060702.wav
1401.0,1404.0,Pipilo erythrophthalmus,Eastern Towhee,0.9858,D:\Bird_Anuran_ARUs\IF06\SMM2-31_20260419_060702.wav
1407.0,1410.0,Corvus brachyrhynchos,American Crow,0.8933,D:\Bird_Anuran_ARUs\IF06\SMM2-31_20260419_060702.wav
1407.0,1410.0,Pipilo erythrophthalmus,Eastern Towhee,0.6875,D:\Bird_Anuran_ARUs\IF06\SMM2-31_20260419_060702.wav
1410.0,1413.0,Pipilo erythrophthalmus,Eastern Towhee,0.9859,D:\Bird_Anuran_ARUs\IF06\SMM2-31_20260419_060702.wav
1410.0,1413.0,Corvus brachyrhynchos,American Crow,0.9763,D:\Bird_Anuran_ARUs\IF06\SMM2-31_20260419_060702.wav
1413.0,1416.0,Corvus brachyrhynchos,American Crow,0.7311,D:\Bird_Anuran_ARUs\IF06\SMM2-31_20260419_060702.wav
1416.0,1419.0,Corvus brachyrhynchos,American Crow,0.5534,D:\Bird_Anuran_ARUs\IF06\SMM2-31_20260419_060702.wav
1416.0,1419.0,Pipilo erythrophthalmus,Eastern Towhee,0.2819,D:\Bird_Anuran_ARUs\IF06\SMM2-31_20260419_060702.wav
1419.0,1422.0,Corvus brachyrhynchos,American Crow,0.8895,D:\Bird_Anuran_ARUs\IF06\SMM2-31_20260419_060702.wav
1419.0,1422.0,Pipilo erythrophthalmus,Eastern Towhee,0.8175,D:\Bird_Anuran_ARUs\IF06\SMM2-31_20260419_060702.wav
1422.0,1425.0,Corvus brachyrhynchos,American Crow,0.7758,D:\Bird_Anuran_ARUs\IF06\SMM2-31_20260419_060702.wav
1425.0,1428.0,Corvus brachyrhynchos,American Crow,0.9595,D:\Bird_Anuran_ARUs\IF06\SMM2-31_20260419_060702.wav
1425.0,1428.0,Pipilo erythrophthalmus,Eastern Towhee,0.4604,D:\Bird_Anuran_ARUs\IF06\SMM2-31_20260419_060702.wav
1428.0,1431.0,Corvus brachyrhynchos,American Crow,0.9926,D:\Bird_Anuran_ARUs\IF06\SMM2-31_20260419_060702.wav
1428.0,1431.0,Pipilo erythrophthalmus,Eastern Towhee,0.9841,D:\Bird_Anuran_ARUs\IF06\SMM2-31_20260419_060702.wav
1431.0,1434.0,Corvus brachyrhynchos,American Crow,0.7734,D:\Bird_Anuran_ARUs\IF06\SMM2-31_20260419_060702.wav
1434.0,1437.0,Pipilo erythrophthalmus,Eastern Towhee,0.8217,D:\Bird_Anuran_ARUs\IF06\SMM2-31_20260419_060702.wav
1434.0,1437.0,Corvus brachyrhynchos,American Crow,0.7570,D:\Bird_Anuran_ARUs\IF06\SMM2-31_20260419_060702.wav
1434.0,1437.0,Setophaga citrina,Hooded Warbler,0.5091,D:\Bird_Anuran_ARUs\IF06\SMM2-31_20260419_060702.wav
1437.0,1440.0,Corvus brachyrhynchos,American Crow,0.9976,D:\Bird_Anuran_ARUs\IF06\SMM2-31_20260419_060702.wav
1437.0,1440.0,Pipilo erythrophthalmus,Eastern Towhee,0.9870,D:\Bird_Anuran_ARUs\IF06\SMM2-31_20260419_060702.wav
1440.0,1443.0,Corvus brachyrhynchos,American Crow,0.9193,D:\Bird_Anuran_ARUs\IF06\SMM2-31_20260419_060702.wav
1440.0,1443.0,Pipilo erythrophthalmus,Eastern Towhee,0.2824,D:\Bird_Anuran_ARUs\IF06\SMM2-31_20260419_060702.wav
1443.0,1446.0,Pipilo erythrophthalmus,Eastern Towhee,0.9929,D:\Bird_Anuran_ARUs\IF06\SMM2-31_20260419_060702.wav
1443.0,1446.0,Corvus brachyrhynchos,American Crow,0.9333,D:\Bird_Anuran_ARUs\IF06\SMM2-31_20260419_060702.wav
1446.0,1449.0,Pipilo erythrophthalmus,Eastern Towhee,0.6391,D:\Bird_Anuran_ARUs\IF06\SMM2-31_20260419_060702.wav
1446.0,1449.0,Corvus brachyrhynchos,American Crow,0.4132,D:\Bird_Anuran_ARUs\IF06\SMM2-31_20260419_060702.wav
1449.0,1452.0,Corvus brachyrhynchos,American Crow,0.6024,D:\Bird_Anuran_ARUs\IF06\SMM2-31_20260419_060702.wav
1452.0,1455.0,Corvus brachyrhynchos,American Crow,0.9686,D:\Bird_Anuran_ARUs\IF06\SMM2-31_20260419_060702.wav
1452.0,1455.0,Pipilo erythrophthalmus,Eastern Towhee,0.3516,D:\Bird_Anuran_ARUs\IF06\SMM2-31_20260419_060702.wav
1455.0,1458.0,Corvus brachyrhynchos,American Crow,0.9964,D:\Bird_Anuran_ARUs\IF06\SMM2-31_20260419_060702.wav
1455.0,1458.0,Pipilo erythrophthalmus,Eastern Towhee,0.9911,D:\Bird_Anuran_ARUs\IF06\SMM2-31_20260419_060702.wav
1458.0,1461.0,Corvus brachyrhynchos,American Crow,0.5167,D:\Bird_Anuran_ARUs\IF06\SMM2-31_20260419_060702.wav
1461.0,1464.0,Corvus brachyrhynchos,American Crow,0.9328,D:\Bird_Anuran_ARUs\IF06\SMM2-31_20260419_060702.wav
1461.0,1464.0,Setophaga citrina,Hooded Warbler,0.5652,D:\Bird_Anuran_ARUs\IF06\SMM2-31_20260419_060702.wav
1464.0,1467.0,Pipilo erythrophthalmus,Eastern Towhee,0.8201,D:\Bird_Anuran_ARUs\IF06\SMM2-31_20260419_060702.wav
1467.0,1470.0,Corvus brachyrhynchos,American Crow,0.9877,D:\Bird_Anuran_ARUs\IF06\SMM2-31_20260419_060702.wav
1467.0,1470.0,Pipilo erythrophthalmus,Eastern Towhee,0.9760,D:\Bird_Anuran_ARUs\IF06\SMM2-31_20260419_060702.wav
1470.0,1473.0,Corvus brachyrhynchos,American Crow,0.8428,D:\Bird_Anuran_ARUs\IF06\SMM2-31_20260419_060702.wav
1470.0,1473.0,Pipilo erythrophthalmus,Eastern Towhee,0.6752,D:\Bird_Anuran_ARUs\IF06\SMM2-31_20260419_060702.wav
1473.0,1476.0,Corvus brachyrhynchos,American Crow,0.9927,D:\Bird_Anuran_ARUs\IF06\SMM2-31_20260419_060702.wav
1473.0,1476.0,Pipilo erythrophthalmus,Eastern Towhee,0.9566,D:\Bird_Anuran_ARUs\IF06\SMM2-31_20260419_060702.wav
1476.0,1479.0,Corvus brachyrhynchos,American Crow,0.7866,D:\Bird_Anuran_ARUs\IF06\SMM2-31_20260419_060702.wav
1476.0,1479.0,Setophaga citrina,Hooded Warbler,0.3798,D:\Bird_Anuran_ARUs\IF06\SMM2-31_20260419_060702.wav
1479.0,1482.0,Corvus brachyrhynchos,American Crow,0.9589,D:\Bird_Anuran_ARUs\IF06\SMM2-31_20260419_060702.wav
1479.0,1482.0,Pipilo erythrophthalmus,Eastern Towhee,0.6374,D:\Bird_Anuran_ARUs\IF06\SMM2-31_20260419_060702.wav
1482.0,1485.0,Corvus brachyrhynchos,American Crow,0.5137,D:\Bird_Anuran_ARUs\IF06\SMM2-31_20260419_060702.wav
1482.0,1485.0,Pipilo erythrophthalmus,Eastern Towhee,0.2891,D:\Bird_Anuran_ARUs\IF06\SMM2-31_20260419_060702.wav
1485.0,1488.0,Geothlypis trichas,Common Yellowthroat,0.4129,D:\Bird_Anuran_ARUs\IF06\SMM2-31_20260419_060702.wav
1485.0,1488.0,Corvus brachyrhynchos,American Crow,0.3294,D:\Bird_Anuran_ARUs\IF06\SMM2-31_20260419_060702.wav
1488.0,1491.0,Pipilo erythrophthalmus,Eastern Towhee,0.6991,D:\Bird_Anuran_ARUs\IF06\SMM2-31_20260419_060702.wav
1488.0,1491.0,Corvus brachyrhynchos,American Crow,0.3238,D:\Bird_Anuran_ARUs\IF06\SMM2-31_20260419_060702.wav
1491.0,1494.0,Corvus brachyrhynchos,American Crow,0.9668,D:\Bird_Anuran_ARUs\IF06\SMM2-31_20260419_060702.wav
1494.0,1497.0,Corvus brachyrhynchos,American Crow,0.5739,D:\Bird_Anuran_ARUs\IF06\SMM2-31_20260419_060702.wav
1494.0,1497.0,Pipilo erythrophthalmus,Eastern Towhee,0.2516,D:\Bird_Anuran_ARUs\IF06\SMM2-31_20260419_060702.wav
1497.0,1500.0,Pipilo erythrophthalmus,Eastern Towhee,0.8479,D:\Bird_Anuran_ARUs\IF06\SMM2-31_20260419_060702.wav
1497.0,1500.0,Corvus brachyrhynchos,American Crow,0.7512,D:\Bird_Anuran_ARUs\IF06\SMM2-31_20260419_060702.wav
1500.0,1503.0,Corvus brachyrhynchos,American Crow,0.9588,D:\Bird_Anuran_ARUs\IF06\SMM2-31_20260419_060702.wav
1503.0,1506.0,Pipilo erythrophthalmus,Eastern Towhee,0.3829,D:\Bird_Anuran_ARUs\IF06\SMM2-31_20260419_060702.wav
1506.0,1509.0,Pipilo erythrophthalmus,Eastern Towhee,0.4942,D:\Bird_Anuran_ARUs\IF06\SMM2-31_20260419_060702.wav
1506.0,1509.0,Corvus brachyrhynchos,American Crow,0.3319,D:\Bird_Anuran_ARUs\IF06\SMM2-31_20260419_060702.wav
1509.0,1512.0,Corvus brachyrhynchos,American Crow,0.4198,D:\Bird_Anuran_ARUs\IF06\SMM2-31_20260419_060702.wav
1509.0,1512.0,Seiurus aurocapilla,Ovenbird,0.3154,D:\Bird_Anuran_ARUs\IF06\SMM2-31_20260419_060702.wav
1509.0,1512.0,Geothlypis trichas,Common Yellowthroat,0.2601,D:\Bird_Anuran_ARUs\IF06\SMM2-31_20260419_060702.wav
1512.0,1515.0,Corvus brachyrhynchos,American Crow,0.9495,D:\Bird_Anuran_ARUs\IF06\SMM2-31_20260419_060702.wav
1512.0,1515.0,Pipilo erythrophthalmus,Eastern Towhee,0.8751,D:\Bird_Anuran_ARUs\IF06\SMM2-31_20260419_060702.wav
1515.0,1518.0,Corvus brachyrhynchos,American Crow,0.9476,D:\Bird_Anuran_ARUs\IF06\SMM2-31_20260419_060702.wav
1515.0,1518.0,Pipilo erythrophthalmus,Eastern Towhee,0.8401,D:\Bird_Anuran_ARUs\IF06\SMM2-31_20260419_060702.wav
1518.0,1521.0,Corvus brachyrhynchos,American Crow,0.8618,D:\Bird_Anuran_ARUs\IF06\SMM2-31_20260419_060702.wav
1521.0,1524.0,Pipilo erythrophthalmus,Eastern Towhee,0.6119,D:\Bird_Anuran_ARUs\IF06\SMM2-31_20260419_060702.wav
1521.0,1524.0,Corvus brachyrhynchos,American Crow,0.5508,D:\Bird_Anuran_ARUs\IF06\SMM2-31_20260419_060702.wav
1524.0,1527.0,Corvus brachyrhynchos,American Crow,0.9632,D:\Bird_Anuran_ARUs\IF06\SMM2-31_20260419_060702.wav
1524.0,1527.0,Pipilo erythrophthalmus,Eastern Towhee,0.9231,D:\Bird_Anuran_ARUs\IF06\SMM2-31_20260419_060702.wav
1527.0,1530.0,Corvus brachyrhynchos,American Crow,0.2921,D:\Bird_Anuran_ARUs\IF06\SMM2-31_20260419_060702.wav
1530.0,1533.0,Pipilo erythrophthalmus,Eastern Towhee,0.9524,D:\Bird_Anuran_ARUs\IF06\SMM2-31_20260419_060702.wav
1530.0,1533.0,Corvus brachyrhynchos,American Crow,0.8464,D:\Bird_Anuran_ARUs\IF06\SMM2-31_20260419_060702.wav
1533.0,1536.0,Corvus brachyrhynchos,American Crow,0.9422,D:\Bird_Anuran_ARUs\IF06\SMM2-31_20260419_060702.wav
1533.0,1536.0,Pipilo erythrophthalmus,Eastern Towhee,0.8272,D:\Bird_Anuran_ARUs\IF06\SMM2-31_20260419_060702.wav
1536.0,1539.0,Corvus brachyrhynchos,American Crow,0.9657,D:\Bird_Anuran_ARUs\IF06\SMM2-31_20260419_060702.wav
1536.0,1539.0,Seiurus aurocapilla,Ovenbird,0.3354,D:\Bird_Anuran_ARUs\IF06\SMM2-31_20260419_060702.wav
1539.0,1542.0,Pipilo erythrophthalmus,Eastern Towhee,0.9615,D:\Bird_Anuran_ARUs\IF06\SMM2-31_20260419_060702.wav
1539.0,1542.0,Corvus brachyrhynchos,American Crow,0.7773,D:\Bird_Anuran_ARUs\IF06\SMM2-31_20260419_060702.wav
1542.0,1545.0,Pipilo erythrophthalmus,Eastern Towhee,0.9167,D:\Bird_Anuran_ARUs\IF06\SMM2-31_20260419_060702.wav
1542.0,1545.0,Corvus brachyrhynchos,American Crow,0.8242,D:\Bird_Anuran_ARUs\IF06\SMM2-31_20260419_060702.wav
1545.0,1548.0,Corvus brachyrhynchos,American Crow,0.4915,D:\Bird_Anuran_ARUs\IF06\SMM2-31_20260419_060702.wav
1548.0,1551.0,Corvus brachyrhynchos,American Crow,0.9636,D:\Bird_Anuran_ARUs\IF06\SMM2-31_20260419_060702.wav
1548.0,1551.0,Pipilo erythrophthalmus,Eastern Towhee,0.9473,D:\Bird_Anuran_ARUs\IF06\SMM2-31_20260419_060702.wav
1551.0,1554.0,Pipilo erythrophthalmus,Eastern Towhee,0.3896,D:\Bird_Anuran_ARUs\IF06\SMM2-31_20260419_060702.wav
1551.0,1554.0,Corvus brachyrhynchos,American Crow,0.2707,D:\Bird_Anuran_ARUs\IF06\SMM2-31_20260419_060702.wav
1554.0,1557.0,Dryobates villosus,Hairy Woodpecker,0.3418,D:\Bird_Anuran_ARUs\IF06\SMM2-31_20260419_060702.wav
1557.0,1560.0,Corvus brachyrhynchos,American Crow,0.9385,D:\Bird_Anuran_ARUs\IF06\SMM2-31_20260419_060702.wav
1557.0,1560.0,Pipilo erythrophthalmus,Eastern Towhee,0.9358,D:\Bird_Anuran_ARUs\IF06\SMM2-31_20260419_060702.wav
1560.0,1563.0,Corvus brachyrhynchos,American Crow,0.5840,D:\Bird_Anuran_ARUs\IF06\SMM2-31_20260419_060702.wav
1563.0,1566.0,Pipilo erythrophthalmus,Eastern Towhee,0.8975,D:\Bird_Anuran_ARUs\IF06\SMM2-31_20260419_060702.wav
1566.0,1569.0,Corvus brachyrhynchos,American Crow,0.3876,D:\Bird_Anuran_ARUs\IF06\SMM2-31_20260419_060702.wav
1569.0,1572.0,Corvus brachyrhynchos,American Crow,0.9766,D:\Bird_Anuran_ARUs\IF06\SMM2-31_20260419_060702.wav
1569.0,1572.0,Pipilo erythrophthalmus,Eastern Towhee,0.7284,D:\Bird_Anuran_ARUs\IF06\SMM2-31_20260419_060702.wav
1572.0,1575.0,Corvus brachyrhynchos,American Crow,0.7093,D:\Bird_Anuran_ARUs\IF06\SMM2-31_20260419_060702.wav
1575.0,1578.0,Pipilo erythrophthalmus,Eastern Towhee,0.7591,D:\Bird_Anuran_ARUs\IF06\SMM2-31_20260419_060702.wav
1575.0,1578.0,Corvus brachyrhynchos,American Crow,0.7244,D:\Bird_Anuran_ARUs\IF06\SMM2-31_20260419_060702.wav
1578.0,1581.0,Corvus brachyrhynchos,American Crow,0.2891,D:\Bird_Anuran_ARUs\IF06\SMM2-31_20260419_060702.wav
1581.0,1584.0,Pipilo erythrophthalmus,Eastern Towhee,0.8610,D:\Bird_Anuran_ARUs\IF06\SMM2-31_20260419_060702.wav
1581.0,1584.0,Corvus brachyrhynchos,American Crow,0.7053,D:\Bird_Anuran_ARUs\IF06\SMM2-31_20260419_060702.wav
1584.0,1587.0,Pipilo erythrophthalmus,Eastern Towhee,0.9677,D:\Bird_Anuran_ARUs\IF06\SMM2-31_20260419_060702.wav
1584.0,1587.0,Corvus brachyrhynchos,American Crow,0.5783,D:\Bird_Anuran_ARUs\IF06\SMM2-31_20260419_060702.wav
1587.0,1590.0,Corvus brachyrhynchos,American Crow,0.7249,D:\Bird_Anuran_ARUs\IF06\SMM2-31_20260419_060702.wav
1587.0,1590.0,Setophaga citrina,Hooded Warbler,0.5243,D:\Bird_Anuran_ARUs\IF06\SMM2-31_20260419_060702.wav
1590.0,1593.0,Pipilo erythrophthalmus,Eastern Towhee,0.9625,D:\Bird_Anuran_ARUs\IF06\SMM2-31_20260419_060702.wav
1590.0,1593.0,Corvus brachyrhynchos,American Crow,0.8859,D:\Bird_Anuran_ARUs\IF06\SMM2-31_20260419_060702.wav
1593.0,1596.0,Corvus brachyrhynchos,American Crow,0.5508,D:\Bird_Anuran_ARUs\IF06\SMM2-31_20260419_060702.wav
1593.0,1596.0,Pipilo erythrophthalmus,Eastern Towhee,0.3257,D:\Bird_Anuran_ARUs\IF06\SMM2-31_20260419_060702.wav
1596.0,1599.0,Corvus brachyrhynchos,American Crow,0.8168,D:\Bird_Anuran_ARUs\IF06\SMM2-31_20260419_060702.wav
1599.0,1602.0,Pipilo erythrophthalmus,Eastern Towhee,0.9729,D:\Bird_Anuran_ARUs\IF06\SMM2-31_20260419_060702.wav
1599.0,1602.0,Corvus brachyrhynchos,American Crow,0.9679,D:\Bird_Anuran_ARUs\IF06\SMM2-31_20260419_060702.wav
1602.0,1605.0,Corvus brachyrhynchos,American Crow,0.5114,D:\Bird_Anuran_ARUs\IF06\SMM2-31_20260419_060702.wav
1602.0,1605.0,Setophaga citrina,Hooded Warbler,0.4183,D:\Bird_Anuran_ARUs\IF06\SMM2-31_20260419_060702.wav
1605.0,1608.0,Corvus brachyrhynchos,American Crow,0.8261,D:\Bird_Anuran_ARUs\IF06\SMM2-31_20260419_060702.wav
1605.0,1608.0,Pipilo erythrophthalmus,Eastern Towhee,0.5722,D:\Bird_Anuran_ARUs\IF06\SMM2-31_20260419_060702.wav
1611.0,1614.0,Corvus brachyrhynchos,American Crow,0.2846,D:\Bird_Anuran_ARUs\IF06\SMM2-31_20260419_060702.wav
1614.0,1617.0,Corvus brachyrhynchos,American Crow,0.8480,D:\Bird_Anuran_ARUs\IF06\SMM2-31_20260419_060702.wav
1614.0,1617.0,Pipilo erythrophthalmus,Eastern Towhee,0.7005,D:\Bird_Anuran_ARUs\IF06\SMM2-31_20260419_060702.wav
1617.0,1620.0,Corvus brachyrhynchos,American Crow,0.9992,D:\Bird_Anuran_ARUs\IF06\SMM2-31_20260419_060702.wav
1617.0,1620.0,Pipilo erythrophthalmus,Eastern Towhee,0.9450,D:\Bird_Anuran_ARUs\IF06\SMM2-31_20260419_060702.wav
1620.0,1623.0,Corvus brachyrhynchos,American Crow,0.9643,D:\Bird_Anuran_ARUs\IF06\SMM2-31_20260419_060702.wav
1620.0,1623.0,Pipilo erythrophthalmus,Eastern Towhee,0.3398,D:\Bird_Anuran_ARUs\IF06\SMM2-31_20260419_060702.wav
1626.0,1629.0,Corvus brachyrhynchos,American Crow,0.9515,D:\Bird_Anuran_ARUs\IF06\SMM2-31_20260419_060702.wav
1626.0,1629.0,Pipilo erythrophthalmus,Eastern Towhee,0.7074,D:\Bird_Anuran_ARUs\IF06\SMM2-31_20260419_060702.wav
1629.0,1632.0,Pipilo erythrophthalmus,Eastern Towhee,0.2666,D:\Bird_Anuran_ARUs\IF06\SMM2-31_20260419_060702.wav
1632.0,1635.0,Corvus brachyrhynchos,American Crow,0.5538,D:\Bird_Anuran_ARUs\IF06\SMM2-31_20260419_060702.wav
1635.0,1638.0,Corvus brachyrhynchos,American Crow,0.4376,D:\Bird_Anuran_ARUs\IF06\SMM2-31_20260419_060702.wav
1638.0,1641.0,Corvus brachyrhynchos,American Crow,0.6437,D:\Bird_Anuran_ARUs\IF06\SMM2-31_20260419_060702.wav
1641.0,1644.0,Corvus brachyrhynchos,American Crow,0.6007,D:\Bird_Anuran_ARUs\IF06\SMM2-31_20260419_060702.wav
1644.0,1647.0,Pipilo erythrophthalmus,Eastern Towhee,0.9333,D:\Bird_Anuran_ARUs\IF06\SMM2-31_20260419_060702.wav
1644.0,1647.0,Corvus brachyrhynchos,American Crow,0.3533,D:\Bird_Anuran_ARUs\IF06\SMM2-31_20260419_060702.wav
1647.0,1650.0,Corvus brachyrhynchos,American Crow,0.8866,D:\Bird_Anuran_ARUs\IF06\SMM2-31_20260419_060702.wav
1647.0,1650.0,Setophaga citrina,Hooded Warbler,0.4402,D:\Bird_Anuran_ARUs\IF06\SMM2-31_20260419_060702.wav
1650.0,1653.0,Corvus brachyrhynchos,American Crow,0.9038,D:\Bird_Anuran_ARUs\IF06\SMM2-31_20260419_060702.wav
1650.0,1653.0,Pipilo erythrophthalmus,Eastern Towhee,0.3801,D:\Bird_Anuran_ARUs\IF06\SMM2-31_20260419_060702.wav
1653.0,1656.0,Corvus brachyrhynchos,American Crow,0.3990,D:\Bird_Anuran_ARUs\IF06\SMM2-31_20260419_060702.wav
1653.0,1656.0,Pipilo erythrophthalmus,Eastern Towhee,0.2549,D:\Bird_Anuran_ARUs\IF06\SMM2-31_20260419_060702.wav
1659.0,1662.0,Pipilo erythrophthalmus,Eastern Towhee,0.6389,D:\Bird_Anuran_ARUs\IF06\SMM2-31_20260419_060702.wav
1659.0,1662.0,Corvus brachyrhynchos,American Crow,0.4397,D:\Bird_Anuran_ARUs\IF06\SMM2-31_20260419_060702.wav
1662.0,1665.0,Corvus brachyrhynchos,American Crow,0.4592,D:\Bird_Anuran_ARUs\IF06\SMM2-31_20260419_060702.wav
1665.0,1668.0,Corvus brachyrhynchos,American Crow,0.8698,D:\Bird_Anuran_ARUs\IF06\SMM2-31_20260419_060702.wav
1665.0,1668.0,Pipilo erythrophthalmus,Eastern Towhee,0.8496,D:\Bird_Anuran_ARUs\IF06\SMM2-31_20260419_060702.wav
1668.0,1671.0,Pipilo erythrophthalmus,Eastern Towhee,0.6782,D:\Bird_Anuran_ARUs\IF06\SMM2-31_20260419_060702.wav
1668.0,1671.0,Corvus brachyrhynchos,American Crow,0.5184,D:\Bird_Anuran_ARUs\IF06\SMM2-31_20260419_060702.wav
1671.0,1674.0,Corvus brachyrhynchos,American Crow,0.8837,D:\Bird_Anuran_ARUs\IF06\SMM2-31_20260419_060702.wav
1674.0,1677.0,Corvus brachyrhynchos,American Crow,0.4111,D:\Bird_Anuran_ARUs\IF06\SMM2-31_20260419_060702.wav
1683.0,1686.0,Pipilo erythrophthalmus,Eastern Towhee,0.6722,D:\Bird_Anuran_ARUs\IF06\SMM2-31_20260419_060702.wav
1686.0,1689.0,Pipilo erythrophthalmus,Eastern Towhee,0.8175,D:\Bird_Anuran_ARUs\IF06\SMM2-31_20260419_060702.wav
1689.0,1692.0,Setophaga citrina,Hooded Warbler,0.4191,D:\Bird_Anuran_ARUs\IF06\SMM2-31_20260419_060702.wav
1695.0,1698.0,Pipilo erythrophthalmus,Eastern Towhee,0.3997,D:\Bird_Anuran_ARUs\IF06\SMM2-31_20260419_060702.wav
1695.0,1698.0,Corvus brachyrhynchos,American Crow,0.3956,D:\Bird_Anuran_ARUs\IF06\SMM2-31_20260419_060702.wav
1701.0,1704.0,Corvus brachyrhynchos,American Crow,0.8394,D:\Bird_Anuran_ARUs\IF06\SMM2-31_20260419_060702.wav
1713.0,1716.0,Pipilo erythrophthalmus,Eastern Towhee,0.6195,D:\Bird_Anuran_ARUs\IF06\SMM2-31_20260419_060702.wav
1713.0,1716.0,Corvus brachyrhynchos,American Crow,0.2718,D:\Bird_Anuran_ARUs\IF06\SMM2-31_20260419_060702.wav
1716.0,1719.0,Seiurus aurocapilla,Ovenbird,0.5612,D:\Bird_Anuran_ARUs\IF06\SMM2-31_20260419_060702.wav
1722.0,1725.0,Pipilo erythrophthalmus,Eastern Towhee,0.9565,D:\Bird_Anuran_ARUs\IF06\SMM2-31_20260419_060702.wav
1722.0,1725.0,Corvus brachyrhynchos,American Crow,0.9274,D:\Bird_Anuran_ARUs\IF06\SMM2-31_20260419_060702.wav
1725.0,1728.0,Corvus brachyrhynchos,American Crow,0.6551,D:\Bird_Anuran_ARUs\IF06\SMM2-31_20260419_060702.wav
1725.0,1728.0,Geothlypis trichas,Common Yellowthroat,0.4780,D:\Bird_Anuran_ARUs\IF06\SMM2-31_20260419_060702.wav
1731.0,1734.0,Cardinalis cardinalis,Northern Cardinal,0.4222,D:\Bird_Anuran_ARUs\IF06\SMM2-31_20260419_060702.wav
1734.0,1737.0,Corvus brachyrhynchos,American Crow,0.8112,D:\Bird_Anuran_ARUs\IF06\SMM2-31_20260419_060702.wav
1734.0,1737.0,Pipilo erythrophthalmus,Eastern Towhee,0.7700,D:\Bird_Anuran_ARUs\IF06\SMM2-31_20260419_060702.wav
1740.0,1743.0,Corvus brachyrhynchos,American Crow,0.7995,D:\Bird_Anuran_ARUs\IF06\SMM2-31_20260419_060702.wav
1740.0,1743.0,Pipilo erythrophthalmus,Eastern Towhee,0.7711,D:\Bird_Anuran_ARUs\IF06\SMM2-31_20260419_060702.wav
1746.0,1749.0,Corvus brachyrhynchos,American Crow,0.7714,D:\Bird_Anuran_ARUs\IF06\SMM2-31_20260419_060702.wav
1746.0,1749.0,Geothlypis trichas,Common Yellowthroat,0.4654,D:\Bird_Anuran_ARUs\IF06\SMM2-31_20260419_060702.wav
1755.0,1758.0,Corvus brachyrhynchos,American Crow,0.4419,D:\Bird_Anuran_ARUs\IF06\SMM2-31_20260419_060702.wav
1761.0,1764.0,Cardinalis cardinalis,Northern Cardinal,0.2922,D:\Bird_Anuran_ARUs\IF06\SMM2-31_20260419_060702.wav
1767.0,1770.0,Corvus brachyrhynchos,American Crow,0.9705,D:\Bird_Anuran_ARUs\IF06\SMM2-31_20260419_060702.wav
1767.0,1770.0,Pipilo erythrophthalmus,Eastern Towhee,0.8443,D:\Bird_Anuran_ARUs\IF06\SMM2-31_20260419_060702.wav
1776.0,1779.0,Corvus brachyrhynchos,American Crow,0.8464,D:\Bird_Anuran_ARUs\IF06\SMM2-31_20260419_060702.wav
1776.0,1779.0,Pipilo erythrophthalmus,Eastern Towhee,0.7706,D:\Bird_Anuran_ARUs\IF06\SMM2-31_20260419_060702.wav
1785.0,1788.0,Pipilo erythrophthalmus,Eastern Towhee,0.9566,D:\Bird_Anuran_ARUs\IF06\SMM2-31_20260419_060702.wav
1785.0,1788.0,Corvus brachyrhynchos,American Crow,0.8208,D:\Bird_Anuran_ARUs\IF06\SMM2-31_20260419_060702.wav
1788.0,1791.0,Corvus brachyrhynchos,American Crow,0.7865,D:\Bird_Anuran_ARUs\IF06\SMM2-31_20260419_060702.wav
1791.0,1794.0,Pipilo erythrophthalmus,Eastern Towhee,0.3433,D:\Bird_Anuran_ARUs\IF06\SMM2-31_20260419_060702.wav
1797.0,1800.0,Cardinalis cardinalis,Northern Cardinal,0.6350,D:\Bird_Anuran_ARUs\IF06\SMM2-31_20260419_060702.wav
1803.0,1806.0,Pipilo erythrophthalmus,Eastern Towhee,0.3571,D:\Bird_Anuran_ARUs\IF06\SMM2-31_20260419_060702.wav
1809.0,1812.0,Corvus brachyrhynchos,American Crow,0.9815,D:\Bird_Anuran_ARUs\IF06\SMM2-31_20260419_060702.wav
1809.0,1812.0,Pipilo erythrophthalmus,Eastern Towhee,0.9375,D:\Bird_Anuran_ARUs\IF06\SMM2-31_20260419_060702.wav
1815.0,1818.0,Setophaga citrina,Hooded Warbler,0.3408,D:\Bird_Anuran_ARUs\IF06\SMM2-31_20260419_060702.wav
1818.0,1821.0,Pipilo erythrophthalmus,Eastern Towhee,0.3513,D:\Bird_Anuran_ARUs\IF06\SMM2-31_20260419_060702.wav
1821.0,1824.0,Cardinalis cardinalis,Northern Cardinal,0.2674,D:\Bird_Anuran_ARUs\IF06\SMM2-31_20260419_060702.wav
1824.0,1827.0,Cardinalis cardinalis,Northern Cardinal,0.3959,D:\Bird_Anuran_ARUs\IF06\SMM2-31_20260419_060702.wav
1827.0,1830.0,Corvus brachyrhynchos,American Crow,0.7077,D:\Bird_Anuran_ARUs\IF06\SMM2-31_20260419_060702.wav
1827.0,1830.0,Pipilo erythrophthalmus,Eastern Towhee,0.5412,D:\Bird_Anuran_ARUs\IF06\SMM2-31_20260419_060702.wav
1830.0,1833.0,Corvus brachyrhynchos,American Crow,0.9801,D:\Bird_Anuran_ARUs\IF06\SMM2-31_20260419_060702.wav
1830.0,1833.0,Cardinalis cardinalis,Northern Cardinal,0.6526,D:\Bird_Anuran_ARUs\IF06\SMM2-31_20260419_060702.wav
1833.0,1836.0,Corvus brachyrhynchos,American Crow,0.8098,D:\Bird_Anuran_ARUs\IF06\SMM2-31_20260419_060702.wav
1833.0,1836.0,Seiurus aurocapilla,Ovenbird,0.7032,D:\Bird_Anuran_ARUs\IF06\SMM2-31_20260419_060702.wav
1836.0,1839.0,Corvus brachyrhynchos,American Crow,0.6653,D:\Bird_Anuran_ARUs\IF06\SMM2-31_20260419_060702.wav
1839.0,1842.0,Cardinalis cardinalis,Northern Cardinal,0.3522,D:\Bird_Anuran_ARUs\IF06\SMM2-31_20260419_060702.wav
1842.0,1845.0,Corvus brachyrhynchos,American Crow,0.7871,D:\Bird_Anuran_ARUs\IF06\SMM2-31_20260419_060702.wav
1845.0,1848.0,Cardinalis cardinalis,Northern Cardinal,0.8609,D:\Bird_Anuran_ARUs\IF06\SMM2-31_20260419_060702.wav
1845.0,1848.0,Corvus brachyrhynchos,American Crow,0.8467,D:\Bird_Anuran_ARUs\IF06\SMM2-31_20260419_060702.wav
1848.0,1851.0,Cardinalis cardinalis,Northern Cardinal,0.9029,D:\Bird_Anuran_ARUs\IF06\SMM2-31_20260419_060702.wav
1848.0,1851.0,Corvus brachyrhynchos,American Crow,0.8074,D:\Bird_Anuran_ARUs\IF06\SMM2-31_20260419_060702.wav
1848.0,1851.0,Pipilo erythrophthalmus,Eastern Towhee,0.5165,D:\Bird_Anuran_ARUs\IF06\SMM2-31_20260419_060702.wav
1851.0,1854.0,Corvus brachyrhynchos,American Crow,0.7096,D:\Bird_Anuran_ARUs\IF06\SMM2-31_20260419_060702.wav
1851.0,1854.0,Pipilo erythrophthalmus,Eastern Towhee,0.7042,D:\Bird_Anuran_ARUs\IF06\SMM2-31_20260419_060702.wav
1851.0,1854.0,Seiurus aurocapilla,Ovenbird,0.3575,D:\Bird_Anuran_ARUs\IF06\SMM2-31_20260419_060702.wav
1854.0,1857.0,Cardinalis cardinalis,Northern Cardinal,0.3801,D:\Bird_Anuran_ARUs\IF06\SMM2-31_20260419_060702.wav
1857.0,1860.0,Pipilo erythrophthalmus,Eastern Towhee,0.5085,D:\Bird_Anuran_ARUs\IF06\SMM2-31_20260419_060702.wav
1857.0,1860.0,Cardinalis cardinalis,Northern Cardinal,0.2874,D:\Bird_Anuran_ARUs\IF06\SMM2-31_20260419_060702.wav
1857.0,1860.0,Corvus brachyrhynchos,American Crow,0.2672,D:\Bird_Anuran_ARUs\IF06\SMM2-31_20260419_060702.wav
1860.0,1863.0,Corvus brachyrhynchos,American Crow,0.7818,D:\Bird_Anuran_ARUs\IF06\SMM2-31_20260419_060702.wav
1860.0,1863.0,Pipilo erythrophthalmus,Eastern Towhee,0.7513,D:\Bird_Anuran_ARUs\IF06\SMM2-31_20260419_060702.wav
1863.0,1866.0,Cardinalis cardinalis,Northern Cardinal,0.7613,D:\Bird_Anuran_ARUs\IF06\SMM2-31_20260419_060702.wav
1866.0,1869.0,Corvus brachyrhynchos,American Crow,0.5608,D:\Bird_Anuran_ARUs\IF06\SMM2-31_20260419_060702.wav
1872.0,1875.0,Cardinalis cardinalis,Northern Cardinal,0.7638,D:\Bird_Anuran_ARUs\IF06\SMM2-31_20260419_060702.wav
1878.0,1881.0,Cardinalis cardinalis,Northern Cardinal,0.3311,D:\Bird_Anuran_ARUs\IF06\SMM2-31_20260419_060702.wav
1887.0,1890.0,Corvus brachyrhynchos,American Crow,0.6849,D:\Bird_Anuran_ARUs\IF06\SMM2-31_20260419_060702.wav
1890.0,1893.0,Corvus brachyrhynchos,American Crow,0.6343,D:\Bird_Anuran_ARUs\IF06\SMM2-31_20260419_060702.wav
1890.0,1893.0,Pipilo erythrophthalmus,Eastern Towhee,0.5268,D:\Bird_Anuran_ARUs\IF06\SMM2-31_20260419_060702.wav
1893.0,1896.0,Pipilo erythrophthalmus,Eastern Towhee,0.6393,D:\Bird_Anuran_ARUs\IF06\SMM2-31_20260419_060702.wav
1893.0,1896.0,Corvus brachyrhynchos,American Crow,0.5149,D:\Bird_Anuran_ARUs\IF06\SMM2-31_20260419_060702.wav
1896.0,1899.0,Setophaga citrina,Hooded Warbler,0.4983,D:\Bird_Anuran_ARUs\IF06\SMM2-31_20260419_060702.wav
1902.0,1905.0,Corvus brachyrhynchos,American Crow,0.8117,D:\Bird_Anuran_ARUs\IF06\SMM2-31_20260419_060702.wav
1902.0,1905.0,Pipilo erythrophthalmus,Eastern Towhee,0.5544,D:\Bird_Anuran_ARUs\IF06\SMM2-31_20260419_060702.wav
1905.0,1908.0,Corvus brachyrhynchos,American Crow,0.6982,D:\Bird_Anuran_ARUs\IF06\SMM2-31_20260419_060702.wav
1908.0,1911.0,Corvus brachyrhynchos,American Crow,0.9061,D:\Bird_Anuran_ARUs\IF06\SMM2-31_20260419_060702.wav
1911.0,1914.0,Corvus brachyrhynchos,American Crow,0.5630,D:\Bird_Anuran_ARUs\IF06\SMM2-31_20260419_060702.wav
1911.0,1914.0,Pipilo erythrophthalmus,Eastern Towhee,0.4006,D:\Bird_Anuran_ARUs\IF06\SMM2-31_20260419_060702.wav
1914.0,1917.0,Corvus brachyrhynchos,American Crow,0.8435,D:\Bird_Anuran_ARUs\IF06\SMM2-31_20260419_060702.wav
1914.0,1917.0,Pipilo erythrophthalmus,Eastern Towhee,0.4745,D:\Bird_Anuran_ARUs\IF06\SMM2-31_20260419_060702.wav
1920.0,1923.0,Corvus brachyrhynchos,American Crow,0.6396,D:\Bird_Anuran_ARUs\IF06\SMM2-31_20260419_060702.wav
1920.0,1923.0,Pipilo erythrophthalmus,Eastern Towhee,0.3265,D:\Bird_Anuran_ARUs\IF06\SMM2-31_20260419_060702.wav
1923.0,1926.0,Corvus brachyrhynchos,American Crow,0.5419,D:\Bird_Anuran_ARUs\IF06\SMM2-31_20260419_060702.wav
1923.0,1926.0,Pipilo erythrophthalmus,Eastern Towhee,0.3811,D:\Bird_Anuran_ARUs\IF06\SMM2-31_20260419_060702.wav
1926.0,1929.0,Corvus brachyrhynchos,American Crow,0.6795,D:\Bird_Anuran_ARUs\IF06\SMM2-31_20260419_060702.wav
1929.0,1932.0,Corvus brachyrhynchos,American Crow,0.7554,D:\Bird_Anuran_ARUs\IF06\SMM2-31_20260419_060702.wav
1929.0,1932.0,Pipilo erythrophthalmus,Eastern Towhee,0.4959,D:\Bird_Anuran_ARUs\IF06\SMM2-31_20260419_060702.wav
1932.0,1935.0,Corvus brachyrhynchos,American Crow,0.8128,D:\Bird_Anuran_ARUs\IF06\SMM2-31_20260419_060702.wav
1932.0,1935.0,Pipilo erythrophthalmus,Eastern Towhee,0.5661,D:\Bird_Anuran_ARUs\IF06\SMM2-31_20260419_060702.wav
1935.0,1938.0,Corvus brachyrhynchos,American Crow,0.4566,D:\Bird_Anuran_ARUs\IF06\SMM2-31_20260419_060702.wav
1938.0,1941.0,Cardinalis cardinalis,Northern Cardinal,0.4840,D:\Bird_Anuran_ARUs\IF06\SMM2-31_20260419_060702.wav
1938.0,1941.0,Corvus brachyrhynchos,American Crow,0.4669,D:\Bird_Anuran_ARUs\IF06\SMM2-31_20260419_060702.wav
1941.0,1944.0,Cardinalis cardinalis,Northern Cardinal,0.7000,D:\Bird_Anuran_ARUs\IF06\SMM2-31_20260419_060702.wav
1944.0,1947.0,Corvus brachyrhynchos,American Crow,0.9380,D:\Bird_Anuran_ARUs\IF06\SMM2-31_20260419_060702.wav
1944.0,1947.0,Pipilo erythrophthalmus,Eastern Towhee,0.7676,D:\Bird_Anuran_ARUs\IF06\SMM2-31_20260419_060702.wav
1947.0,1950.0,Cardinalis cardinalis,Northern Cardinal,0.5367,D:\Bird_Anuran_ARUs\IF06\SMM2-31_20260419_060702.wav
1947.0,1950.0,Corvus brachyrhynchos,American Crow,0.3228,D:\Bird_Anuran_ARUs\IF06\SMM2-31_20260419_060702.wav
1950.0,1953.0,Cardinalis cardinalis,Northern Cardinal,0.3672,D:\Bird_Anuran_ARUs\IF06\SMM2-31_20260419_060702.wav
1953.0,1956.0,Corvus brachyrhynchos,American Crow,0.9518,D:\Bird_Anuran_ARUs\IF06\SMM2-31_20260419_060702.wav
1953.0,1956.0,Pipilo erythrophthalmus,Eastern Towhee,0.6521,D:\Bird_Anuran_ARUs\IF06\SMM2-31_20260419_060702.wav
1956.0,1959.0,Corvus brachyrhynchos,American Crow,0.9943,D:\Bird_Anuran_ARUs\IF06\SMM2-31_20260419_060702.wav
1956.0,1959.0,Pipilo erythrophthalmus,Eastern Towhee,0.7865,D:\Bird_Anuran_ARUs\IF06\SMM2-31_20260419_060702.wav
1959.0,1962.0,Corvus brachyrhynchos,American Crow,0.9839,D:\Bird_Anuran_ARUs\IF06\SMM2-31_20260419_060702.wav
1962.0,1965.0,Corvus brachyrhynchos,American Crow,0.8591,D:\Bird_Anuran_ARUs\IF06\SMM2-31_20260419_060702.wav
1962.0,1965.0,Cardinalis cardinalis,Northern Cardinal,0.3991,D:\Bird_Anuran_ARUs\IF06\SMM2-31_20260419_060702.wav
1965.0,1968.0,Corvus brachyrhynchos,American Crow,0.9045,D:\Bird_Anuran_ARUs\IF06\SMM2-31_20260419_060702.wav
1965.0,1968.0,Cardinalis cardinalis,Northern Cardinal,0.7036,D:\Bird_Anuran_ARUs\IF06\SMM2-31_20260419_060702.wav
1965.0,1968.0,Pipilo erythrophthalmus,Eastern Towhee,0.3979,D:\Bird_Anuran_ARUs\IF06\SMM2-31_20260419_060702.wav
1968.0,1971.0,Corvus brachyrhynchos,American Crow,0.2503,D:\Bird_Anuran_ARUs\IF06\SMM2-31_20260419_060702.wav
1971.0,1974.0,Cardinalis cardinalis,Northern Cardinal,0.6502,D:\Bird_Anuran_ARUs\IF06\SMM2-31_20260419_060702.wav
1971.0,1974.0,Corvus brachyrhynchos,American Crow,0.2780,D:\Bird_Anuran_ARUs\IF06\SMM2-31_20260419_060702.wav
1977.0,1980.0,Corvus brachyrhynchos,American Crow,0.5357,D:\Bird_Anuran_ARUs\IF06\SMM2-31_20260419_060702.wav
1977.0,1980.0,Pipilo erythrophthalmus,Eastern Towhee,0.4851,D:\Bird_Anuran_ARUs\IF06\SMM2-31_20260419_060702.wav
1980.0,1983.0,Corvus brachyrhynchos,American Crow,0.7973,D:\Bird_Anuran_ARUs\IF06\SMM2-31_20260419_060702.wav
1980.0,1983.0,Cardinalis cardinalis,Northern Cardinal,0.3723,D:\Bird_Anuran_ARUs\IF06\SMM2-31_20260419_060702.wav
1983.0,1986.0,Corvus brachyrhynchos,American Crow,0.4132,D:\Bird_Anuran_ARUs\IF06\SMM2-31_20260419_060702.wav
1989.0,1992.0,Pipilo erythrophthalmus,Eastern Towhee,0.5641,D:\Bird_Anuran_ARUs\IF06\SMM2-31_20260419_060702.wav
1989.0,1992.0,Corvus brachyrhynchos,American Crow,0.4536,D:\Bird_Anuran_ARUs\IF06\SMM2-31_20260419_060702.wav
1992.0,1995.0,Corvus brachyrhynchos,American Crow,0.8433,D:\Bird_Anuran_ARUs\IF06\SMM2-31_20260419_060702.wav
1995.0,1998.0,Corvus brachyrhynchos,American Crow,0.4426,D:\Bird_Anuran_ARUs\IF06\SMM2-31_20260419_060702.wav
1998.0,2001.0,Corvus brachyrhynchos,American Crow,0.9063,D:\Bird_Anuran_ARUs\IF06\SMM2-31_20260419_060702.wav
1998.0,2001.0,Pipilo erythrophthalmus,Eastern Towhee,0.6685,D:\Bird_Anuran_ARUs\IF06\SMM2-31_20260419_060702.wav
2001.0,2004.0,Corvus brachyrhynchos,American Crow,0.5485,D:\Bird_Anuran_ARUs\IF06\SMM2-31_20260419_060702.wav
2001.0,2004.0,Molothrus ater,Brown-headed Cowbird,0.2786,D:\Bird_Anuran_ARUs\IF06\SMM2-31_20260419_060702.wav
2004.0,2007.0,Corvus brachyrhynchos,American Crow,0.9369,D:\Bird_Anuran_ARUs\IF06\SMM2-31_20260419_060702.wav
2004.0,2007.0,Pipilo erythrophthalmus,Eastern Towhee,0.2941,D:\Bird_Anuran_ARUs\IF06\SMM2-31_20260419_060702.wav
2007.0,2010.0,Corvus brachyrhynchos,American Crow,0.6768,D:\Bird_Anuran_ARUs\IF06\SMM2-31_20260419_060702.wav
2007.0,2010.0,Pipilo erythrophthalmus,Eastern Towhee,0.6027,D:\Bird_Anuran_ARUs\IF06\SMM2-31_20260419_060702.wav
2010.0,2013.0,Corvus brachyrhynchos,American Crow,0.6995,D:\Bird_Anuran_ARUs\IF06\SMM2-31_20260419_060702.wav
2013.0,2016.0,Corvus brachyrhynchos,American Crow,0.9335,D:\Bird_Anuran_ARUs\IF06\SMM2-31_20260419_060702.wav
2013.0,2016.0,Pipilo erythrophthalmus,Eastern Towhee,0.2536,D:\Bird_Anuran_ARUs\IF06\SMM2-31_20260419_060702.wav
2016.0,2019.0,Corvus brachyrhynchos,American Crow,0.9093,D:\Bird_Anuran_ARUs\IF06\SMM2-31_20260419_060702.wav
2016.0,2019.0,Pipilo erythrophthalmus,Eastern Towhee,0.8062,D:\Bird_Anuran_ARUs\IF06\SMM2-31_20260419_060702.wav
2019.0,2022.0,Corvus brachyrhynchos,American Crow,0.9142,D:\Bird_Anuran_ARUs\IF06\SMM2-31_20260419_060702.wav
2022.0,2025.0,Corvus brachyrhynchos,American Crow,0.9160,D:\Bird_Anuran_ARUs\IF06\SMM2-31_20260419_060702.wav
2025.0,2028.0,Corvus brachyrhynchos,American Crow,0.7461,D:\Bird_Anuran_ARUs\IF06\SMM2-31_20260419_060702.wav
2028.0,2031.0,Corvus brachyrhynchos,American Crow,0.6586,D:\Bird_Anuran_ARUs\IF06\SMM2-31_20260419_060702.wav
2031.0,2034.0,Corvus brachyrhynchos,American Crow,0.5163,D:\Bird_Anuran_ARUs\IF06\SMM2-31_20260419_060702.wav
2034.0,2037.0,Corvus brachyrhynchos,American Crow,0.6147,D:\Bird_Anuran_ARUs\IF06\SMM2-31_20260419_060702.wav
2034.0,2037.0,Pipilo erythrophthalmus,Eastern Towhee,0.4039,D:\Bird_Anuran_ARUs\IF06\SMM2-31_20260419_060702.wav
2037.0,2040.0,Corvus brachyrhynchos,American Crow,0.8040,D:\Bird_Anuran_ARUs\IF06\SMM2-31_20260419_060702.wav
2040.0,2043.0,Corvus brachyrhynchos,American Crow,0.5881,D:\Bird_Anuran_ARUs\IF06\SMM2-31_20260419_060702.wav
2040.0,2043.0,Pipilo erythrophthalmus,Eastern Towhee,0.2815,D:\Bird_Anuran_ARUs\IF06\SMM2-31_20260419_060702.wav
2043.0,2046.0,Corvus brachyrhynchos,American Crow,0.8480,D:\Bird_Anuran_ARUs\IF06\SMM2-31_20260419_060702.wav
2046.0,2049.0,Corvus brachyrhynchos,American Crow,0.7711,D:\Bird_Anuran_ARUs\IF06\SMM2-31_20260419_060702.wav
2049.0,2052.0,Corvus brachyrhynchos,American Crow,0.8095,D:\Bird_Anuran_ARUs\IF06\SMM2-31_20260419_060702.wav
2049.0,2052.0,Pipilo erythrophthalmus,Eastern Towhee,0.6010,D:\Bird_Anuran_ARUs\IF06\SMM2-31_20260419_060702.wav
2052.0,2055.0,Corvus brachyrhynchos,American Crow,0.7083,D:\Bird_Anuran_ARUs\IF06\SMM2-31_20260419_060702.wav
2055.0,2058.0,Corvus brachyrhynchos,American Crow,0.9388,D:\Bird_Anuran_ARUs\IF06\SMM2-31_20260419_060702.wav
2058.0,2061.0,Corvus brachyrhynchos,American Crow,0.5902,D:\Bird_Anuran_ARUs\IF06\SMM2-31_20260419_060702.wav
2061.0,2064.0,Corvus brachyrhynchos,American Crow,0.9940,D:\Bird_Anuran_ARUs\IF06\SMM2-31_20260419_060702.wav
2061.0,2064.0,Pipilo erythrophthalmus,Eastern Towhee,0.8213,D:\Bird_Anuran_ARUs\IF06\SMM2-31_20260419_060702.wav
2064.0,2067.0,Corvus brachyrhynchos,American Crow,0.3395,D:\Bird_Anuran_ARUs\IF06\SMM2-31_20260419_060702.wav
2067.0,2070.0,Corvus brachyrhynchos,American Crow,0.6032,D:\Bird_Anuran_ARUs\IF06\SMM2-31_20260419_060702.wav
2070.0,2073.0,Corvus brachyrhynchos,American Crow,0.6231,D:\Bird_Anuran_ARUs\IF06\SMM2-31_20260419_060702.wav
2073.0,2076.0,Corvus brachyrhynchos,American Crow,0.3438,D:\Bird_Anuran_ARUs\IF06\SMM2-31_20260419_060702.wav
2076.0,2079.0,Corvus brachyrhynchos,American Crow,0.8846,D:\Bird_Anuran_ARUs\IF06\SMM2-31_20260419_060702.wav
2079.0,2082.0,Corvus brachyrhynchos,American Crow,0.6982,D:\Bird_Anuran_ARUs\IF06\SMM2-31_20260419_060702.wav
2079.0,2082.0,Pipilo erythrophthalmus,Eastern Towhee,0.5383,D:\Bird_Anuran_ARUs\IF06\SMM2-31_20260419_060702.wav
2082.0,2085.0,Corvus brachyrhynchos,American Crow,0.5710,D:\Bird_Anuran_ARUs\IF06\SMM2-31_20260419_060702.wav
2085.0,2088.0,Corvus brachyrhynchos,American Crow,0.6498,D:\Bird_Anuran_ARUs\IF06\SMM2-31_20260419_060702.wav
2088.0,2091.0,Pipilo erythrophthalmus,Eastern Towhee,0.8670,D:\Bird_Anuran_ARUs\IF06\SMM2-31_20260419_060702.wav
2088.0,2091.0,Corvus brachyrhynchos,American Crow,0.8618,D:\Bird_Anuran_ARUs\IF06\SMM2-31_20260419_060702.wav
2091.0,2094.0,Corvus brachyrhynchos,American Crow,0.3986,D:\Bird_Anuran_ARUs\IF06\SMM2-31_20260419_060702.wav
2094.0,2097.0,Corvus brachyrhynchos,American Crow,0.4820,D:\Bird_Anuran_ARUs\IF06\SMM2-31_20260419_060702.wav
2097.0,2100.0,Corvus brachyrhynchos,American Crow,0.5295,D:\Bird_Anuran_ARUs\IF06\SMM2-31_20260419_060702.wav
2097.0,2100.0,Pipilo erythrophthalmus,Eastern Towhee,0.4909,D:\Bird_Anuran_ARUs\IF06\SMM2-31_20260419_060702.wav
2100.0,2103.0,Corvus brachyrhynchos,American Crow,0.5791,D:\Bird_Anuran_ARUs\IF06\SMM2-31_20260419_060702.wav
2103.0,2106.0,Pipilo erythrophthalmus,Eastern Towhee,0.7860,D:\Bird_Anuran_ARUs\IF06\SMM2-31_20260419_060702.wav
2103.0,2106.0,Corvus brachyrhynchos,American Crow,0.7112,D:\Bird_Anuran_ARUs\IF06\SMM2-31_20260419_060702.wav
2109.0,2112.0,Corvus brachyrhynchos,American Crow,0.8382,D:\Bird_Anuran_ARUs\IF06\SMM2-31_20260419_060702.wav
2112.0,2115.0,Pipilo erythrophthalmus,Eastern Towhee,0.8097,D:\Bird_Anuran_ARUs\IF06\SMM2-31_20260419_060702.wav
2112.0,2115.0,Corvus brachyrhynchos,American Crow,0.7253,D:\Bird_Anuran_ARUs\IF06\SMM2-31_20260419_060702.wav
2115.0,2118.0,Corvus brachyrhynchos,American Crow,0.5199,D:\Bird_Anuran_ARUs\IF06\SMM2-31_20260419_060702.wav
2118.0,2121.0,Corvus brachyrhynchos,American Crow,0.6245,D:\Bird_Anuran_ARUs\IF06\SMM2-31_20260419_060702.wav
2121.0,2124.0,Pipilo erythrophthalmus,Eastern Towhee,0.9525,D:\Bird_Anuran_ARUs\IF06\SMM2-31_20260419_060702.wav
2121.0,2124.0,Corvus brachyrhynchos,American Crow,0.8049,D:\Bird_Anuran_ARUs\IF06\SMM2-31_20260419_060702.wav
2124.0,2127.0,Corvus brachyrhynchos,American Crow,0.9321,D:\Bird_Anuran_ARUs\IF06\SMM2-31_20260419_060702.wav
2127.0,2130.0,Corvus brachyrhynchos,American Crow,0.3955,D:\Bird_Anuran_ARUs\IF06\SMM2-31_20260419_060702.wav
2130.0,2133.0,Pipilo erythrophthalmus,Eastern Towhee,0.6820,D:\Bird_Anuran_ARUs\IF06\SMM2-31_20260419_060702.wav
2130.0,2133.0,Corvus brachyrhynchos,American Crow,0.2536,D:\Bird_Anuran_ARUs\IF06\SMM2-31_20260419_060702.wav
2133.0,2136.0,Corvus brachyrhynchos,American Crow,0.9445,D:\Bird_Anuran_ARUs\IF06\SMM2-31_20260419_060702.wav
2136.0,2139.0,Corvus brachyrhynchos,American Crow,0.4150,D:\Bird_Anuran_ARUs\IF06\SMM2-31_20260419_060702.wav
2142.0,2145.0,Pipilo erythrophthalmus,Eastern Towhee,0.6421,D:\Bird_Anuran_ARUs\IF06\SMM2-31_20260419_060702.wav
2142.0,2145.0,Corvus brachyrhynchos,American Crow,0.2515,D:\Bird_Anuran_ARUs\IF06\SMM2-31_20260419_060702.wav
2145.0,2148.0,Corvus brachyrhynchos,American Crow,0.4503,D:\Bird_Anuran_ARUs\IF06\SMM2-31_20260419_060702.wav
2151.0,2154.0,Pipilo erythrophthalmus,Eastern Towhee,0.8209,D:\Bird_Anuran_ARUs\IF06\SMM2-31_20260419_060702.wav
2151.0,2154.0,Corvus brachyrhynchos,American Crow,0.6201,D:\Bird_Anuran_ARUs\IF06\SMM2-31_20260419_060702.wav
2154.0,2157.0,Corvus brachyrhynchos,American Crow,0.8349,D:\Bird_Anuran_ARUs\IF06\SMM2-31_20260419_060702.wav
2157.0,2160.0,Corvus brachyrhynchos,American Crow,0.6410,D:\Bird_Anuran_ARUs\IF06\SMM2-31_20260419_060702.wav
2160.0,2163.0,Pipilo erythrophthalmus,Eastern Towhee,0.6364,D:\Bird_Anuran_ARUs\IF06\SMM2-31_20260419_060702.wav
2160.0,2163.0,Corvus brachyrhynchos,American Crow,0.5712,D:\Bird_Anuran_ARUs\IF06\SMM2-31_20260419_060702.wav
2163.0,2166.0,Corvus brachyrhynchos,American Crow,0.6501,D:\Bird_Anuran_ARUs\IF06\SMM2-31_20260419_060702.wav
2166.0,2169.0,Corvus brachyrhynchos,American Crow,0.3229,D:\Bird_Anuran_ARUs\IF06\SMM2-31_20260419_060702.wav
2169.0,2172.0,Corvus brachyrhynchos,American Crow,0.4711,D:\Bird_Anuran_ARUs\IF06\SMM2-31_20260419_060702.wav
2172.0,2175.0,Pipilo erythrophthalmus,Eastern Towhee,0.7600,D:\Bird_Anuran_ARUs\IF06\SMM2-31_20260419_060702.wav
2175.0,2178.0,Corvus brachyrhynchos,American Crow,0.8027,D:\Bird_Anuran_ARUs\IF06\SMM2-31_20260419_060702.wav
2178.0,2181.0,Corvus brachyrhynchos,American Crow,0.3787,D:\Bird_Anuran_ARUs\IF06\SMM2-31_20260419_060702.wav
2181.0,2184.0,Corvus brachyrhynchos,American Crow,0.3265,D:\Bird_Anuran_ARUs\IF06\SMM2-31_20260419_060702.wav
2184.0,2187.0,Pipilo erythrophthalmus,Eastern Towhee,0.7401,D:\Bird_Anuran_ARUs\IF06\SMM2-31_20260419_060702.wav
2184.0,2187.0,Corvus brachyrhynchos,American Crow,0.4636,D:\Bird_Anuran_ARUs\IF06\SMM2-31_20260419_060702.wav
2187.0,2190.0,Corvus brachyrhynchos,American Crow,0.9352,D:\Bird_Anuran_ARUs\IF06\SMM2-31_20260419_060702.wav
2190.0,2193.0,Corvus brachyrhynchos,American Crow,0.8804,D:\Bird_Anuran_ARUs\IF06\SMM2-31_20260419_060702.wav
2193.0,2196.0,Corvus brachyrhynchos,American Crow,0.5415,D:\Bird_Anuran_ARUs\IF06\SMM2-31_20260419_060702.wav
2196.0,2199.0,Pipilo erythrophthalmus,Eastern Towhee,0.2516,D:\Bird_Anuran_ARUs\IF06\SMM2-31_20260419_060702.wav
2202.0,2205.0,Corvus brachyrhynchos,American Crow,0.5731,D:\Bird_Anuran_ARUs\IF06\SMM2-31_20260419_060702.wav
2205.0,2208.0,Corvus brachyrhynchos,American Crow,0.4992,D:\Bird_Anuran_ARUs\IF06\SMM2-31_20260419_060702.wav
2208.0,2211.0,Corvus brachyrhynchos,American Crow,0.3805,D:\Bird_Anuran_ARUs\IF06\SMM2-31_20260419_060702.wav
2214.0,2217.0,Corvus brachyrhynchos,American Crow,0.5450,D:\Bird_Anuran_ARUs\IF06\SMM2-31_20260419_060702.wav
2220.0,2223.0,Pipilo erythrophthalmus,Eastern Towhee,0.8918,D:\Bird_Anuran_ARUs\IF06\SMM2-31_20260419_060702.wav
2220.0,2223.0,Corvus brachyrhynchos,American Crow,0.8333,D:\Bird_Anuran_ARUs\IF06\SMM2-31_20260419_060702.wav
2223.0,2226.0,Corvus brachyrhynchos,American Crow,0.3785,D:\Bird_Anuran_ARUs\IF06\SMM2-31_20260419_060702.wav
2226.0,2229.0,Corvus brachyrhynchos,American Crow,0.6030,D:\Bird_Anuran_ARUs\IF06\SMM2-31_20260419_060702.wav
2229.0,2232.0,Corvus brachyrhynchos,American Crow,0.3623,D:\Bird_Anuran_ARUs\IF06\SMM2-31_20260419_060702.wav
2235.0,2238.0,Corvus brachyrhynchos,American Crow,0.3365,D:\Bird_Anuran_ARUs\IF06\SMM2-31_20260419_060702.wav
2238.0,2241.0,Corvus brachyrhynchos,American Crow,0.7919,D:\Bird_Anuran_ARUs\IF06\SMM2-31_20260419_060702.wav
2241.0,2244.0,Corvus brachyrhynchos,American Crow,0.4577,D:\Bird_Anuran_ARUs\IF06\SMM2-31_20260419_060702.wav
2247.0,2250.0,Corvus brachyrhynchos,American Crow,0.8472,D:\Bird_Anuran_ARUs\IF06\SMM2-31_20260419_060702.wav
2247.0,2250.0,Pipilo erythrophthalmus,Eastern Towhee,0.3273,D:\Bird_Anuran_ARUs\IF06\SMM2-31_20260419_060702.wav
2250.0,2253.0,Corvus brachyrhynchos,American Crow,0.3982,D:\Bird_Anuran_ARUs\IF06\SMM2-31_20260419_060702.wav
2259.0,2262.0,Setophaga pinus,Pine Warbler,0.3035,D:\Bird_Anuran_ARUs\IF06\SMM2-31_20260419_060702.wav
2286.0,2289.0,Cardinalis cardinalis,Northern Cardinal,0.3012,D:\Bird_Anuran_ARUs\IF06\SMM2-31_20260419_060702.wav
2292.0,2295.0,Setophaga citrina,Hooded Warbler,0.2732,D:\Bird_Anuran_ARUs\IF06\SMM2-31_20260419_060702.wav
2313.0,2316.0,Setophaga citrina,Hooded Warbler,0.3061,D:\Bird_Anuran_ARUs\IF06\SMM2-31_20260419_060702.wav
2316.0,2319.0,Setophaga citrina,Hooded Warbler,0.3046,D:\Bird_Anuran_ARUs\IF06\SMM2-31_20260419_060702.wav
2337.0,2340.0,Setophaga citrina,Hooded Warbler,0.2762,D:\Bird_Anuran_ARUs\IF06\SMM2-31_20260419_060702.wav
2346.0,2349.0,Pipilo erythrophthalmus,Eastern Towhee,0.3161,D:\Bird_Anuran_ARUs\IF06\SMM2-31_20260419_060702.wav
2352.0,2355.0,Pipilo erythrophthalmus,Eastern Towhee,0.8720,D:\Bird_Anuran_ARUs\IF06\SMM2-31_20260419_060702.wav
2358.0,2361.0,Pipilo erythrophthalmus,Eastern Towhee,0.3673,D:\Bird_Anuran_ARUs\IF06\SMM2-31_20260419_060702.wav
2385.0,2388.0,Pipilo erythrophthalmus,Eastern Towhee,0.2540,D:\Bird_Anuran_ARUs\IF06\SMM2-31_20260419_060702.wav
2400.0,2403.0,Setophaga citrina,Hooded Warbler,0.7185,D:\Bird_Anuran_ARUs\IF06\SMM2-31_20260419_060702.wav
2406.0,2409.0,Pipilo erythrophthalmus,Eastern Towhee,0.2852,D:\Bird_Anuran_ARUs\IF06\SMM2-31_20260419_060702.wav
2424.0,2427.0,Setophaga citrina,Hooded Warbler,0.3544,D:\Bird_Anuran_ARUs\IF06\SMM2-31_20260419_060702.wav
2430.0,2433.0,Pipilo erythrophthalmus,Eastern Towhee,0.4155,D:\Bird_Anuran_ARUs\IF06\SMM2-31_20260419_060702.wav
2433.0,2436.0,Geothlypis trichas,Common Yellowthroat,0.2615,D:\Bird_Anuran_ARUs\IF06\SMM2-31_20260419_060702.wav
2472.0,2475.0,Pipilo erythrophthalmus,Eastern Towhee,0.3248,D:\Bird_Anuran_ARUs\IF06\SMM2-31_20260419_060702.wav
2487.0,2490.0,Pipilo erythrophthalmus,Eastern Towhee,0.7732,D:\Bird_Anuran_ARUs\IF06\SMM2-31_20260419_060702.wav
2493.0,2496.0,Pipilo erythrophthalmus,Eastern Towhee,0.3452,D:\Bird_Anuran_ARUs\IF06\SMM2-31_20260419_060702.wav
2496.0,2499.0,Pipilo erythrophthalmus,Eastern Towhee,0.4111,D:\Bird_Anuran_ARUs\IF06\SMM2-31_20260419_060702.wav
2502.0,2505.0,Corvus brachyrhynchos,American Crow,0.2744,D:\Bird_Anuran_ARUs\IF06\SMM2-31_20260419_060702.wav
2505.0,2508.0,Corvus brachyrhynchos,American Crow,0.9883,D:\Bird_Anuran_ARUs\IF06\SMM2-31_20260419_060702.wav
2505.0,2508.0,Pipilo erythrophthalmus,Eastern Towhee,0.9288,D:\Bird_Anuran_ARUs\IF06\SMM2-31_20260419_060702.wav
2517.0,2520.0,Pipilo erythrophthalmus,Eastern Towhee,0.5845,D:\Bird_Anuran_ARUs\IF06\SMM2-31_20260419_060702.wav
2520.0,2523.0,Corvus brachyrhynchos,American Crow,0.9091,D:\Bird_Anuran_ARUs\IF06\SMM2-31_20260419_060702.wav
2520.0,2523.0,Pipilo erythrophthalmus,Eastern Towhee,0.4553,D:\Bird_Anuran_ARUs\IF06\SMM2-31_20260419_060702.wav
2523.0,2526.0,Pipilo erythrophthalmus,Eastern Towhee,0.8138,D:\Bird_Anuran_ARUs\IF06\SMM2-31_20260419_060702.wav
2523.0,2526.0,Corvus brachyrhynchos,American Crow,0.4537,D:\Bird_Anuran_ARUs\IF06\SMM2-31_20260419_060702.wav
2526.0,2529.0,Corvus brachyrhynchos,American Crow,0.7113,D:\Bird_Anuran_ARUs\IF06\SMM2-31_20260419_060702.wav
2526.0,2529.0,Setophaga citrina,Hooded Warbler,0.5263,D:\Bird_Anuran_ARUs\IF06\SMM2-31_20260419_060702.wav
2532.0,2535.0,Pipilo erythrophthalmus,Eastern Towhee,0.8775,D:\Bird_Anuran_ARUs\IF06\SMM2-31_20260419_060702.wav
2532.0,2535.0,Corvus brachyrhynchos,American Crow,0.4282,D:\Bird_Anuran_ARUs\IF06\SMM2-31_20260419_060702.wav
2535.0,2538.0,Corvus brachyrhynchos,American Crow,0.3070,D:\Bird_Anuran_ARUs\IF06\SMM2-31_20260419_060702.wav
2535.0,2538.0,Geothlypis trichas,Common Yellowthroat,0.2508,D:\Bird_Anuran_ARUs\IF06\SMM2-31_20260419_060702.wav
2538.0,2541.0,Pipilo erythrophthalmus,Eastern Towhee,0.7040,D:\Bird_Anuran_ARUs\IF06\SMM2-31_20260419_060702.wav
2538.0,2541.0,Corvus brachyrhynchos,American Crow,0.5863,D:\Bird_Anuran_ARUs\IF06\SMM2-31_20260419_060702.wav
2547.0,2550.0,Corvus brachyrhynchos,American Crow,0.3443,D:\Bird_Anuran_ARUs\IF06\SMM2-31_20260419_060702.wav
2550.0,2553.0,Corvus brachyrhynchos,American Crow,0.4642,D:\Bird_Anuran_ARUs\IF06\SMM2-31_20260419_060702.wav
2553.0,2556.0,Pipilo erythrophthalmus,Eastern Towhee,0.7313,D:\Bird_Anuran_ARUs\IF06\SMM2-31_20260419_060702.wav
2556.0,2559.0,Corvus brachyrhynchos,American Crow,0.4525,D:\Bird_Anuran_ARUs\IF06\SMM2-31_20260419_060702.wav
2559.0,2562.0,Corvus brachyrhynchos,American Crow,0.9510,D:\Bird_Anuran_ARUs\IF06\SMM2-31_20260419_060702.wav
2559.0,2562.0,Piranga olivacea,Scarlet Tanager,0.4401,D:\Bird_Anuran_ARUs\IF06\SMM2-31_20260419_060702.wav
2559.0,2562.0,Pipilo erythrophthalmus,Eastern Towhee,0.2570,D:\Bird_Anuran_ARUs\IF06\SMM2-31_20260419_060702.wav
2562.0,2565.0,Pipilo erythrophthalmus,Eastern Towhee,0.4020,D:\Bird_Anuran_ARUs\IF06\SMM2-31_20260419_060702.wav
2568.0,2571.0,Pipilo erythrophthalmus,Eastern Towhee,0.3281,D:\Bird_Anuran_ARUs\IF06\SMM2-31_20260419_060702.wav
2574.0,2577.0,Corvus brachyrhynchos,American Crow,0.3296,D:\Bird_Anuran_ARUs\IF06\SMM2-31_20260419_060702.wav
2577.0,2580.0,Pipilo erythrophthalmus,Eastern Towhee,0.8737,D:\Bird_Anuran_ARUs\IF06\SMM2-31_20260419_060702.wav
2577.0,2580.0,Corvus brachyrhynchos,American Crow,0.7641,D:\Bird_Anuran_ARUs\IF06\SMM2-31_20260419_060702.wav
2580.0,2583.0,Corvus brachyrhynchos,American Crow,0.4729,D:\Bird_Anuran_ARUs\IF06\SMM2-31_20260419_060702.wav
2583.0,2586.0,Corvus brachyrhynchos,American Crow,0.6020,D:\Bird_Anuran_ARUs\IF06\SMM2-31_20260419_060702.wav
2586.0,2589.0,Pipilo erythrophthalmus,Eastern Towhee,0.9672,D:\Bird_Anuran_ARUs\IF06\SMM2-31_20260419_060702.wav
2586.0,2589.0,Corvus brachyrhynchos,American Crow,0.8280,D:\Bird_Anuran_ARUs\IF06\SMM2-31_20260419_060702.wav
2589.0,2592.0,Corvus brachyrhynchos,American Crow,0.7120,D:\Bird_Anuran_ARUs\IF06\SMM2-31_20260419_060702.wav
2592.0,2595.0,Corvus brachyrhynchos,American Crow,0.9076,D:\Bird_Anuran_ARUs\IF06\SMM2-31_20260419_060702.wav
2592.0,2595.0,Pipilo erythrophthalmus,Eastern Towhee,0.9018,D:\Bird_Anuran_ARUs\IF06\SMM2-31_20260419_060702.wav
2595.0,2598.0,Setophaga citrina,Hooded Warbler,0.3733,D:\Bird_Anuran_ARUs\IF06\SMM2-31_20260419_060702.wav
2598.0,2601.0,Geothlypis trichas,Common Yellowthroat,0.2661,D:\Bird_Anuran_ARUs\IF06\SMM2-31_20260419_060702.wav
2601.0,2604.0,Corvus brachyrhynchos,American Crow,0.9675,D:\Bird_Anuran_ARUs\IF06\SMM2-31_20260419_060702.wav
2601.0,2604.0,Pipilo erythrophthalmus,Eastern Towhee,0.8920,D:\Bird_Anuran_ARUs\IF06\SMM2-31_20260419_060702.wav
2604.0,2607.0,Corvus brachyrhynchos,American Crow,0.7819,D:\Bird_Anuran_ARUs\IF06\SMM2-31_20260419_060702.wav
2604.0,2607.0,Setophaga citrina,Hooded Warbler,0.2818,D:\Bird_Anuran_ARUs\IF06\SMM2-31_20260419_060702.wav
2607.0,2610.0,Piranga olivacea,Scarlet Tanager,0.6067,D:\Bird_Anuran_ARUs\IF06\SMM2-31_20260419_060702.wav
2607.0,2610.0,Corvus brachyrhynchos,American Crow,0.3963,D:\Bird_Anuran_ARUs\IF06\SMM2-31_20260419_060702.wav
2610.0,2613.0,Pipilo erythrophthalmus,Eastern Towhee,0.5884,D:\Bird_Anuran_ARUs\IF06\SMM2-31_20260419_060702.wav
2616.0,2619.0,Corvus brachyrhynchos,American Crow,0.4970,D:\Bird_Anuran_ARUs\IF06\SMM2-31_20260419_060702.wav
2616.0,2619.0,Pipilo erythrophthalmus,Eastern Towhee,0.3052,D:\Bird_Anuran_ARUs\IF06\SMM2-31_20260419_060702.wav
2619.0,2622.0,Setophaga citrina,Hooded Warbler,0.8552,D:\Bird_Anuran_ARUs\IF06\SMM2-31_20260419_060702.wav
2619.0,2622.0,Corvus brachyrhynchos,American Crow,0.7755,D:\Bird_Anuran_ARUs\IF06\SMM2-31_20260419_060702.wav
2622.0,2625.0,Corvus brachyrhynchos,American Crow,0.7912,D:\Bird_Anuran_ARUs\IF06\SMM2-31_20260419_060702.wav
2625.0,2628.0,Pipilo erythrophthalmus,Eastern Towhee,0.4035,D:\Bird_Anuran_ARUs\IF06\SMM2-31_20260419_060702.wav
2631.0,2634.0,Geothlypis trichas,Common Yellowthroat,0.3145,D:\Bird_Anuran_ARUs\IF06\SMM2-31_20260419_060702.wav
2634.0,2637.0,Pipilo erythrophthalmus,Eastern Towhee,0.6665,D:\Bird_Anuran_ARUs\IF06\SMM2-31_20260419_060702.wav
2637.0,2640.0,Corvus brachyrhynchos,American Crow,0.7720,D:\Bird_Anuran_ARUs\IF06\SMM2-31_20260419_060702.wav
2640.0,2643.0,Pipilo erythrophthalmus,Eastern Towhee,0.4729,D:\Bird_Anuran_ARUs\IF06\SMM2-31_20260419_060702.wav
2643.0,2646.0,Molothrus ater,Brown-headed Cowbird,0.3653,D:\Bird_Anuran_ARUs\IF06\SMM2-31_20260419_060702.wav
2646.0,2649.0,Geothlypis trichas,Common Yellowthroat,0.2631,D:\Bird_Anuran_ARUs\IF06\SMM2-31_20260419_060702.wav
2646.0,2649.0,Corvus brachyrhynchos,American Crow,0.2627,D:\Bird_Anuran_ARUs\IF06\SMM2-31_20260419_060702.wav
2649.0,2652.0,Pipilo erythrophthalmus,Eastern Towhee,0.9883,D:\Bird_Anuran_ARUs\IF06\SMM2-31_20260419_060702.wav
2649.0,2652.0,Corvus brachyrhynchos,American Crow,0.9609,D:\Bird_Anuran_ARUs\IF06\SMM2-31_20260419_060702.wav
2658.0,2661.0,Pipilo erythrophthalmus,Eastern Towhee,0.7068,D:\Bird_Anuran_ARUs\IF06\SMM2-31_20260419_060702.wav
2664.0,2667.0,Pipilo erythrophthalmus,Eastern Towhee,0.2721,D:\Bird_Anuran_ARUs\IF06\SMM2-31_20260419_060702.wav
2670.0,2673.0,Corvus brachyrhynchos,American Crow,0.3114,D:\Bird_Anuran_ARUs\IF06\SMM2-31_20260419_060702.wav
2673.0,2676.0,Pipilo erythrophthalmus,Eastern Towhee,0.5056,D:\Bird_Anuran_ARUs\IF06\SMM2-31_20260419_060702.wav
2682.0,2685.0,Pipilo erythrophthalmus,Eastern Towhee,0.3164,D:\Bird_Anuran_ARUs\IF06\SMM2-31_20260419_060702.wav
2685.0,2688.0,Corvus brachyrhynchos,American Crow,0.3888,D:\Bird_Anuran_ARUs\IF06\SMM2-31_20260419_060702.wav
2691.0,2694.0,Pipilo erythrophthalmus,Eastern Towhee,0.4014,D:\Bird_Anuran_ARUs\IF06\SMM2-31_20260419_060702.wav
2706.0,2709.0,Pipilo erythrophthalmus,Eastern Towhee,0.3022,D:\Bird_Anuran_ARUs\IF06\SMM2-31_20260419_060702.wav
2715.0,2718.0,Pipilo erythrophthalmus,Eastern Towhee,0.3608,D:\Bird_Anuran_ARUs\IF06\SMM2-31_20260419_060702.wav
2721.0,2724.0,Setophaga citrina,Hooded Warbler,0.6885,D:\Bird_Anuran_ARUs\IF06\SMM2-31_20260419_060702.wav
2754.0,2757.0,Baeolophus bicolor,Tufted Titmouse,0.4085,D:\Bird_Anuran_ARUs\IF06\SMM2-31_20260419_060702.wav
2757.0,2760.0,Pipilo erythrophthalmus,Eastern Towhee,0.6647,D:\Bird_Anuran_ARUs\IF06\SMM2-31_20260419_060702.wav
2766.0,2769.0,Pipilo erythrophthalmus,Eastern Towhee,0.3285,D:\Bird_Anuran_ARUs\IF06\SMM2-31_20260419_060702.wav
2769.0,2772.0,Baeolophus bicolor,Tufted Titmouse,0.3732,D:\Bird_Anuran_ARUs\IF06\SMM2-31_20260419_060702.wav
2781.0,2784.0,Pipilo erythrophthalmus,Eastern Towhee,0.6407,D:\Bird_Anuran_ARUs\IF06\SMM2-31_20260419_060702.wav
2784.0,2787.0,Baeolophus bicolor,Tufted Titmouse,0.4682,D:\Bird_Anuran_ARUs\IF06\SMM2-31_20260419_060702.wav
2793.0,2796.0,Setophaga pinus,Pine Warbler,0.3127,D:\Bird_Anuran_ARUs\IF06\SMM2-31_20260419_060702.wav
2805.0,2808.0,Pipilo erythrophthalmus,Eastern Towhee,0.3809,D:\Bird_Anuran_ARUs\IF06\SMM2-31_20260419_060702.wav
2823.0,2826.0,Pipilo erythrophthalmus,Eastern Towhee,0.3162,D:\Bird_Anuran_ARUs\IF06\SMM2-31_20260419_060702.wav
2841.0,2844.0,Pipilo erythrophthalmus,Eastern Towhee,0.4750,D:\Bird_Anuran_ARUs\IF06\SMM2-31_20260419_060702.wav
2856.0,2859.0,Pipilo erythrophthalmus,Eastern Towhee,0.2731,D:\Bird_Anuran_ARUs\IF06\SMM2-31_20260419_060702.wav
2871.0,2874.0,Pipilo erythrophthalmus,Eastern Towhee,0.8312,D:\Bird_Anuran_ARUs\IF06\SMM2-31_20260419_060702.wav
2889.0,2892.0,Pipilo erythrophthalmus,Eastern Towhee,0.3579,D:\Bird_Anuran_ARUs\IF06\SMM2-31_20260419_060702.wav
2892.0,2895.0,Setophaga citrina,Hooded Warbler,0.4329,D:\Bird_Anuran_ARUs\IF06\SMM2-31_20260419_060702.wav
2904.0,2907.0,Pipilo erythrophthalmus,Eastern Towhee,0.3707,D:\Bird_Anuran_ARUs\IF06\SMM2-31_20260419_060702.wav
2907.0,2910.0,Setophaga citrina,Hooded Warbler,0.5678,D:\Bird_Anuran_ARUs\IF06\SMM2-31_20260419_060702.wav
2919.0,2922.0,Pipilo erythrophthalmus,Eastern Towhee,0.5996,D:\Bird_Anuran_ARUs\IF06\SMM2-31_20260419_060702.wav
2931.0,2934.0,Pipilo erythrophthalmus,Eastern Towhee,0.2664,D:\Bird_Anuran_ARUs\IF06\SMM2-31_20260419_060702.wav
2943.0,2946.0,Seiurus aurocapilla,Ovenbird,0.3821,D:\Bird_Anuran_ARUs\IF06\SMM2-31_20260419_060702.wav
2955.0,2958.0,Pipilo erythrophthalmus,Eastern Towhee,0.5832,D:\Bird_Anuran_ARUs\IF06\SMM2-31_20260419_060702.wav
2964.0,2967.0,Pipilo erythrophthalmus,Eastern Towhee,0.4981,D:\Bird_Anuran_ARUs\IF06\SMM2-31_20260419_060702.wav
2979.0,2982.0,Pipilo erythrophthalmus,Eastern Towhee,0.6700,D:\Bird_Anuran_ARUs\IF06\SMM2-31_20260419_060702.wav
2988.0,2991.0,Pipilo erythrophthalmus,Eastern Towhee,0.6126,D:\Bird_Anuran_ARUs\IF06\SMM2-31_20260419_060702.wav
2991.0,2994.0,Baeolophus bicolor,Tufted Titmouse,0.2752,D:\Bird_Anuran_ARUs\IF06\SMM2-31_20260419_060702.wav
3003.0,3006.0,Pipilo erythrophthalmus,Eastern Towhee,0.4555,D:\Bird_Anuran_ARUs\IF06\SMM2-31_20260419_060702.wav
3009.0,3012.0,Piranga olivacea,Scarlet Tanager,0.3250,D:\Bird_Anuran_ARUs\IF06\SMM2-31_20260419_060702.wav
3012.0,3015.0,Pipilo erythrophthalmus,Eastern Towhee,0.7891,D:\Bird_Anuran_ARUs\IF06\SMM2-31_20260419_060702.wav
3021.0,3024.0,Pipilo erythrophthalmus,Eastern Towhee,0.3148,D:\Bird_Anuran_ARUs\IF06\SMM2-31_20260419_060702.wav
3027.0,3030.0,Pipilo erythrophthalmus,Eastern Towhee,0.4699,D:\Bird_Anuran_ARUs\IF06\SMM2-31_20260419_060702.wav
3030.0,3033.0,Setophaga citrina,Hooded Warbler,0.3184,D:\Bird_Anuran_ARUs\IF06\SMM2-31_20260419_060702.wav
3042.0,3045.0,Pipilo erythrophthalmus,Eastern Towhee,0.5000,D:\Bird_Anuran_ARUs\IF06\SMM2-31_20260419_060702.wav
3051.0,3054.0,Pipilo erythrophthalmus,Eastern Towhee,0.5646,D:\Bird_Anuran_ARUs\IF06\SMM2-31_20260419_060702.wav
3054.0,3057.0,Setophaga citrina,Hooded Warbler,0.2959,D:\Bird_Anuran_ARUs\IF06\SMM2-31_20260419_060702.wav
3060.0,3063.0,Pipilo erythrophthalmus,Eastern Towhee,0.4057,D:\Bird_Anuran_ARUs\IF06\SMM2-31_20260419_060702.wav
3078.0,3081.0,Setophaga citrina,Hooded Warbler,0.3594,D:\Bird_Anuran_ARUs\IF06\SMM2-31_20260419_060702.wav
3081.0,3084.0,Pipilo erythrophthalmus,Eastern Towhee,0.4044,D:\Bird_Anuran_ARUs\IF06\SMM2-31_20260419_060702.wav
3108.0,3111.0,Pipilo erythrophthalmus,Eastern Towhee,0.6165,D:\Bird_Anuran_ARUs\IF06\SMM2-31_20260419_060702.wav
3123.0,3126.0,Setophaga citrina,Hooded Warbler,0.2865,D:\Bird_Anuran_ARUs\IF06\SMM2-31_20260419_060702.wav
3126.0,3129.0,Setophaga citrina,Hooded Warbler,0.3039,D:\Bird_Anuran_ARUs\IF06\SMM2-31_20260419_060702.wav
3135.0,3138.0,Pipilo erythrophthalmus,Eastern Towhee,0.4013,D:\Bird_Anuran_ARUs\IF06\SMM2-31_20260419_060702.wav
3147.0,3150.0,Setophaga citrina,Hooded Warbler,0.3915,D:\Bird_Anuran_ARUs\IF06\SMM2-31_20260419_060702.wav
3186.0,3189.0,Pipilo erythrophthalmus,Eastern Towhee,0.2696,D:\Bird_Anuran_ARUs\IF06\SMM2-31_20260419_060702.wav
3210.0,3213.0,Baeolophus bicolor,Tufted Titmouse,0.3118,D:\Bird_Anuran_ARUs\IF06\SMM2-31_20260419_060702.wav
3231.0,3234.0,Baeolophus bicolor,Tufted Titmouse,0.4312,D:\Bird_Anuran_ARUs\IF06\SMM2-31_20260419_060702.wav
3237.0,3240.0,Setophaga pinus,Pine Warbler,0.3603,D:\Bird_Anuran_ARUs\IF06\SMM2-31_20260419_060702.wav
3240.0,3243.0,Baeolophus bicolor,Tufted Titmouse,0.3772,D:\Bird_Anuran_ARUs\IF06\SMM2-31_20260419_060702.wav
3270.0,3273.0,Pipilo erythrophthalmus,Eastern Towhee,0.2917,D:\Bird_Anuran_ARUs\IF06\SMM2-31_20260419_060702.wav
3279.0,3282.0,Pipilo erythrophthalmus,Eastern Towhee,0.3734,D:\Bird_Anuran_ARUs\IF06\SMM2-31_20260419_060702.wav
3282.0,3285.0,Corvus brachyrhynchos,American Crow,0.2685,D:\Bird_Anuran_ARUs\IF06\SMM2-31_20260419_060702.wav
3285.0,3288.0,Corvus brachyrhynchos,American Crow,0.2561,D:\Bird_Anuran_ARUs\IF06\SMM2-31_20260419_060702.wav
3294.0,3297.0,Pipilo erythrophthalmus,Eastern Towhee,0.7412,D:\Bird_Anuran_ARUs\IF06\SMM2-31_20260419_060702.wav
3294.0,3297.0,Corvus brachyrhynchos,American Crow,0.7401,D:\Bird_Anuran_ARUs\IF06\SMM2-31_20260419_060702.wav
3300.0,3303.0,Baeolophus bicolor,Tufted Titmouse,0.3820,D:\Bird_Anuran_ARUs\IF06\SMM2-31_20260419_060702.wav
3303.0,3306.0,Corvus brachyrhynchos,American Crow,0.5516,D:\Bird_Anuran_ARUs\IF06\SMM2-31_20260419_060702.wav
3303.0,3306.0,Baeolophus bicolor,Tufted Titmouse,0.3951,D:\Bird_Anuran_ARUs\IF06\SMM2-31_20260419_060702.wav
3309.0,3312.0,Corvus brachyrhynchos,American Crow,0.2505,D:\Bird_Anuran_ARUs\IF06\SMM2-31_20260419_060702.wav
3312.0,3315.0,Corvus brachyrhynchos,American Crow,0.6582,D:\Bird_Anuran_ARUs\IF06\SMM2-31_20260419_060702.wav
3312.0,3315.0,Setophaga citrina,Hooded Warbler,0.2827,D:\Bird_Anuran_ARUs\IF06\SMM2-31_20260419_060702.wav
3315.0,3318.0,Corvus brachyrhynchos,American Crow,0.9788,D:\Bird_Anuran_ARUs\IF06\SMM2-31_20260419_060702.wav
3315.0,3318.0,Baeolophus bicolor,Tufted Titmouse,0.6820,D:\Bird_Anuran_ARUs\IF06\SMM2-31_20260419_060702.wav
3315.0,3318.0,Setophaga citrina,Hooded Warbler,0.4076,D:\Bird_Anuran_ARUs\IF06\SMM2-31_20260419_060702.wav
3318.0,3321.0,Baeolophus bicolor,Tufted Titmouse,0.7885,D:\Bird_Anuran_ARUs\IF06\SMM2-31_20260419_060702.wav
3321.0,3324.0,Baeolophus bicolor,Tufted Titmouse,0.4936,D:\Bird_Anuran_ARUs\IF06\SMM2-31_20260419_060702.wav
3321.0,3324.0,Corvus brachyrhynchos,American Crow,0.3329,D:\Bird_Anuran_ARUs\IF06\SMM2-31_20260419_060702.wav
3327.0,3330.0,Corvus brachyrhynchos,American Crow,0.6707,D:\Bird_Anuran_ARUs\IF06\SMM2-31_20260419_060702.wav
3330.0,3333.0,Corvus brachyrhynchos,American Crow,0.8469,D:\Bird_Anuran_ARUs\IF06\SMM2-31_20260419_060702.wav
3333.0,3336.0,Corvus brachyrhynchos,American Crow,0.7290,D:\Bird_Anuran_ARUs\IF06\SMM2-31_20260419_060702.wav
3336.0,3339.0,Corvus brachyrhynchos,American Crow,0.8509,D:\Bird_Anuran_ARUs\IF06\SMM2-31_20260419_060702.wav
3339.0,3342.0,Corvus brachyrhynchos,American Crow,0.9583,D:\Bird_Anuran_ARUs\IF06\SMM2-31_20260419_060702.wav
3339.0,3342.0,Setophaga citrina,Hooded Warbler,0.9376,D:\Bird_Anuran_ARUs\IF06\SMM2-31_20260419_060702.wav
3342.0,3345.0,Corvus brachyrhynchos,American Crow,0.9180,D:\Bird_Anuran_ARUs\IF06\SMM2-31_20260419_060702.wav
3351.0,3354.0,Corvus brachyrhynchos,American Crow,0.5534,D:\Bird_Anuran_ARUs\IF06\SMM2-31_20260419_060702.wav
3354.0,3357.0,Corvus brachyrhynchos,American Crow,0.5540,D:\Bird_Anuran_ARUs\IF06\SMM2-31_20260419_060702.wav
3357.0,3360.0,Seiurus aurocapilla,Ovenbird,0.5791,D:\Bird_Anuran_ARUs\IF06\SMM2-31_20260419_060702.wav
3360.0,3363.0,Corvus brachyrhynchos,American Crow,0.3501,D:\Bird_Anuran_ARUs\IF06\SMM2-31_20260419_060702.wav
3369.0,3372.0,Corvus brachyrhynchos,American Crow,0.2592,D:\Bird_Anuran_ARUs\IF06\SMM2-31_20260419_060702.wav
3372.0,3375.0,Corvus brachyrhynchos,American Crow,0.8877,D:\Bird_Anuran_ARUs\IF06\SMM2-31_20260419_060702.wav
3375.0,3378.0,Corvus brachyrhynchos,American Crow,0.7441,D:\Bird_Anuran_ARUs\IF06\SMM2-31_20260419_060702.wav
3378.0,3381.0,Corvus brachyrhynchos,American Crow,0.2824,D:\Bird_Anuran_ARUs\IF06\SMM2-31_20260419_060702.wav
3381.0,3384.0,Corvus brachyrhynchos,American Crow,0.2909,D:\Bird_Anuran_ARUs\IF06\SMM2-31_20260419_060702.wav
3384.0,3387.0,Corvus brachyrhynchos,American Crow,0.8497,D:\Bird_Anuran_ARUs\IF06\SMM2-31_20260419_060702.wav
3387.0,3390.0,Corvus brachyrhynchos,American Crow,0.5280,D:\Bird_Anuran_ARUs\IF06\SMM2-31_20260419_060702.wav
3390.0,3393.0,Corvus brachyrhynchos,American Crow,0.9849,D:\Bird_Anuran_ARUs\IF06\SMM2-31_20260419_060702.wav
3390.0,3393.0,Pipilo erythrophthalmus,Eastern Towhee,0.3644,D:\Bird_Anuran_ARUs\IF06\SMM2-31_20260419_060702.wav
3393.0,3396.0,Corvus brachyrhynchos,American Crow,0.2674,D:\Bird_Anuran_ARUs\IF06\SMM2-31_20260419_060702.wav
3396.0,3399.0,Corvus brachyrhynchos,American Crow,0.5449,D:\Bird_Anuran_ARUs\IF06\SMM2-31_20260419_060702.wav
3399.0,3402.0,Corvus brachyrhynchos,American Crow,0.8985,D:\Bird_Anuran_ARUs\IF06\SMM2-31_20260419_060702.wav
3402.0,3405.0,Corvus brachyrhynchos,American Crow,0.6111,D:\Bird_Anuran_ARUs\IF06\SMM2-31_20260419_060702.wav
3405.0,3408.0,Corvus brachyrhynchos,American Crow,0.7351,D:\Bird_Anuran_ARUs\IF06\SMM2-31_20260419_060702.wav
3408.0,3411.0,Corvus brachyrhynchos,American Crow,0.4699,D:\Bird_Anuran_ARUs\IF06\SMM2-31_20260419_060702.wav
3411.0,3414.0,Corvus brachyrhynchos,American Crow,0.9398,D:\Bird_Anuran_ARUs\IF06\SMM2-31_20260419_060702.wav
3414.0,3417.0,Corvus brachyrhynchos,American Crow,0.5733,D:\Bird_Anuran_ARUs\IF06\SMM2-31_20260419_060702.wav
3420.0,3423.0,Corvus brachyrhynchos,American Crow,0.6084,D:\Bird_Anuran_ARUs\IF06\SMM2-31_20260419_060702.wav
3429.0,3432.0,Seiurus aurocapilla,Ovenbird,0.8893,D:\Bird_Anuran_ARUs\IF06\SMM2-31_20260419_060702.wav
3429.0,3432.0,Corvus brachyrhynchos,American Crow,0.4836,D:\Bird_Anuran_ARUs\IF06\SMM2-31_20260419_060702.wav
3435.0,3438.0,Corvus brachyrhynchos,American Crow,0.6181,D:\Bird_Anuran_ARUs\IF06\SMM2-31_20260419_060702.wav
3435.0,3438.0,Geothlypis trichas,Common Yellowthroat,0.2875,D:\Bird_Anuran_ARUs\IF06\SMM2-31_20260419_060702.wav
3438.0,3441.0,Corvus brachyrhynchos,American Crow,0.8441,D:\Bird_Anuran_ARUs\IF06\SMM2-31_20260419_060702.wav
3438.0,3441.0,Pipilo erythrophthalmus,Eastern Towhee,0.4962,D:\Bird_Anuran_ARUs\IF06\SMM2-31_20260419_060702.wav
3441.0,3444.0,Corvus brachyrhynchos,American Crow,0.3390,D:\Bird_Anuran_ARUs\IF06\SMM2-31_20260419_060702.wav
3444.0,3447.0,Corvus brachyrhynchos,American Crow,0.3035,D:\Bird_Anuran_ARUs\IF06\SMM2-31_20260419_060702.wav
3450.0,3453.0,Corvus brachyrhynchos,American Crow,0.4596,D:\Bird_Anuran_ARUs\IF06\SMM2-31_20260419_060702.wav
3456.0,3459.0,Corvus brachyrhynchos,American Crow,0.6728,D:\Bird_Anuran_ARUs\IF06\SMM2-31_20260419_060702.wav
3459.0,3462.0,Corvus brachyrhynchos,American Crow,0.5690,D:\Bird_Anuran_ARUs\IF06\SMM2-31_20260419_060702.wav
3468.0,3471.0,Corvus brachyrhynchos,American Crow,0.9301,D:\Bird_Anuran_ARUs\IF06\SMM2-31_20260419_060702.wav
3480.0,3483.0,Geothlypis trichas,Common Yellowthroat,0.3799,D:\Bird_Anuran_ARUs\IF06\SMM2-31_20260419_060702.wav
3483.0,3486.0,Corvus brachyrhynchos,American Crow,0.6854,D:\Bird_Anuran_ARUs\IF06\SMM2-31_20260419_060702.wav
3489.0,3492.0,Corvus brachyrhynchos,American Crow,0.3647,D:\Bird_Anuran_ARUs\IF06\SMM2-31_20260419_060702.wav
3492.0,3495.0,Corvus brachyrhynchos,American Crow,0.9917,D:\Bird_Anuran_ARUs\IF06\SMM2-31_20260419_060702.wav
3492.0,3495.0,Setophaga citrina,Hooded Warbler,0.3643,D:\Bird_Anuran_ARUs\IF06\SMM2-31_20260419_060702.wav
3495.0,3498.0,Corvus brachyrhynchos,American Crow,0.7204,D:\Bird_Anuran_ARUs\IF06\SMM2-31_20260419_060702.wav
3495.0,3498.0,Geothlypis trichas,Common Yellowthroat,0.5398,D:\Bird_Anuran_ARUs\IF06\SMM2-31_20260419_060702.wav
3504.0,3507.0,Corvus brachyrhynchos,American Crow,0.3160,D:\Bird_Anuran_ARUs\IF06\SMM2-31_20260419_060702.wav
3507.0,3510.0,Corvus brachyrhynchos,American Crow,0.7108,D:\Bird_Anuran_ARUs\IF06\SMM2-31_20260419_060702.wav
3513.0,3516.0,Pipilo erythrophthalmus,Eastern Towhee,0.6952,D:\Bird_Anuran_ARUs\IF06\SMM2-31_20260419_060702.wav
3513.0,3516.0,Corvus brachyrhynchos,American Crow,0.3621,D:\Bird_Anuran_ARUs\IF06\SMM2-31_20260419_060702.wav
3516.0,3519.0,Corvus brachyrhynchos,American Crow,0.3436,D:\Bird_Anuran_ARUs\IF06\SMM2-31_20260419_060702.wav
3522.0,3525.0,Corvus brachyrhynchos,American Crow,0.7538,D:\Bird_Anuran_ARUs\IF06\SMM2-31_20260419_060702.wav
3540.0,3543.0,Corvus brachyrhynchos,American Crow,0.2758,D:\Bird_Anuran_ARUs\IF06\SMM2-31_20260419_060702.wav
3546.0,3549.0,Pipilo erythrophthalmus,Eastern Towhee,0.4900,D:\Bird_Anuran_ARUs\IF06\SMM2-31_20260419_060702.wav
3549.0,3552.0,Corvus brachyrhynchos,American Crow,0.3544,D:\Bird_Anuran_ARUs\IF06\SMM2-31_20260419_060702.wav
3552.0,3555.0,Corvus brachyrhynchos,American Crow,0.9114,D:\Bird_Anuran_ARUs\IF06\SMM2-31_20260419_060702.wav
3552.0,3555.0,Pipilo erythrophthalmus,Eastern Towhee,0.4030,D:\Bird_Anuran_ARUs\IF06\SMM2-31_20260419_060702.wav
3555.0,3558.0,Pipilo erythrophthalmus,Eastern Towhee,0.6305,D:\Bird_Anuran_ARUs\IF06\SMM2-31_20260419_060702.wav
3555.0,3558.0,Corvus brachyrhynchos,American Crow,0.5347,D:\Bird_Anuran_ARUs\IF06\SMM2-31_20260419_060702.wav
3561.0,3564.0,Pipilo erythrophthalmus,Eastern Towhee,0.5733,D:\Bird_Anuran_ARUs\IF06\SMM2-31_20260419_060702.wav
3561.0,3564.0,Corvus brachyrhynchos,American Crow,0.3374,D:\Bird_Anuran_ARUs\IF06\SMM2-31_20260419_060702.wav
3564.0,3567.0,Setophaga citrina,Hooded Warbler,0.3127,D:\Bird_Anuran_ARUs\IF06\SMM2-31_20260419_060702.wav
3573.0,3576.0,Geothlypis trichas,Common Yellowthroat,0.2810,D:\Bird_Anuran_ARUs\IF06\SMM2-31_20260419_060702.wav
3585.0,3588.0,Seiurus aurocapilla,Ovenbird,0.5528,D:\Bird_Anuran_ARUs\IF06\SMM2-31_20260419_060702.wav
3588.0,3591.0,Pipilo erythrophthalmus,Eastern Towhee,0.2923,D:\Bird_Anuran_ARUs\IF06\SMM2-31_20260419_060702.wav
